Copyright 1986-2019 Xilinx, Inc. All Rights Reserved.
-----------------------------------------------------------------------------------------------------------------------------------------------------------------------------------------------------------------------
| Tool Version : Vivado v.2019.1 (win64) Build 2552052 Fri May 24 14:49:42 MDT 2019
| Date         : Sat Apr  5 23:41:39 2025
| Host         : Shivam-Shukla running 64-bit major release  (build 9200)
| Command      : report_timing_summary -max_paths 10 -file design_1_wrapper_timing_summary_routed.rpt -pb design_1_wrapper_timing_summary_routed.pb -rpx design_1_wrapper_timing_summary_routed.rpx -warn_on_violation
| Design       : design_1_wrapper
| Device       : 7z020-clg484
| Speed File   : -1  PRODUCTION 1.11 2014-09-11
-----------------------------------------------------------------------------------------------------------------------------------------------------------------------------------------------------------------------

Timing Summary Report

------------------------------------------------------------------------------------------------
| Timer Settings
| --------------
------------------------------------------------------------------------------------------------

  Enable Multi Corner Analysis               :  Yes
  Enable Pessimism Removal                   :  Yes
  Pessimism Removal Resolution               :  Nearest Common Node
  Enable Input Delay Default Clock           :  No
  Enable Preset / Clear Arcs                 :  No
  Disable Flight Delays                      :  No
  Ignore I/O Paths                           :  No
  Timing Early Launch at Borrowing Latches   :  No
  Borrow Time for Max Delay Exceptions       :  Yes

  Corner  Analyze    Analyze    
  Name    Max Paths  Min Paths  
  ------  ---------  ---------  
  Slow    Yes        Yes        
  Fast    Yes        Yes        



check_timing report

Table of Contents
-----------------
1. checking no_clock
2. checking constant_clock
3. checking pulse_width_clock
4. checking unconstrained_internal_endpoints
5. checking no_input_delay
6. checking no_output_delay
7. checking multiple_clock
8. checking generated_clocks
9. checking loops
10. checking partial_input_delay
11. checking partial_output_delay
12. checking latch_loops

1. checking no_clock
--------------------
 There are 0 register/latch pins with no clock.


2. checking constant_clock
--------------------------
 There are 0 register/latch pins with constant_clock.


3. checking pulse_width_clock
-----------------------------
 There are 0 register/latch pins which need pulse_width check


4. checking unconstrained_internal_endpoints
--------------------------------------------
 There are 0 pins that are not constrained for maximum delay.

 There are 0 pins that are not constrained for maximum delay due to constant clock.


5. checking no_input_delay
--------------------------
 There are 0 input ports with no input delay specified.

 There are 0 input ports with no input delay but user has a false path constraint.


6. checking no_output_delay
---------------------------
 There are 0 ports with no output delay specified.

 There are 0 ports with no output delay but user has a false path constraint

 There are 0 ports with no output delay but with a timing clock defined on it or propagating through it


7. checking multiple_clock
--------------------------
 There are 0 register/latch pins with multiple clocks.


8. checking generated_clocks
----------------------------
 There are 0 generated clocks that are not connected to a clock source.


9. checking loops
-----------------
 There are 0 combinational loops in the design.


10. checking partial_input_delay
--------------------------------
 There are 0 input ports with partial input delay specified.


11. checking partial_output_delay
---------------------------------
 There are 0 ports with partial output delay specified.


12. checking latch_loops
------------------------
 There are 0 combinational latch loops in the design through latch input



------------------------------------------------------------------------------------------------
| Design Timing Summary
| ---------------------
------------------------------------------------------------------------------------------------

    WNS(ns)      TNS(ns)  TNS Failing Endpoints  TNS Total Endpoints      WHS(ns)      THS(ns)  THS Failing Endpoints  THS Total Endpoints     WPWS(ns)     TPWS(ns)  TPWS Failing Endpoints  TPWS Total Endpoints  
    -------      -------  ---------------------  -------------------      -------      -------  ---------------------  -------------------     --------     --------  ----------------------  --------------------  
      1.036        0.000                      0                40492        0.017        0.000                      0                40492        3.750        0.000                       0                 13801  


All user specified timing constraints are met.


------------------------------------------------------------------------------------------------
| Clock Summary
| -------------
------------------------------------------------------------------------------------------------

Clock       Waveform(ns)       Period(ns)      Frequency(MHz)
-----       ------------       ----------      --------------
clk_fpga_0  {0.000 5.000}      10.000          100.000         


------------------------------------------------------------------------------------------------
| Intra Clock Table
| -----------------
------------------------------------------------------------------------------------------------

Clock             WNS(ns)      TNS(ns)  TNS Failing Endpoints  TNS Total Endpoints      WHS(ns)      THS(ns)  THS Failing Endpoints  THS Total Endpoints     WPWS(ns)     TPWS(ns)  TPWS Failing Endpoints  TPWS Total Endpoints  
-----             -------      -------  ---------------------  -------------------      -------      -------  ---------------------  -------------------     --------     --------  ----------------------  --------------------  
clk_fpga_0          1.036        0.000                      0                40492        0.017        0.000                      0                40492        3.750        0.000                       0                 13801  


------------------------------------------------------------------------------------------------
| Inter Clock Table
| -----------------
------------------------------------------------------------------------------------------------

From Clock    To Clock          WNS(ns)      TNS(ns)  TNS Failing Endpoints  TNS Total Endpoints      WHS(ns)      THS(ns)  THS Failing Endpoints  THS Total Endpoints  
----------    --------          -------      -------  ---------------------  -------------------      -------      -------  ---------------------  -------------------  


------------------------------------------------------------------------------------------------
| Other Path Groups Table
| -----------------------
------------------------------------------------------------------------------------------------

Path Group    From Clock    To Clock          WNS(ns)      TNS(ns)  TNS Failing Endpoints  TNS Total Endpoints      WHS(ns)      THS(ns)  THS Failing Endpoints  THS Total Endpoints  
----------    ----------    --------          -------      -------  ---------------------  -------------------      -------      -------  ---------------------  -------------------  


------------------------------------------------------------------------------------------------
| Timing Details
| --------------
------------------------------------------------------------------------------------------------


---------------------------------------------------------------------------------------------------
From Clock:  clk_fpga_0
  To Clock:  clk_fpga_0

Setup :            0  Failing Endpoints,  Worst Slack        1.036ns,  Total Violation        0.000ns
Hold  :            0  Failing Endpoints,  Worst Slack        0.017ns,  Total Violation        0.000ns
PW    :            0  Failing Endpoints,  Worst Slack        3.750ns,  Total Violation        0.000ns
---------------------------------------------------------------------------------------------------


Max Delay Paths
--------------------------------------------------------------------------------------
Slack (MET) :             1.036ns  (required time - arrival time)
  Source:                 design_1_i/matrixmul_2_0/inst/matrixmul_2_fadd_cud_U1/matrixmul_2_ap_fadd_3_full_dsp_32_u/U0/i_synth/ADDSUB_OP.ADDSUB/DSP.OP/DSP48E1_BODY.EXP/BMA_EXP_DELAY/i_pipe/opt_has_pipe.first_q_reg[5]/C
                            (rising edge-triggered cell FDRE clocked by clk_fpga_0  {rise@0.000ns fall@5.000ns period=10.000ns})
  Destination:            design_1_i/matrixmul_2_0/inst/matrixmul_2_fadd_cud_U1/matrixmul_2_ap_fadd_3_full_dsp_32_u/U0/i_synth/ADDSUB_OP.ADDSUB/DSP.OP/DSP48E1_BODY.ALIGN_ADD/DSP2/DSP/INMODE[1]
                            (rising edge-triggered cell DSP48E1 clocked by clk_fpga_0  {rise@0.000ns fall@5.000ns period=10.000ns})
  Path Group:             clk_fpga_0
  Path Type:              Setup (Max at Slow Process Corner)
  Requirement:            10.000ns  (clk_fpga_0 rise@10.000ns - clk_fpga_0 rise@0.000ns)
  Data Path Delay:        3.251ns  (logic 0.580ns (17.839%)  route 2.671ns (82.161%))
  Logic Levels:           1  (LUT6=1)
  Clock Path Skew:        -0.001ns (DCD - SCD + CPR)
    Destination Clock Delay (DCD):    2.892ns = ( 12.892 - 10.000 ) 
    Source Clock Delay      (SCD):    3.008ns
    Clock Pessimism Removal (CPR):    0.115ns
  Clock Uncertainty:      0.154ns  ((TSJ^2 + TIJ^2)^1/2 + DJ) / 2 + PE
    Total System Jitter     (TSJ):    0.071ns
    Total Input Jitter      (TIJ):    0.300ns
    Discrete Jitter          (DJ):    0.000ns
    Phase Error              (PE):    0.000ns

    Location             Delay type                Incr(ns)  Path(ns)    Netlist Resource(s)
  -------------------------------------------------------------------    -------------------
                         (clock clk_fpga_0 rise edge)
                                                      0.000     0.000 r  
    PS7_X0Y0             PS7                          0.000     0.000 r  design_1_i/processing_system7_0/inst/PS7_i/FCLKCLK[0]
                         net (fo=1, routed)           1.193     1.193    design_1_i/processing_system7_0/inst/FCLK_CLK_unbuffered[0]
    BUFGCTRL_X0Y16       BUFG (Prop_bufg_I_O)         0.101     1.294 r  design_1_i/processing_system7_0/inst/buffer_fclk_clk_0.FCLK_CLK_0_BUFG/O
                         net (fo=13808, routed)       1.714     3.008    design_1_i/matrixmul_2_0/inst/matrixmul_2_fadd_cud_U1/matrixmul_2_ap_fadd_3_full_dsp_32_u/U0/i_synth/ADDSUB_OP.ADDSUB/DSP.OP/DSP48E1_BODY.EXP/BMA_EXP_DELAY/i_pipe/aclk
    SLICE_X63Y53         FDRE                                         r  design_1_i/matrixmul_2_0/inst/matrixmul_2_fadd_cud_U1/matrixmul_2_ap_fadd_3_full_dsp_32_u/U0/i_synth/ADDSUB_OP.ADDSUB/DSP.OP/DSP48E1_BODY.EXP/BMA_EXP_DELAY/i_pipe/opt_has_pipe.first_q_reg[5]/C
  -------------------------------------------------------------------    -------------------
    SLICE_X63Y53         FDRE (Prop_fdre_C_Q)         0.456     3.464 r  design_1_i/matrixmul_2_0/inst/matrixmul_2_fadd_cud_U1/matrixmul_2_ap_fadd_3_full_dsp_32_u/U0/i_synth/ADDSUB_OP.ADDSUB/DSP.OP/DSP48E1_BODY.EXP/BMA_EXP_DELAY/i_pipe/opt_has_pipe.first_q_reg[5]/Q
                         net (fo=18, routed)          1.850     5.314    design_1_i/matrixmul_2_0/inst/matrixmul_2_fadd_cud_U1/matrixmul_2_ap_fadd_3_full_dsp_32_u/U0/i_synth/ADDSUB_OP.ADDSUB/DSP.OP/DSP48E1_BODY.EXP/BMA_EXP_DELAY/i_pipe/align_dist[5]
    SLICE_X92Y48         LUT6 (Prop_lut6_I0_O)        0.124     5.438 r  design_1_i/matrixmul_2_0/inst/matrixmul_2_fadd_cud_U1/matrixmul_2_ap_fadd_3_full_dsp_32_u/U0/i_synth/ADDSUB_OP.ADDSUB/DSP.OP/DSP48E1_BODY.EXP/BMA_EXP_DELAY/i_pipe/DSP_i_64/O
                         net (fo=2, routed)           0.821     6.259    design_1_i/matrixmul_2_0/inst/matrixmul_2_fadd_cud_U1/matrixmul_2_ap_fadd_3_full_dsp_32_u/U0/i_synth/ADDSUB_OP.ADDSUB/DSP.OP/DSP48E1_BODY.ALIGN_ADD/DSP2/INMODE[0]
    DSP48_X3Y19          DSP48E1                                      r  design_1_i/matrixmul_2_0/inst/matrixmul_2_fadd_cud_U1/matrixmul_2_ap_fadd_3_full_dsp_32_u/U0/i_synth/ADDSUB_OP.ADDSUB/DSP.OP/DSP48E1_BODY.ALIGN_ADD/DSP2/DSP/INMODE[1]
  -------------------------------------------------------------------    -------------------

                         (clock clk_fpga_0 rise edge)
                                                     10.000    10.000 r  
    PS7_X0Y0             PS7                          0.000    10.000 r  design_1_i/processing_system7_0/inst/PS7_i/FCLKCLK[0]
                         net (fo=1, routed)           1.088    11.088    design_1_i/processing_system7_0/inst/FCLK_CLK_unbuffered[0]
    BUFGCTRL_X0Y16       BUFG (Prop_bufg_I_O)         0.091    11.179 r  design_1_i/processing_system7_0/inst/buffer_fclk_clk_0.FCLK_CLK_0_BUFG/O
                         net (fo=13808, routed)       1.713    12.892    design_1_i/matrixmul_2_0/inst/matrixmul_2_fadd_cud_U1/matrixmul_2_ap_fadd_3_full_dsp_32_u/U0/i_synth/ADDSUB_OP.ADDSUB/DSP.OP/DSP48E1_BODY.ALIGN_ADD/DSP2/aclk
    DSP48_X3Y19          DSP48E1                                      r  design_1_i/matrixmul_2_0/inst/matrixmul_2_fadd_cud_U1/matrixmul_2_ap_fadd_3_full_dsp_32_u/U0/i_synth/ADDSUB_OP.ADDSUB/DSP.OP/DSP48E1_BODY.ALIGN_ADD/DSP2/DSP/CLK
                         clock pessimism              0.115    13.007    
                         clock uncertainty           -0.154    12.853    
    DSP48_X3Y19          DSP48E1 (Setup_dsp48e1_CLK_INMODE[1])
                                                     -5.557     7.296    design_1_i/matrixmul_2_0/inst/matrixmul_2_fadd_cud_U1/matrixmul_2_ap_fadd_3_full_dsp_32_u/U0/i_synth/ADDSUB_OP.ADDSUB/DSP.OP/DSP48E1_BODY.ALIGN_ADD/DSP2/DSP
  -------------------------------------------------------------------
                         required time                          7.296    
                         arrival time                          -6.259    
  -------------------------------------------------------------------
                         slack                                  1.036    

Slack (MET) :             1.118ns  (required time - arrival time)
  Source:                 design_1_i/matrixmul_2_0/inst/matrixmul_2_fadd_cud_U1/matrixmul_2_ap_fadd_3_full_dsp_32_u/U0/i_synth/ADDSUB_OP.ADDSUB/DSP.OP/DSP48E1_BODY.EXP/BMA_EXP_DELAY/i_pipe/opt_has_pipe.first_q_reg[5]/C
                            (rising edge-triggered cell FDRE clocked by clk_fpga_0  {rise@0.000ns fall@5.000ns period=10.000ns})
  Destination:            design_1_i/matrixmul_2_0/inst/matrixmul_2_fadd_cud_U1/matrixmul_2_ap_fadd_3_full_dsp_32_u/U0/i_synth/ADDSUB_OP.ADDSUB/DSP.OP/DSP48E1_BODY.ALIGN_ADD/DSP2/DSP/INMODE[2]
                            (rising edge-triggered cell DSP48E1 clocked by clk_fpga_0  {rise@0.000ns fall@5.000ns period=10.000ns})
  Path Group:             clk_fpga_0
  Path Type:              Setup (Max at Slow Process Corner)
  Requirement:            10.000ns  (clk_fpga_0 rise@10.000ns - clk_fpga_0 rise@0.000ns)
  Data Path Delay:        3.170ns  (logic 0.580ns (18.298%)  route 2.590ns (81.702%))
  Logic Levels:           1  (LUT6=1)
  Clock Path Skew:        -0.001ns (DCD - SCD + CPR)
    Destination Clock Delay (DCD):    2.892ns = ( 12.892 - 10.000 ) 
    Source Clock Delay      (SCD):    3.008ns
    Clock Pessimism Removal (CPR):    0.115ns
  Clock Uncertainty:      0.154ns  ((TSJ^2 + TIJ^2)^1/2 + DJ) / 2 + PE
    Total System Jitter     (TSJ):    0.071ns
    Total Input Jitter      (TIJ):    0.300ns
    Discrete Jitter          (DJ):    0.000ns
    Phase Error              (PE):    0.000ns

    Location             Delay type                Incr(ns)  Path(ns)    Netlist Resource(s)
  -------------------------------------------------------------------    -------------------
                         (clock clk_fpga_0 rise edge)
                                                      0.000     0.000 r  
    PS7_X0Y0             PS7                          0.000     0.000 r  design_1_i/processing_system7_0/inst/PS7_i/FCLKCLK[0]
                         net (fo=1, routed)           1.193     1.193    design_1_i/processing_system7_0/inst/FCLK_CLK_unbuffered[0]
    BUFGCTRL_X0Y16       BUFG (Prop_bufg_I_O)         0.101     1.294 r  design_1_i/processing_system7_0/inst/buffer_fclk_clk_0.FCLK_CLK_0_BUFG/O
                         net (fo=13808, routed)       1.714     3.008    design_1_i/matrixmul_2_0/inst/matrixmul_2_fadd_cud_U1/matrixmul_2_ap_fadd_3_full_dsp_32_u/U0/i_synth/ADDSUB_OP.ADDSUB/DSP.OP/DSP48E1_BODY.EXP/BMA_EXP_DELAY/i_pipe/aclk
    SLICE_X63Y53         FDRE                                         r  design_1_i/matrixmul_2_0/inst/matrixmul_2_fadd_cud_U1/matrixmul_2_ap_fadd_3_full_dsp_32_u/U0/i_synth/ADDSUB_OP.ADDSUB/DSP.OP/DSP48E1_BODY.EXP/BMA_EXP_DELAY/i_pipe/opt_has_pipe.first_q_reg[5]/C
  -------------------------------------------------------------------    -------------------
    SLICE_X63Y53         FDRE (Prop_fdre_C_Q)         0.456     3.464 r  design_1_i/matrixmul_2_0/inst/matrixmul_2_fadd_cud_U1/matrixmul_2_ap_fadd_3_full_dsp_32_u/U0/i_synth/ADDSUB_OP.ADDSUB/DSP.OP/DSP48E1_BODY.EXP/BMA_EXP_DELAY/i_pipe/opt_has_pipe.first_q_reg[5]/Q
                         net (fo=18, routed)          1.850     5.314    design_1_i/matrixmul_2_0/inst/matrixmul_2_fadd_cud_U1/matrixmul_2_ap_fadd_3_full_dsp_32_u/U0/i_synth/ADDSUB_OP.ADDSUB/DSP.OP/DSP48E1_BODY.EXP/BMA_EXP_DELAY/i_pipe/align_dist[5]
    SLICE_X92Y48         LUT6 (Prop_lut6_I0_O)        0.124     5.438 r  design_1_i/matrixmul_2_0/inst/matrixmul_2_fadd_cud_U1/matrixmul_2_ap_fadd_3_full_dsp_32_u/U0/i_synth/ADDSUB_OP.ADDSUB/DSP.OP/DSP48E1_BODY.EXP/BMA_EXP_DELAY/i_pipe/DSP_i_64/O
                         net (fo=2, routed)           0.740     6.178    design_1_i/matrixmul_2_0/inst/matrixmul_2_fadd_cud_U1/matrixmul_2_ap_fadd_3_full_dsp_32_u/U0/i_synth/ADDSUB_OP.ADDSUB/DSP.OP/DSP48E1_BODY.ALIGN_ADD/DSP2/INMODE[0]
    DSP48_X3Y19          DSP48E1                                      r  design_1_i/matrixmul_2_0/inst/matrixmul_2_fadd_cud_U1/matrixmul_2_ap_fadd_3_full_dsp_32_u/U0/i_synth/ADDSUB_OP.ADDSUB/DSP.OP/DSP48E1_BODY.ALIGN_ADD/DSP2/DSP/INMODE[2]
  -------------------------------------------------------------------    -------------------

                         (clock clk_fpga_0 rise edge)
                                                     10.000    10.000 r  
    PS7_X0Y0             PS7                          0.000    10.000 r  design_1_i/processing_system7_0/inst/PS7_i/FCLKCLK[0]
                         net (fo=1, routed)           1.088    11.088    design_1_i/processing_system7_0/inst/FCLK_CLK_unbuffered[0]
    BUFGCTRL_X0Y16       BUFG (Prop_bufg_I_O)         0.091    11.179 r  design_1_i/processing_system7_0/inst/buffer_fclk_clk_0.FCLK_CLK_0_BUFG/O
                         net (fo=13808, routed)       1.713    12.892    design_1_i/matrixmul_2_0/inst/matrixmul_2_fadd_cud_U1/matrixmul_2_ap_fadd_3_full_dsp_32_u/U0/i_synth/ADDSUB_OP.ADDSUB/DSP.OP/DSP48E1_BODY.ALIGN_ADD/DSP2/aclk
    DSP48_X3Y19          DSP48E1                                      r  design_1_i/matrixmul_2_0/inst/matrixmul_2_fadd_cud_U1/matrixmul_2_ap_fadd_3_full_dsp_32_u/U0/i_synth/ADDSUB_OP.ADDSUB/DSP.OP/DSP48E1_BODY.ALIGN_ADD/DSP2/DSP/CLK
                         clock pessimism              0.115    13.007    
                         clock uncertainty           -0.154    12.853    
    DSP48_X3Y19          DSP48E1 (Setup_dsp48e1_CLK_INMODE[2])
                                                     -5.557     7.296    design_1_i/matrixmul_2_0/inst/matrixmul_2_fadd_cud_U1/matrixmul_2_ap_fadd_3_full_dsp_32_u/U0/i_synth/ADDSUB_OP.ADDSUB/DSP.OP/DSP48E1_BODY.ALIGN_ADD/DSP2/DSP
  -------------------------------------------------------------------
                         required time                          7.296    
                         arrival time                          -6.178    
  -------------------------------------------------------------------
                         slack                                  1.118    

Slack (MET) :             1.202ns  (required time - arrival time)
  Source:                 design_1_i/matrixmul_2_0/inst/matrixmul_2_fadd_cud_U1/matrixmul_2_ap_fadd_3_full_dsp_32_u/U0/i_synth/ADDSUB_OP.ADDSUB/DSP.OP/DSP48E1_BODY.EXP/NUMB_CMP/NOT_FAST.CMP/C_CHAIN/CHAIN_GEN[15].CARRYS_DEL.NEED_DEL.CARRYS_FD/C
                            (rising edge-triggered cell FDRE clocked by clk_fpga_0  {rise@0.000ns fall@5.000ns period=10.000ns})
  Destination:            design_1_i/matrixmul_2_0/inst/matrixmul_2_fadd_cud_U1/matrixmul_2_ap_fadd_3_full_dsp_32_u/U0/i_synth/ADDSUB_OP.ADDSUB/DSP.OP/DSP48E1_BODY.ALIGN_ADD/DSP2/DSP/A[22]
                            (rising edge-triggered cell DSP48E1 clocked by clk_fpga_0  {rise@0.000ns fall@5.000ns period=10.000ns})
  Path Group:             clk_fpga_0
  Path Type:              Setup (Max at Slow Process Corner)
  Requirement:            10.000ns  (clk_fpga_0 rise@10.000ns - clk_fpga_0 rise@0.000ns)
  Data Path Delay:        3.168ns  (logic 0.642ns (20.266%)  route 2.526ns (79.734%))
  Logic Levels:           1  (LUT3=1)
  Clock Path Skew:        -0.002ns (DCD - SCD + CPR)
    Destination Clock Delay (DCD):    2.892ns = ( 12.892 - 10.000 ) 
    Source Clock Delay      (SCD):    3.009ns
    Clock Pessimism Removal (CPR):    0.115ns
  Clock Uncertainty:      0.154ns  ((TSJ^2 + TIJ^2)^1/2 + DJ) / 2 + PE
    Total System Jitter     (TSJ):    0.071ns
    Total Input Jitter      (TIJ):    0.300ns
    Discrete Jitter          (DJ):    0.000ns
    Phase Error              (PE):    0.000ns

    Location             Delay type                Incr(ns)  Path(ns)    Netlist Resource(s)
  -------------------------------------------------------------------    -------------------
                         (clock clk_fpga_0 rise edge)
                                                      0.000     0.000 r  
    PS7_X0Y0             PS7                          0.000     0.000 r  design_1_i/processing_system7_0/inst/PS7_i/FCLKCLK[0]
                         net (fo=1, routed)           1.193     1.193    design_1_i/processing_system7_0/inst/FCLK_CLK_unbuffered[0]
    BUFGCTRL_X0Y16       BUFG (Prop_bufg_I_O)         0.101     1.294 r  design_1_i/processing_system7_0/inst/buffer_fclk_clk_0.FCLK_CLK_0_BUFG/O
                         net (fo=13808, routed)       1.715     3.009    design_1_i/matrixmul_2_0/inst/matrixmul_2_fadd_cud_U1/matrixmul_2_ap_fadd_3_full_dsp_32_u/U0/i_synth/ADDSUB_OP.ADDSUB/DSP.OP/DSP48E1_BODY.EXP/NUMB_CMP/NOT_FAST.CMP/C_CHAIN/aclk
    SLICE_X62Y51         FDRE                                         r  design_1_i/matrixmul_2_0/inst/matrixmul_2_fadd_cud_U1/matrixmul_2_ap_fadd_3_full_dsp_32_u/U0/i_synth/ADDSUB_OP.ADDSUB/DSP.OP/DSP48E1_BODY.EXP/NUMB_CMP/NOT_FAST.CMP/C_CHAIN/CHAIN_GEN[15].CARRYS_DEL.NEED_DEL.CARRYS_FD/C
  -------------------------------------------------------------------    -------------------
    SLICE_X62Y51         FDRE (Prop_fdre_C_Q)         0.518     3.527 r  design_1_i/matrixmul_2_0/inst/matrixmul_2_fadd_cud_U1/matrixmul_2_ap_fadd_3_full_dsp_32_u/U0/i_synth/ADDSUB_OP.ADDSUB/DSP.OP/DSP48E1_BODY.EXP/NUMB_CMP/NOT_FAST.CMP/C_CHAIN/CHAIN_GEN[15].CARRYS_DEL.NEED_DEL.CARRYS_FD/Q
                         net (fo=54, routed)          1.017     4.544    design_1_i/matrixmul_2_0/inst/matrixmul_2_fadd_cud_U1/matrixmul_2_ap_fadd_3_full_dsp_32_u/U0/i_synth/ADDSUB_OP.ADDSUB/DSP.OP/A_IP_DELAY/i_pipe/CARRYS_OUT[0]
    SLICE_X67Y48         LUT3 (Prop_lut3_I1_O)        0.124     4.668 r  design_1_i/matrixmul_2_0/inst/matrixmul_2_fadd_cud_U1/matrixmul_2_ap_fadd_3_full_dsp_32_u/U0/i_synth/ADDSUB_OP.ADDSUB/DSP.OP/A_IP_DELAY/i_pipe/DSP_i_18/O
                         net (fo=2, routed)           1.509     6.177    design_1_i/matrixmul_2_0/inst/matrixmul_2_fadd_cud_U1/matrixmul_2_ap_fadd_3_full_dsp_32_u/U0/i_synth/ADDSUB_OP.ADDSUB/DSP.OP/DSP48E1_BODY.ALIGN_ADD/DSP2/DSP_3[22]
    DSP48_X3Y19          DSP48E1                                      r  design_1_i/matrixmul_2_0/inst/matrixmul_2_fadd_cud_U1/matrixmul_2_ap_fadd_3_full_dsp_32_u/U0/i_synth/ADDSUB_OP.ADDSUB/DSP.OP/DSP48E1_BODY.ALIGN_ADD/DSP2/DSP/A[22]
  -------------------------------------------------------------------    -------------------

                         (clock clk_fpga_0 rise edge)
                                                     10.000    10.000 r  
    PS7_X0Y0             PS7                          0.000    10.000 r  design_1_i/processing_system7_0/inst/PS7_i/FCLKCLK[0]
                         net (fo=1, routed)           1.088    11.088    design_1_i/processing_system7_0/inst/FCLK_CLK_unbuffered[0]
    BUFGCTRL_X0Y16       BUFG (Prop_bufg_I_O)         0.091    11.179 r  design_1_i/processing_system7_0/inst/buffer_fclk_clk_0.FCLK_CLK_0_BUFG/O
                         net (fo=13808, routed)       1.713    12.892    design_1_i/matrixmul_2_0/inst/matrixmul_2_fadd_cud_U1/matrixmul_2_ap_fadd_3_full_dsp_32_u/U0/i_synth/ADDSUB_OP.ADDSUB/DSP.OP/DSP48E1_BODY.ALIGN_ADD/DSP2/aclk
    DSP48_X3Y19          DSP48E1                                      r  design_1_i/matrixmul_2_0/inst/matrixmul_2_fadd_cud_U1/matrixmul_2_ap_fadd_3_full_dsp_32_u/U0/i_synth/ADDSUB_OP.ADDSUB/DSP.OP/DSP48E1_BODY.ALIGN_ADD/DSP2/DSP/CLK
                         clock pessimism              0.115    13.007    
                         clock uncertainty           -0.154    12.853    
    DSP48_X3Y19          DSP48E1 (Setup_dsp48e1_CLK_A[22])
                                                     -5.474     7.379    design_1_i/matrixmul_2_0/inst/matrixmul_2_fadd_cud_U1/matrixmul_2_ap_fadd_3_full_dsp_32_u/U0/i_synth/ADDSUB_OP.ADDSUB/DSP.OP/DSP48E1_BODY.ALIGN_ADD/DSP2/DSP
  -------------------------------------------------------------------
                         required time                          7.379    
                         arrival time                          -6.177    
  -------------------------------------------------------------------
                         slack                                  1.202    

Slack (MET) :             1.293ns  (required time - arrival time)
  Source:                 design_1_i/matrixmul_2_0/inst/matrixmul_2_fadd_cud_U1/matrixmul_2_ap_fadd_3_full_dsp_32_u/U0/i_synth/ADDSUB_OP.ADDSUB/DSP.OP/DSP48E1_BODY.EXP/NUMB_CMP/NOT_FAST.CMP/C_CHAIN/CHAIN_GEN[15].CARRYS_DEL.NEED_DEL.CARRYS_FD/C
                            (rising edge-triggered cell FDRE clocked by clk_fpga_0  {rise@0.000ns fall@5.000ns period=10.000ns})
  Destination:            design_1_i/matrixmul_2_0/inst/matrixmul_2_fadd_cud_U1/matrixmul_2_ap_fadd_3_full_dsp_32_u/U0/i_synth/ADDSUB_OP.ADDSUB/DSP.OP/DSP48E1_BODY.ALIGN_ADD/DSP2/DSP/D[0]
                            (rising edge-triggered cell DSP48E1 clocked by clk_fpga_0  {rise@0.000ns fall@5.000ns period=10.000ns})
  Path Group:             clk_fpga_0
  Path Type:              Setup (Max at Slow Process Corner)
  Requirement:            10.000ns  (clk_fpga_0 rise@10.000ns - clk_fpga_0 rise@0.000ns)
  Data Path Delay:        3.208ns  (logic 0.642ns (20.011%)  route 2.566ns (79.989%))
  Logic Levels:           1  (LUT3=1)
  Clock Path Skew:        -0.002ns (DCD - SCD + CPR)
    Destination Clock Delay (DCD):    2.892ns = ( 12.892 - 10.000 ) 
    Source Clock Delay      (SCD):    3.009ns
    Clock Pessimism Removal (CPR):    0.115ns
  Clock Uncertainty:      0.154ns  ((TSJ^2 + TIJ^2)^1/2 + DJ) / 2 + PE
    Total System Jitter     (TSJ):    0.071ns
    Total Input Jitter      (TIJ):    0.300ns
    Discrete Jitter          (DJ):    0.000ns
    Phase Error              (PE):    0.000ns

    Location             Delay type                Incr(ns)  Path(ns)    Netlist Resource(s)
  -------------------------------------------------------------------    -------------------
                         (clock clk_fpga_0 rise edge)
                                                      0.000     0.000 r  
    PS7_X0Y0             PS7                          0.000     0.000 r  design_1_i/processing_system7_0/inst/PS7_i/FCLKCLK[0]
                         net (fo=1, routed)           1.193     1.193    design_1_i/processing_system7_0/inst/FCLK_CLK_unbuffered[0]
    BUFGCTRL_X0Y16       BUFG (Prop_bufg_I_O)         0.101     1.294 r  design_1_i/processing_system7_0/inst/buffer_fclk_clk_0.FCLK_CLK_0_BUFG/O
                         net (fo=13808, routed)       1.715     3.009    design_1_i/matrixmul_2_0/inst/matrixmul_2_fadd_cud_U1/matrixmul_2_ap_fadd_3_full_dsp_32_u/U0/i_synth/ADDSUB_OP.ADDSUB/DSP.OP/DSP48E1_BODY.EXP/NUMB_CMP/NOT_FAST.CMP/C_CHAIN/aclk
    SLICE_X62Y51         FDRE                                         r  design_1_i/matrixmul_2_0/inst/matrixmul_2_fadd_cud_U1/matrixmul_2_ap_fadd_3_full_dsp_32_u/U0/i_synth/ADDSUB_OP.ADDSUB/DSP.OP/DSP48E1_BODY.EXP/NUMB_CMP/NOT_FAST.CMP/C_CHAIN/CHAIN_GEN[15].CARRYS_DEL.NEED_DEL.CARRYS_FD/C
  -------------------------------------------------------------------    -------------------
    SLICE_X62Y51         FDRE (Prop_fdre_C_Q)         0.518     3.527 r  design_1_i/matrixmul_2_0/inst/matrixmul_2_fadd_cud_U1/matrixmul_2_ap_fadd_3_full_dsp_32_u/U0/i_synth/ADDSUB_OP.ADDSUB/DSP.OP/DSP48E1_BODY.EXP/NUMB_CMP/NOT_FAST.CMP/C_CHAIN/CHAIN_GEN[15].CARRYS_DEL.NEED_DEL.CARRYS_FD/Q
                         net (fo=54, routed)          0.840     4.367    design_1_i/matrixmul_2_0/inst/matrixmul_2_fadd_cud_U1/matrixmul_2_ap_fadd_3_full_dsp_32_u/U0/i_synth/ADDSUB_OP.ADDSUB/DSP.OP/A_IP_DELAY/i_pipe/CARRYS_OUT[0]
    SLICE_X63Y48         LUT3 (Prop_lut3_I1_O)        0.124     4.491 r  design_1_i/matrixmul_2_0/inst/matrixmul_2_fadd_cud_U1/matrixmul_2_ap_fadd_3_full_dsp_32_u/U0/i_synth/ADDSUB_OP.ADDSUB/DSP.OP/A_IP_DELAY/i_pipe/DSP_i_26/O
                         net (fo=2, routed)           1.726     6.217    design_1_i/matrixmul_2_0/inst/matrixmul_2_fadd_cud_U1/matrixmul_2_ap_fadd_3_full_dsp_32_u/U0/i_synth/ADDSUB_OP.ADDSUB/DSP.OP/DSP48E1_BODY.ALIGN_ADD/DSP2/DSP_3[14]
    DSP48_X3Y19          DSP48E1                                      r  design_1_i/matrixmul_2_0/inst/matrixmul_2_fadd_cud_U1/matrixmul_2_ap_fadd_3_full_dsp_32_u/U0/i_synth/ADDSUB_OP.ADDSUB/DSP.OP/DSP48E1_BODY.ALIGN_ADD/DSP2/DSP/D[0]
  -------------------------------------------------------------------    -------------------

                         (clock clk_fpga_0 rise edge)
                                                     10.000    10.000 r  
    PS7_X0Y0             PS7                          0.000    10.000 r  design_1_i/processing_system7_0/inst/PS7_i/FCLKCLK[0]
                         net (fo=1, routed)           1.088    11.088    design_1_i/processing_system7_0/inst/FCLK_CLK_unbuffered[0]
    BUFGCTRL_X0Y16       BUFG (Prop_bufg_I_O)         0.091    11.179 r  design_1_i/processing_system7_0/inst/buffer_fclk_clk_0.FCLK_CLK_0_BUFG/O
                         net (fo=13808, routed)       1.713    12.892    design_1_i/matrixmul_2_0/inst/matrixmul_2_fadd_cud_U1/matrixmul_2_ap_fadd_3_full_dsp_32_u/U0/i_synth/ADDSUB_OP.ADDSUB/DSP.OP/DSP48E1_BODY.ALIGN_ADD/DSP2/aclk
    DSP48_X3Y19          DSP48E1                                      r  design_1_i/matrixmul_2_0/inst/matrixmul_2_fadd_cud_U1/matrixmul_2_ap_fadd_3_full_dsp_32_u/U0/i_synth/ADDSUB_OP.ADDSUB/DSP.OP/DSP48E1_BODY.ALIGN_ADD/DSP2/DSP/CLK
                         clock pessimism              0.115    13.007    
                         clock uncertainty           -0.154    12.853    
    DSP48_X3Y19          DSP48E1 (Setup_dsp48e1_CLK_D[0])
                                                     -5.342     7.511    design_1_i/matrixmul_2_0/inst/matrixmul_2_fadd_cud_U1/matrixmul_2_ap_fadd_3_full_dsp_32_u/U0/i_synth/ADDSUB_OP.ADDSUB/DSP.OP/DSP48E1_BODY.ALIGN_ADD/DSP2/DSP
  -------------------------------------------------------------------
                         required time                          7.511    
                         arrival time                          -6.217    
  -------------------------------------------------------------------
                         slack                                  1.293    

Slack (MET) :             1.467ns  (required time - arrival time)
  Source:                 design_1_i/matrixmul_2_0/inst/matrixmul_2_fadd_cud_U1/matrixmul_2_ap_fadd_3_full_dsp_32_u/U0/i_synth/ADDSUB_OP.ADDSUB/DSP.OP/DSP48E1_BODY.EXP/NUMB_CMP/NOT_FAST.CMP/C_CHAIN/CHAIN_GEN[15].CARRYS_DEL.NEED_DEL.CARRYS_FD/C
                            (rising edge-triggered cell FDRE clocked by clk_fpga_0  {rise@0.000ns fall@5.000ns period=10.000ns})
  Destination:            design_1_i/matrixmul_2_0/inst/matrixmul_2_fadd_cud_U1/matrixmul_2_ap_fadd_3_full_dsp_32_u/U0/i_synth/ADDSUB_OP.ADDSUB/DSP.OP/DSP48E1_BODY.ALIGN_ADD/DSP2/DSP/A[0]
                            (rising edge-triggered cell DSP48E1 clocked by clk_fpga_0  {rise@0.000ns fall@5.000ns period=10.000ns})
  Path Group:             clk_fpga_0
  Path Type:              Setup (Max at Slow Process Corner)
  Requirement:            10.000ns  (clk_fpga_0 rise@10.000ns - clk_fpga_0 rise@0.000ns)
  Data Path Delay:        2.903ns  (logic 0.642ns (22.119%)  route 2.261ns (77.881%))
  Logic Levels:           1  (LUT3=1)
  Clock Path Skew:        -0.002ns (DCD - SCD + CPR)
    Destination Clock Delay (DCD):    2.892ns = ( 12.892 - 10.000 ) 
    Source Clock Delay      (SCD):    3.009ns
    Clock Pessimism Removal (CPR):    0.115ns
  Clock Uncertainty:      0.154ns  ((TSJ^2 + TIJ^2)^1/2 + DJ) / 2 + PE
    Total System Jitter     (TSJ):    0.071ns
    Total Input Jitter      (TIJ):    0.300ns
    Discrete Jitter          (DJ):    0.000ns
    Phase Error              (PE):    0.000ns

    Location             Delay type                Incr(ns)  Path(ns)    Netlist Resource(s)
  -------------------------------------------------------------------    -------------------
                         (clock clk_fpga_0 rise edge)
                                                      0.000     0.000 r  
    PS7_X0Y0             PS7                          0.000     0.000 r  design_1_i/processing_system7_0/inst/PS7_i/FCLKCLK[0]
                         net (fo=1, routed)           1.193     1.193    design_1_i/processing_system7_0/inst/FCLK_CLK_unbuffered[0]
    BUFGCTRL_X0Y16       BUFG (Prop_bufg_I_O)         0.101     1.294 r  design_1_i/processing_system7_0/inst/buffer_fclk_clk_0.FCLK_CLK_0_BUFG/O
                         net (fo=13808, routed)       1.715     3.009    design_1_i/matrixmul_2_0/inst/matrixmul_2_fadd_cud_U1/matrixmul_2_ap_fadd_3_full_dsp_32_u/U0/i_synth/ADDSUB_OP.ADDSUB/DSP.OP/DSP48E1_BODY.EXP/NUMB_CMP/NOT_FAST.CMP/C_CHAIN/aclk
    SLICE_X62Y51         FDRE                                         r  design_1_i/matrixmul_2_0/inst/matrixmul_2_fadd_cud_U1/matrixmul_2_ap_fadd_3_full_dsp_32_u/U0/i_synth/ADDSUB_OP.ADDSUB/DSP.OP/DSP48E1_BODY.EXP/NUMB_CMP/NOT_FAST.CMP/C_CHAIN/CHAIN_GEN[15].CARRYS_DEL.NEED_DEL.CARRYS_FD/C
  -------------------------------------------------------------------    -------------------
    SLICE_X62Y51         FDRE (Prop_fdre_C_Q)         0.518     3.527 r  design_1_i/matrixmul_2_0/inst/matrixmul_2_fadd_cud_U1/matrixmul_2_ap_fadd_3_full_dsp_32_u/U0/i_synth/ADDSUB_OP.ADDSUB/DSP.OP/DSP48E1_BODY.EXP/NUMB_CMP/NOT_FAST.CMP/C_CHAIN/CHAIN_GEN[15].CARRYS_DEL.NEED_DEL.CARRYS_FD/Q
                         net (fo=54, routed)          1.005     4.532    design_1_i/matrixmul_2_0/inst/matrixmul_2_fadd_cud_U1/matrixmul_2_ap_fadd_3_full_dsp_32_u/U0/i_synth/ADDSUB_OP.ADDSUB/DSP.OP/A_IP_DELAY/i_pipe/CARRYS_OUT[0]
    SLICE_X71Y46         LUT3 (Prop_lut3_I1_O)        0.124     4.656 r  design_1_i/matrixmul_2_0/inst/matrixmul_2_fadd_cud_U1/matrixmul_2_ap_fadd_3_full_dsp_32_u/U0/i_synth/ADDSUB_OP.ADDSUB/DSP.OP/A_IP_DELAY/i_pipe/DSP_i_40/O
                         net (fo=1, routed)           1.256     5.912    design_1_i/matrixmul_2_0/inst/matrixmul_2_fadd_cud_U1/matrixmul_2_ap_fadd_3_full_dsp_32_u/U0/i_synth/ADDSUB_OP.ADDSUB/DSP.OP/DSP48E1_BODY.ALIGN_ADD/DSP2/DSP_3[0]
    DSP48_X3Y19          DSP48E1                                      r  design_1_i/matrixmul_2_0/inst/matrixmul_2_fadd_cud_U1/matrixmul_2_ap_fadd_3_full_dsp_32_u/U0/i_synth/ADDSUB_OP.ADDSUB/DSP.OP/DSP48E1_BODY.ALIGN_ADD/DSP2/DSP/A[0]
  -------------------------------------------------------------------    -------------------

                         (clock clk_fpga_0 rise edge)
                                                     10.000    10.000 r  
    PS7_X0Y0             PS7                          0.000    10.000 r  design_1_i/processing_system7_0/inst/PS7_i/FCLKCLK[0]
                         net (fo=1, routed)           1.088    11.088    design_1_i/processing_system7_0/inst/FCLK_CLK_unbuffered[0]
    BUFGCTRL_X0Y16       BUFG (Prop_bufg_I_O)         0.091    11.179 r  design_1_i/processing_system7_0/inst/buffer_fclk_clk_0.FCLK_CLK_0_BUFG/O
                         net (fo=13808, routed)       1.713    12.892    design_1_i/matrixmul_2_0/inst/matrixmul_2_fadd_cud_U1/matrixmul_2_ap_fadd_3_full_dsp_32_u/U0/i_synth/ADDSUB_OP.ADDSUB/DSP.OP/DSP48E1_BODY.ALIGN_ADD/DSP2/aclk
    DSP48_X3Y19          DSP48E1                                      r  design_1_i/matrixmul_2_0/inst/matrixmul_2_fadd_cud_U1/matrixmul_2_ap_fadd_3_full_dsp_32_u/U0/i_synth/ADDSUB_OP.ADDSUB/DSP.OP/DSP48E1_BODY.ALIGN_ADD/DSP2/DSP/CLK
                         clock pessimism              0.115    13.007    
                         clock uncertainty           -0.154    12.853    
    DSP48_X3Y19          DSP48E1 (Setup_dsp48e1_CLK_A[0])
                                                     -5.474     7.379    design_1_i/matrixmul_2_0/inst/matrixmul_2_fadd_cud_U1/matrixmul_2_ap_fadd_3_full_dsp_32_u/U0/i_synth/ADDSUB_OP.ADDSUB/DSP.OP/DSP48E1_BODY.ALIGN_ADD/DSP2/DSP
  -------------------------------------------------------------------
                         required time                          7.379    
                         arrival time                          -5.912    
  -------------------------------------------------------------------
                         slack                                  1.467    

Slack (MET) :             1.476ns  (required time - arrival time)
  Source:                 design_1_i/matrixmul_2_0/inst/matrixmul_2_fadd_cud_U1/matrixmul_2_ap_fadd_3_full_dsp_32_u/U0/i_synth/ADDSUB_OP.ADDSUB/DSP.OP/DSP48E1_BODY.EXP/NUMB_CMP/NOT_FAST.CMP/C_CHAIN/CHAIN_GEN[15].CARRYS_DEL.NEED_DEL.CARRYS_FD/C
                            (rising edge-triggered cell FDRE clocked by clk_fpga_0  {rise@0.000ns fall@5.000ns period=10.000ns})
  Destination:            design_1_i/matrixmul_2_0/inst/matrixmul_2_fadd_cud_U1/matrixmul_2_ap_fadd_3_full_dsp_32_u/U0/i_synth/ADDSUB_OP.ADDSUB/DSP.OP/DSP48E1_BODY.ALIGN_ADD/DSP2/DSP/D[8]
                            (rising edge-triggered cell DSP48E1 clocked by clk_fpga_0  {rise@0.000ns fall@5.000ns period=10.000ns})
  Path Group:             clk_fpga_0
  Path Type:              Setup (Max at Slow Process Corner)
  Requirement:            10.000ns  (clk_fpga_0 rise@10.000ns - clk_fpga_0 rise@0.000ns)
  Data Path Delay:        3.026ns  (logic 0.642ns (21.215%)  route 2.384ns (78.785%))
  Logic Levels:           1  (LUT3=1)
  Clock Path Skew:        -0.002ns (DCD - SCD + CPR)
    Destination Clock Delay (DCD):    2.892ns = ( 12.892 - 10.000 ) 
    Source Clock Delay      (SCD):    3.009ns
    Clock Pessimism Removal (CPR):    0.115ns
  Clock Uncertainty:      0.154ns  ((TSJ^2 + TIJ^2)^1/2 + DJ) / 2 + PE
    Total System Jitter     (TSJ):    0.071ns
    Total Input Jitter      (TIJ):    0.300ns
    Discrete Jitter          (DJ):    0.000ns
    Phase Error              (PE):    0.000ns

    Location             Delay type                Incr(ns)  Path(ns)    Netlist Resource(s)
  -------------------------------------------------------------------    -------------------
                         (clock clk_fpga_0 rise edge)
                                                      0.000     0.000 r  
    PS7_X0Y0             PS7                          0.000     0.000 r  design_1_i/processing_system7_0/inst/PS7_i/FCLKCLK[0]
                         net (fo=1, routed)           1.193     1.193    design_1_i/processing_system7_0/inst/FCLK_CLK_unbuffered[0]
    BUFGCTRL_X0Y16       BUFG (Prop_bufg_I_O)         0.101     1.294 r  design_1_i/processing_system7_0/inst/buffer_fclk_clk_0.FCLK_CLK_0_BUFG/O
                         net (fo=13808, routed)       1.715     3.009    design_1_i/matrixmul_2_0/inst/matrixmul_2_fadd_cud_U1/matrixmul_2_ap_fadd_3_full_dsp_32_u/U0/i_synth/ADDSUB_OP.ADDSUB/DSP.OP/DSP48E1_BODY.EXP/NUMB_CMP/NOT_FAST.CMP/C_CHAIN/aclk
    SLICE_X62Y51         FDRE                                         r  design_1_i/matrixmul_2_0/inst/matrixmul_2_fadd_cud_U1/matrixmul_2_ap_fadd_3_full_dsp_32_u/U0/i_synth/ADDSUB_OP.ADDSUB/DSP.OP/DSP48E1_BODY.EXP/NUMB_CMP/NOT_FAST.CMP/C_CHAIN/CHAIN_GEN[15].CARRYS_DEL.NEED_DEL.CARRYS_FD/C
  -------------------------------------------------------------------    -------------------
    SLICE_X62Y51         FDRE (Prop_fdre_C_Q)         0.518     3.527 r  design_1_i/matrixmul_2_0/inst/matrixmul_2_fadd_cud_U1/matrixmul_2_ap_fadd_3_full_dsp_32_u/U0/i_synth/ADDSUB_OP.ADDSUB/DSP.OP/DSP48E1_BODY.EXP/NUMB_CMP/NOT_FAST.CMP/C_CHAIN/CHAIN_GEN[15].CARRYS_DEL.NEED_DEL.CARRYS_FD/Q
                         net (fo=54, routed)          1.017     4.544    design_1_i/matrixmul_2_0/inst/matrixmul_2_fadd_cud_U1/matrixmul_2_ap_fadd_3_full_dsp_32_u/U0/i_synth/ADDSUB_OP.ADDSUB/DSP.OP/A_IP_DELAY/i_pipe/CARRYS_OUT[0]
    SLICE_X67Y48         LUT3 (Prop_lut3_I1_O)        0.124     4.668 r  design_1_i/matrixmul_2_0/inst/matrixmul_2_fadd_cud_U1/matrixmul_2_ap_fadd_3_full_dsp_32_u/U0/i_synth/ADDSUB_OP.ADDSUB/DSP.OP/A_IP_DELAY/i_pipe/DSP_i_18/O
                         net (fo=2, routed)           1.368     6.035    design_1_i/matrixmul_2_0/inst/matrixmul_2_fadd_cud_U1/matrixmul_2_ap_fadd_3_full_dsp_32_u/U0/i_synth/ADDSUB_OP.ADDSUB/DSP.OP/DSP48E1_BODY.ALIGN_ADD/DSP2/DSP_3[22]
    DSP48_X3Y19          DSP48E1                                      r  design_1_i/matrixmul_2_0/inst/matrixmul_2_fadd_cud_U1/matrixmul_2_ap_fadd_3_full_dsp_32_u/U0/i_synth/ADDSUB_OP.ADDSUB/DSP.OP/DSP48E1_BODY.ALIGN_ADD/DSP2/DSP/D[8]
  -------------------------------------------------------------------    -------------------

                         (clock clk_fpga_0 rise edge)
                                                     10.000    10.000 r  
    PS7_X0Y0             PS7                          0.000    10.000 r  design_1_i/processing_system7_0/inst/PS7_i/FCLKCLK[0]
                         net (fo=1, routed)           1.088    11.088    design_1_i/processing_system7_0/inst/FCLK_CLK_unbuffered[0]
    BUFGCTRL_X0Y16       BUFG (Prop_bufg_I_O)         0.091    11.179 r  design_1_i/processing_system7_0/inst/buffer_fclk_clk_0.FCLK_CLK_0_BUFG/O
                         net (fo=13808, routed)       1.713    12.892    design_1_i/matrixmul_2_0/inst/matrixmul_2_fadd_cud_U1/matrixmul_2_ap_fadd_3_full_dsp_32_u/U0/i_synth/ADDSUB_OP.ADDSUB/DSP.OP/DSP48E1_BODY.ALIGN_ADD/DSP2/aclk
    DSP48_X3Y19          DSP48E1                                      r  design_1_i/matrixmul_2_0/inst/matrixmul_2_fadd_cud_U1/matrixmul_2_ap_fadd_3_full_dsp_32_u/U0/i_synth/ADDSUB_OP.ADDSUB/DSP.OP/DSP48E1_BODY.ALIGN_ADD/DSP2/DSP/CLK
                         clock pessimism              0.115    13.007    
                         clock uncertainty           -0.154    12.853    
    DSP48_X3Y19          DSP48E1 (Setup_dsp48e1_CLK_D[8])
                                                     -5.342     7.511    design_1_i/matrixmul_2_0/inst/matrixmul_2_fadd_cud_U1/matrixmul_2_ap_fadd_3_full_dsp_32_u/U0/i_synth/ADDSUB_OP.ADDSUB/DSP.OP/DSP48E1_BODY.ALIGN_ADD/DSP2/DSP
  -------------------------------------------------------------------
                         required time                          7.511    
                         arrival time                          -6.035    
  -------------------------------------------------------------------
                         slack                                  1.476    

Slack (MET) :             1.495ns  (required time - arrival time)
  Source:                 design_1_i/matrixmul_2_0/inst/matrixmul_2_fadd_cud_U1/matrixmul_2_ap_fadd_3_full_dsp_32_u/U0/i_synth/ADDSUB_OP.ADDSUB/DSP.OP/DSP48E1_BODY.EXP/NUMB_CMP/NOT_FAST.CMP/C_CHAIN/CHAIN_GEN[15].CARRYS_DEL.NEED_DEL.CARRYS_FD/C
                            (rising edge-triggered cell FDRE clocked by clk_fpga_0  {rise@0.000ns fall@5.000ns period=10.000ns})
  Destination:            design_1_i/matrixmul_2_0/inst/matrixmul_2_fadd_cud_U1/matrixmul_2_ap_fadd_3_full_dsp_32_u/U0/i_synth/ADDSUB_OP.ADDSUB/DSP.OP/DSP48E1_BODY.ALIGN_ADD/DSP2/DSP/A[14]
                            (rising edge-triggered cell DSP48E1 clocked by clk_fpga_0  {rise@0.000ns fall@5.000ns period=10.000ns})
  Path Group:             clk_fpga_0
  Path Type:              Setup (Max at Slow Process Corner)
  Requirement:            10.000ns  (clk_fpga_0 rise@10.000ns - clk_fpga_0 rise@0.000ns)
  Data Path Delay:        2.875ns  (logic 0.642ns (22.330%)  route 2.233ns (77.670%))
  Logic Levels:           1  (LUT3=1)
  Clock Path Skew:        -0.002ns (DCD - SCD + CPR)
    Destination Clock Delay (DCD):    2.892ns = ( 12.892 - 10.000 ) 
    Source Clock Delay      (SCD):    3.009ns
    Clock Pessimism Removal (CPR):    0.115ns
  Clock Uncertainty:      0.154ns  ((TSJ^2 + TIJ^2)^1/2 + DJ) / 2 + PE
    Total System Jitter     (TSJ):    0.071ns
    Total Input Jitter      (TIJ):    0.300ns
    Discrete Jitter          (DJ):    0.000ns
    Phase Error              (PE):    0.000ns

    Location             Delay type                Incr(ns)  Path(ns)    Netlist Resource(s)
  -------------------------------------------------------------------    -------------------
                         (clock clk_fpga_0 rise edge)
                                                      0.000     0.000 r  
    PS7_X0Y0             PS7                          0.000     0.000 r  design_1_i/processing_system7_0/inst/PS7_i/FCLKCLK[0]
                         net (fo=1, routed)           1.193     1.193    design_1_i/processing_system7_0/inst/FCLK_CLK_unbuffered[0]
    BUFGCTRL_X0Y16       BUFG (Prop_bufg_I_O)         0.101     1.294 r  design_1_i/processing_system7_0/inst/buffer_fclk_clk_0.FCLK_CLK_0_BUFG/O
                         net (fo=13808, routed)       1.715     3.009    design_1_i/matrixmul_2_0/inst/matrixmul_2_fadd_cud_U1/matrixmul_2_ap_fadd_3_full_dsp_32_u/U0/i_synth/ADDSUB_OP.ADDSUB/DSP.OP/DSP48E1_BODY.EXP/NUMB_CMP/NOT_FAST.CMP/C_CHAIN/aclk
    SLICE_X62Y51         FDRE                                         r  design_1_i/matrixmul_2_0/inst/matrixmul_2_fadd_cud_U1/matrixmul_2_ap_fadd_3_full_dsp_32_u/U0/i_synth/ADDSUB_OP.ADDSUB/DSP.OP/DSP48E1_BODY.EXP/NUMB_CMP/NOT_FAST.CMP/C_CHAIN/CHAIN_GEN[15].CARRYS_DEL.NEED_DEL.CARRYS_FD/C
  -------------------------------------------------------------------    -------------------
    SLICE_X62Y51         FDRE (Prop_fdre_C_Q)         0.518     3.527 r  design_1_i/matrixmul_2_0/inst/matrixmul_2_fadd_cud_U1/matrixmul_2_ap_fadd_3_full_dsp_32_u/U0/i_synth/ADDSUB_OP.ADDSUB/DSP.OP/DSP48E1_BODY.EXP/NUMB_CMP/NOT_FAST.CMP/C_CHAIN/CHAIN_GEN[15].CARRYS_DEL.NEED_DEL.CARRYS_FD/Q
                         net (fo=54, routed)          0.840     4.367    design_1_i/matrixmul_2_0/inst/matrixmul_2_fadd_cud_U1/matrixmul_2_ap_fadd_3_full_dsp_32_u/U0/i_synth/ADDSUB_OP.ADDSUB/DSP.OP/A_IP_DELAY/i_pipe/CARRYS_OUT[0]
    SLICE_X63Y48         LUT3 (Prop_lut3_I1_O)        0.124     4.491 r  design_1_i/matrixmul_2_0/inst/matrixmul_2_fadd_cud_U1/matrixmul_2_ap_fadd_3_full_dsp_32_u/U0/i_synth/ADDSUB_OP.ADDSUB/DSP.OP/A_IP_DELAY/i_pipe/DSP_i_26/O
                         net (fo=2, routed)           1.393     5.884    design_1_i/matrixmul_2_0/inst/matrixmul_2_fadd_cud_U1/matrixmul_2_ap_fadd_3_full_dsp_32_u/U0/i_synth/ADDSUB_OP.ADDSUB/DSP.OP/DSP48E1_BODY.ALIGN_ADD/DSP2/DSP_3[14]
    DSP48_X3Y19          DSP48E1                                      r  design_1_i/matrixmul_2_0/inst/matrixmul_2_fadd_cud_U1/matrixmul_2_ap_fadd_3_full_dsp_32_u/U0/i_synth/ADDSUB_OP.ADDSUB/DSP.OP/DSP48E1_BODY.ALIGN_ADD/DSP2/DSP/A[14]
  -------------------------------------------------------------------    -------------------

                         (clock clk_fpga_0 rise edge)
                                                     10.000    10.000 r  
    PS7_X0Y0             PS7                          0.000    10.000 r  design_1_i/processing_system7_0/inst/PS7_i/FCLKCLK[0]
                         net (fo=1, routed)           1.088    11.088    design_1_i/processing_system7_0/inst/FCLK_CLK_unbuffered[0]
    BUFGCTRL_X0Y16       BUFG (Prop_bufg_I_O)         0.091    11.179 r  design_1_i/processing_system7_0/inst/buffer_fclk_clk_0.FCLK_CLK_0_BUFG/O
                         net (fo=13808, routed)       1.713    12.892    design_1_i/matrixmul_2_0/inst/matrixmul_2_fadd_cud_U1/matrixmul_2_ap_fadd_3_full_dsp_32_u/U0/i_synth/ADDSUB_OP.ADDSUB/DSP.OP/DSP48E1_BODY.ALIGN_ADD/DSP2/aclk
    DSP48_X3Y19          DSP48E1                                      r  design_1_i/matrixmul_2_0/inst/matrixmul_2_fadd_cud_U1/matrixmul_2_ap_fadd_3_full_dsp_32_u/U0/i_synth/ADDSUB_OP.ADDSUB/DSP.OP/DSP48E1_BODY.ALIGN_ADD/DSP2/DSP/CLK
                         clock pessimism              0.115    13.007    
                         clock uncertainty           -0.154    12.853    
    DSP48_X3Y19          DSP48E1 (Setup_dsp48e1_CLK_A[14])
                                                     -5.474     7.379    design_1_i/matrixmul_2_0/inst/matrixmul_2_fadd_cud_U1/matrixmul_2_ap_fadd_3_full_dsp_32_u/U0/i_synth/ADDSUB_OP.ADDSUB/DSP.OP/DSP48E1_BODY.ALIGN_ADD/DSP2/DSP
  -------------------------------------------------------------------
                         required time                          7.379    
                         arrival time                          -5.884    
  -------------------------------------------------------------------
                         slack                                  1.495    

Slack (MET) :             1.500ns  (required time - arrival time)
  Source:                 design_1_i/matrixmul_2_0/inst/matrixmul_2_fadd_cud_U1/matrixmul_2_ap_fadd_3_full_dsp_32_u/U0/i_synth/ADDSUB_OP.ADDSUB/DSP.OP/DSP48E1_BODY.EXP/NUMB_CMP/NOT_FAST.CMP/C_CHAIN/CHAIN_GEN[15].CARRYS_DEL.NEED_DEL.CARRYS_FD/C
                            (rising edge-triggered cell FDRE clocked by clk_fpga_0  {rise@0.000ns fall@5.000ns period=10.000ns})
  Destination:            design_1_i/matrixmul_2_0/inst/matrixmul_2_fadd_cud_U1/matrixmul_2_ap_fadd_3_full_dsp_32_u/U0/i_synth/ADDSUB_OP.ADDSUB/DSP.OP/DSP48E1_BODY.ALIGN_ADD/DSP2/DSP/D[1]
                            (rising edge-triggered cell DSP48E1 clocked by clk_fpga_0  {rise@0.000ns fall@5.000ns period=10.000ns})
  Path Group:             clk_fpga_0
  Path Type:              Setup (Max at Slow Process Corner)
  Requirement:            10.000ns  (clk_fpga_0 rise@10.000ns - clk_fpga_0 rise@0.000ns)
  Data Path Delay:        3.002ns  (logic 0.642ns (21.387%)  route 2.360ns (78.613%))
  Logic Levels:           1  (LUT3=1)
  Clock Path Skew:        -0.002ns (DCD - SCD + CPR)
    Destination Clock Delay (DCD):    2.892ns = ( 12.892 - 10.000 ) 
    Source Clock Delay      (SCD):    3.009ns
    Clock Pessimism Removal (CPR):    0.115ns
  Clock Uncertainty:      0.154ns  ((TSJ^2 + TIJ^2)^1/2 + DJ) / 2 + PE
    Total System Jitter     (TSJ):    0.071ns
    Total Input Jitter      (TIJ):    0.300ns
    Discrete Jitter          (DJ):    0.000ns
    Phase Error              (PE):    0.000ns

    Location             Delay type                Incr(ns)  Path(ns)    Netlist Resource(s)
  -------------------------------------------------------------------    -------------------
                         (clock clk_fpga_0 rise edge)
                                                      0.000     0.000 r  
    PS7_X0Y0             PS7                          0.000     0.000 r  design_1_i/processing_system7_0/inst/PS7_i/FCLKCLK[0]
                         net (fo=1, routed)           1.193     1.193    design_1_i/processing_system7_0/inst/FCLK_CLK_unbuffered[0]
    BUFGCTRL_X0Y16       BUFG (Prop_bufg_I_O)         0.101     1.294 r  design_1_i/processing_system7_0/inst/buffer_fclk_clk_0.FCLK_CLK_0_BUFG/O
                         net (fo=13808, routed)       1.715     3.009    design_1_i/matrixmul_2_0/inst/matrixmul_2_fadd_cud_U1/matrixmul_2_ap_fadd_3_full_dsp_32_u/U0/i_synth/ADDSUB_OP.ADDSUB/DSP.OP/DSP48E1_BODY.EXP/NUMB_CMP/NOT_FAST.CMP/C_CHAIN/aclk
    SLICE_X62Y51         FDRE                                         r  design_1_i/matrixmul_2_0/inst/matrixmul_2_fadd_cud_U1/matrixmul_2_ap_fadd_3_full_dsp_32_u/U0/i_synth/ADDSUB_OP.ADDSUB/DSP.OP/DSP48E1_BODY.EXP/NUMB_CMP/NOT_FAST.CMP/C_CHAIN/CHAIN_GEN[15].CARRYS_DEL.NEED_DEL.CARRYS_FD/C
  -------------------------------------------------------------------    -------------------
    SLICE_X62Y51         FDRE (Prop_fdre_C_Q)         0.518     3.527 r  design_1_i/matrixmul_2_0/inst/matrixmul_2_fadd_cud_U1/matrixmul_2_ap_fadd_3_full_dsp_32_u/U0/i_synth/ADDSUB_OP.ADDSUB/DSP.OP/DSP48E1_BODY.EXP/NUMB_CMP/NOT_FAST.CMP/C_CHAIN/CHAIN_GEN[15].CARRYS_DEL.NEED_DEL.CARRYS_FD/Q
                         net (fo=54, routed)          0.718     4.245    design_1_i/matrixmul_2_0/inst/matrixmul_2_fadd_cud_U1/matrixmul_2_ap_fadd_3_full_dsp_32_u/U0/i_synth/ADDSUB_OP.ADDSUB/DSP.OP/A_IP_DELAY/i_pipe/CARRYS_OUT[0]
    SLICE_X63Y48         LUT3 (Prop_lut3_I1_O)        0.124     4.369 r  design_1_i/matrixmul_2_0/inst/matrixmul_2_fadd_cud_U1/matrixmul_2_ap_fadd_3_full_dsp_32_u/U0/i_synth/ADDSUB_OP.ADDSUB/DSP.OP/A_IP_DELAY/i_pipe/DSP_i_25/O
                         net (fo=2, routed)           1.642     6.011    design_1_i/matrixmul_2_0/inst/matrixmul_2_fadd_cud_U1/matrixmul_2_ap_fadd_3_full_dsp_32_u/U0/i_synth/ADDSUB_OP.ADDSUB/DSP.OP/DSP48E1_BODY.ALIGN_ADD/DSP2/DSP_3[15]
    DSP48_X3Y19          DSP48E1                                      r  design_1_i/matrixmul_2_0/inst/matrixmul_2_fadd_cud_U1/matrixmul_2_ap_fadd_3_full_dsp_32_u/U0/i_synth/ADDSUB_OP.ADDSUB/DSP.OP/DSP48E1_BODY.ALIGN_ADD/DSP2/DSP/D[1]
  -------------------------------------------------------------------    -------------------

                         (clock clk_fpga_0 rise edge)
                                                     10.000    10.000 r  
    PS7_X0Y0             PS7                          0.000    10.000 r  design_1_i/processing_system7_0/inst/PS7_i/FCLKCLK[0]
                         net (fo=1, routed)           1.088    11.088    design_1_i/processing_system7_0/inst/FCLK_CLK_unbuffered[0]
    BUFGCTRL_X0Y16       BUFG (Prop_bufg_I_O)         0.091    11.179 r  design_1_i/processing_system7_0/inst/buffer_fclk_clk_0.FCLK_CLK_0_BUFG/O
                         net (fo=13808, routed)       1.713    12.892    design_1_i/matrixmul_2_0/inst/matrixmul_2_fadd_cud_U1/matrixmul_2_ap_fadd_3_full_dsp_32_u/U0/i_synth/ADDSUB_OP.ADDSUB/DSP.OP/DSP48E1_BODY.ALIGN_ADD/DSP2/aclk
    DSP48_X3Y19          DSP48E1                                      r  design_1_i/matrixmul_2_0/inst/matrixmul_2_fadd_cud_U1/matrixmul_2_ap_fadd_3_full_dsp_32_u/U0/i_synth/ADDSUB_OP.ADDSUB/DSP.OP/DSP48E1_BODY.ALIGN_ADD/DSP2/DSP/CLK
                         clock pessimism              0.115    13.007    
                         clock uncertainty           -0.154    12.853    
    DSP48_X3Y19          DSP48E1 (Setup_dsp48e1_CLK_D[1])
                                                     -5.342     7.511    design_1_i/matrixmul_2_0/inst/matrixmul_2_fadd_cud_U1/matrixmul_2_ap_fadd_3_full_dsp_32_u/U0/i_synth/ADDSUB_OP.ADDSUB/DSP.OP/DSP48E1_BODY.ALIGN_ADD/DSP2/DSP
  -------------------------------------------------------------------
                         required time                          7.511    
                         arrival time                          -6.011    
  -------------------------------------------------------------------
                         slack                                  1.500    

Slack (MET) :             1.510ns  (required time - arrival time)
  Source:                 design_1_i/matrixmul_2_0/inst/matrixmul_2_fadd_cud_U1/matrixmul_2_ap_fadd_3_full_dsp_32_u/U0/i_synth/ADDSUB_OP.ADDSUB/DSP.OP/DSP48E1_BODY.EXP/NUMB_CMP/NOT_FAST.CMP/C_CHAIN/CHAIN_GEN[15].CARRYS_DEL.NEED_DEL.CARRYS_FD/C
                            (rising edge-triggered cell FDRE clocked by clk_fpga_0  {rise@0.000ns fall@5.000ns period=10.000ns})
  Destination:            design_1_i/matrixmul_2_0/inst/matrixmul_2_fadd_cud_U1/matrixmul_2_ap_fadd_3_full_dsp_32_u/U0/i_synth/ADDSUB_OP.ADDSUB/DSP.OP/DSP48E1_BODY.ALIGN_ADD/DSP2/DSP/A[9]
                            (rising edge-triggered cell DSP48E1 clocked by clk_fpga_0  {rise@0.000ns fall@5.000ns period=10.000ns})
  Path Group:             clk_fpga_0
  Path Type:              Setup (Max at Slow Process Corner)
  Requirement:            10.000ns  (clk_fpga_0 rise@10.000ns - clk_fpga_0 rise@0.000ns)
  Data Path Delay:        2.860ns  (logic 0.642ns (22.449%)  route 2.218ns (77.551%))
  Logic Levels:           1  (LUT3=1)
  Clock Path Skew:        -0.002ns (DCD - SCD + CPR)
    Destination Clock Delay (DCD):    2.892ns = ( 12.892 - 10.000 ) 
    Source Clock Delay      (SCD):    3.009ns
    Clock Pessimism Removal (CPR):    0.115ns
  Clock Uncertainty:      0.154ns  ((TSJ^2 + TIJ^2)^1/2 + DJ) / 2 + PE
    Total System Jitter     (TSJ):    0.071ns
    Total Input Jitter      (TIJ):    0.300ns
    Discrete Jitter          (DJ):    0.000ns
    Phase Error              (PE):    0.000ns

    Location             Delay type                Incr(ns)  Path(ns)    Netlist Resource(s)
  -------------------------------------------------------------------    -------------------
                         (clock clk_fpga_0 rise edge)
                                                      0.000     0.000 r  
    PS7_X0Y0             PS7                          0.000     0.000 r  design_1_i/processing_system7_0/inst/PS7_i/FCLKCLK[0]
                         net (fo=1, routed)           1.193     1.193    design_1_i/processing_system7_0/inst/FCLK_CLK_unbuffered[0]
    BUFGCTRL_X0Y16       BUFG (Prop_bufg_I_O)         0.101     1.294 r  design_1_i/processing_system7_0/inst/buffer_fclk_clk_0.FCLK_CLK_0_BUFG/O
                         net (fo=13808, routed)       1.715     3.009    design_1_i/matrixmul_2_0/inst/matrixmul_2_fadd_cud_U1/matrixmul_2_ap_fadd_3_full_dsp_32_u/U0/i_synth/ADDSUB_OP.ADDSUB/DSP.OP/DSP48E1_BODY.EXP/NUMB_CMP/NOT_FAST.CMP/C_CHAIN/aclk
    SLICE_X62Y51         FDRE                                         r  design_1_i/matrixmul_2_0/inst/matrixmul_2_fadd_cud_U1/matrixmul_2_ap_fadd_3_full_dsp_32_u/U0/i_synth/ADDSUB_OP.ADDSUB/DSP.OP/DSP48E1_BODY.EXP/NUMB_CMP/NOT_FAST.CMP/C_CHAIN/CHAIN_GEN[15].CARRYS_DEL.NEED_DEL.CARRYS_FD/C
  -------------------------------------------------------------------    -------------------
    SLICE_X62Y51         FDRE (Prop_fdre_C_Q)         0.518     3.527 r  design_1_i/matrixmul_2_0/inst/matrixmul_2_fadd_cud_U1/matrixmul_2_ap_fadd_3_full_dsp_32_u/U0/i_synth/ADDSUB_OP.ADDSUB/DSP.OP/DSP48E1_BODY.EXP/NUMB_CMP/NOT_FAST.CMP/C_CHAIN/CHAIN_GEN[15].CARRYS_DEL.NEED_DEL.CARRYS_FD/Q
                         net (fo=54, routed)          0.922     4.449    design_1_i/matrixmul_2_0/inst/matrixmul_2_fadd_cud_U1/matrixmul_2_ap_fadd_3_full_dsp_32_u/U0/i_synth/ADDSUB_OP.ADDSUB/DSP.OP/A_IP_DELAY/i_pipe/CARRYS_OUT[0]
    SLICE_X68Y47         LUT3 (Prop_lut3_I1_O)        0.124     4.573 r  design_1_i/matrixmul_2_0/inst/matrixmul_2_fadd_cud_U1/matrixmul_2_ap_fadd_3_full_dsp_32_u/U0/i_synth/ADDSUB_OP.ADDSUB/DSP.OP/A_IP_DELAY/i_pipe/DSP_i_31/O
                         net (fo=1, routed)           1.296     5.869    design_1_i/matrixmul_2_0/inst/matrixmul_2_fadd_cud_U1/matrixmul_2_ap_fadd_3_full_dsp_32_u/U0/i_synth/ADDSUB_OP.ADDSUB/DSP.OP/DSP48E1_BODY.ALIGN_ADD/DSP2/DSP_3[9]
    DSP48_X3Y19          DSP48E1                                      r  design_1_i/matrixmul_2_0/inst/matrixmul_2_fadd_cud_U1/matrixmul_2_ap_fadd_3_full_dsp_32_u/U0/i_synth/ADDSUB_OP.ADDSUB/DSP.OP/DSP48E1_BODY.ALIGN_ADD/DSP2/DSP/A[9]
  -------------------------------------------------------------------    -------------------

                         (clock clk_fpga_0 rise edge)
                                                     10.000    10.000 r  
    PS7_X0Y0             PS7                          0.000    10.000 r  design_1_i/processing_system7_0/inst/PS7_i/FCLKCLK[0]
                         net (fo=1, routed)           1.088    11.088    design_1_i/processing_system7_0/inst/FCLK_CLK_unbuffered[0]
    BUFGCTRL_X0Y16       BUFG (Prop_bufg_I_O)         0.091    11.179 r  design_1_i/processing_system7_0/inst/buffer_fclk_clk_0.FCLK_CLK_0_BUFG/O
                         net (fo=13808, routed)       1.713    12.892    design_1_i/matrixmul_2_0/inst/matrixmul_2_fadd_cud_U1/matrixmul_2_ap_fadd_3_full_dsp_32_u/U0/i_synth/ADDSUB_OP.ADDSUB/DSP.OP/DSP48E1_BODY.ALIGN_ADD/DSP2/aclk
    DSP48_X3Y19          DSP48E1                                      r  design_1_i/matrixmul_2_0/inst/matrixmul_2_fadd_cud_U1/matrixmul_2_ap_fadd_3_full_dsp_32_u/U0/i_synth/ADDSUB_OP.ADDSUB/DSP.OP/DSP48E1_BODY.ALIGN_ADD/DSP2/DSP/CLK
                         clock pessimism              0.115    13.007    
                         clock uncertainty           -0.154    12.853    
    DSP48_X3Y19          DSP48E1 (Setup_dsp48e1_CLK_A[9])
                                                     -5.474     7.379    design_1_i/matrixmul_2_0/inst/matrixmul_2_fadd_cud_U1/matrixmul_2_ap_fadd_3_full_dsp_32_u/U0/i_synth/ADDSUB_OP.ADDSUB/DSP.OP/DSP48E1_BODY.ALIGN_ADD/DSP2/DSP
  -------------------------------------------------------------------
                         required time                          7.379    
                         arrival time                          -5.869    
  -------------------------------------------------------------------
                         slack                                  1.510    

Slack (MET) :             1.527ns  (required time - arrival time)
  Source:                 design_1_i/matrixmul_2_0/inst/matrixmul_2_fadd_cud_U1/matrixmul_2_ap_fadd_3_full_dsp_32_u/U0/i_synth/ADDSUB_OP.ADDSUB/DSP.OP/DSP48E1_BODY.EXP/NUMB_CMP/NOT_FAST.CMP/C_CHAIN/CHAIN_GEN[15].CARRYS_DEL.NEED_DEL.CARRYS_FD/C
                            (rising edge-triggered cell FDRE clocked by clk_fpga_0  {rise@0.000ns fall@5.000ns period=10.000ns})
  Destination:            design_1_i/matrixmul_2_0/inst/matrixmul_2_fadd_cud_U1/matrixmul_2_ap_fadd_3_full_dsp_32_u/U0/i_synth/ADDSUB_OP.ADDSUB/DSP.OP/DSP48E1_BODY.ALIGN_ADD/DSP2/DSP/D[5]
                            (rising edge-triggered cell DSP48E1 clocked by clk_fpga_0  {rise@0.000ns fall@5.000ns period=10.000ns})
  Path Group:             clk_fpga_0
  Path Type:              Setup (Max at Slow Process Corner)
  Requirement:            10.000ns  (clk_fpga_0 rise@10.000ns - clk_fpga_0 rise@0.000ns)
  Data Path Delay:        2.975ns  (logic 0.642ns (21.578%)  route 2.333ns (78.422%))
  Logic Levels:           1  (LUT3=1)
  Clock Path Skew:        -0.002ns (DCD - SCD + CPR)
    Destination Clock Delay (DCD):    2.892ns = ( 12.892 - 10.000 ) 
    Source Clock Delay      (SCD):    3.009ns
    Clock Pessimism Removal (CPR):    0.115ns
  Clock Uncertainty:      0.154ns  ((TSJ^2 + TIJ^2)^1/2 + DJ) / 2 + PE
    Total System Jitter     (TSJ):    0.071ns
    Total Input Jitter      (TIJ):    0.300ns
    Discrete Jitter          (DJ):    0.000ns
    Phase Error              (PE):    0.000ns

    Location             Delay type                Incr(ns)  Path(ns)    Netlist Resource(s)
  -------------------------------------------------------------------    -------------------
                         (clock clk_fpga_0 rise edge)
                                                      0.000     0.000 r  
    PS7_X0Y0             PS7                          0.000     0.000 r  design_1_i/processing_system7_0/inst/PS7_i/FCLKCLK[0]
                         net (fo=1, routed)           1.193     1.193    design_1_i/processing_system7_0/inst/FCLK_CLK_unbuffered[0]
    BUFGCTRL_X0Y16       BUFG (Prop_bufg_I_O)         0.101     1.294 r  design_1_i/processing_system7_0/inst/buffer_fclk_clk_0.FCLK_CLK_0_BUFG/O
                         net (fo=13808, routed)       1.715     3.009    design_1_i/matrixmul_2_0/inst/matrixmul_2_fadd_cud_U1/matrixmul_2_ap_fadd_3_full_dsp_32_u/U0/i_synth/ADDSUB_OP.ADDSUB/DSP.OP/DSP48E1_BODY.EXP/NUMB_CMP/NOT_FAST.CMP/C_CHAIN/aclk
    SLICE_X62Y51         FDRE                                         r  design_1_i/matrixmul_2_0/inst/matrixmul_2_fadd_cud_U1/matrixmul_2_ap_fadd_3_full_dsp_32_u/U0/i_synth/ADDSUB_OP.ADDSUB/DSP.OP/DSP48E1_BODY.EXP/NUMB_CMP/NOT_FAST.CMP/C_CHAIN/CHAIN_GEN[15].CARRYS_DEL.NEED_DEL.CARRYS_FD/C
  -------------------------------------------------------------------    -------------------
    SLICE_X62Y51         FDRE (Prop_fdre_C_Q)         0.518     3.527 r  design_1_i/matrixmul_2_0/inst/matrixmul_2_fadd_cud_U1/matrixmul_2_ap_fadd_3_full_dsp_32_u/U0/i_synth/ADDSUB_OP.ADDSUB/DSP.OP/DSP48E1_BODY.EXP/NUMB_CMP/NOT_FAST.CMP/C_CHAIN/CHAIN_GEN[15].CARRYS_DEL.NEED_DEL.CARRYS_FD/Q
                         net (fo=54, routed)          0.824     4.351    design_1_i/matrixmul_2_0/inst/matrixmul_2_fadd_cud_U1/matrixmul_2_ap_fadd_3_full_dsp_32_u/U0/i_synth/ADDSUB_OP.ADDSUB/DSP.OP/A_IP_DELAY/i_pipe/CARRYS_OUT[0]
    SLICE_X66Y49         LUT3 (Prop_lut3_I1_O)        0.124     4.475 r  design_1_i/matrixmul_2_0/inst/matrixmul_2_fadd_cud_U1/matrixmul_2_ap_fadd_3_full_dsp_32_u/U0/i_synth/ADDSUB_OP.ADDSUB/DSP.OP/A_IP_DELAY/i_pipe/DSP_i_21/O
                         net (fo=2, routed)           1.509     5.984    design_1_i/matrixmul_2_0/inst/matrixmul_2_fadd_cud_U1/matrixmul_2_ap_fadd_3_full_dsp_32_u/U0/i_synth/ADDSUB_OP.ADDSUB/DSP.OP/DSP48E1_BODY.ALIGN_ADD/DSP2/DSP_3[19]
    DSP48_X3Y19          DSP48E1                                      r  design_1_i/matrixmul_2_0/inst/matrixmul_2_fadd_cud_U1/matrixmul_2_ap_fadd_3_full_dsp_32_u/U0/i_synth/ADDSUB_OP.ADDSUB/DSP.OP/DSP48E1_BODY.ALIGN_ADD/DSP2/DSP/D[5]
  -------------------------------------------------------------------    -------------------

                         (clock clk_fpga_0 rise edge)
                                                     10.000    10.000 r  
    PS7_X0Y0             PS7                          0.000    10.000 r  design_1_i/processing_system7_0/inst/PS7_i/FCLKCLK[0]
                         net (fo=1, routed)           1.088    11.088    design_1_i/processing_system7_0/inst/FCLK_CLK_unbuffered[0]
    BUFGCTRL_X0Y16       BUFG (Prop_bufg_I_O)         0.091    11.179 r  design_1_i/processing_system7_0/inst/buffer_fclk_clk_0.FCLK_CLK_0_BUFG/O
                         net (fo=13808, routed)       1.713    12.892    design_1_i/matrixmul_2_0/inst/matrixmul_2_fadd_cud_U1/matrixmul_2_ap_fadd_3_full_dsp_32_u/U0/i_synth/ADDSUB_OP.ADDSUB/DSP.OP/DSP48E1_BODY.ALIGN_ADD/DSP2/aclk
    DSP48_X3Y19          DSP48E1                                      r  design_1_i/matrixmul_2_0/inst/matrixmul_2_fadd_cud_U1/matrixmul_2_ap_fadd_3_full_dsp_32_u/U0/i_synth/ADDSUB_OP.ADDSUB/DSP.OP/DSP48E1_BODY.ALIGN_ADD/DSP2/DSP/CLK
                         clock pessimism              0.115    13.007    
                         clock uncertainty           -0.154    12.853    
    DSP48_X3Y19          DSP48E1 (Setup_dsp48e1_CLK_D[5])
                                                     -5.342     7.511    design_1_i/matrixmul_2_0/inst/matrixmul_2_fadd_cud_U1/matrixmul_2_ap_fadd_3_full_dsp_32_u/U0/i_synth/ADDSUB_OP.ADDSUB/DSP.OP/DSP48E1_BODY.ALIGN_ADD/DSP2/DSP
  -------------------------------------------------------------------
                         required time                          7.511    
                         arrival time                          -5.984    
  -------------------------------------------------------------------
                         slack                                  1.527    





Min Delay Paths
--------------------------------------------------------------------------------------
Slack (MET) :             0.017ns  (arrival time - required time)
  Source:                 design_1_i/axi_smc/inst/s01_entry_pipeline/s01_mmu/inst/aw_reg_stall/skid_buffer_reg[1084]/C
                            (rising edge-triggered cell FDRE clocked by clk_fpga_0  {rise@0.000ns fall@5.000ns period=10.000ns})
  Destination:            design_1_i/axi_smc/inst/s01_entry_pipeline/s01_mmu/inst/aw_reg_stall/m_vector_i_reg[1084]/D
                            (rising edge-triggered cell FDRE clocked by clk_fpga_0  {rise@0.000ns fall@5.000ns period=10.000ns})
  Path Group:             clk_fpga_0
  Path Type:              Hold (Min at Fast Process Corner)
  Requirement:            0.000ns  (clk_fpga_0 rise@0.000ns - clk_fpga_0 rise@0.000ns)
  Data Path Delay:        0.369ns  (logic 0.186ns (50.365%)  route 0.183ns (49.635%))
  Logic Levels:           1  (LUT3=1)
  Clock Path Skew:        0.260ns (DCD - SCD - CPR)
    Destination Clock Delay (DCD):    1.187ns
    Source Clock Delay      (SCD):    0.892ns
    Clock Pessimism Removal (CPR):    0.035ns

    Location             Delay type                Incr(ns)  Path(ns)    Netlist Resource(s)
  -------------------------------------------------------------------    -------------------
                         (clock clk_fpga_0 rise edge)
                                                      0.000     0.000 r  
    PS7_X0Y0             PS7                          0.000     0.000 r  design_1_i/processing_system7_0/inst/PS7_i/FCLKCLK[0]
                         net (fo=1, routed)           0.310     0.310    design_1_i/processing_system7_0/inst/FCLK_CLK_unbuffered[0]
    BUFGCTRL_X0Y16       BUFG (Prop_bufg_I_O)         0.026     0.336 r  design_1_i/processing_system7_0/inst/buffer_fclk_clk_0.FCLK_CLK_0_BUFG/O
                         net (fo=13808, routed)       0.556     0.892    design_1_i/axi_smc/inst/s01_entry_pipeline/s01_mmu/inst/aw_reg_stall/aclk
    SLICE_X49Y97         FDRE                                         r  design_1_i/axi_smc/inst/s01_entry_pipeline/s01_mmu/inst/aw_reg_stall/skid_buffer_reg[1084]/C
  -------------------------------------------------------------------    -------------------
    SLICE_X49Y97         FDRE (Prop_fdre_C_Q)         0.141     1.033 r  design_1_i/axi_smc/inst/s01_entry_pipeline/s01_mmu/inst/aw_reg_stall/skid_buffer_reg[1084]/Q
                         net (fo=1, routed)           0.183     1.216    design_1_i/axi_smc/inst/s01_entry_pipeline/s01_mmu/inst/aw_reg_stall/skid_buffer_reg_n_0_[1084]
    SLICE_X51Y97         LUT3 (Prop_lut3_I0_O)        0.045     1.261 r  design_1_i/axi_smc/inst/s01_entry_pipeline/s01_mmu/inst/aw_reg_stall/m_vector_i[1084]_i_1/O
                         net (fo=1, routed)           0.000     1.261    design_1_i/axi_smc/inst/s01_entry_pipeline/s01_mmu/inst/aw_reg_stall/m_vector_i[1084]_i_1_n_0
    SLICE_X51Y97         FDRE                                         r  design_1_i/axi_smc/inst/s01_entry_pipeline/s01_mmu/inst/aw_reg_stall/m_vector_i_reg[1084]/D
  -------------------------------------------------------------------    -------------------

                         (clock clk_fpga_0 rise edge)
                                                      0.000     0.000 r  
    PS7_X0Y0             PS7                          0.000     0.000 r  design_1_i/processing_system7_0/inst/PS7_i/FCLKCLK[0]
                         net (fo=1, routed)           0.337     0.337    design_1_i/processing_system7_0/inst/FCLK_CLK_unbuffered[0]
    BUFGCTRL_X0Y16       BUFG (Prop_bufg_I_O)         0.029     0.366 r  design_1_i/processing_system7_0/inst/buffer_fclk_clk_0.FCLK_CLK_0_BUFG/O
                         net (fo=13808, routed)       0.821     1.187    design_1_i/axi_smc/inst/s01_entry_pipeline/s01_mmu/inst/aw_reg_stall/aclk
    SLICE_X51Y97         FDRE                                         r  design_1_i/axi_smc/inst/s01_entry_pipeline/s01_mmu/inst/aw_reg_stall/m_vector_i_reg[1084]/C
                         clock pessimism             -0.035     1.152    
    SLICE_X51Y97         FDRE (Hold_fdre_C_D)         0.092     1.244    design_1_i/axi_smc/inst/s01_entry_pipeline/s01_mmu/inst/aw_reg_stall/m_vector_i_reg[1084]
  -------------------------------------------------------------------
                         required time                         -1.244    
                         arrival time                           1.261    
  -------------------------------------------------------------------
                         slack                                  0.017    

Slack (MET) :             0.020ns  (arrival time - required time)
  Source:                 design_1_i/axi_smc/inst/switchboards/w_switchboard/inst/gen_mi[0].inst_opipe_payld/gen_pipe[1].pipe_reg[1][82]/C
                            (rising edge-triggered cell FDRE clocked by clk_fpga_0  {rise@0.000ns fall@5.000ns period=10.000ns})
  Destination:            design_1_i/axi_smc/inst/m00_nodes/m00_w_node/inst/inst_mi_handler/gen_normal_area.inst_fifo_node_payld/gen_xpm_memory_fifo.inst_fifo/gen_mem_rep[0].inst_xpm_memory/xpm_memory_base_inst/gen_wr_a.gen_word_narrow.mem_reg_0_31_78_83/RAMC/I
                            (rising edge-triggered cell RAMD32 clocked by clk_fpga_0  {rise@0.000ns fall@5.000ns period=10.000ns})
  Path Group:             clk_fpga_0
  Path Type:              Hold (Min at Fast Process Corner)
  Requirement:            0.000ns  (clk_fpga_0 rise@0.000ns - clk_fpga_0 rise@0.000ns)
  Data Path Delay:        0.429ns  (logic 0.141ns (32.864%)  route 0.288ns (67.136%))
  Logic Levels:           0  
  Clock Path Skew:        0.265ns (DCD - SCD - CPR)
    Destination Clock Delay (DCD):    1.184ns
    Source Clock Delay      (SCD):    0.884ns
    Clock Pessimism Removal (CPR):    0.035ns

    Location             Delay type                Incr(ns)  Path(ns)    Netlist Resource(s)
  -------------------------------------------------------------------    -------------------
                         (clock clk_fpga_0 rise edge)
                                                      0.000     0.000 r  
    PS7_X0Y0             PS7                          0.000     0.000 r  design_1_i/processing_system7_0/inst/PS7_i/FCLKCLK[0]
                         net (fo=1, routed)           0.310     0.310    design_1_i/processing_system7_0/inst/FCLK_CLK_unbuffered[0]
    BUFGCTRL_X0Y16       BUFG (Prop_bufg_I_O)         0.026     0.336 r  design_1_i/processing_system7_0/inst/buffer_fclk_clk_0.FCLK_CLK_0_BUFG/O
                         net (fo=13808, routed)       0.548     0.884    design_1_i/axi_smc/inst/switchboards/w_switchboard/inst/gen_mi[0].inst_opipe_payld/aclk
    SLICE_X51Y85         FDRE                                         r  design_1_i/axi_smc/inst/switchboards/w_switchboard/inst/gen_mi[0].inst_opipe_payld/gen_pipe[1].pipe_reg[1][82]/C
  -------------------------------------------------------------------    -------------------
    SLICE_X51Y85         FDRE (Prop_fdre_C_Q)         0.141     1.025 r  design_1_i/axi_smc/inst/switchboards/w_switchboard/inst/gen_mi[0].inst_opipe_payld/gen_pipe[1].pipe_reg[1][82]/Q
                         net (fo=1, routed)           0.288     1.313    design_1_i/axi_smc/inst/m00_nodes/m00_w_node/inst/inst_mi_handler/gen_normal_area.inst_fifo_node_payld/gen_xpm_memory_fifo.inst_fifo/gen_mem_rep[0].inst_xpm_memory/xpm_memory_base_inst/gen_wr_a.gen_word_narrow.mem_reg_0_31_78_83/DIC0
    SLICE_X36Y84         RAMD32                                       r  design_1_i/axi_smc/inst/m00_nodes/m00_w_node/inst/inst_mi_handler/gen_normal_area.inst_fifo_node_payld/gen_xpm_memory_fifo.inst_fifo/gen_mem_rep[0].inst_xpm_memory/xpm_memory_base_inst/gen_wr_a.gen_word_narrow.mem_reg_0_31_78_83/RAMC/I
  -------------------------------------------------------------------    -------------------

                         (clock clk_fpga_0 rise edge)
                                                      0.000     0.000 r  
    PS7_X0Y0             PS7                          0.000     0.000 r  design_1_i/processing_system7_0/inst/PS7_i/FCLKCLK[0]
                         net (fo=1, routed)           0.337     0.337    design_1_i/processing_system7_0/inst/FCLK_CLK_unbuffered[0]
    BUFGCTRL_X0Y16       BUFG (Prop_bufg_I_O)         0.029     0.366 r  design_1_i/processing_system7_0/inst/buffer_fclk_clk_0.FCLK_CLK_0_BUFG/O
                         net (fo=13808, routed)       0.818     1.184    design_1_i/axi_smc/inst/m00_nodes/m00_w_node/inst/inst_mi_handler/gen_normal_area.inst_fifo_node_payld/gen_xpm_memory_fifo.inst_fifo/gen_mem_rep[0].inst_xpm_memory/xpm_memory_base_inst/gen_wr_a.gen_word_narrow.mem_reg_0_31_78_83/WCLK
    SLICE_X36Y84         RAMD32                                       r  design_1_i/axi_smc/inst/m00_nodes/m00_w_node/inst/inst_mi_handler/gen_normal_area.inst_fifo_node_payld/gen_xpm_memory_fifo.inst_fifo/gen_mem_rep[0].inst_xpm_memory/xpm_memory_base_inst/gen_wr_a.gen_word_narrow.mem_reg_0_31_78_83/RAMC/CLK
                         clock pessimism             -0.035     1.149    
    SLICE_X36Y84         RAMD32 (Hold_ramd32_CLK_I)
                                                      0.144     1.293    design_1_i/axi_smc/inst/m00_nodes/m00_w_node/inst/inst_mi_handler/gen_normal_area.inst_fifo_node_payld/gen_xpm_memory_fifo.inst_fifo/gen_mem_rep[0].inst_xpm_memory/xpm_memory_base_inst/gen_wr_a.gen_word_narrow.mem_reg_0_31_78_83/RAMC
  -------------------------------------------------------------------
                         required time                         -1.293    
                         arrival time                           1.313    
  -------------------------------------------------------------------
                         slack                                  0.020    

Slack (MET) :             0.020ns  (arrival time - required time)
  Source:                 design_1_i/ps7_0_axi_periph/s00_couplers/auto_pc/inst/gen_axilite.gen_b2s_conv.axilite_b2s/WR.aw_channel_0/s_awid_r_reg[6]/C
                            (rising edge-triggered cell FDRE clocked by clk_fpga_0  {rise@0.000ns fall@5.000ns period=10.000ns})
  Destination:            design_1_i/ps7_0_axi_periph/s00_couplers/auto_pc/inst/gen_axilite.gen_b2s_conv.axilite_b2s/WR.b_channel_0/bid_fifo_0/memory_reg[3][14]_srl4/D
                            (rising edge-triggered cell SRL16E clocked by clk_fpga_0  {rise@0.000ns fall@5.000ns period=10.000ns})
  Path Group:             clk_fpga_0
  Path Type:              Hold (Min at Fast Process Corner)
  Requirement:            0.000ns  (clk_fpga_0 rise@0.000ns - clk_fpga_0 rise@0.000ns)
  Data Path Delay:        0.310ns  (logic 0.164ns (52.841%)  route 0.146ns (47.159%))
  Logic Levels:           0  
  Clock Path Skew:        0.181ns (DCD - SCD - CPR)
    Destination Clock Delay (DCD):    1.211ns
    Source Clock Delay      (SCD):    0.995ns
    Clock Pessimism Removal (CPR):    0.035ns

    Location             Delay type                Incr(ns)  Path(ns)    Netlist Resource(s)
  -------------------------------------------------------------------    -------------------
                         (clock clk_fpga_0 rise edge)
                                                      0.000     0.000 r  
    PS7_X0Y0             PS7                          0.000     0.000 r  design_1_i/processing_system7_0/inst/PS7_i/FCLKCLK[0]
                         net (fo=1, routed)           0.310     0.310    design_1_i/processing_system7_0/inst/FCLK_CLK_unbuffered[0]
    BUFGCTRL_X0Y16       BUFG (Prop_bufg_I_O)         0.026     0.336 r  design_1_i/processing_system7_0/inst/buffer_fclk_clk_0.FCLK_CLK_0_BUFG/O
                         net (fo=13808, routed)       0.659     0.995    design_1_i/ps7_0_axi_periph/s00_couplers/auto_pc/inst/gen_axilite.gen_b2s_conv.axilite_b2s/WR.aw_channel_0/aclk
    SLICE_X30Y100        FDRE                                         r  design_1_i/ps7_0_axi_periph/s00_couplers/auto_pc/inst/gen_axilite.gen_b2s_conv.axilite_b2s/WR.aw_channel_0/s_awid_r_reg[6]/C
  -------------------------------------------------------------------    -------------------
    SLICE_X30Y100        FDRE (Prop_fdre_C_Q)         0.164     1.159 r  design_1_i/ps7_0_axi_periph/s00_couplers/auto_pc/inst/gen_axilite.gen_b2s_conv.axilite_b2s/WR.aw_channel_0/s_awid_r_reg[6]/Q
                         net (fo=1, routed)           0.146     1.305    design_1_i/ps7_0_axi_periph/s00_couplers/auto_pc/inst/gen_axilite.gen_b2s_conv.axilite_b2s/WR.b_channel_0/bid_fifo_0/in[10]
    SLICE_X30Y99         SRL16E                                       r  design_1_i/ps7_0_axi_periph/s00_couplers/auto_pc/inst/gen_axilite.gen_b2s_conv.axilite_b2s/WR.b_channel_0/bid_fifo_0/memory_reg[3][14]_srl4/D
  -------------------------------------------------------------------    -------------------

                         (clock clk_fpga_0 rise edge)
                                                      0.000     0.000 r  
    PS7_X0Y0             PS7                          0.000     0.000 r  design_1_i/processing_system7_0/inst/PS7_i/FCLKCLK[0]
                         net (fo=1, routed)           0.337     0.337    design_1_i/processing_system7_0/inst/FCLK_CLK_unbuffered[0]
    BUFGCTRL_X0Y16       BUFG (Prop_bufg_I_O)         0.029     0.366 r  design_1_i/processing_system7_0/inst/buffer_fclk_clk_0.FCLK_CLK_0_BUFG/O
                         net (fo=13808, routed)       0.845     1.211    design_1_i/ps7_0_axi_periph/s00_couplers/auto_pc/inst/gen_axilite.gen_b2s_conv.axilite_b2s/WR.b_channel_0/bid_fifo_0/aclk
    SLICE_X30Y99         SRL16E                                       r  design_1_i/ps7_0_axi_periph/s00_couplers/auto_pc/inst/gen_axilite.gen_b2s_conv.axilite_b2s/WR.b_channel_0/bid_fifo_0/memory_reg[3][14]_srl4/CLK
                         clock pessimism             -0.035     1.176    
    SLICE_X30Y99         SRL16E (Hold_srl16e_CLK_D)
                                                      0.109     1.285    design_1_i/ps7_0_axi_periph/s00_couplers/auto_pc/inst/gen_axilite.gen_b2s_conv.axilite_b2s/WR.b_channel_0/bid_fifo_0/memory_reg[3][14]_srl4
  -------------------------------------------------------------------
                         required time                         -1.285    
                         arrival time                           1.305    
  -------------------------------------------------------------------
                         slack                                  0.020    

Slack (MET) :             0.030ns  (arrival time - required time)
  Source:                 design_1_i/axi_smc/inst/switchboards/r_switchboard/inst/gen_mi[0].inst_opipe_payld/gen_pipe[1].pipe_reg[1][44]/C
                            (rising edge-triggered cell FDRE clocked by clk_fpga_0  {rise@0.000ns fall@5.000ns period=10.000ns})
  Destination:            design_1_i/axi_smc/inst/s02_nodes/s02_r_node/inst/inst_mi_handler/gen_normal_area.inst_fifo_node_payld/gen_xpm_memory_fifo.inst_fifo/gen_mem_rep[0].inst_xpm_memory/xpm_memory_base_inst/gen_wr_a.gen_word_narrow.mem_reg_0_31_42_47/RAMB/I
                            (rising edge-triggered cell RAMD32 clocked by clk_fpga_0  {rise@0.000ns fall@5.000ns period=10.000ns})
  Path Group:             clk_fpga_0
  Path Type:              Hold (Min at Fast Process Corner)
  Requirement:            0.000ns  (clk_fpga_0 rise@0.000ns - clk_fpga_0 rise@0.000ns)
  Data Path Delay:        0.436ns  (logic 0.141ns (32.362%)  route 0.295ns (67.638%))
  Logic Levels:           0  
  Clock Path Skew:        0.259ns (DCD - SCD - CPR)
    Destination Clock Delay (DCD):    1.176ns
    Source Clock Delay      (SCD):    0.882ns
    Clock Pessimism Removal (CPR):    0.035ns

    Location             Delay type                Incr(ns)  Path(ns)    Netlist Resource(s)
  -------------------------------------------------------------------    -------------------
                         (clock clk_fpga_0 rise edge)
                                                      0.000     0.000 r  
    PS7_X0Y0             PS7                          0.000     0.000 r  design_1_i/processing_system7_0/inst/PS7_i/FCLKCLK[0]
                         net (fo=1, routed)           0.310     0.310    design_1_i/processing_system7_0/inst/FCLK_CLK_unbuffered[0]
    BUFGCTRL_X0Y16       BUFG (Prop_bufg_I_O)         0.026     0.336 r  design_1_i/processing_system7_0/inst/buffer_fclk_clk_0.FCLK_CLK_0_BUFG/O
                         net (fo=13808, routed)       0.546     0.882    design_1_i/axi_smc/inst/switchboards/r_switchboard/inst/gen_mi[0].inst_opipe_payld/aclk
    SLICE_X37Y71         FDRE                                         r  design_1_i/axi_smc/inst/switchboards/r_switchboard/inst/gen_mi[0].inst_opipe_payld/gen_pipe[1].pipe_reg[1][44]/C
  -------------------------------------------------------------------    -------------------
    SLICE_X37Y71         FDRE (Prop_fdre_C_Q)         0.141     1.023 r  design_1_i/axi_smc/inst/switchboards/r_switchboard/inst/gen_mi[0].inst_opipe_payld/gen_pipe[1].pipe_reg[1][44]/Q
                         net (fo=2, routed)           0.295     1.317    design_1_i/axi_smc/inst/s02_nodes/s02_r_node/inst/inst_mi_handler/gen_normal_area.inst_fifo_node_payld/gen_xpm_memory_fifo.inst_fifo/gen_mem_rep[0].inst_xpm_memory/xpm_memory_base_inst/gen_wr_a.gen_word_narrow.mem_reg_0_31_42_47/DIB0
    SLICE_X50Y69         RAMD32                                       r  design_1_i/axi_smc/inst/s02_nodes/s02_r_node/inst/inst_mi_handler/gen_normal_area.inst_fifo_node_payld/gen_xpm_memory_fifo.inst_fifo/gen_mem_rep[0].inst_xpm_memory/xpm_memory_base_inst/gen_wr_a.gen_word_narrow.mem_reg_0_31_42_47/RAMB/I
  -------------------------------------------------------------------    -------------------

                         (clock clk_fpga_0 rise edge)
                                                      0.000     0.000 r  
    PS7_X0Y0             PS7                          0.000     0.000 r  design_1_i/processing_system7_0/inst/PS7_i/FCLKCLK[0]
                         net (fo=1, routed)           0.337     0.337    design_1_i/processing_system7_0/inst/FCLK_CLK_unbuffered[0]
    BUFGCTRL_X0Y16       BUFG (Prop_bufg_I_O)         0.029     0.366 r  design_1_i/processing_system7_0/inst/buffer_fclk_clk_0.FCLK_CLK_0_BUFG/O
                         net (fo=13808, routed)       0.810     1.176    design_1_i/axi_smc/inst/s02_nodes/s02_r_node/inst/inst_mi_handler/gen_normal_area.inst_fifo_node_payld/gen_xpm_memory_fifo.inst_fifo/gen_mem_rep[0].inst_xpm_memory/xpm_memory_base_inst/gen_wr_a.gen_word_narrow.mem_reg_0_31_42_47/WCLK
    SLICE_X50Y69         RAMD32                                       r  design_1_i/axi_smc/inst/s02_nodes/s02_r_node/inst/inst_mi_handler/gen_normal_area.inst_fifo_node_payld/gen_xpm_memory_fifo.inst_fifo/gen_mem_rep[0].inst_xpm_memory/xpm_memory_base_inst/gen_wr_a.gen_word_narrow.mem_reg_0_31_42_47/RAMB/CLK
                         clock pessimism             -0.035     1.141    
    SLICE_X50Y69         RAMD32 (Hold_ramd32_CLK_I)
                                                      0.146     1.287    design_1_i/axi_smc/inst/s02_nodes/s02_r_node/inst/inst_mi_handler/gen_normal_area.inst_fifo_node_payld/gen_xpm_memory_fifo.inst_fifo/gen_mem_rep[0].inst_xpm_memory/xpm_memory_base_inst/gen_wr_a.gen_word_narrow.mem_reg_0_31_42_47/RAMB
  -------------------------------------------------------------------
                         required time                         -1.287    
                         arrival time                           1.317    
  -------------------------------------------------------------------
                         slack                                  0.030    

Slack (MET) :             0.030ns  (arrival time - required time)
  Source:                 design_1_i/axi_dma_0/U0/I_PRMRY_DATAMOVER/GEN_S2MM_FULL.I_S2MM_FULL_WRAPPER/GEN_INCLUDE_IBTTCC.I_S2MM_MSTR_IBTTCC/sig_xfer_addr_reg_reg[7]/C
                            (rising edge-triggered cell FDRE clocked by clk_fpga_0  {rise@0.000ns fall@5.000ns period=10.000ns})
  Destination:            design_1_i/axi_dma_0/U0/I_PRMRY_DATAMOVER/GEN_S2MM_FULL.I_S2MM_FULL_WRAPPER/I_ADDR_CNTL/GEN_ADDR_FIFO.I_ADDR_QUAL_FIFO/USE_SRL_FIFO.I_SYNC_FIFO/I_SRL_FIFO_RBU_F/DYNSHREG_F_I/INFERRED_GEN.data_reg[3][47]_srl4/D
                            (rising edge-triggered cell SRL16E clocked by clk_fpga_0  {rise@0.000ns fall@5.000ns period=10.000ns})
  Path Group:             clk_fpga_0
  Path Type:              Hold (Min at Fast Process Corner)
  Requirement:            0.000ns  (clk_fpga_0 rise@0.000ns - clk_fpga_0 rise@0.000ns)
  Data Path Delay:        0.319ns  (logic 0.141ns (44.156%)  route 0.178ns (55.844%))
  Logic Levels:           0  
  Clock Path Skew:        0.181ns (DCD - SCD - CPR)
    Destination Clock Delay (DCD):    1.214ns
    Source Clock Delay      (SCD):    0.998ns
    Clock Pessimism Removal (CPR):    0.035ns

    Location             Delay type                Incr(ns)  Path(ns)    Netlist Resource(s)
  -------------------------------------------------------------------    -------------------
                         (clock clk_fpga_0 rise edge)
                                                      0.000     0.000 r  
    PS7_X0Y0             PS7                          0.000     0.000 r  design_1_i/processing_system7_0/inst/PS7_i/FCLKCLK[0]
                         net (fo=1, routed)           0.310     0.310    design_1_i/processing_system7_0/inst/FCLK_CLK_unbuffered[0]
    BUFGCTRL_X0Y16       BUFG (Prop_bufg_I_O)         0.026     0.336 r  design_1_i/processing_system7_0/inst/buffer_fclk_clk_0.FCLK_CLK_0_BUFG/O
                         net (fo=13808, routed)       0.662     0.998    design_1_i/axi_dma_0/U0/I_PRMRY_DATAMOVER/GEN_S2MM_FULL.I_S2MM_FULL_WRAPPER/GEN_INCLUDE_IBTTCC.I_S2MM_MSTR_IBTTCC/m_axi_s2mm_aclk
    SLICE_X60Y101        FDRE                                         r  design_1_i/axi_dma_0/U0/I_PRMRY_DATAMOVER/GEN_S2MM_FULL.I_S2MM_FULL_WRAPPER/GEN_INCLUDE_IBTTCC.I_S2MM_MSTR_IBTTCC/sig_xfer_addr_reg_reg[7]/C
  -------------------------------------------------------------------    -------------------
    SLICE_X60Y101        FDRE (Prop_fdre_C_Q)         0.141     1.139 r  design_1_i/axi_dma_0/U0/I_PRMRY_DATAMOVER/GEN_S2MM_FULL.I_S2MM_FULL_WRAPPER/GEN_INCLUDE_IBTTCC.I_S2MM_MSTR_IBTTCC/sig_xfer_addr_reg_reg[7]/Q
                         net (fo=1, routed)           0.178     1.317    design_1_i/axi_dma_0/U0/I_PRMRY_DATAMOVER/GEN_S2MM_FULL.I_S2MM_FULL_WRAPPER/I_ADDR_CNTL/GEN_ADDR_FIFO.I_ADDR_QUAL_FIFO/USE_SRL_FIFO.I_SYNC_FIFO/I_SRL_FIFO_RBU_F/DYNSHREG_F_I/in[7]
    SLICE_X58Y98         SRL16E                                       r  design_1_i/axi_dma_0/U0/I_PRMRY_DATAMOVER/GEN_S2MM_FULL.I_S2MM_FULL_WRAPPER/I_ADDR_CNTL/GEN_ADDR_FIFO.I_ADDR_QUAL_FIFO/USE_SRL_FIFO.I_SYNC_FIFO/I_SRL_FIFO_RBU_F/DYNSHREG_F_I/INFERRED_GEN.data_reg[3][47]_srl4/D
  -------------------------------------------------------------------    -------------------

                         (clock clk_fpga_0 rise edge)
                                                      0.000     0.000 r  
    PS7_X0Y0             PS7                          0.000     0.000 r  design_1_i/processing_system7_0/inst/PS7_i/FCLKCLK[0]
                         net (fo=1, routed)           0.337     0.337    design_1_i/processing_system7_0/inst/FCLK_CLK_unbuffered[0]
    BUFGCTRL_X0Y16       BUFG (Prop_bufg_I_O)         0.029     0.366 r  design_1_i/processing_system7_0/inst/buffer_fclk_clk_0.FCLK_CLK_0_BUFG/O
                         net (fo=13808, routed)       0.848     1.214    design_1_i/axi_dma_0/U0/I_PRMRY_DATAMOVER/GEN_S2MM_FULL.I_S2MM_FULL_WRAPPER/I_ADDR_CNTL/GEN_ADDR_FIFO.I_ADDR_QUAL_FIFO/USE_SRL_FIFO.I_SYNC_FIFO/I_SRL_FIFO_RBU_F/DYNSHREG_F_I/m_axi_s2mm_aclk
    SLICE_X58Y98         SRL16E                                       r  design_1_i/axi_dma_0/U0/I_PRMRY_DATAMOVER/GEN_S2MM_FULL.I_S2MM_FULL_WRAPPER/I_ADDR_CNTL/GEN_ADDR_FIFO.I_ADDR_QUAL_FIFO/USE_SRL_FIFO.I_SYNC_FIFO/I_SRL_FIFO_RBU_F/DYNSHREG_F_I/INFERRED_GEN.data_reg[3][47]_srl4/CLK
                         clock pessimism             -0.035     1.179    
    SLICE_X58Y98         SRL16E (Hold_srl16e_CLK_D)
                                                      0.108     1.287    design_1_i/axi_dma_0/U0/I_PRMRY_DATAMOVER/GEN_S2MM_FULL.I_S2MM_FULL_WRAPPER/I_ADDR_CNTL/GEN_ADDR_FIFO.I_ADDR_QUAL_FIFO/USE_SRL_FIFO.I_SYNC_FIFO/I_SRL_FIFO_RBU_F/DYNSHREG_F_I/INFERRED_GEN.data_reg[3][47]_srl4
  -------------------------------------------------------------------
                         required time                         -1.287    
                         arrival time                           1.317    
  -------------------------------------------------------------------
                         slack                                  0.030    

Slack (MET) :             0.032ns  (arrival time - required time)
  Source:                 design_1_i/matrixmul_2_0/inst/tmp_3_reg_924_reg[17]/C
                            (rising edge-triggered cell FDRE clocked by clk_fpga_0  {rise@0.000ns fall@5.000ns period=10.000ns})
  Destination:            design_1_i/matrixmul_2_0/inst/matrixmul_2_fadd_cud_U1/din1_buf1_reg[17]/D
                            (rising edge-triggered cell FDRE clocked by clk_fpga_0  {rise@0.000ns fall@5.000ns period=10.000ns})
  Path Group:             clk_fpga_0
  Path Type:              Hold (Min at Fast Process Corner)
  Requirement:            0.000ns  (clk_fpga_0 rise@0.000ns - clk_fpga_0 rise@0.000ns)
  Data Path Delay:        0.358ns  (logic 0.141ns (39.374%)  route 0.217ns (60.626%))
  Logic Levels:           0  
  Clock Path Skew:        0.260ns (DCD - SCD - CPR)
    Destination Clock Delay (DCD):    1.187ns
    Source Clock Delay      (SCD):    0.892ns
    Clock Pessimism Removal (CPR):    0.035ns

    Location             Delay type                Incr(ns)  Path(ns)    Netlist Resource(s)
  -------------------------------------------------------------------    -------------------
                         (clock clk_fpga_0 rise edge)
                                                      0.000     0.000 r  
    PS7_X0Y0             PS7                          0.000     0.000 r  design_1_i/processing_system7_0/inst/PS7_i/FCLKCLK[0]
                         net (fo=1, routed)           0.310     0.310    design_1_i/processing_system7_0/inst/FCLK_CLK_unbuffered[0]
    BUFGCTRL_X0Y16       BUFG (Prop_bufg_I_O)         0.026     0.336 r  design_1_i/processing_system7_0/inst/buffer_fclk_clk_0.FCLK_CLK_0_BUFG/O
                         net (fo=13808, routed)       0.556     0.892    design_1_i/matrixmul_2_0/inst/ap_clk
    SLICE_X48Y51         FDRE                                         r  design_1_i/matrixmul_2_0/inst/tmp_3_reg_924_reg[17]/C
  -------------------------------------------------------------------    -------------------
    SLICE_X48Y51         FDRE (Prop_fdre_C_Q)         0.141     1.033 r  design_1_i/matrixmul_2_0/inst/tmp_3_reg_924_reg[17]/Q
                         net (fo=1, routed)           0.217     1.250    design_1_i/matrixmul_2_0/inst/matrixmul_2_fadd_cud_U1/din1_buf1_reg[31]_0[17]
    SLICE_X52Y51         FDRE                                         r  design_1_i/matrixmul_2_0/inst/matrixmul_2_fadd_cud_U1/din1_buf1_reg[17]/D
  -------------------------------------------------------------------    -------------------

                         (clock clk_fpga_0 rise edge)
                                                      0.000     0.000 r  
    PS7_X0Y0             PS7                          0.000     0.000 r  design_1_i/processing_system7_0/inst/PS7_i/FCLKCLK[0]
                         net (fo=1, routed)           0.337     0.337    design_1_i/processing_system7_0/inst/FCLK_CLK_unbuffered[0]
    BUFGCTRL_X0Y16       BUFG (Prop_bufg_I_O)         0.029     0.366 r  design_1_i/processing_system7_0/inst/buffer_fclk_clk_0.FCLK_CLK_0_BUFG/O
                         net (fo=13808, routed)       0.821     1.187    design_1_i/matrixmul_2_0/inst/matrixmul_2_fadd_cud_U1/ap_clk
    SLICE_X52Y51         FDRE                                         r  design_1_i/matrixmul_2_0/inst/matrixmul_2_fadd_cud_U1/din1_buf1_reg[17]/C
                         clock pessimism             -0.035     1.152    
    SLICE_X52Y51         FDRE (Hold_fdre_C_D)         0.066     1.218    design_1_i/matrixmul_2_0/inst/matrixmul_2_fadd_cud_U1/din1_buf1_reg[17]
  -------------------------------------------------------------------
                         required time                         -1.218    
                         arrival time                           1.250    
  -------------------------------------------------------------------
                         slack                                  0.032    

Slack (MET) :             0.034ns  (arrival time - required time)
  Source:                 design_1_i/axi_dma_0/U0/I_PRMRY_DATAMOVER/GEN_S2MM_FULL.I_S2MM_FULL_WRAPPER/GEN_INCLUDE_IBTTCC.I_S2MM_MSTR_IBTTCC/sig_child_addr_reg_reg[24]/C
                            (rising edge-triggered cell FDRE clocked by clk_fpga_0  {rise@0.000ns fall@5.000ns period=10.000ns})
  Destination:            design_1_i/axi_dma_0/U0/I_PRMRY_DATAMOVER/GEN_S2MM_FULL.I_S2MM_FULL_WRAPPER/GEN_INCLUDE_IBTTCC.I_S2MM_MSTR_IBTTCC/sig_child_addr_cntr_msh_reg[12]/D
                            (rising edge-triggered cell FDRE clocked by clk_fpga_0  {rise@0.000ns fall@5.000ns period=10.000ns})
  Path Group:             clk_fpga_0
  Path Type:              Hold (Min at Fast Process Corner)
  Requirement:            0.000ns  (clk_fpga_0 rise@0.000ns - clk_fpga_0 rise@0.000ns)
  Data Path Delay:        0.490ns  (logic 0.392ns (80.072%)  route 0.098ns (19.928%))
  Logic Levels:           3  (CARRY4=2 LUT3=1)
  Clock Path Skew:        0.350ns (DCD - SCD - CPR)
    Destination Clock Delay (DCD):    1.301ns
    Source Clock Delay      (SCD):    0.916ns
    Clock Pessimism Removal (CPR):    0.035ns

    Location             Delay type                Incr(ns)  Path(ns)    Netlist Resource(s)
  -------------------------------------------------------------------    -------------------
                         (clock clk_fpga_0 rise edge)
                                                      0.000     0.000 r  
    PS7_X0Y0             PS7                          0.000     0.000 r  design_1_i/processing_system7_0/inst/PS7_i/FCLKCLK[0]
                         net (fo=1, routed)           0.310     0.310    design_1_i/processing_system7_0/inst/FCLK_CLK_unbuffered[0]
    BUFGCTRL_X0Y16       BUFG (Prop_bufg_I_O)         0.026     0.336 r  design_1_i/processing_system7_0/inst/buffer_fclk_clk_0.FCLK_CLK_0_BUFG/O
                         net (fo=13808, routed)       0.580     0.916    design_1_i/axi_dma_0/U0/I_PRMRY_DATAMOVER/GEN_S2MM_FULL.I_S2MM_FULL_WRAPPER/GEN_INCLUDE_IBTTCC.I_S2MM_MSTR_IBTTCC/m_axi_s2mm_aclk
    SLICE_X61Y99         FDRE                                         r  design_1_i/axi_dma_0/U0/I_PRMRY_DATAMOVER/GEN_S2MM_FULL.I_S2MM_FULL_WRAPPER/GEN_INCLUDE_IBTTCC.I_S2MM_MSTR_IBTTCC/sig_child_addr_reg_reg[24]/C
  -------------------------------------------------------------------    -------------------
    SLICE_X61Y99         FDRE (Prop_fdre_C_Q)         0.141     1.057 r  design_1_i/axi_dma_0/U0/I_PRMRY_DATAMOVER/GEN_S2MM_FULL.I_S2MM_FULL_WRAPPER/GEN_INCLUDE_IBTTCC.I_S2MM_MSTR_IBTTCC/sig_child_addr_reg_reg[24]/Q
                         net (fo=1, routed)           0.097     1.153    design_1_i/axi_dma_0/U0/I_PRMRY_DATAMOVER/GEN_S2MM_FULL.I_S2MM_FULL_WRAPPER/GEN_INCLUDE_IBTTCC.I_S2MM_MSTR_IBTTCC/data[8]
    SLICE_X60Y99         LUT3 (Prop_lut3_I0_O)        0.045     1.198 r  design_1_i/axi_dma_0/U0/I_PRMRY_DATAMOVER/GEN_S2MM_FULL.I_S2MM_FULL_WRAPPER/GEN_INCLUDE_IBTTCC.I_S2MM_MSTR_IBTTCC/sig_child_addr_cntr_msh[8]_i_5/O
                         net (fo=1, routed)           0.000     1.198    design_1_i/axi_dma_0/U0/I_PRMRY_DATAMOVER/GEN_S2MM_FULL.I_S2MM_FULL_WRAPPER/GEN_INCLUDE_IBTTCC.I_S2MM_MSTR_IBTTCC/sig_child_addr_cntr_msh[8]_i_5_n_0
    SLICE_X60Y99         CARRY4 (Prop_carry4_S[0]_CO[3])
                                                      0.152     1.350 r  design_1_i/axi_dma_0/U0/I_PRMRY_DATAMOVER/GEN_S2MM_FULL.I_S2MM_FULL_WRAPPER/GEN_INCLUDE_IBTTCC.I_S2MM_MSTR_IBTTCC/sig_child_addr_cntr_msh_reg[8]_i_1/CO[3]
                         net (fo=1, routed)           0.001     1.351    design_1_i/axi_dma_0/U0/I_PRMRY_DATAMOVER/GEN_S2MM_FULL.I_S2MM_FULL_WRAPPER/GEN_INCLUDE_IBTTCC.I_S2MM_MSTR_IBTTCC/sig_child_addr_cntr_msh_reg[8]_i_1_n_0
    SLICE_X60Y100        CARRY4 (Prop_carry4_CI_O[0])
                                                      0.054     1.405 r  design_1_i/axi_dma_0/U0/I_PRMRY_DATAMOVER/GEN_S2MM_FULL.I_S2MM_FULL_WRAPPER/GEN_INCLUDE_IBTTCC.I_S2MM_MSTR_IBTTCC/sig_child_addr_cntr_msh_reg[12]_i_1/O[0]
                         net (fo=1, routed)           0.000     1.405    design_1_i/axi_dma_0/U0/I_PRMRY_DATAMOVER/GEN_S2MM_FULL.I_S2MM_FULL_WRAPPER/GEN_INCLUDE_IBTTCC.I_S2MM_MSTR_IBTTCC/sig_child_addr_cntr_msh_reg[12]_i_1_n_7
    SLICE_X60Y100        FDRE                                         r  design_1_i/axi_dma_0/U0/I_PRMRY_DATAMOVER/GEN_S2MM_FULL.I_S2MM_FULL_WRAPPER/GEN_INCLUDE_IBTTCC.I_S2MM_MSTR_IBTTCC/sig_child_addr_cntr_msh_reg[12]/D
  -------------------------------------------------------------------    -------------------

                         (clock clk_fpga_0 rise edge)
                                                      0.000     0.000 r  
    PS7_X0Y0             PS7                          0.000     0.000 r  design_1_i/processing_system7_0/inst/PS7_i/FCLKCLK[0]
                         net (fo=1, routed)           0.337     0.337    design_1_i/processing_system7_0/inst/FCLK_CLK_unbuffered[0]
    BUFGCTRL_X0Y16       BUFG (Prop_bufg_I_O)         0.029     0.366 r  design_1_i/processing_system7_0/inst/buffer_fclk_clk_0.FCLK_CLK_0_BUFG/O
                         net (fo=13808, routed)       0.935     1.301    design_1_i/axi_dma_0/U0/I_PRMRY_DATAMOVER/GEN_S2MM_FULL.I_S2MM_FULL_WRAPPER/GEN_INCLUDE_IBTTCC.I_S2MM_MSTR_IBTTCC/m_axi_s2mm_aclk
    SLICE_X60Y100        FDRE                                         r  design_1_i/axi_dma_0/U0/I_PRMRY_DATAMOVER/GEN_S2MM_FULL.I_S2MM_FULL_WRAPPER/GEN_INCLUDE_IBTTCC.I_S2MM_MSTR_IBTTCC/sig_child_addr_cntr_msh_reg[12]/C
                         clock pessimism             -0.035     1.266    
    SLICE_X60Y100        FDRE (Hold_fdre_C_D)         0.105     1.371    design_1_i/axi_dma_0/U0/I_PRMRY_DATAMOVER/GEN_S2MM_FULL.I_S2MM_FULL_WRAPPER/GEN_INCLUDE_IBTTCC.I_S2MM_MSTR_IBTTCC/sig_child_addr_cntr_msh_reg[12]
  -------------------------------------------------------------------
                         required time                         -1.371    
                         arrival time                           1.405    
  -------------------------------------------------------------------
                         slack                                  0.034    

Slack (MET) :             0.034ns  (arrival time - required time)
  Source:                 design_1_i/axi_smc/inst/switchboards/r_switchboard/inst/gen_mi[0].inst_opipe_payld/gen_pipe[1].pipe_reg[1][78]/C
                            (rising edge-triggered cell FDRE clocked by clk_fpga_0  {rise@0.000ns fall@5.000ns period=10.000ns})
  Destination:            design_1_i/axi_smc/inst/s02_nodes/s02_r_node/inst/inst_mi_handler/gen_normal_area.inst_fifo_node_payld/gen_xpm_memory_fifo.inst_fifo/gen_mem_rep[0].inst_xpm_memory/xpm_memory_base_inst/gen_wr_a.gen_word_narrow.mem_reg_0_31_78_83/RAMA/I
                            (rising edge-triggered cell RAMD32 clocked by clk_fpga_0  {rise@0.000ns fall@5.000ns period=10.000ns})
  Path Group:             clk_fpga_0
  Path Type:              Hold (Min at Fast Process Corner)
  Requirement:            0.000ns  (clk_fpga_0 rise@0.000ns - clk_fpga_0 rise@0.000ns)
  Data Path Delay:        0.439ns  (logic 0.141ns (32.142%)  route 0.298ns (67.858%))
  Logic Levels:           0  
  Clock Path Skew:        0.257ns (DCD - SCD - CPR)
    Destination Clock Delay (DCD):    1.175ns
    Source Clock Delay      (SCD):    0.883ns
    Clock Pessimism Removal (CPR):    0.035ns

    Location             Delay type                Incr(ns)  Path(ns)    Netlist Resource(s)
  -------------------------------------------------------------------    -------------------
                         (clock clk_fpga_0 rise edge)
                                                      0.000     0.000 r  
    PS7_X0Y0             PS7                          0.000     0.000 r  design_1_i/processing_system7_0/inst/PS7_i/FCLKCLK[0]
                         net (fo=1, routed)           0.310     0.310    design_1_i/processing_system7_0/inst/FCLK_CLK_unbuffered[0]
    BUFGCTRL_X0Y16       BUFG (Prop_bufg_I_O)         0.026     0.336 r  design_1_i/processing_system7_0/inst/buffer_fclk_clk_0.FCLK_CLK_0_BUFG/O
                         net (fo=13808, routed)       0.547     0.883    design_1_i/axi_smc/inst/switchboards/r_switchboard/inst/gen_mi[0].inst_opipe_payld/aclk
    SLICE_X37Y70         FDRE                                         r  design_1_i/axi_smc/inst/switchboards/r_switchboard/inst/gen_mi[0].inst_opipe_payld/gen_pipe[1].pipe_reg[1][78]/C
  -------------------------------------------------------------------    -------------------
    SLICE_X37Y70         FDRE (Prop_fdre_C_Q)         0.141     1.024 r  design_1_i/axi_smc/inst/switchboards/r_switchboard/inst/gen_mi[0].inst_opipe_payld/gen_pipe[1].pipe_reg[1][78]/Q
                         net (fo=2, routed)           0.298     1.321    design_1_i/axi_smc/inst/s02_nodes/s02_r_node/inst/inst_mi_handler/gen_normal_area.inst_fifo_node_payld/gen_xpm_memory_fifo.inst_fifo/gen_mem_rep[0].inst_xpm_memory/xpm_memory_base_inst/gen_wr_a.gen_word_narrow.mem_reg_0_31_78_83/DIA0
    SLICE_X50Y70         RAMD32                                       r  design_1_i/axi_smc/inst/s02_nodes/s02_r_node/inst/inst_mi_handler/gen_normal_area.inst_fifo_node_payld/gen_xpm_memory_fifo.inst_fifo/gen_mem_rep[0].inst_xpm_memory/xpm_memory_base_inst/gen_wr_a.gen_word_narrow.mem_reg_0_31_78_83/RAMA/I
  -------------------------------------------------------------------    -------------------

                         (clock clk_fpga_0 rise edge)
                                                      0.000     0.000 r  
    PS7_X0Y0             PS7                          0.000     0.000 r  design_1_i/processing_system7_0/inst/PS7_i/FCLKCLK[0]
                         net (fo=1, routed)           0.337     0.337    design_1_i/processing_system7_0/inst/FCLK_CLK_unbuffered[0]
    BUFGCTRL_X0Y16       BUFG (Prop_bufg_I_O)         0.029     0.366 r  design_1_i/processing_system7_0/inst/buffer_fclk_clk_0.FCLK_CLK_0_BUFG/O
                         net (fo=13808, routed)       0.809     1.175    design_1_i/axi_smc/inst/s02_nodes/s02_r_node/inst/inst_mi_handler/gen_normal_area.inst_fifo_node_payld/gen_xpm_memory_fifo.inst_fifo/gen_mem_rep[0].inst_xpm_memory/xpm_memory_base_inst/gen_wr_a.gen_word_narrow.mem_reg_0_31_78_83/WCLK
    SLICE_X50Y70         RAMD32                                       r  design_1_i/axi_smc/inst/s02_nodes/s02_r_node/inst/inst_mi_handler/gen_normal_area.inst_fifo_node_payld/gen_xpm_memory_fifo.inst_fifo/gen_mem_rep[0].inst_xpm_memory/xpm_memory_base_inst/gen_wr_a.gen_word_narrow.mem_reg_0_31_78_83/RAMA/CLK
                         clock pessimism             -0.035     1.140    
    SLICE_X50Y70         RAMD32 (Hold_ramd32_CLK_I)
                                                      0.147     1.287    design_1_i/axi_smc/inst/s02_nodes/s02_r_node/inst/inst_mi_handler/gen_normal_area.inst_fifo_node_payld/gen_xpm_memory_fifo.inst_fifo/gen_mem_rep[0].inst_xpm_memory/xpm_memory_base_inst/gen_wr_a.gen_word_narrow.mem_reg_0_31_78_83/RAMA
  -------------------------------------------------------------------
                         required time                         -1.287    
                         arrival time                           1.321    
  -------------------------------------------------------------------
                         slack                                  0.034    

Slack (MET) :             0.034ns  (arrival time - required time)
  Source:                 design_1_i/axi_dma_0/U0/I_PRMRY_DATAMOVER/GEN_S2MM_FULL.I_S2MM_FULL_WRAPPER/GEN_INCLUDE_IBTTCC.I_S2MM_MSTR_IBTTCC/sig_xfer_addr_reg_reg[8]/C
                            (rising edge-triggered cell FDRE clocked by clk_fpga_0  {rise@0.000ns fall@5.000ns period=10.000ns})
  Destination:            design_1_i/axi_dma_0/U0/I_PRMRY_DATAMOVER/GEN_S2MM_FULL.I_S2MM_FULL_WRAPPER/I_ADDR_CNTL/GEN_ADDR_FIFO.I_ADDR_QUAL_FIFO/USE_SRL_FIFO.I_SYNC_FIFO/I_SRL_FIFO_RBU_F/DYNSHREG_F_I/INFERRED_GEN.data_reg[3][46]_srl4/D
                            (rising edge-triggered cell SRL16E clocked by clk_fpga_0  {rise@0.000ns fall@5.000ns period=10.000ns})
  Path Group:             clk_fpga_0
  Path Type:              Hold (Min at Fast Process Corner)
  Requirement:            0.000ns  (clk_fpga_0 rise@0.000ns - clk_fpga_0 rise@0.000ns)
  Data Path Delay:        0.311ns  (logic 0.141ns (45.284%)  route 0.170ns (54.716%))
  Logic Levels:           0  
  Clock Path Skew:        0.183ns (DCD - SCD - CPR)
    Destination Clock Delay (DCD):    1.214ns
    Source Clock Delay      (SCD):    0.996ns
    Clock Pessimism Removal (CPR):    0.035ns

    Location             Delay type                Incr(ns)  Path(ns)    Netlist Resource(s)
  -------------------------------------------------------------------    -------------------
                         (clock clk_fpga_0 rise edge)
                                                      0.000     0.000 r  
    PS7_X0Y0             PS7                          0.000     0.000 r  design_1_i/processing_system7_0/inst/PS7_i/FCLKCLK[0]
                         net (fo=1, routed)           0.310     0.310    design_1_i/processing_system7_0/inst/FCLK_CLK_unbuffered[0]
    BUFGCTRL_X0Y16       BUFG (Prop_bufg_I_O)         0.026     0.336 r  design_1_i/processing_system7_0/inst/buffer_fclk_clk_0.FCLK_CLK_0_BUFG/O
                         net (fo=13808, routed)       0.660     0.996    design_1_i/axi_dma_0/U0/I_PRMRY_DATAMOVER/GEN_S2MM_FULL.I_S2MM_FULL_WRAPPER/GEN_INCLUDE_IBTTCC.I_S2MM_MSTR_IBTTCC/m_axi_s2mm_aclk
    SLICE_X59Y101        FDRE                                         r  design_1_i/axi_dma_0/U0/I_PRMRY_DATAMOVER/GEN_S2MM_FULL.I_S2MM_FULL_WRAPPER/GEN_INCLUDE_IBTTCC.I_S2MM_MSTR_IBTTCC/sig_xfer_addr_reg_reg[8]/C
  -------------------------------------------------------------------    -------------------
    SLICE_X59Y101        FDRE (Prop_fdre_C_Q)         0.141     1.137 r  design_1_i/axi_dma_0/U0/I_PRMRY_DATAMOVER/GEN_S2MM_FULL.I_S2MM_FULL_WRAPPER/GEN_INCLUDE_IBTTCC.I_S2MM_MSTR_IBTTCC/sig_xfer_addr_reg_reg[8]/Q
                         net (fo=1, routed)           0.170     1.307    design_1_i/axi_dma_0/U0/I_PRMRY_DATAMOVER/GEN_S2MM_FULL.I_S2MM_FULL_WRAPPER/I_ADDR_CNTL/GEN_ADDR_FIFO.I_ADDR_QUAL_FIFO/USE_SRL_FIFO.I_SYNC_FIFO/I_SRL_FIFO_RBU_F/DYNSHREG_F_I/in[8]
    SLICE_X58Y98         SRL16E                                       r  design_1_i/axi_dma_0/U0/I_PRMRY_DATAMOVER/GEN_S2MM_FULL.I_S2MM_FULL_WRAPPER/I_ADDR_CNTL/GEN_ADDR_FIFO.I_ADDR_QUAL_FIFO/USE_SRL_FIFO.I_SYNC_FIFO/I_SRL_FIFO_RBU_F/DYNSHREG_F_I/INFERRED_GEN.data_reg[3][46]_srl4/D
  -------------------------------------------------------------------    -------------------

                         (clock clk_fpga_0 rise edge)
                                                      0.000     0.000 r  
    PS7_X0Y0             PS7                          0.000     0.000 r  design_1_i/processing_system7_0/inst/PS7_i/FCLKCLK[0]
                         net (fo=1, routed)           0.337     0.337    design_1_i/processing_system7_0/inst/FCLK_CLK_unbuffered[0]
    BUFGCTRL_X0Y16       BUFG (Prop_bufg_I_O)         0.029     0.366 r  design_1_i/processing_system7_0/inst/buffer_fclk_clk_0.FCLK_CLK_0_BUFG/O
                         net (fo=13808, routed)       0.848     1.214    design_1_i/axi_dma_0/U0/I_PRMRY_DATAMOVER/GEN_S2MM_FULL.I_S2MM_FULL_WRAPPER/I_ADDR_CNTL/GEN_ADDR_FIFO.I_ADDR_QUAL_FIFO/USE_SRL_FIFO.I_SYNC_FIFO/I_SRL_FIFO_RBU_F/DYNSHREG_F_I/m_axi_s2mm_aclk
    SLICE_X58Y98         SRL16E                                       r  design_1_i/axi_dma_0/U0/I_PRMRY_DATAMOVER/GEN_S2MM_FULL.I_S2MM_FULL_WRAPPER/I_ADDR_CNTL/GEN_ADDR_FIFO.I_ADDR_QUAL_FIFO/USE_SRL_FIFO.I_SYNC_FIFO/I_SRL_FIFO_RBU_F/DYNSHREG_F_I/INFERRED_GEN.data_reg[3][46]_srl4/CLK
                         clock pessimism             -0.035     1.179    
    SLICE_X58Y98         SRL16E (Hold_srl16e_CLK_D)
                                                      0.094     1.273    design_1_i/axi_dma_0/U0/I_PRMRY_DATAMOVER/GEN_S2MM_FULL.I_S2MM_FULL_WRAPPER/I_ADDR_CNTL/GEN_ADDR_FIFO.I_ADDR_QUAL_FIFO/USE_SRL_FIFO.I_SYNC_FIFO/I_SRL_FIFO_RBU_F/DYNSHREG_F_I/INFERRED_GEN.data_reg[3][46]_srl4
  -------------------------------------------------------------------
                         required time                         -1.273    
                         arrival time                           1.307    
  -------------------------------------------------------------------
                         slack                                  0.034    

Slack (MET) :             0.036ns  (arrival time - required time)
  Source:                 design_1_i/matrixmul_2_0/inst/tmp_3_reg_924_reg[13]/C
                            (rising edge-triggered cell FDRE clocked by clk_fpga_0  {rise@0.000ns fall@5.000ns period=10.000ns})
  Destination:            design_1_i/matrixmul_2_0/inst/matrixmul_2_fadd_cud_U1/din1_buf1_reg[13]/D
                            (rising edge-triggered cell FDRE clocked by clk_fpga_0  {rise@0.000ns fall@5.000ns period=10.000ns})
  Path Group:             clk_fpga_0
  Path Type:              Hold (Min at Fast Process Corner)
  Requirement:            0.000ns  (clk_fpga_0 rise@0.000ns - clk_fpga_0 rise@0.000ns)
  Data Path Delay:        0.363ns  (logic 0.141ns (38.885%)  route 0.222ns (61.115%))
  Logic Levels:           0  
  Clock Path Skew:        0.260ns (DCD - SCD - CPR)
    Destination Clock Delay (DCD):    1.187ns
    Source Clock Delay      (SCD):    0.892ns
    Clock Pessimism Removal (CPR):    0.035ns

    Location             Delay type                Incr(ns)  Path(ns)    Netlist Resource(s)
  -------------------------------------------------------------------    -------------------
                         (clock clk_fpga_0 rise edge)
                                                      0.000     0.000 r  
    PS7_X0Y0             PS7                          0.000     0.000 r  design_1_i/processing_system7_0/inst/PS7_i/FCLKCLK[0]
                         net (fo=1, routed)           0.310     0.310    design_1_i/processing_system7_0/inst/FCLK_CLK_unbuffered[0]
    BUFGCTRL_X0Y16       BUFG (Prop_bufg_I_O)         0.026     0.336 r  design_1_i/processing_system7_0/inst/buffer_fclk_clk_0.FCLK_CLK_0_BUFG/O
                         net (fo=13808, routed)       0.556     0.892    design_1_i/matrixmul_2_0/inst/ap_clk
    SLICE_X48Y52         FDRE                                         r  design_1_i/matrixmul_2_0/inst/tmp_3_reg_924_reg[13]/C
  -------------------------------------------------------------------    -------------------
    SLICE_X48Y52         FDRE (Prop_fdre_C_Q)         0.141     1.033 r  design_1_i/matrixmul_2_0/inst/tmp_3_reg_924_reg[13]/Q
                         net (fo=1, routed)           0.222     1.254    design_1_i/matrixmul_2_0/inst/matrixmul_2_fadd_cud_U1/din1_buf1_reg[31]_0[13]
    SLICE_X53Y51         FDRE                                         r  design_1_i/matrixmul_2_0/inst/matrixmul_2_fadd_cud_U1/din1_buf1_reg[13]/D
  -------------------------------------------------------------------    -------------------

                         (clock clk_fpga_0 rise edge)
                                                      0.000     0.000 r  
    PS7_X0Y0             PS7                          0.000     0.000 r  design_1_i/processing_system7_0/inst/PS7_i/FCLKCLK[0]
                         net (fo=1, routed)           0.337     0.337    design_1_i/processing_system7_0/inst/FCLK_CLK_unbuffered[0]
    BUFGCTRL_X0Y16       BUFG (Prop_bufg_I_O)         0.029     0.366 r  design_1_i/processing_system7_0/inst/buffer_fclk_clk_0.FCLK_CLK_0_BUFG/O
                         net (fo=13808, routed)       0.821     1.187    design_1_i/matrixmul_2_0/inst/matrixmul_2_fadd_cud_U1/ap_clk
    SLICE_X53Y51         FDRE                                         r  design_1_i/matrixmul_2_0/inst/matrixmul_2_fadd_cud_U1/din1_buf1_reg[13]/C
                         clock pessimism             -0.035     1.152    
    SLICE_X53Y51         FDRE (Hold_fdre_C_D)         0.066     1.218    design_1_i/matrixmul_2_0/inst/matrixmul_2_fadd_cud_U1/din1_buf1_reg[13]
  -------------------------------------------------------------------
                         required time                         -1.218    
                         arrival time                           1.254    
  -------------------------------------------------------------------
                         slack                                  0.036    





Pulse Width Checks
--------------------------------------------------------------------------------------
Clock Name:         clk_fpga_0
Waveform(ns):       { 0.000 5.000 }
Period(ns):         10.000
Sources:            { design_1_i/processing_system7_0/inst/PS7_i/FCLKCLK[0] }

Check Type        Corner  Lib Pin             Reference Pin  Required(ns)  Actual(ns)  Slack(ns)  Location      Pin
Min Period        n/a     RAMB18E1/CLKARDCLK  n/a            2.944         10.000      7.056      RAMB18_X4Y46  design_1_i/matrixmul_1_0/inst/output_C_U/matrixmul_1_input_A_ram_U/ram_reg/CLKARDCLK
Min Period        n/a     RAMB18E1/CLKBWRCLK  n/a            2.944         10.000      7.056      RAMB18_X4Y46  design_1_i/matrixmul_1_0/inst/output_C_U/matrixmul_1_input_A_ram_U/ram_reg/CLKBWRCLK
Min Period        n/a     RAMB18E1/CLKARDCLK  n/a            2.944         10.000      7.056      RAMB18_X4Y20  design_1_i/matrixmul_2_0/inst/output_C_U/matrixmul_2_input_A_ram_U/ram_reg/CLKARDCLK
Min Period        n/a     RAMB18E1/CLKBWRCLK  n/a            2.944         10.000      7.056      RAMB18_X4Y20  design_1_i/matrixmul_2_0/inst/output_C_U/matrixmul_2_input_A_ram_U/ram_reg/CLKBWRCLK
Min Period        n/a     RAMB18E1/CLKARDCLK  n/a            2.944         10.000      7.056      RAMB18_X2Y20  design_1_i/matrixmul_2_0/inst/input_A_U/matrixmul_2_input_A_ram_U/ram_reg/CLKARDCLK
Min Period        n/a     RAMB18E1/CLKBWRCLK  n/a            2.944         10.000      7.056      RAMB18_X2Y20  design_1_i/matrixmul_2_0/inst/input_A_U/matrixmul_2_input_A_ram_U/ram_reg/CLKBWRCLK
Min Period        n/a     RAMB18E1/CLKARDCLK  n/a            2.944         10.000      7.056      RAMB18_X2Y21  design_1_i/matrixmul_2_0/inst/input_B_U/matrixmul_2_input_A_ram_U/ram_reg/CLKARDCLK
Min Period        n/a     RAMB18E1/CLKBWRCLK  n/a            2.944         10.000      7.056      RAMB18_X2Y21  design_1_i/matrixmul_2_0/inst/input_B_U/matrixmul_2_input_A_ram_U/ram_reg/CLKBWRCLK
Min Period        n/a     RAMB18E1/CLKARDCLK  n/a            2.944         10.000      7.056      RAMB18_X4Y42  design_1_i/matrixmul_1_0/inst/input_A_U/matrixmul_1_input_A_ram_U/ram_reg/CLKARDCLK
Min Period        n/a     RAMB18E1/CLKBWRCLK  n/a            2.944         10.000      7.056      RAMB18_X4Y42  design_1_i/matrixmul_1_0/inst/input_A_U/matrixmul_1_input_A_ram_U/ram_reg/CLKBWRCLK
Low Pulse Width   Slow    RAMD32/CLK          n/a            1.250         5.000       3.750      SLICE_X92Y75  design_1_i/axi_dma_1/U0/I_PRMRY_DATAMOVER/GEN_S2MM_FULL.I_S2MM_FULL_WRAPPER/GEN_ENABLE_INDET_BTT_SF.I_INDET_BTT/I_XD_FIFO/NON_BLK_MEM.I_SYNC_FIFOGEN_FIFO/xpm_fifo_instance.xpm_fifo_sync_inst/xpm_fifo_base_inst/gen_sdpram.xpm_memory_base_inst/gen_wr_a.gen_word_narrow.mem_reg_0_15_0_5/RAMA/CLK
Low Pulse Width   Slow    RAMD32/CLK          n/a            1.250         5.000       3.750      SLICE_X92Y75  design_1_i/axi_dma_1/U0/I_PRMRY_DATAMOVER/GEN_S2MM_FULL.I_S2MM_FULL_WRAPPER/GEN_ENABLE_INDET_BTT_SF.I_INDET_BTT/I_XD_FIFO/NON_BLK_MEM.I_SYNC_FIFOGEN_FIFO/xpm_fifo_instance.xpm_fifo_sync_inst/xpm_fifo_base_inst/gen_sdpram.xpm_memory_base_inst/gen_wr_a.gen_word_narrow.mem_reg_0_15_0_5/RAMA_D1/CLK
Low Pulse Width   Slow    RAMD32/CLK          n/a            1.250         5.000       3.750      SLICE_X92Y75  design_1_i/axi_dma_1/U0/I_PRMRY_DATAMOVER/GEN_S2MM_FULL.I_S2MM_FULL_WRAPPER/GEN_ENABLE_INDET_BTT_SF.I_INDET_BTT/I_XD_FIFO/NON_BLK_MEM.I_SYNC_FIFOGEN_FIFO/xpm_fifo_instance.xpm_fifo_sync_inst/xpm_fifo_base_inst/gen_sdpram.xpm_memory_base_inst/gen_wr_a.gen_word_narrow.mem_reg_0_15_0_5/RAMB/CLK
Low Pulse Width   Slow    RAMD32/CLK          n/a            1.250         5.000       3.750      SLICE_X92Y75  design_1_i/axi_dma_1/U0/I_PRMRY_DATAMOVER/GEN_S2MM_FULL.I_S2MM_FULL_WRAPPER/GEN_ENABLE_INDET_BTT_SF.I_INDET_BTT/I_XD_FIFO/NON_BLK_MEM.I_SYNC_FIFOGEN_FIFO/xpm_fifo_instance.xpm_fifo_sync_inst/xpm_fifo_base_inst/gen_sdpram.xpm_memory_base_inst/gen_wr_a.gen_word_narrow.mem_reg_0_15_0_5/RAMB_D1/CLK
Low Pulse Width   Slow    RAMD32/CLK          n/a            1.250         5.000       3.750      SLICE_X92Y75  design_1_i/axi_dma_1/U0/I_PRMRY_DATAMOVER/GEN_S2MM_FULL.I_S2MM_FULL_WRAPPER/GEN_ENABLE_INDET_BTT_SF.I_INDET_BTT/I_XD_FIFO/NON_BLK_MEM.I_SYNC_FIFOGEN_FIFO/xpm_fifo_instance.xpm_fifo_sync_inst/xpm_fifo_base_inst/gen_sdpram.xpm_memory_base_inst/gen_wr_a.gen_word_narrow.mem_reg_0_15_0_5/RAMC/CLK
Low Pulse Width   Slow    RAMD32/CLK          n/a            1.250         5.000       3.750      SLICE_X92Y75  design_1_i/axi_dma_1/U0/I_PRMRY_DATAMOVER/GEN_S2MM_FULL.I_S2MM_FULL_WRAPPER/GEN_ENABLE_INDET_BTT_SF.I_INDET_BTT/I_XD_FIFO/NON_BLK_MEM.I_SYNC_FIFOGEN_FIFO/xpm_fifo_instance.xpm_fifo_sync_inst/xpm_fifo_base_inst/gen_sdpram.xpm_memory_base_inst/gen_wr_a.gen_word_narrow.mem_reg_0_15_0_5/RAMC_D1/CLK
Low Pulse Width   Slow    RAMS32/CLK          n/a            1.250         5.000       3.750      SLICE_X92Y75  design_1_i/axi_dma_1/U0/I_PRMRY_DATAMOVER/GEN_S2MM_FULL.I_S2MM_FULL_WRAPPER/GEN_ENABLE_INDET_BTT_SF.I_INDET_BTT/I_XD_FIFO/NON_BLK_MEM.I_SYNC_FIFOGEN_FIFO/xpm_fifo_instance.xpm_fifo_sync_inst/xpm_fifo_base_inst/gen_sdpram.xpm_memory_base_inst/gen_wr_a.gen_word_narrow.mem_reg_0_15_0_5/RAMD/CLK
Low Pulse Width   Slow    RAMS32/CLK          n/a            1.250         5.000       3.750      SLICE_X92Y75  design_1_i/axi_dma_1/U0/I_PRMRY_DATAMOVER/GEN_S2MM_FULL.I_S2MM_FULL_WRAPPER/GEN_ENABLE_INDET_BTT_SF.I_INDET_BTT/I_XD_FIFO/NON_BLK_MEM.I_SYNC_FIFOGEN_FIFO/xpm_fifo_instance.xpm_fifo_sync_inst/xpm_fifo_base_inst/gen_sdpram.xpm_memory_base_inst/gen_wr_a.gen_word_narrow.mem_reg_0_15_0_5/RAMD_D1/CLK
Low Pulse Width   Slow    RAMD32/CLK          n/a            1.250         5.000       3.750      SLICE_X92Y74  design_1_i/axi_dma_1/U0/I_PRMRY_DATAMOVER/GEN_S2MM_FULL.I_S2MM_FULL_WRAPPER/GEN_ENABLE_INDET_BTT_SF.I_INDET_BTT/I_XD_FIFO/NON_BLK_MEM.I_SYNC_FIFOGEN_FIFO/xpm_fifo_instance.xpm_fifo_sync_inst/xpm_fifo_base_inst/gen_sdpram.xpm_memory_base_inst/gen_wr_a.gen_word_narrow.mem_reg_0_15_12_12/RAMA/CLK
Low Pulse Width   Slow    RAMD32/CLK          n/a            1.250         5.000       3.750      SLICE_X92Y74  design_1_i/axi_dma_1/U0/I_PRMRY_DATAMOVER/GEN_S2MM_FULL.I_S2MM_FULL_WRAPPER/GEN_ENABLE_INDET_BTT_SF.I_INDET_BTT/I_XD_FIFO/NON_BLK_MEM.I_SYNC_FIFOGEN_FIFO/xpm_fifo_instance.xpm_fifo_sync_inst/xpm_fifo_base_inst/gen_sdpram.xpm_memory_base_inst/gen_wr_a.gen_word_narrow.mem_reg_0_15_12_12/RAMA_D1/CLK
High Pulse Width  Slow    RAMD32/CLK          n/a            1.250         5.000       3.750      SLICE_X92Y76  design_1_i/axi_dma_1/U0/I_PRMRY_DATAMOVER/GEN_S2MM_FULL.I_S2MM_FULL_WRAPPER/GEN_ENABLE_INDET_BTT_SF.I_INDET_BTT/I_XD_FIFO/NON_BLK_MEM.I_SYNC_FIFOGEN_FIFO/xpm_fifo_instance.xpm_fifo_sync_inst/xpm_fifo_base_inst/gen_sdpram.xpm_memory_base_inst/gen_wr_a.gen_word_narrow.mem_reg_0_15_6_11/RAMA/CLK
High Pulse Width  Slow    RAMD32/CLK          n/a            1.250         5.000       3.750      SLICE_X92Y76  design_1_i/axi_dma_1/U0/I_PRMRY_DATAMOVER/GEN_S2MM_FULL.I_S2MM_FULL_WRAPPER/GEN_ENABLE_INDET_BTT_SF.I_INDET_BTT/I_XD_FIFO/NON_BLK_MEM.I_SYNC_FIFOGEN_FIFO/xpm_fifo_instance.xpm_fifo_sync_inst/xpm_fifo_base_inst/gen_sdpram.xpm_memory_base_inst/gen_wr_a.gen_word_narrow.mem_reg_0_15_6_11/RAMA_D1/CLK
High Pulse Width  Slow    RAMD32/CLK          n/a            1.250         5.000       3.750      SLICE_X92Y76  design_1_i/axi_dma_1/U0/I_PRMRY_DATAMOVER/GEN_S2MM_FULL.I_S2MM_FULL_WRAPPER/GEN_ENABLE_INDET_BTT_SF.I_INDET_BTT/I_XD_FIFO/NON_BLK_MEM.I_SYNC_FIFOGEN_FIFO/xpm_fifo_instance.xpm_fifo_sync_inst/xpm_fifo_base_inst/gen_sdpram.xpm_memory_base_inst/gen_wr_a.gen_word_narrow.mem_reg_0_15_6_11/RAMB/CLK
High Pulse Width  Slow    RAMD32/CLK          n/a            1.250         5.000       3.750      SLICE_X92Y76  design_1_i/axi_dma_1/U0/I_PRMRY_DATAMOVER/GEN_S2MM_FULL.I_S2MM_FULL_WRAPPER/GEN_ENABLE_INDET_BTT_SF.I_INDET_BTT/I_XD_FIFO/NON_BLK_MEM.I_SYNC_FIFOGEN_FIFO/xpm_fifo_instance.xpm_fifo_sync_inst/xpm_fifo_base_inst/gen_sdpram.xpm_memory_base_inst/gen_wr_a.gen_word_narrow.mem_reg_0_15_6_11/RAMB_D1/CLK
High Pulse Width  Slow    RAMD32/CLK          n/a            1.250         5.000       3.750      SLICE_X92Y76  design_1_i/axi_dma_1/U0/I_PRMRY_DATAMOVER/GEN_S2MM_FULL.I_S2MM_FULL_WRAPPER/GEN_ENABLE_INDET_BTT_SF.I_INDET_BTT/I_XD_FIFO/NON_BLK_MEM.I_SYNC_FIFOGEN_FIFO/xpm_fifo_instance.xpm_fifo_sync_inst/xpm_fifo_base_inst/gen_sdpram.xpm_memory_base_inst/gen_wr_a.gen_word_narrow.mem_reg_0_15_6_11/RAMC/CLK
High Pulse Width  Slow    RAMD32/CLK          n/a            1.250         5.000       3.750      SLICE_X92Y76  design_1_i/axi_dma_1/U0/I_PRMRY_DATAMOVER/GEN_S2MM_FULL.I_S2MM_FULL_WRAPPER/GEN_ENABLE_INDET_BTT_SF.I_INDET_BTT/I_XD_FIFO/NON_BLK_MEM.I_SYNC_FIFOGEN_FIFO/xpm_fifo_instance.xpm_fifo_sync_inst/xpm_fifo_base_inst/gen_sdpram.xpm_memory_base_inst/gen_wr_a.gen_word_narrow.mem_reg_0_15_6_11/RAMC_D1/CLK
High Pulse Width  Slow    RAMS32/CLK          n/a            1.250         5.000       3.750      SLICE_X92Y76  design_1_i/axi_dma_1/U0/I_PRMRY_DATAMOVER/GEN_S2MM_FULL.I_S2MM_FULL_WRAPPER/GEN_ENABLE_INDET_BTT_SF.I_INDET_BTT/I_XD_FIFO/NON_BLK_MEM.I_SYNC_FIFOGEN_FIFO/xpm_fifo_instance.xpm_fifo_sync_inst/xpm_fifo_base_inst/gen_sdpram.xpm_memory_base_inst/gen_wr_a.gen_word_narrow.mem_reg_0_15_6_11/RAMD/CLK
High Pulse Width  Slow    RAMS32/CLK          n/a            1.250         5.000       3.750      SLICE_X92Y76  design_1_i/axi_dma_1/U0/I_PRMRY_DATAMOVER/GEN_S2MM_FULL.I_S2MM_FULL_WRAPPER/GEN_ENABLE_INDET_BTT_SF.I_INDET_BTT/I_XD_FIFO/NON_BLK_MEM.I_SYNC_FIFOGEN_FIFO/xpm_fifo_instance.xpm_fifo_sync_inst/xpm_fifo_base_inst/gen_sdpram.xpm_memory_base_inst/gen_wr_a.gen_word_narrow.mem_reg_0_15_6_11/RAMD_D1/CLK
High Pulse Width  Slow    RAMD32/CLK          n/a            1.250         5.000       3.750      SLICE_X58Y73  design_1_i/axi_smc/inst/s02_nodes/s02_ar_node/inst/inst_mi_handler/gen_normal_area.inst_fifo_node_payld/gen_xpm_memory_fifo.inst_fifo/gen_mem_rep[0].inst_xpm_memory/xpm_memory_base_inst/gen_wr_a.gen_word_narrow.mem_reg_0_31_0_5/RAMA/CLK
High Pulse Width  Slow    RAMD32/CLK          n/a            1.250         5.000       3.750      SLICE_X58Y73  design_1_i/axi_smc/inst/s02_nodes/s02_ar_node/inst/inst_mi_handler/gen_normal_area.inst_fifo_node_payld/gen_xpm_memory_fifo.inst_fifo/gen_mem_rep[0].inst_xpm_memory/xpm_memory_base_inst/gen_wr_a.gen_word_narrow.mem_reg_0_31_0_5/RAMA_D1/CLK



