12:35:34 INFO  : Registering command handlers for SDK TCF services
12:35:34 INFO  : Launching XSCT server: xsct.bat -interactive D:\Sem_6\AELD\Labs\Lab_1\Lab_1.sdk\temp_xsdb_launch_script.tcl
12:35:36 INFO  : XSCT server has started successfully.
12:35:36 INFO  : Successfully done setting XSCT server connection channel  
12:35:39 INFO  : Successfully done setting SDK workspace  
12:35:39 INFO  : Processing command line option -hwspec D:/Sem_6/AELD/Labs/Lab_1/Lab_1.sdk/design_1_wrapper.hdf.
12:47:58 INFO  : Refreshed build settings on project Lab_1
12:53:27 INFO  : Connected through redirection to target on host '192.168.226.142' and port '53618'.
12:53:28 INFO  : Jtag cable 'Digilent Zed 210248722230' is selected.
12:53:28 INFO  : 'jtag frequency' command is executed.
12:53:28 INFO  : Sourcing of 'D:/Sem_6/AELD/Labs/Lab_1/Lab_1.sdk/design_1_wrapper_hw_platform_0/ps7_init.tcl' is done.
12:53:28 INFO  : Context for 'APU' is selected.
12:53:29 INFO  : System reset is completed.
12:53:32 INFO  : 'after 3000' command is executed.
12:53:32 INFO  : Context for 'APU' is selected.
12:53:32 INFO  : Hardware design information is loaded from 'D:/Sem_6/AELD/Labs/Lab_1/Lab_1.sdk/design_1_wrapper_hw_platform_0/system.hdf'.
12:53:32 INFO  : 'configparams force-mem-access 1' command is executed.
12:53:33 INFO  : Context for 'APU' is selected.
12:53:48 INFO  : 'ps7_init' command is executed.
12:53:49 INFO  : 'ps7_post_config' command is executed.
12:53:49 INFO  : Context for processor 'ps7_cortexa9_0' is selected.
12:53:49 INFO  : The application 'D:/Sem_6/AELD/Labs/Lab_1/Lab_1.sdk/Lab_1/Debug/Lab_1.elf' is downloaded to processor 'ps7_cortexa9_0'.
12:53:49 INFO  : 'configparams force-mem-access 0' command is executed.
12:53:49 INFO  : ----------------XSDB Script----------------
connect -path [list tcp::1534 tcp:192.168.226.142:53618]
source D:/Sem_6/AELD/Labs/Lab_1/Lab_1.sdk/design_1_wrapper_hw_platform_0/ps7_init.tcl
targets -set -nocase -filter {name =~"APU*" && jtag_cable_name =~ "Digilent Zed 210248722230"} -index 0
rst -system
after 3000
targets -set -nocase -filter {name =~"APU*" && jtag_cable_name =~ "Digilent Zed 210248722230"} -index 0
loadhw -hw D:/Sem_6/AELD/Labs/Lab_1/Lab_1.sdk/design_1_wrapper_hw_platform_0/system.hdf -mem-ranges [list {0x40000000 0xbfffffff}]
configparams force-mem-access 1
targets -set -nocase -filter {name =~"APU*" && jtag_cable_name =~ "Digilent Zed 210248722230"} -index 0
ps7_init
ps7_post_config
targets -set -nocase -filter {name =~ "ARM*#0" && jtag_cable_name =~ "Digilent Zed 210248722230"} -index 0
dow D:/Sem_6/AELD/Labs/Lab_1/Lab_1.sdk/Lab_1/Debug/Lab_1.elf
configparams force-mem-access 0
----------------End of Script----------------

12:53:50 INFO  : Context for processor 'ps7_cortexa9_0' is selected.
12:53:50 INFO  : 'con' command is executed.
12:53:50 INFO  : ----------------XSDB Script (After Launch)----------------
targets -set -nocase -filter {name =~ "ARM*#0" && jtag_cable_name =~ "Digilent Zed 210248722230"} -index 0
con
----------------End of Script----------------

12:53:50 INFO  : Launch script is exported to file 'D:\Sem_6\AELD\Labs\Lab_1\Lab_1.sdk\.sdk\launch_scripts\xilinx_c-c++_application_(system_debugger)\system_debugger_using_debug_lab_1.elf_on_remzeb.tcl'
13:00:02 WARN  : channel "tcfchan#1" closed
14:28:57 INFO  : Registering command handlers for SDK TCF services
14:28:58 INFO  : Launching XSCT server: xsct.bat -interactive D:\Sem_6\AELD\Labs\Lab_1\Lab_1.sdk\temp_xsdb_launch_script.tcl
14:29:01 INFO  : XSCT server has started successfully.
14:29:01 INFO  : Successfully done setting XSCT server connection channel  
14:29:05 INFO  : Processing command line option -hwspec D:/Sem_6/AELD/Labs/Lab_1/Lab_1.sdk/design_1_wrapper.hdf.
14:29:05 INFO  : Successfully done setting SDK workspace  
14:29:05 INFO  : Checking for hwspec changes in the project design_1_wrapper_hw_platform_0.
14:33:00 INFO  : Registering command handlers for SDK TCF services
14:33:01 INFO  : Launching XSCT server: xsct.bat -interactive D:\Sem_6\AELD\Labs\Lab_1\Lab_1.sdk\temp_xsdb_launch_script.tcl
14:33:03 INFO  : XSCT server has started successfully.
14:33:03 INFO  : Successfully done setting XSCT server connection channel  
14:33:03 INFO  : Successfully done setting SDK workspace  
14:33:03 INFO  : Processing command line option -hwspec D:/Sem_6/AELD/Labs/Lab_1/Lab_1.sdk/design_1_wrapper.hdf.
14:33:03 INFO  : Checking for hwspec changes in the project design_1_wrapper_hw_platform_0.
14:45:57 INFO  : Connected through redirection to target on host '192.168.226.142' and port '65468'.
14:45:59 INFO  : Jtag cable 'Digilent Zed 210248722230' is selected.
14:46:00 INFO  : 'jtag frequency' command is executed.
14:46:00 INFO  : Sourcing of 'D:/Sem_6/AELD/Labs/Lab_1/Lab_1.sdk/design_1_wrapper_hw_platform_0/ps7_init.tcl' is done.
14:46:00 INFO  : Context for 'APU' is selected.
14:46:00 INFO  : System reset is completed.
14:46:03 INFO  : 'after 3000' command is executed.
14:46:04 INFO  : Context for 'APU' is selected.
14:46:04 INFO  : Hardware design information is loaded from 'D:/Sem_6/AELD/Labs/Lab_1/Lab_1.sdk/design_1_wrapper_hw_platform_0/system.hdf'.
14:46:04 INFO  : 'configparams force-mem-access 1' command is executed.
14:46:05 INFO  : Context for 'APU' is selected.
14:46:19 INFO  : 'ps7_init' command is executed.
14:46:20 INFO  : 'ps7_post_config' command is executed.
14:46:20 INFO  : Context for processor 'ps7_cortexa9_0' is selected.
14:46:20 INFO  : The application 'D:/Sem_6/AELD/Labs/Lab_1/Lab_1.sdk/Lab_1/Debug/Lab_1.elf' is downloaded to processor 'ps7_cortexa9_0'.
14:46:21 INFO  : 'configparams force-mem-access 0' command is executed.
14:46:21 INFO  : ----------------XSDB Script----------------
connect -path [list tcp::1534 tcp:192.168.226.142:65468]
source D:/Sem_6/AELD/Labs/Lab_1/Lab_1.sdk/design_1_wrapper_hw_platform_0/ps7_init.tcl
targets -set -nocase -filter {name =~"APU*" && jtag_cable_name =~ "Digilent Zed 210248722230"} -index 0
rst -system
after 3000
targets -set -nocase -filter {name =~"APU*" && jtag_cable_name =~ "Digilent Zed 210248722230"} -index 0
loadhw -hw D:/Sem_6/AELD/Labs/Lab_1/Lab_1.sdk/design_1_wrapper_hw_platform_0/system.hdf -mem-ranges [list {0x40000000 0xbfffffff}]
configparams force-mem-access 1
targets -set -nocase -filter {name =~"APU*" && jtag_cable_name =~ "Digilent Zed 210248722230"} -index 0
ps7_init
ps7_post_config
targets -set -nocase -filter {name =~ "ARM*#0" && jtag_cable_name =~ "Digilent Zed 210248722230"} -index 0
dow D:/Sem_6/AELD/Labs/Lab_1/Lab_1.sdk/Lab_1/Debug/Lab_1.elf
configparams force-mem-access 0
----------------End of Script----------------

14:46:22 INFO  : Context for processor 'ps7_cortexa9_0' is selected.
14:46:22 INFO  : 'con' command is executed.
14:46:22 INFO  : ----------------XSDB Script (After Launch)----------------
targets -set -nocase -filter {name =~ "ARM*#0" && jtag_cable_name =~ "Digilent Zed 210248722230"} -index 0
con
----------------End of Script----------------

14:46:22 INFO  : Launch script is exported to file 'D:\Sem_6\AELD\Labs\Lab_1\Lab_1.sdk\.sdk\launch_scripts\xilinx_c-c++_application_(system_debugger)\system_debugger_using_debug_lab_1.elf_on_remzeb.tcl'
15:00:02 WARN  : channel "tcfchan#1" closed
13:00:07 INFO  : Registering command handlers for SDK TCF services
13:00:07 INFO  : Launching XSCT server: xsct.bat -interactive D:\Sem_6\AELD\Labs\Lab_1\Lab_1.sdk\temp_xsdb_launch_script.tcl
13:00:09 INFO  : XSCT server has started successfully.
13:00:09 INFO  : Successfully done setting XSCT server connection channel  
13:00:12 INFO  : Successfully done setting SDK workspace  
13:00:12 INFO  : Processing command line option -hwspec D:/Sem_6/AELD/Labs/Lab_1/Lab_1.sdk/design_1_wrapper.hdf.
13:00:12 INFO  : Checking for hwspec changes in the project design_1_wrapper_hw_platform_0.
11:36:03 INFO  : Registering command handlers for SDK TCF services
11:36:04 INFO  : Launching XSCT server: xsct.bat -interactive D:\Sem_6\AELD\Labs\Lab_1\Lab_1.sdk\temp_xsdb_launch_script.tcl
11:36:08 INFO  : XSCT server has started successfully.
11:36:08 INFO  : Successfully done setting XSCT server connection channel  
11:36:12 INFO  : Successfully done setting SDK workspace  
11:36:12 INFO  : Processing command line option -hwspec D:/Sem_6/AELD/Labs/Lab_1/Lab_1.sdk/design_1_wrapper.hdf.
11:36:12 INFO  : Checking for hwspec changes in the project design_1_wrapper_hw_platform_0.
11:37:27 INFO  : Connected through redirection to target on host '192.168.226.142' and port '54531'.
11:37:29 INFO  : Jtag cable 'Digilent Zed 210248A39C93' is selected.
11:37:29 INFO  : 'jtag frequency' command is executed.
11:37:29 INFO  : Sourcing of 'D:/Sem_6/AELD/Labs/Lab_1/Lab_1.sdk/design_1_wrapper_hw_platform_0/ps7_init.tcl' is done.
11:37:30 INFO  : Context for 'APU' is selected.
11:37:33 INFO  : System reset is completed.
11:37:36 INFO  : 'after 3000' command is executed.
11:37:36 INFO  : Context for 'APU' is selected.
11:37:37 INFO  : Hardware design information is loaded from 'D:/Sem_6/AELD/Labs/Lab_1/Lab_1.sdk/design_1_wrapper_hw_platform_0/system.hdf'.
11:37:37 INFO  : 'configparams force-mem-access 1' command is executed.
11:37:37 INFO  : Context for 'APU' is selected.
11:38:04 INFO  : 'ps7_init' command is executed.
11:38:06 INFO  : 'ps7_post_config' command is executed.
11:38:06 INFO  : Context for processor 'ps7_cortexa9_0' is selected.
11:38:07 INFO  : The application 'D:/Sem_6/AELD/Labs/Lab_1/Lab_1.sdk/Lab_1/Debug/Lab_1.elf' is downloaded to processor 'ps7_cortexa9_0'.
11:38:07 INFO  : 'configparams force-mem-access 0' command is executed.
11:38:07 INFO  : ----------------XSDB Script----------------
connect -path [list tcp::1534 tcp:192.168.226.142:54531]
source D:/Sem_6/AELD/Labs/Lab_1/Lab_1.sdk/design_1_wrapper_hw_platform_0/ps7_init.tcl
targets -set -nocase -filter {name =~"APU*" && jtag_cable_name =~ "Digilent Zed 210248A39C93"} -index 0
rst -system
after 3000
targets -set -nocase -filter {name =~"APU*" && jtag_cable_name =~ "Digilent Zed 210248A39C93"} -index 0
loadhw -hw D:/Sem_6/AELD/Labs/Lab_1/Lab_1.sdk/design_1_wrapper_hw_platform_0/system.hdf -mem-ranges [list {0x40000000 0xbfffffff}]
configparams force-mem-access 1
targets -set -nocase -filter {name =~"APU*" && jtag_cable_name =~ "Digilent Zed 210248A39C93"} -index 0
ps7_init
ps7_post_config
targets -set -nocase -filter {name =~ "ARM*#0" && jtag_cable_name =~ "Digilent Zed 210248A39C93"} -index 0
dow D:/Sem_6/AELD/Labs/Lab_1/Lab_1.sdk/Lab_1/Debug/Lab_1.elf
configparams force-mem-access 0
----------------End of Script----------------

11:38:10 INFO  : Context for processor 'ps7_cortexa9_0' is selected.
11:38:10 INFO  : 'con' command is executed.
11:38:10 INFO  : ----------------XSDB Script (After Launch)----------------
targets -set -nocase -filter {name =~ "ARM*#0" && jtag_cable_name =~ "Digilent Zed 210248A39C93"} -index 0
con
----------------End of Script----------------

11:38:10 INFO  : Launch script is exported to file 'D:\Sem_6\AELD\Labs\Lab_1\Lab_1.sdk\.sdk\launch_scripts\xilinx_c-c++_application_(system_debugger)\system_debugger_using_debug_lab_1.elf_on_remzeb.tcl'
11:43:57 WARN  : channel "tcfchan#1" closed
13:38:24 INFO  : Connected through redirection to target on host '192.168.226.142' and port '55269'.
13:38:24 INFO  : Jtag cable 'Digilent Zed 210248A39C93' is selected.
13:38:24 INFO  : 'jtag frequency' command is executed.
13:38:24 INFO  : Sourcing of 'D:/Sem_6/AELD/Labs/Lab_1/Lab_1.sdk/design_1_wrapper_hw_platform_0/ps7_init.tcl' is done.
13:38:25 INFO  : Context for 'APU' is selected.
13:38:29 INFO  : System reset is completed.
13:38:32 INFO  : 'after 3000' command is executed.
13:38:32 INFO  : Context for 'APU' is selected.
13:38:32 INFO  : Hardware design information is loaded from 'D:/Sem_6/AELD/Labs/Lab_1/Lab_1.sdk/design_1_wrapper_hw_platform_0/system.hdf'.
13:38:33 INFO  : 'configparams force-mem-access 1' command is executed.
13:38:33 INFO  : Context for 'APU' is selected.
13:39:21 INFO  : 'ps7_init' command is executed.
13:39:22 INFO  : 'ps7_post_config' command is executed.
13:39:22 INFO  : Context for processor 'ps7_cortexa9_0' is selected.
13:39:23 INFO  : The application 'D:/Sem_6/AELD/Labs/Lab_1/Lab_1.sdk/Lab_1/Debug/Lab_1.elf' is downloaded to processor 'ps7_cortexa9_0'.
13:39:23 INFO  : 'configparams force-mem-access 0' command is executed.
13:39:23 INFO  : ----------------XSDB Script----------------
connect -path [list tcp::1534 tcp:192.168.226.142:55269]
source D:/Sem_6/AELD/Labs/Lab_1/Lab_1.sdk/design_1_wrapper_hw_platform_0/ps7_init.tcl
targets -set -nocase -filter {name =~"APU*" && jtag_cable_name =~ "Digilent Zed 210248A39C93"} -index 0
rst -system
after 3000
targets -set -nocase -filter {name =~"APU*" && jtag_cable_name =~ "Digilent Zed 210248A39C93"} -index 0
loadhw -hw D:/Sem_6/AELD/Labs/Lab_1/Lab_1.sdk/design_1_wrapper_hw_platform_0/system.hdf -mem-ranges [list {0x40000000 0xbfffffff}]
configparams force-mem-access 1
targets -set -nocase -filter {name =~"APU*" && jtag_cable_name =~ "Digilent Zed 210248A39C93"} -index 0
ps7_init
ps7_post_config
targets -set -nocase -filter {name =~ "ARM*#0" && jtag_cable_name =~ "Digilent Zed 210248A39C93"} -index 0
dow D:/Sem_6/AELD/Labs/Lab_1/Lab_1.sdk/Lab_1/Debug/Lab_1.elf
configparams force-mem-access 0
----------------End of Script----------------

13:39:25 INFO  : Context for processor 'ps7_cortexa9_0' is selected.
13:39:25 INFO  : 'con' command is executed.
13:39:25 INFO  : ----------------XSDB Script (After Launch)----------------
targets -set -nocase -filter {name =~ "ARM*#0" && jtag_cable_name =~ "Digilent Zed 210248A39C93"} -index 0
con
----------------End of Script----------------

13:39:25 INFO  : Launch script is exported to file 'D:\Sem_6\AELD\Labs\Lab_1\Lab_1.sdk\.sdk\launch_scripts\xilinx_c-c++_application_(system_debugger)\system_debugger_using_debug_lab_1.elf_on_remzeb.tcl'
13:42:20 INFO  : Disconnected from the channel tcfchan#2.
13:42:21 INFO  : Connected through redirection to target on host '192.168.226.142' and port '55269'.
13:42:22 INFO  : Jtag cable 'Digilent Zed 210248A39C93' is selected.
13:42:22 INFO  : 'jtag frequency' command is executed.
13:42:22 INFO  : Sourcing of 'D:/Sem_6/AELD/Labs/Lab_1/Lab_1.sdk/design_1_wrapper_hw_platform_0/ps7_init.tcl' is done.
13:42:22 INFO  : Context for 'APU' is selected.
13:42:25 INFO  : System reset is completed.
13:42:28 INFO  : 'after 3000' command is executed.
13:42:29 INFO  : Context for 'APU' is selected.
13:42:30 INFO  : Hardware design information is loaded from 'D:/Sem_6/AELD/Labs/Lab_1/Lab_1.sdk/design_1_wrapper_hw_platform_0/system.hdf'.
13:42:30 INFO  : 'configparams force-mem-access 1' command is executed.
13:42:31 INFO  : Context for 'APU' is selected.
13:43:09 INFO  : 'ps7_init' command is executed.
13:43:10 INFO  : 'ps7_post_config' command is executed.
13:43:10 INFO  : Context for processor 'ps7_cortexa9_0' is selected.
13:43:11 INFO  : The application 'D:/Sem_6/AELD/Labs/Lab_1/Lab_1.sdk/Lab_1/Debug/Lab_1.elf' is downloaded to processor 'ps7_cortexa9_0'.
13:43:11 INFO  : 'configparams force-mem-access 0' command is executed.
13:43:11 INFO  : ----------------XSDB Script----------------
connect -path [list tcp::1534 tcp:192.168.226.142:55269]
source D:/Sem_6/AELD/Labs/Lab_1/Lab_1.sdk/design_1_wrapper_hw_platform_0/ps7_init.tcl
targets -set -nocase -filter {name =~"APU*" && jtag_cable_name =~ "Digilent Zed 210248A39C93"} -index 0
rst -system
after 3000
targets -set -nocase -filter {name =~"APU*" && jtag_cable_name =~ "Digilent Zed 210248A39C93"} -index 0
loadhw -hw D:/Sem_6/AELD/Labs/Lab_1/Lab_1.sdk/design_1_wrapper_hw_platform_0/system.hdf -mem-ranges [list {0x40000000 0xbfffffff}]
configparams force-mem-access 1
targets -set -nocase -filter {name =~"APU*" && jtag_cable_name =~ "Digilent Zed 210248A39C93"} -index 0
ps7_init
ps7_post_config
targets -set -nocase -filter {name =~ "ARM*#0" && jtag_cable_name =~ "Digilent Zed 210248A39C93"} -index 0
dow D:/Sem_6/AELD/Labs/Lab_1/Lab_1.sdk/Lab_1/Debug/Lab_1.elf
configparams force-mem-access 0
----------------End of Script----------------

13:43:12 INFO  : Context for processor 'ps7_cortexa9_0' is selected.
13:43:12 INFO  : 'con' command is executed.
13:43:12 INFO  : ----------------XSDB Script (After Launch)----------------
targets -set -nocase -filter {name =~ "ARM*#0" && jtag_cable_name =~ "Digilent Zed 210248A39C93"} -index 0
con
----------------End of Script----------------

13:43:12 INFO  : Launch script is exported to file 'D:\Sem_6\AELD\Labs\Lab_1\Lab_1.sdk\.sdk\launch_scripts\xilinx_c-c++_application_(system_debugger)\system_debugger_using_debug_lab_1.elf_on_remzeb.tcl'
13:45:05 WARN  : channel "tcfchan#3" closed
13:48:13 INFO  : Connected through redirection to target on host '192.168.226.142' and port '52130'.
13:48:14 INFO  : Jtag cable 'Digilent Zed 210248A39C93' is selected.
13:48:14 INFO  : 'jtag frequency' command is executed.
13:48:14 INFO  : Sourcing of 'D:/Sem_6/AELD/Labs/Lab_1/Lab_1.sdk/design_1_wrapper_hw_platform_0/ps7_init.tcl' is done.
13:48:15 INFO  : Context for 'APU' is selected.
13:48:18 INFO  : System reset is completed.
13:48:21 INFO  : 'after 3000' command is executed.
13:48:22 INFO  : Context for 'APU' is selected.
13:48:22 INFO  : Hardware design information is loaded from 'D:/Sem_6/AELD/Labs/Lab_1/Lab_1.sdk/design_1_wrapper_hw_platform_0/system.hdf'.
13:48:22 INFO  : 'configparams force-mem-access 1' command is executed.
13:48:22 INFO  : Context for 'APU' is selected.
13:49:14 INFO  : 'ps7_init' command is executed.
13:49:15 INFO  : 'ps7_post_config' command is executed.
13:49:15 INFO  : Context for processor 'ps7_cortexa9_0' is selected.
13:49:16 INFO  : The application 'D:/Sem_6/AELD/Labs/Lab_1/Lab_1.sdk/Lab_1/Debug/Lab_1.elf' is downloaded to processor 'ps7_cortexa9_0'.
13:49:16 INFO  : 'configparams force-mem-access 0' command is executed.
13:49:16 INFO  : ----------------XSDB Script----------------
connect -path [list tcp::1534 tcp:192.168.226.142:52130]
source D:/Sem_6/AELD/Labs/Lab_1/Lab_1.sdk/design_1_wrapper_hw_platform_0/ps7_init.tcl
targets -set -nocase -filter {name =~"APU*" && jtag_cable_name =~ "Digilent Zed 210248A39C93"} -index 0
rst -system
after 3000
targets -set -nocase -filter {name =~"APU*" && jtag_cable_name =~ "Digilent Zed 210248A39C93"} -index 0
loadhw -hw D:/Sem_6/AELD/Labs/Lab_1/Lab_1.sdk/design_1_wrapper_hw_platform_0/system.hdf -mem-ranges [list {0x40000000 0xbfffffff}]
configparams force-mem-access 1
targets -set -nocase -filter {name =~"APU*" && jtag_cable_name =~ "Digilent Zed 210248A39C93"} -index 0
ps7_init
ps7_post_config
targets -set -nocase -filter {name =~ "ARM*#0" && jtag_cable_name =~ "Digilent Zed 210248A39C93"} -index 0
dow D:/Sem_6/AELD/Labs/Lab_1/Lab_1.sdk/Lab_1/Debug/Lab_1.elf
configparams force-mem-access 0
----------------End of Script----------------

13:49:18 INFO  : Context for processor 'ps7_cortexa9_0' is selected.
13:49:18 INFO  : 'con' command is executed.
13:49:18 INFO  : ----------------XSDB Script (After Launch)----------------
targets -set -nocase -filter {name =~ "ARM*#0" && jtag_cable_name =~ "Digilent Zed 210248A39C93"} -index 0
con
----------------End of Script----------------

13:49:18 INFO  : Launch script is exported to file 'D:\Sem_6\AELD\Labs\Lab_1\Lab_1.sdk\.sdk\launch_scripts\xilinx_c-c++_application_(system_debugger)\system_debugger_using_debug_lab_1.elf_on_remzeb.tcl'
13:50:41 INFO  : Disconnected from the channel tcfchan#4.
13:50:47 INFO  : Connected through redirection to target on host '192.168.226.142' and port '52130'.
13:50:50 INFO  : Jtag cable 'Digilent Zed 210248A39C93' is selected.
13:50:50 INFO  : 'jtag frequency' command is executed.
13:50:50 INFO  : Sourcing of 'D:/Sem_6/AELD/Labs/Lab_1/Lab_1.sdk/design_1_wrapper_hw_platform_0/ps7_init.tcl' is done.
13:50:52 INFO  : Context for 'APU' is selected.
13:50:53 INFO  : System reset is completed.
13:50:56 INFO  : 'after 3000' command is executed.
13:50:56 INFO  : Context for 'APU' is selected.
13:50:57 INFO  : Hardware design information is loaded from 'D:/Sem_6/AELD/Labs/Lab_1/Lab_1.sdk/design_1_wrapper_hw_platform_0/system.hdf'.
13:50:57 INFO  : 'configparams force-mem-access 1' command is executed.
13:50:57 INFO  : Context for 'APU' is selected.
13:51:14 INFO  : 'ps7_init' command is executed.
13:51:15 INFO  : 'ps7_post_config' command is executed.
13:51:15 INFO  : Context for processor 'ps7_cortexa9_0' is selected.
13:51:16 INFO  : The application 'D:/Sem_6/AELD/Labs/Lab_1/Lab_1.sdk/Lab_1/Debug/Lab_1.elf' is downloaded to processor 'ps7_cortexa9_0'.
13:51:17 INFO  : 'configparams force-mem-access 0' command is executed.
13:51:17 INFO  : ----------------XSDB Script----------------
connect -path [list tcp::1534 tcp:192.168.226.142:52130]
source D:/Sem_6/AELD/Labs/Lab_1/Lab_1.sdk/design_1_wrapper_hw_platform_0/ps7_init.tcl
targets -set -nocase -filter {name =~"APU*" && jtag_cable_name =~ "Digilent Zed 210248A39C93"} -index 0
rst -system
after 3000
targets -set -nocase -filter {name =~"APU*" && jtag_cable_name =~ "Digilent Zed 210248A39C93"} -index 0
loadhw -hw D:/Sem_6/AELD/Labs/Lab_1/Lab_1.sdk/design_1_wrapper_hw_platform_0/system.hdf -mem-ranges [list {0x40000000 0xbfffffff}]
configparams force-mem-access 1
targets -set -nocase -filter {name =~"APU*" && jtag_cable_name =~ "Digilent Zed 210248A39C93"} -index 0
ps7_init
ps7_post_config
targets -set -nocase -filter {name =~ "ARM*#0" && jtag_cable_name =~ "Digilent Zed 210248A39C93"} -index 0
dow D:/Sem_6/AELD/Labs/Lab_1/Lab_1.sdk/Lab_1/Debug/Lab_1.elf
configparams force-mem-access 0
----------------End of Script----------------

13:51:17 INFO  : Context for processor 'ps7_cortexa9_0' is selected.
13:51:17 INFO  : 'con' command is executed.
13:51:17 INFO  : ----------------XSDB Script (After Launch)----------------
targets -set -nocase -filter {name =~ "ARM*#0" && jtag_cable_name =~ "Digilent Zed 210248A39C93"} -index 0
con
----------------End of Script----------------

13:51:17 INFO  : Launch script is exported to file 'D:\Sem_6\AELD\Labs\Lab_1\Lab_1.sdk\.sdk\launch_scripts\xilinx_c-c++_application_(system_debugger)\system_debugger_using_debug_lab_1.elf_on_remzeb.tcl'
13:57:02 INFO  : Disconnected from the channel tcfchan#5.
23:37:14 INFO  : Launching XSCT server: xsct.bat -interactive D:\Sem_6\AELD\Labs\Lab_1\Lab_1.sdk\temp_xsdb_launch_script.tcl
23:37:14 INFO  : Registering command handlers for SDK TCF services
23:37:16 INFO  : XSCT server has started successfully.
23:37:19 INFO  : Successfully done setting XSCT server connection channel  
23:37:19 INFO  : Successfully done setting SDK workspace  
23:37:19 INFO  : Processing command line option -hwspec D:/Sem_6/AELD/Labs/Lab_1/Lab_1.sdk/design_1_wrapper.hdf.
23:37:19 INFO  : Checking for hwspec changes in the project design_1_wrapper_hw_platform_0.
11:52:47 INFO  : Registering command handlers for SDK TCF services
11:52:47 INFO  : Launching XSCT server: xsct.bat -interactive D:\Sem_6\AELD\Labs\Lab_1\Lab_1.sdk\temp_xsdb_launch_script.tcl
11:52:49 INFO  : XSCT server has started successfully.
11:52:50 INFO  : Successfully done setting XSCT server connection channel  
11:52:50 INFO  : Processing command line option -hwspec D:/Sem_6/AELD/Labs/Lab_1/Lab_1.sdk/design_1_wrapper.hdf.
11:52:50 INFO  : Successfully done setting SDK workspace  
11:52:50 INFO  : Checking for hwspec changes in the project design_1_wrapper_hw_platform_0.
11:53:51 INFO  : Connected to target on host '127.0.0.1' and port '3121'.
11:53:51 INFO  : Jtag cable 'Digilent Zed 210248A39C83' is selected.
11:53:51 INFO  : 'jtag frequency' command is executed.
11:53:51 INFO  : Sourcing of 'D:/Sem_6/AELD/Labs/Lab_1/Lab_1.sdk/design_1_wrapper_hw_platform_0/ps7_init.tcl' is done.
11:53:51 INFO  : Context for 'APU' is selected.
11:53:52 INFO  : System reset is completed.
11:53:55 INFO  : 'after 3000' command is executed.
11:53:55 INFO  : Context for 'APU' is selected.
11:53:55 INFO  : Hardware design information is loaded from 'D:/Sem_6/AELD/Labs/Lab_1/Lab_1.sdk/design_1_wrapper_hw_platform_0/system.hdf'.
11:53:55 INFO  : 'configparams force-mem-access 1' command is executed.
11:53:55 INFO  : Context for 'APU' is selected.
11:53:55 INFO  : 'ps7_init' command is executed.
11:53:55 INFO  : 'ps7_post_config' command is executed.
11:53:55 INFO  : Context for processor 'ps7_cortexa9_0' is selected.
11:53:55 INFO  : The application 'D:/Sem_6/AELD/Labs/Lab_1/Lab_1.sdk/Lab_1/Debug/Lab_1.elf' is downloaded to processor 'ps7_cortexa9_0'.
11:53:55 INFO  : 'configparams force-mem-access 0' command is executed.
11:53:55 INFO  : ----------------XSDB Script----------------
connect -url tcp:127.0.0.1:3121
source D:/Sem_6/AELD/Labs/Lab_1/Lab_1.sdk/design_1_wrapper_hw_platform_0/ps7_init.tcl
targets -set -nocase -filter {name =~"APU*" && jtag_cable_name =~ "Digilent Zed 210248A39C83"} -index 0
rst -system
after 3000
targets -set -nocase -filter {name =~"APU*" && jtag_cable_name =~ "Digilent Zed 210248A39C83"} -index 0
loadhw -hw D:/Sem_6/AELD/Labs/Lab_1/Lab_1.sdk/design_1_wrapper_hw_platform_0/system.hdf -mem-ranges [list {0x40000000 0xbfffffff}]
configparams force-mem-access 1
targets -set -nocase -filter {name =~"APU*" && jtag_cable_name =~ "Digilent Zed 210248A39C83"} -index 0
ps7_init
ps7_post_config
targets -set -nocase -filter {name =~ "ARM*#0" && jtag_cable_name =~ "Digilent Zed 210248A39C83"} -index 0
dow D:/Sem_6/AELD/Labs/Lab_1/Lab_1.sdk/Lab_1/Debug/Lab_1.elf
configparams force-mem-access 0
----------------End of Script----------------

11:53:56 INFO  : Context for processor 'ps7_cortexa9_0' is selected.
11:53:56 INFO  : 'con' command is executed.
11:53:56 INFO  : ----------------XSDB Script (After Launch)----------------
targets -set -nocase -filter {name =~ "ARM*#0" && jtag_cable_name =~ "Digilent Zed 210248A39C83"} -index 0
con
----------------End of Script----------------

11:53:56 INFO  : Launch script is exported to file 'D:\Sem_6\AELD\Labs\Lab_1\Lab_1.sdk\.sdk\launch_scripts\xilinx_c-c++_application_(system_debugger)\system_debugger_using_debug_lab_1.elf_on_remzeb.tcl'
11:55:13 INFO  : Disconnected from the channel tcfchan#1.
11:55:14 INFO  : Connected to target on host '127.0.0.1' and port '3121'.
11:55:14 INFO  : Jtag cable 'Digilent Zed 210248A39C83' is selected.
11:55:14 INFO  : 'jtag frequency' command is executed.
11:55:14 INFO  : Sourcing of 'D:/Sem_6/AELD/Labs/Lab_1/Lab_1.sdk/design_1_wrapper_hw_platform_0/ps7_init.tcl' is done.
11:55:14 INFO  : Context for 'APU' is selected.
11:55:14 INFO  : System reset is completed.
11:55:17 INFO  : 'after 3000' command is executed.
11:55:17 INFO  : Context for 'APU' is selected.
11:55:18 INFO  : Hardware design information is loaded from 'D:/Sem_6/AELD/Labs/Lab_1/Lab_1.sdk/design_1_wrapper_hw_platform_0/system.hdf'.
11:55:18 INFO  : 'configparams force-mem-access 1' command is executed.
11:55:19 INFO  : Context for 'APU' is selected.
11:55:19 INFO  : 'ps7_init' command is executed.
11:55:19 INFO  : 'ps7_post_config' command is executed.
11:55:19 INFO  : Context for processor 'ps7_cortexa9_0' is selected.
11:55:19 INFO  : The application 'D:/Sem_6/AELD/Labs/Lab_1/Lab_1.sdk/Lab_1/Debug/Lab_1.elf' is downloaded to processor 'ps7_cortexa9_0'.
11:55:19 INFO  : 'configparams force-mem-access 0' command is executed.
11:55:19 INFO  : ----------------XSDB Script----------------
connect -url tcp:127.0.0.1:3121
source D:/Sem_6/AELD/Labs/Lab_1/Lab_1.sdk/design_1_wrapper_hw_platform_0/ps7_init.tcl
targets -set -nocase -filter {name =~"APU*" && jtag_cable_name =~ "Digilent Zed 210248A39C83"} -index 0
rst -system
after 3000
targets -set -nocase -filter {name =~"APU*" && jtag_cable_name =~ "Digilent Zed 210248A39C83"} -index 0
loadhw -hw D:/Sem_6/AELD/Labs/Lab_1/Lab_1.sdk/design_1_wrapper_hw_platform_0/system.hdf -mem-ranges [list {0x40000000 0xbfffffff}]
configparams force-mem-access 1
targets -set -nocase -filter {name =~"APU*" && jtag_cable_name =~ "Digilent Zed 210248A39C83"} -index 0
ps7_init
ps7_post_config
targets -set -nocase -filter {name =~ "ARM*#0" && jtag_cable_name =~ "Digilent Zed 210248A39C83"} -index 0
dow D:/Sem_6/AELD/Labs/Lab_1/Lab_1.sdk/Lab_1/Debug/Lab_1.elf
configparams force-mem-access 0
----------------End of Script----------------

11:55:19 INFO  : Context for processor 'ps7_cortexa9_0' is selected.
11:55:20 INFO  : 'con' command is executed.
11:55:20 INFO  : ----------------XSDB Script (After Launch)----------------
targets -set -nocase -filter {name =~ "ARM*#0" && jtag_cable_name =~ "Digilent Zed 210248A39C83"} -index 0
con
----------------End of Script----------------

11:55:20 INFO  : Launch script is exported to file 'D:\Sem_6\AELD\Labs\Lab_1\Lab_1.sdk\.sdk\launch_scripts\xilinx_c-c++_application_(system_debugger)\system_debugger_using_debug_lab_1.elf_on_remzeb.tcl'
12:05:10 INFO  : Disconnected from the channel tcfchan#2.
12:05:11 INFO  : Connected to target on host '127.0.0.1' and port '3121'.
12:05:12 INFO  : Jtag cable 'Digilent Zed 210248A39C83' is selected.
12:05:12 INFO  : 'jtag frequency' command is executed.
12:05:12 INFO  : Sourcing of 'D:/Sem_6/AELD/Labs/Lab_1/Lab_1.sdk/design_1_wrapper_hw_platform_0/ps7_init.tcl' is done.
12:05:12 INFO  : Context for 'APU' is selected.
12:05:12 INFO  : System reset is completed.
12:05:15 INFO  : 'after 3000' command is executed.
12:05:15 INFO  : Context for 'APU' is selected.
12:05:16 INFO  : Hardware design information is loaded from 'D:/Sem_6/AELD/Labs/Lab_1/Lab_1.sdk/design_1_wrapper_hw_platform_0/system.hdf'.
12:05:16 INFO  : 'configparams force-mem-access 1' command is executed.
12:05:16 INFO  : Context for 'APU' is selected.
12:05:16 INFO  : 'ps7_init' command is executed.
12:05:16 INFO  : 'ps7_post_config' command is executed.
12:05:16 INFO  : Context for processor 'ps7_cortexa9_0' is selected.
12:05:17 INFO  : The application 'D:/Sem_6/AELD/Labs/Lab_1/Lab_1.sdk/Lab_1/Debug/Lab_1.elf' is downloaded to processor 'ps7_cortexa9_0'.
12:05:17 INFO  : 'configparams force-mem-access 0' command is executed.
12:05:17 INFO  : ----------------XSDB Script----------------
connect -url tcp:127.0.0.1:3121
source D:/Sem_6/AELD/Labs/Lab_1/Lab_1.sdk/design_1_wrapper_hw_platform_0/ps7_init.tcl
targets -set -nocase -filter {name =~"APU*" && jtag_cable_name =~ "Digilent Zed 210248A39C83"} -index 0
rst -system
after 3000
targets -set -nocase -filter {name =~"APU*" && jtag_cable_name =~ "Digilent Zed 210248A39C83"} -index 0
loadhw -hw D:/Sem_6/AELD/Labs/Lab_1/Lab_1.sdk/design_1_wrapper_hw_platform_0/system.hdf -mem-ranges [list {0x40000000 0xbfffffff}]
configparams force-mem-access 1
targets -set -nocase -filter {name =~"APU*" && jtag_cable_name =~ "Digilent Zed 210248A39C83"} -index 0
ps7_init
ps7_post_config
targets -set -nocase -filter {name =~ "ARM*#0" && jtag_cable_name =~ "Digilent Zed 210248A39C83"} -index 0
dow D:/Sem_6/AELD/Labs/Lab_1/Lab_1.sdk/Lab_1/Debug/Lab_1.elf
configparams force-mem-access 0
----------------End of Script----------------

12:05:17 INFO  : Context for processor 'ps7_cortexa9_0' is selected.
12:05:17 INFO  : 'con' command is executed.
12:05:17 INFO  : ----------------XSDB Script (After Launch)----------------
targets -set -nocase -filter {name =~ "ARM*#0" && jtag_cable_name =~ "Digilent Zed 210248A39C83"} -index 0
con
----------------End of Script----------------

12:05:17 INFO  : Launch script is exported to file 'D:\Sem_6\AELD\Labs\Lab_1\Lab_1.sdk\.sdk\launch_scripts\xilinx_c-c++_application_(system_debugger)\system_debugger_using_debug_lab_1.elf_on_remzeb.tcl'
13:30:42 INFO  : Disconnected from the channel tcfchan#3.
13:30:43 INFO  : Connected to target on host '127.0.0.1' and port '3121'.
13:30:43 INFO  : Jtag cable 'Digilent Zed 210248A39C83' is selected.
13:30:43 INFO  : 'jtag frequency' command is executed.
13:30:43 INFO  : Sourcing of 'D:/Sem_6/AELD/Labs/Lab_1/Lab_1.sdk/design_1_wrapper_hw_platform_0/ps7_init.tcl' is done.
13:30:43 INFO  : Context for 'APU' is selected.
13:30:43 INFO  : System reset is completed.
13:30:46 INFO  : 'after 3000' command is executed.
13:30:46 INFO  : Context for 'APU' is selected.
13:30:47 INFO  : Hardware design information is loaded from 'D:/Sem_6/AELD/Labs/Lab_1/Lab_1.sdk/design_1_wrapper_hw_platform_0/system.hdf'.
13:30:47 INFO  : 'configparams force-mem-access 1' command is executed.
13:30:47 INFO  : Context for 'APU' is selected.
13:30:48 INFO  : 'ps7_init' command is executed.
13:30:48 INFO  : 'ps7_post_config' command is executed.
13:30:48 INFO  : Context for processor 'ps7_cortexa9_0' is selected.
13:30:48 INFO  : The application 'D:/Sem_6/AELD/Labs/Lab_1/Lab_1.sdk/Lab_1/Debug/Lab_1.elf' is downloaded to processor 'ps7_cortexa9_0'.
13:30:48 INFO  : 'configparams force-mem-access 0' command is executed.
13:30:48 INFO  : ----------------XSDB Script----------------
connect -url tcp:127.0.0.1:3121
source D:/Sem_6/AELD/Labs/Lab_1/Lab_1.sdk/design_1_wrapper_hw_platform_0/ps7_init.tcl
targets -set -nocase -filter {name =~"APU*" && jtag_cable_name =~ "Digilent Zed 210248A39C83"} -index 0
rst -system
after 3000
targets -set -nocase -filter {name =~"APU*" && jtag_cable_name =~ "Digilent Zed 210248A39C83"} -index 0
loadhw -hw D:/Sem_6/AELD/Labs/Lab_1/Lab_1.sdk/design_1_wrapper_hw_platform_0/system.hdf -mem-ranges [list {0x40000000 0xbfffffff}]
configparams force-mem-access 1
targets -set -nocase -filter {name =~"APU*" && jtag_cable_name =~ "Digilent Zed 210248A39C83"} -index 0
ps7_init
ps7_post_config
targets -set -nocase -filter {name =~ "ARM*#0" && jtag_cable_name =~ "Digilent Zed 210248A39C83"} -index 0
dow D:/Sem_6/AELD/Labs/Lab_1/Lab_1.sdk/Lab_1/Debug/Lab_1.elf
configparams force-mem-access 0
----------------End of Script----------------

13:30:48 INFO  : Context for processor 'ps7_cortexa9_0' is selected.
13:30:48 INFO  : 'con' command is executed.
13:30:48 INFO  : ----------------XSDB Script (After Launch)----------------
targets -set -nocase -filter {name =~ "ARM*#0" && jtag_cable_name =~ "Digilent Zed 210248A39C83"} -index 0
con
----------------End of Script----------------

13:30:48 INFO  : Launch script is exported to file 'D:\Sem_6\AELD\Labs\Lab_1\Lab_1.sdk\.sdk\launch_scripts\xilinx_c-c++_application_(system_debugger)\system_debugger_using_debug_lab_1.elf_on_remzeb.tcl'
13:31:26 INFO  : Disconnected from the channel tcfchan#4.
14:39:06 INFO  : Launching XSCT server: xsct.bat -interactive D:\Sem_6\AELD\Labs\Lab_1\Lab_1.sdk\temp_xsdb_launch_script.tcl
14:39:06 INFO  : Registering command handlers for SDK TCF services
14:39:09 INFO  : XSCT server has started successfully.
14:39:12 INFO  : Successfully done setting XSCT server connection channel  
14:39:12 INFO  : Successfully done setting SDK workspace  
14:39:12 INFO  : Processing command line option -hwspec D:/Sem_6/AELD/Labs/Lab_1/Lab_1.sdk/design_1_wrapper.hdf.
14:39:12 INFO  : Checking for hwspec changes in the project design_1_wrapper_hw_platform_0.
15:25:16 INFO  : Connected through redirection to target on host '192.168.226.142' and port '62249'.
15:25:17 INFO  : Jtag cable 'Digilent Zed 210248A39C93' is selected.
15:25:17 INFO  : 'jtag frequency' command is executed.
15:25:17 INFO  : Sourcing of 'D:/Sem_6/AELD/Labs/Lab_1/Lab_1.sdk/design_1_wrapper_hw_platform_0/ps7_init.tcl' is done.
15:25:17 INFO  : Context for 'APU' is selected.
15:25:18 INFO  : System reset is completed.
15:25:21 INFO  : 'after 3000' command is executed.
15:25:21 INFO  : Context for 'APU' is selected.
15:25:22 INFO  : Hardware design information is loaded from 'D:/Sem_6/AELD/Labs/Lab_1/Lab_1.sdk/design_1_wrapper_hw_platform_0/system.hdf'.
15:25:22 INFO  : 'configparams force-mem-access 1' command is executed.
15:25:22 INFO  : Context for 'APU' is selected.
15:25:33 INFO  : 'ps7_init' command is executed.
15:25:33 INFO  : 'ps7_post_config' command is executed.
15:25:33 INFO  : Context for processor 'ps7_cortexa9_0' is selected.
15:25:34 INFO  : The application 'D:/Sem_6/AELD/Labs/Lab_1/Lab_1.sdk/Lab_1/Debug/Lab_1.elf' is downloaded to processor 'ps7_cortexa9_0'.
15:25:34 INFO  : 'configparams force-mem-access 0' command is executed.
15:25:34 INFO  : ----------------XSDB Script----------------
connect -path [list tcp::1534 tcp:192.168.226.142:62249]
source D:/Sem_6/AELD/Labs/Lab_1/Lab_1.sdk/design_1_wrapper_hw_platform_0/ps7_init.tcl
targets -set -nocase -filter {name =~"APU*" && jtag_cable_name =~ "Digilent Zed 210248A39C93"} -index 0
rst -system
after 3000
targets -set -nocase -filter {name =~"APU*" && jtag_cable_name =~ "Digilent Zed 210248A39C93"} -index 0
loadhw -hw D:/Sem_6/AELD/Labs/Lab_1/Lab_1.sdk/design_1_wrapper_hw_platform_0/system.hdf -mem-ranges [list {0x40000000 0xbfffffff}]
configparams force-mem-access 1
targets -set -nocase -filter {name =~"APU*" && jtag_cable_name =~ "Digilent Zed 210248A39C93"} -index 0
ps7_init
ps7_post_config
targets -set -nocase -filter {name =~ "ARM*#0" && jtag_cable_name =~ "Digilent Zed 210248A39C93"} -index 0
dow D:/Sem_6/AELD/Labs/Lab_1/Lab_1.sdk/Lab_1/Debug/Lab_1.elf
configparams force-mem-access 0
----------------End of Script----------------

15:25:34 INFO  : Context for processor 'ps7_cortexa9_0' is selected.
15:25:35 INFO  : 'con' command is executed.
15:25:35 INFO  : ----------------XSDB Script (After Launch)----------------
targets -set -nocase -filter {name =~ "ARM*#0" && jtag_cable_name =~ "Digilent Zed 210248A39C93"} -index 0
con
----------------End of Script----------------

15:25:35 INFO  : Launch script is exported to file 'D:\Sem_6\AELD\Labs\Lab_1\Lab_1.sdk\.sdk\launch_scripts\xilinx_c-c++_application_(system_debugger)\system_debugger_using_debug_lab_1.elf_on_remzeb.tcl'
15:26:58 INFO  : Disconnected from the channel tcfchan#1.
15:26:59 INFO  : Connected through redirection to target on host '192.168.226.142' and port '62249'.
15:27:09 INFO  : ----------------XSDB Script----------------
connect -path [list tcp::1534 tcp:192.168.226.142:62249]
----------------End of Script----------------

15:27:36 INFO  : Connected through redirection to target on host '192.168.226.142' and port '62249'.
15:27:36 INFO  : Jtag cable 'Digilent Zed 210248A39C93' is selected.
15:27:36 INFO  : 'jtag frequency' command is executed.
15:27:36 INFO  : Sourcing of 'D:/Sem_6/AELD/Labs/Lab_1/Lab_1.sdk/design_1_wrapper_hw_platform_0/ps7_init.tcl' is done.
15:27:36 INFO  : Context for 'APU' is selected.
15:27:37 INFO  : System reset is completed.
15:27:40 INFO  : 'after 3000' command is executed.
15:27:40 INFO  : Context for 'APU' is selected.
15:27:40 INFO  : Hardware design information is loaded from 'D:/Sem_6/AELD/Labs/Lab_1/Lab_1.sdk/design_1_wrapper_hw_platform_0/system.hdf'.
15:27:40 INFO  : 'configparams force-mem-access 1' command is executed.
15:27:40 INFO  : Context for 'APU' is selected.
15:27:52 INFO  : 'ps7_init' command is executed.
15:27:53 INFO  : 'ps7_post_config' command is executed.
15:27:53 INFO  : Context for processor 'ps7_cortexa9_0' is selected.
15:27:53 INFO  : The application 'D:/Sem_6/AELD/Labs/Lab_1/Lab_1.sdk/Lab_1/Debug/Lab_1.elf' is downloaded to processor 'ps7_cortexa9_0'.
15:27:53 INFO  : 'configparams force-mem-access 0' command is executed.
15:27:53 INFO  : ----------------XSDB Script----------------
connect -path [list tcp::1534 tcp:192.168.226.142:62249]
source D:/Sem_6/AELD/Labs/Lab_1/Lab_1.sdk/design_1_wrapper_hw_platform_0/ps7_init.tcl
targets -set -nocase -filter {name =~"APU*" && jtag_cable_name =~ "Digilent Zed 210248A39C93"} -index 0
rst -system
after 3000
targets -set -nocase -filter {name =~"APU*" && jtag_cable_name =~ "Digilent Zed 210248A39C93"} -index 0
loadhw -hw D:/Sem_6/AELD/Labs/Lab_1/Lab_1.sdk/design_1_wrapper_hw_platform_0/system.hdf -mem-ranges [list {0x40000000 0xbfffffff}]
configparams force-mem-access 1
targets -set -nocase -filter {name =~"APU*" && jtag_cable_name =~ "Digilent Zed 210248A39C93"} -index 0
ps7_init
ps7_post_config
targets -set -nocase -filter {name =~ "ARM*#0" && jtag_cable_name =~ "Digilent Zed 210248A39C93"} -index 0
dow D:/Sem_6/AELD/Labs/Lab_1/Lab_1.sdk/Lab_1/Debug/Lab_1.elf
configparams force-mem-access 0
----------------End of Script----------------

15:27:54 INFO  : Context for processor 'ps7_cortexa9_0' is selected.
15:27:54 INFO  : 'con' command is executed.
15:27:54 INFO  : ----------------XSDB Script (After Launch)----------------
targets -set -nocase -filter {name =~ "ARM*#0" && jtag_cable_name =~ "Digilent Zed 210248A39C93"} -index 0
con
----------------End of Script----------------

15:27:54 INFO  : Launch script is exported to file 'D:\Sem_6\AELD\Labs\Lab_1\Lab_1.sdk\.sdk\launch_scripts\xilinx_c-c++_application_(system_debugger)\system_debugger_using_debug_lab_1.elf_on_remzeb.tcl'
15:29:48 INFO  : Disconnected from the channel tcfchan#2.
15:29:49 INFO  : Connected through redirection to target on host '192.168.226.142' and port '62249'.
15:29:49 INFO  : Jtag cable 'Digilent Zed 210248A39C93' is selected.
15:29:49 INFO  : 'jtag frequency' command is executed.
15:29:49 INFO  : Sourcing of 'D:/Sem_6/AELD/Labs/Lab_1/Lab_1.sdk/design_1_wrapper_hw_platform_0/ps7_init.tcl' is done.
15:29:50 INFO  : Context for 'APU' is selected.
15:29:50 INFO  : System reset is completed.
15:29:53 INFO  : 'after 3000' command is executed.
15:29:54 INFO  : Context for 'APU' is selected.
15:29:55 INFO  : Hardware design information is loaded from 'D:/Sem_6/AELD/Labs/Lab_1/Lab_1.sdk/design_1_wrapper_hw_platform_0/system.hdf'.
15:29:55 INFO  : 'configparams force-mem-access 1' command is executed.
15:29:55 INFO  : Context for 'APU' is selected.
15:30:08 INFO  : 'ps7_init' command is executed.
15:30:09 INFO  : 'ps7_post_config' command is executed.
15:30:09 INFO  : Context for processor 'ps7_cortexa9_0' is selected.
15:30:09 INFO  : The application 'D:/Sem_6/AELD/Labs/Lab_1/Lab_1.sdk/Lab_1/Debug/Lab_1.elf' is downloaded to processor 'ps7_cortexa9_0'.
15:30:09 INFO  : 'configparams force-mem-access 0' command is executed.
15:30:09 INFO  : ----------------XSDB Script----------------
connect -path [list tcp::1534 tcp:192.168.226.142:62249]
source D:/Sem_6/AELD/Labs/Lab_1/Lab_1.sdk/design_1_wrapper_hw_platform_0/ps7_init.tcl
targets -set -nocase -filter {name =~"APU*" && jtag_cable_name =~ "Digilent Zed 210248A39C93"} -index 0
rst -system
after 3000
targets -set -nocase -filter {name =~"APU*" && jtag_cable_name =~ "Digilent Zed 210248A39C93"} -index 0
loadhw -hw D:/Sem_6/AELD/Labs/Lab_1/Lab_1.sdk/design_1_wrapper_hw_platform_0/system.hdf -mem-ranges [list {0x40000000 0xbfffffff}]
configparams force-mem-access 1
targets -set -nocase -filter {name =~"APU*" && jtag_cable_name =~ "Digilent Zed 210248A39C93"} -index 0
ps7_init
ps7_post_config
targets -set -nocase -filter {name =~ "ARM*#0" && jtag_cable_name =~ "Digilent Zed 210248A39C93"} -index 0
dow D:/Sem_6/AELD/Labs/Lab_1/Lab_1.sdk/Lab_1/Debug/Lab_1.elf
configparams force-mem-access 0
----------------End of Script----------------

15:30:10 INFO  : Context for processor 'ps7_cortexa9_0' is selected.
15:30:10 INFO  : 'con' command is executed.
15:30:10 INFO  : ----------------XSDB Script (After Launch)----------------
targets -set -nocase -filter {name =~ "ARM*#0" && jtag_cable_name =~ "Digilent Zed 210248A39C93"} -index 0
con
----------------End of Script----------------

15:30:10 INFO  : Launch script is exported to file 'D:\Sem_6\AELD\Labs\Lab_1\Lab_1.sdk\.sdk\launch_scripts\xilinx_c-c++_application_(system_debugger)\system_debugger_using_debug_lab_1.elf_on_remzeb.tcl'
15:30:14 ERROR : (XSDB Server)Channel closed

15:30:14 WARN  : channel "tcfchan#3" closed
15:31:02 INFO  : Connected through redirection to target on host '192.168.226.142' and port '50030'.
15:31:20 INFO  : ----------------XSDB Script----------------
connect -path [list tcp::1534 tcp:192.168.226.142:50030]
----------------End of Script----------------

15:32:02 INFO  : Connected through redirection to target on host '192.168.226.142' and port '50030'.
15:32:20 INFO  : ----------------XSDB Script----------------
connect -path [list tcp::1534 tcp:192.168.226.142:50030]
----------------End of Script----------------

15:33:15 INFO  : Connected through redirection to target on host '192.168.226.142' and port '60280'.
15:33:15 INFO  : Jtag cable 'Digilent Zed 210248722679' is selected.
15:33:15 INFO  : 'jtag frequency' command is executed.
15:33:15 INFO  : Sourcing of 'D:/Sem_6/AELD/Labs/Lab_1/Lab_1.sdk/design_1_wrapper_hw_platform_0/ps7_init.tcl' is done.
15:33:15 INFO  : Context for 'APU' is selected.
15:33:16 INFO  : System reset is completed.
15:33:19 INFO  : 'after 3000' command is executed.
15:33:19 INFO  : Context for 'APU' is selected.
15:33:20 INFO  : Hardware design information is loaded from 'D:/Sem_6/AELD/Labs/Lab_1/Lab_1.sdk/design_1_wrapper_hw_platform_0/system.hdf'.
15:33:20 INFO  : 'configparams force-mem-access 1' command is executed.
15:33:20 INFO  : Context for 'APU' is selected.
15:33:31 INFO  : 'ps7_init' command is executed.
15:33:31 INFO  : 'ps7_post_config' command is executed.
15:33:31 INFO  : Context for processor 'ps7_cortexa9_0' is selected.
15:33:32 INFO  : The application 'D:/Sem_6/AELD/Labs/Lab_1/Lab_1.sdk/Lab_1/Debug/Lab_1.elf' is downloaded to processor 'ps7_cortexa9_0'.
15:33:32 INFO  : 'configparams force-mem-access 0' command is executed.
15:33:32 INFO  : ----------------XSDB Script----------------
connect -path [list tcp::1534 tcp:192.168.226.142:60280]
source D:/Sem_6/AELD/Labs/Lab_1/Lab_1.sdk/design_1_wrapper_hw_platform_0/ps7_init.tcl
targets -set -nocase -filter {name =~"APU*" && jtag_cable_name =~ "Digilent Zed 210248722679"} -index 0
rst -system
after 3000
targets -set -nocase -filter {name =~"APU*" && jtag_cable_name =~ "Digilent Zed 210248722679"} -index 0
loadhw -hw D:/Sem_6/AELD/Labs/Lab_1/Lab_1.sdk/design_1_wrapper_hw_platform_0/system.hdf -mem-ranges [list {0x40000000 0xbfffffff}]
configparams force-mem-access 1
targets -set -nocase -filter {name =~"APU*" && jtag_cable_name =~ "Digilent Zed 210248722679"} -index 0
ps7_init
ps7_post_config
targets -set -nocase -filter {name =~ "ARM*#0" && jtag_cable_name =~ "Digilent Zed 210248722679"} -index 0
dow D:/Sem_6/AELD/Labs/Lab_1/Lab_1.sdk/Lab_1/Debug/Lab_1.elf
configparams force-mem-access 0
----------------End of Script----------------

15:33:32 INFO  : Context for processor 'ps7_cortexa9_0' is selected.
15:33:33 INFO  : 'con' command is executed.
15:33:33 INFO  : ----------------XSDB Script (After Launch)----------------
targets -set -nocase -filter {name =~ "ARM*#0" && jtag_cable_name =~ "Digilent Zed 210248722679"} -index 0
con
----------------End of Script----------------

15:33:33 INFO  : Launch script is exported to file 'D:\Sem_6\AELD\Labs\Lab_1\Lab_1.sdk\.sdk\launch_scripts\xilinx_c-c++_application_(system_debugger)\system_debugger_using_debug_lab_1.elf_on_remzeb.tcl'
15:40:53 INFO  : Disconnected from the channel tcfchan#5.
15:40:55 INFO  : Connected through redirection to target on host '192.168.226.142' and port '60280'.
15:41:04 INFO  : ----------------XSDB Script----------------
connect -path [list tcp::1534 tcp:192.168.226.142:60280]
----------------End of Script----------------

15:42:01 INFO  : Connected through redirection to target on host '192.168.226.142' and port '60280'.
15:42:01 INFO  : Jtag cable 'Digilent Zed 210248722679' is selected.
15:42:01 INFO  : 'jtag frequency' command is executed.
15:42:01 INFO  : Sourcing of 'D:/Sem_6/AELD/Labs/Lab_1/Lab_1.sdk/design_1_wrapper_hw_platform_0/ps7_init.tcl' is done.
15:42:01 INFO  : Context for 'APU' is selected.
15:42:02 INFO  : System reset is completed.
15:42:05 INFO  : 'after 3000' command is executed.
15:42:05 INFO  : Context for 'APU' is selected.
15:42:06 INFO  : Hardware design information is loaded from 'D:/Sem_6/AELD/Labs/Lab_1/Lab_1.sdk/design_1_wrapper_hw_platform_0/system.hdf'.
15:42:06 INFO  : 'configparams force-mem-access 1' command is executed.
15:42:06 INFO  : Context for 'APU' is selected.
15:42:17 INFO  : 'ps7_init' command is executed.
15:42:17 INFO  : 'ps7_post_config' command is executed.
15:42:18 INFO  : Context for processor 'ps7_cortexa9_0' is selected.
15:42:18 INFO  : The application 'D:/Sem_6/AELD/Labs/Lab_1/Lab_1.sdk/Lab_1/Debug/Lab_1.elf' is downloaded to processor 'ps7_cortexa9_0'.
15:42:18 INFO  : 'configparams force-mem-access 0' command is executed.
15:42:18 INFO  : ----------------XSDB Script----------------
connect -path [list tcp::1534 tcp:192.168.226.142:60280]
source D:/Sem_6/AELD/Labs/Lab_1/Lab_1.sdk/design_1_wrapper_hw_platform_0/ps7_init.tcl
targets -set -nocase -filter {name =~"APU*" && jtag_cable_name =~ "Digilent Zed 210248722679"} -index 0
rst -system
after 3000
targets -set -nocase -filter {name =~"APU*" && jtag_cable_name =~ "Digilent Zed 210248722679"} -index 0
loadhw -hw D:/Sem_6/AELD/Labs/Lab_1/Lab_1.sdk/design_1_wrapper_hw_platform_0/system.hdf -mem-ranges [list {0x40000000 0xbfffffff}]
configparams force-mem-access 1
targets -set -nocase -filter {name =~"APU*" && jtag_cable_name =~ "Digilent Zed 210248722679"} -index 0
ps7_init
ps7_post_config
targets -set -nocase -filter {name =~ "ARM*#0" && jtag_cable_name =~ "Digilent Zed 210248722679"} -index 0
dow D:/Sem_6/AELD/Labs/Lab_1/Lab_1.sdk/Lab_1/Debug/Lab_1.elf
configparams force-mem-access 0
----------------End of Script----------------

15:42:19 INFO  : Context for processor 'ps7_cortexa9_0' is selected.
15:42:19 INFO  : 'con' command is executed.
15:42:19 INFO  : ----------------XSDB Script (After Launch)----------------
targets -set -nocase -filter {name =~ "ARM*#0" && jtag_cable_name =~ "Digilent Zed 210248722679"} -index 0
con
----------------End of Script----------------

15:42:19 INFO  : Launch script is exported to file 'D:\Sem_6\AELD\Labs\Lab_1\Lab_1.sdk\.sdk\launch_scripts\xilinx_c-c++_application_(system_debugger)\system_debugger_using_debug_lab_1.elf_on_remzeb.tcl'
15:45:09 WARN  : channel "tcfchan#6" closed
15:50:13 INFO  : Connected through redirection to target on host '192.168.226.142' and port '49352'.
15:50:13 INFO  : Jtag cable 'Digilent Zed 210248A39C95' is selected.
15:50:13 INFO  : 'jtag frequency' command is executed.
15:50:13 INFO  : Sourcing of 'D:/Sem_6/AELD/Labs/Lab_1/Lab_1.sdk/design_1_wrapper_hw_platform_0/ps7_init.tcl' is done.
15:50:13 INFO  : Context for 'APU' is selected.
15:50:14 INFO  : System reset is completed.
15:50:17 INFO  : 'after 3000' command is executed.
15:50:17 INFO  : Context for 'APU' is selected.
15:50:18 INFO  : Hardware design information is loaded from 'D:/Sem_6/AELD/Labs/Lab_1/Lab_1.sdk/design_1_wrapper_hw_platform_0/system.hdf'.
15:50:18 INFO  : 'configparams force-mem-access 1' command is executed.
15:50:18 INFO  : Context for 'APU' is selected.
15:50:30 INFO  : 'ps7_init' command is executed.
15:50:30 INFO  : 'ps7_post_config' command is executed.
15:50:30 INFO  : Context for processor 'ps7_cortexa9_0' is selected.
15:50:30 INFO  : The application 'D:/Sem_6/AELD/Labs/Lab_1/Lab_1.sdk/Lab_1/Debug/Lab_1.elf' is downloaded to processor 'ps7_cortexa9_0'.
15:50:30 INFO  : 'configparams force-mem-access 0' command is executed.
15:50:30 INFO  : ----------------XSDB Script----------------
connect -path [list tcp::1534 tcp:192.168.226.142:49352]
source D:/Sem_6/AELD/Labs/Lab_1/Lab_1.sdk/design_1_wrapper_hw_platform_0/ps7_init.tcl
targets -set -nocase -filter {name =~"APU*" && jtag_cable_name =~ "Digilent Zed 210248A39C95"} -index 0
rst -system
after 3000
targets -set -nocase -filter {name =~"APU*" && jtag_cable_name =~ "Digilent Zed 210248A39C95"} -index 0
loadhw -hw D:/Sem_6/AELD/Labs/Lab_1/Lab_1.sdk/design_1_wrapper_hw_platform_0/system.hdf -mem-ranges [list {0x40000000 0xbfffffff}]
configparams force-mem-access 1
targets -set -nocase -filter {name =~"APU*" && jtag_cable_name =~ "Digilent Zed 210248A39C95"} -index 0
ps7_init
ps7_post_config
targets -set -nocase -filter {name =~ "ARM*#0" && jtag_cable_name =~ "Digilent Zed 210248A39C95"} -index 0
dow D:/Sem_6/AELD/Labs/Lab_1/Lab_1.sdk/Lab_1/Debug/Lab_1.elf
configparams force-mem-access 0
----------------End of Script----------------

15:50:31 INFO  : Context for processor 'ps7_cortexa9_0' is selected.
15:50:31 INFO  : 'con' command is executed.
15:50:31 INFO  : ----------------XSDB Script (After Launch)----------------
targets -set -nocase -filter {name =~ "ARM*#0" && jtag_cable_name =~ "Digilent Zed 210248A39C95"} -index 0
con
----------------End of Script----------------

15:50:31 INFO  : Launch script is exported to file 'D:\Sem_6\AELD\Labs\Lab_1\Lab_1.sdk\.sdk\launch_scripts\xilinx_c-c++_application_(system_debugger)\system_debugger_using_debug_lab_1.elf_on_remzeb.tcl'
15:52:26 INFO  : Disconnected from the channel tcfchan#7.
15:52:27 INFO  : Connected through redirection to target on host '192.168.226.142' and port '49352'.
15:52:27 INFO  : Jtag cable 'Digilent Zed 210248A39C95' is selected.
15:52:27 INFO  : 'jtag frequency' command is executed.
15:52:27 INFO  : Sourcing of 'D:/Sem_6/AELD/Labs/Lab_1/Lab_1.sdk/design_1_wrapper_hw_platform_0/ps7_init.tcl' is done.
15:52:27 INFO  : Context for 'APU' is selected.
15:52:28 INFO  : System reset is completed.
15:52:31 INFO  : 'after 3000' command is executed.
15:52:31 INFO  : Context for 'APU' is selected.
15:52:32 INFO  : Hardware design information is loaded from 'D:/Sem_6/AELD/Labs/Lab_1/Lab_1.sdk/design_1_wrapper_hw_platform_0/system.hdf'.
15:52:32 INFO  : 'configparams force-mem-access 1' command is executed.
15:52:32 INFO  : Context for 'APU' is selected.
15:52:43 INFO  : 'ps7_init' command is executed.
15:52:44 INFO  : 'ps7_post_config' command is executed.
15:52:44 INFO  : Context for processor 'ps7_cortexa9_0' is selected.
15:52:44 INFO  : The application 'D:/Sem_6/AELD/Labs/Lab_1/Lab_1.sdk/Lab_1/Debug/Lab_1.elf' is downloaded to processor 'ps7_cortexa9_0'.
15:52:44 INFO  : 'configparams force-mem-access 0' command is executed.
15:52:44 INFO  : ----------------XSDB Script----------------
connect -path [list tcp::1534 tcp:192.168.226.142:49352]
source D:/Sem_6/AELD/Labs/Lab_1/Lab_1.sdk/design_1_wrapper_hw_platform_0/ps7_init.tcl
targets -set -nocase -filter {name =~"APU*" && jtag_cable_name =~ "Digilent Zed 210248A39C95"} -index 0
rst -system
after 3000
targets -set -nocase -filter {name =~"APU*" && jtag_cable_name =~ "Digilent Zed 210248A39C95"} -index 0
loadhw -hw D:/Sem_6/AELD/Labs/Lab_1/Lab_1.sdk/design_1_wrapper_hw_platform_0/system.hdf -mem-ranges [list {0x40000000 0xbfffffff}]
configparams force-mem-access 1
targets -set -nocase -filter {name =~"APU*" && jtag_cable_name =~ "Digilent Zed 210248A39C95"} -index 0
ps7_init
ps7_post_config
targets -set -nocase -filter {name =~ "ARM*#0" && jtag_cable_name =~ "Digilent Zed 210248A39C95"} -index 0
dow D:/Sem_6/AELD/Labs/Lab_1/Lab_1.sdk/Lab_1/Debug/Lab_1.elf
configparams force-mem-access 0
----------------End of Script----------------

15:52:45 INFO  : Context for processor 'ps7_cortexa9_0' is selected.
15:52:45 INFO  : 'con' command is executed.
15:52:45 INFO  : ----------------XSDB Script (After Launch)----------------
targets -set -nocase -filter {name =~ "ARM*#0" && jtag_cable_name =~ "Digilent Zed 210248A39C95"} -index 0
con
----------------End of Script----------------

15:52:45 INFO  : Launch script is exported to file 'D:\Sem_6\AELD\Labs\Lab_1\Lab_1.sdk\.sdk\launch_scripts\xilinx_c-c++_application_(system_debugger)\system_debugger_using_debug_lab_1.elf_on_remzeb.tcl'
16:08:06 WARN  : channel "tcfchan#8" closed
21:22:12 INFO  : Connected through redirection to target on host '192.168.226.142' and port '50327'.
21:22:13 INFO  : Jtag cable 'Digilent Zed 210248A39C95' is selected.
21:22:13 INFO  : 'jtag frequency' command is executed.
21:22:13 INFO  : Sourcing of 'D:/Sem_6/AELD/Labs/Lab_1/Lab_1.sdk/design_1_wrapper_hw_platform_0/ps7_init.tcl' is done.
21:22:13 INFO  : Context for 'APU' is selected.
21:22:14 INFO  : System reset is completed.
21:22:17 INFO  : 'after 3000' command is executed.
21:22:17 INFO  : Context for 'APU' is selected.
21:22:18 INFO  : Hardware design information is loaded from 'D:/Sem_6/AELD/Labs/Lab_1/Lab_1.sdk/design_1_wrapper_hw_platform_0/system.hdf'.
21:22:18 INFO  : 'configparams force-mem-access 1' command is executed.
21:22:18 INFO  : Context for 'APU' is selected.
21:22:33 INFO  : 'ps7_init' command is executed.
21:22:34 INFO  : 'ps7_post_config' command is executed.
21:22:34 INFO  : Context for processor 'ps7_cortexa9_0' is selected.
21:22:34 INFO  : The application 'D:/Sem_6/AELD/Labs/Lab_1/Lab_1.sdk/Lab_1/Debug/Lab_1.elf' is downloaded to processor 'ps7_cortexa9_0'.
21:22:34 INFO  : 'configparams force-mem-access 0' command is executed.
21:22:34 INFO  : ----------------XSDB Script----------------
connect -path [list tcp::1534 tcp:192.168.226.142:50327]
source D:/Sem_6/AELD/Labs/Lab_1/Lab_1.sdk/design_1_wrapper_hw_platform_0/ps7_init.tcl
targets -set -nocase -filter {name =~"APU*" && jtag_cable_name =~ "Digilent Zed 210248A39C95"} -index 0
rst -system
after 3000
targets -set -nocase -filter {name =~"APU*" && jtag_cable_name =~ "Digilent Zed 210248A39C95"} -index 0
loadhw -hw D:/Sem_6/AELD/Labs/Lab_1/Lab_1.sdk/design_1_wrapper_hw_platform_0/system.hdf -mem-ranges [list {0x40000000 0xbfffffff}]
configparams force-mem-access 1
targets -set -nocase -filter {name =~"APU*" && jtag_cable_name =~ "Digilent Zed 210248A39C95"} -index 0
ps7_init
ps7_post_config
targets -set -nocase -filter {name =~ "ARM*#0" && jtag_cable_name =~ "Digilent Zed 210248A39C95"} -index 0
dow D:/Sem_6/AELD/Labs/Lab_1/Lab_1.sdk/Lab_1/Debug/Lab_1.elf
configparams force-mem-access 0
----------------End of Script----------------

21:22:35 INFO  : Context for processor 'ps7_cortexa9_0' is selected.
21:22:35 INFO  : 'con' command is executed.
21:22:35 INFO  : ----------------XSDB Script (After Launch)----------------
targets -set -nocase -filter {name =~ "ARM*#0" && jtag_cable_name =~ "Digilent Zed 210248A39C95"} -index 0
con
----------------End of Script----------------

21:22:35 INFO  : Launch script is exported to file 'D:\Sem_6\AELD\Labs\Lab_1\Lab_1.sdk\.sdk\launch_scripts\xilinx_c-c++_application_(system_debugger)\system_debugger_using_debug_lab_1.elf_on_remzeb.tcl'
21:24:15 INFO  : Disconnected from the channel tcfchan#9.
21:24:17 INFO  : Connected through redirection to target on host '192.168.226.142' and port '50327'.
21:24:17 INFO  : Jtag cable 'Digilent Zed 210248A39C95' is selected.
21:24:17 INFO  : 'jtag frequency' command is executed.
21:24:17 INFO  : Sourcing of 'D:/Sem_6/AELD/Labs/Lab_1/Lab_1.sdk/design_1_wrapper_hw_platform_0/ps7_init.tcl' is done.
21:24:17 INFO  : Context for 'APU' is selected.
21:24:18 INFO  : System reset is completed.
21:24:21 INFO  : 'after 3000' command is executed.
21:24:22 INFO  : Context for 'APU' is selected.
21:24:23 INFO  : Hardware design information is loaded from 'D:/Sem_6/AELD/Labs/Lab_1/Lab_1.sdk/design_1_wrapper_hw_platform_0/system.hdf'.
21:24:23 INFO  : 'configparams force-mem-access 1' command is executed.
21:24:23 INFO  : Context for 'APU' is selected.
21:24:40 INFO  : 'ps7_init' command is executed.
21:24:41 INFO  : 'ps7_post_config' command is executed.
21:24:41 INFO  : Context for processor 'ps7_cortexa9_0' is selected.
21:24:41 INFO  : The application 'D:/Sem_6/AELD/Labs/Lab_1/Lab_1.sdk/Lab_1/Debug/Lab_1.elf' is downloaded to processor 'ps7_cortexa9_0'.
21:24:42 INFO  : 'configparams force-mem-access 0' command is executed.
21:24:42 INFO  : ----------------XSDB Script----------------
connect -path [list tcp::1534 tcp:192.168.226.142:50327]
source D:/Sem_6/AELD/Labs/Lab_1/Lab_1.sdk/design_1_wrapper_hw_platform_0/ps7_init.tcl
targets -set -nocase -filter {name =~"APU*" && jtag_cable_name =~ "Digilent Zed 210248A39C95"} -index 0
rst -system
after 3000
targets -set -nocase -filter {name =~"APU*" && jtag_cable_name =~ "Digilent Zed 210248A39C95"} -index 0
loadhw -hw D:/Sem_6/AELD/Labs/Lab_1/Lab_1.sdk/design_1_wrapper_hw_platform_0/system.hdf -mem-ranges [list {0x40000000 0xbfffffff}]
configparams force-mem-access 1
targets -set -nocase -filter {name =~"APU*" && jtag_cable_name =~ "Digilent Zed 210248A39C95"} -index 0
ps7_init
ps7_post_config
targets -set -nocase -filter {name =~ "ARM*#0" && jtag_cable_name =~ "Digilent Zed 210248A39C95"} -index 0
dow D:/Sem_6/AELD/Labs/Lab_1/Lab_1.sdk/Lab_1/Debug/Lab_1.elf
configparams force-mem-access 0
----------------End of Script----------------

21:24:43 INFO  : Context for processor 'ps7_cortexa9_0' is selected.
21:24:43 INFO  : 'con' command is executed.
21:24:43 INFO  : ----------------XSDB Script (After Launch)----------------
targets -set -nocase -filter {name =~ "ARM*#0" && jtag_cable_name =~ "Digilent Zed 210248A39C95"} -index 0
con
----------------End of Script----------------

21:24:43 INFO  : Launch script is exported to file 'D:\Sem_6\AELD\Labs\Lab_1\Lab_1.sdk\.sdk\launch_scripts\xilinx_c-c++_application_(system_debugger)\system_debugger_using_debug_lab_1.elf_on_remzeb.tcl'
21:27:18 INFO  : Disconnected from the channel tcfchan#10.
21:27:19 INFO  : Connected through redirection to target on host '192.168.226.142' and port '50327'.
21:27:19 INFO  : Jtag cable 'Digilent Zed 210248A39C95' is selected.
21:27:19 INFO  : 'jtag frequency' command is executed.
21:27:19 INFO  : Sourcing of 'D:/Sem_6/AELD/Labs/Lab_1/Lab_1.sdk/design_1_wrapper_hw_platform_0/ps7_init.tcl' is done.
21:27:19 INFO  : Context for 'APU' is selected.
21:27:20 INFO  : System reset is completed.
21:27:23 INFO  : 'after 3000' command is executed.
21:27:23 INFO  : Context for 'APU' is selected.
21:27:25 INFO  : Hardware design information is loaded from 'D:/Sem_6/AELD/Labs/Lab_1/Lab_1.sdk/design_1_wrapper_hw_platform_0/system.hdf'.
21:27:25 INFO  : 'configparams force-mem-access 1' command is executed.
21:27:25 INFO  : Context for 'APU' is selected.
21:27:40 INFO  : 'ps7_init' command is executed.
21:27:40 INFO  : 'ps7_post_config' command is executed.
21:27:40 INFO  : Context for processor 'ps7_cortexa9_0' is selected.
21:27:41 INFO  : The application 'D:/Sem_6/AELD/Labs/Lab_1/Lab_1.sdk/Lab_1/Debug/Lab_1.elf' is downloaded to processor 'ps7_cortexa9_0'.
21:27:41 INFO  : 'configparams force-mem-access 0' command is executed.
21:27:41 INFO  : ----------------XSDB Script----------------
connect -path [list tcp::1534 tcp:192.168.226.142:50327]
source D:/Sem_6/AELD/Labs/Lab_1/Lab_1.sdk/design_1_wrapper_hw_platform_0/ps7_init.tcl
targets -set -nocase -filter {name =~"APU*" && jtag_cable_name =~ "Digilent Zed 210248A39C95"} -index 0
rst -system
after 3000
targets -set -nocase -filter {name =~"APU*" && jtag_cable_name =~ "Digilent Zed 210248A39C95"} -index 0
loadhw -hw D:/Sem_6/AELD/Labs/Lab_1/Lab_1.sdk/design_1_wrapper_hw_platform_0/system.hdf -mem-ranges [list {0x40000000 0xbfffffff}]
configparams force-mem-access 1
targets -set -nocase -filter {name =~"APU*" && jtag_cable_name =~ "Digilent Zed 210248A39C95"} -index 0
ps7_init
ps7_post_config
targets -set -nocase -filter {name =~ "ARM*#0" && jtag_cable_name =~ "Digilent Zed 210248A39C95"} -index 0
dow D:/Sem_6/AELD/Labs/Lab_1/Lab_1.sdk/Lab_1/Debug/Lab_1.elf
configparams force-mem-access 0
----------------End of Script----------------

21:27:42 INFO  : Context for processor 'ps7_cortexa9_0' is selected.
21:27:42 INFO  : 'con' command is executed.
21:27:42 INFO  : ----------------XSDB Script (After Launch)----------------
targets -set -nocase -filter {name =~ "ARM*#0" && jtag_cable_name =~ "Digilent Zed 210248A39C95"} -index 0
con
----------------End of Script----------------

21:27:42 INFO  : Launch script is exported to file 'D:\Sem_6\AELD\Labs\Lab_1\Lab_1.sdk\.sdk\launch_scripts\xilinx_c-c++_application_(system_debugger)\system_debugger_using_debug_lab_1.elf_on_remzeb.tcl'
21:30:18 WARN  : channel "tcfchan#11" closed
21:33:17 INFO  : Connected through redirection to target on host '192.168.226.142' and port '53680'.
21:33:18 INFO  : Jtag cable 'Digilent Zed 210248A39C95' is selected.
21:33:18 INFO  : 'jtag frequency' command is executed.
21:33:18 INFO  : Sourcing of 'D:/Sem_6/AELD/Labs/Lab_1/Lab_1.sdk/design_1_wrapper_hw_platform_0/ps7_init.tcl' is done.
21:33:18 INFO  : Context for 'APU' is selected.
21:33:19 INFO  : System reset is completed.
21:33:22 INFO  : 'after 3000' command is executed.
21:33:22 INFO  : Context for 'APU' is selected.
21:33:23 INFO  : Hardware design information is loaded from 'D:/Sem_6/AELD/Labs/Lab_1/Lab_1.sdk/design_1_wrapper_hw_platform_0/system.hdf'.
21:33:23 INFO  : 'configparams force-mem-access 1' command is executed.
21:33:23 INFO  : Context for 'APU' is selected.
21:33:37 INFO  : 'ps7_init' command is executed.
21:33:38 INFO  : 'ps7_post_config' command is executed.
21:33:38 INFO  : Context for processor 'ps7_cortexa9_0' is selected.
21:33:38 INFO  : The application 'D:/Sem_6/AELD/Labs/Lab_1/Lab_1.sdk/Lab_1/Debug/Lab_1.elf' is downloaded to processor 'ps7_cortexa9_0'.
21:33:38 INFO  : 'configparams force-mem-access 0' command is executed.
21:33:38 INFO  : ----------------XSDB Script----------------
connect -path [list tcp::1534 tcp:192.168.226.142:53680]
source D:/Sem_6/AELD/Labs/Lab_1/Lab_1.sdk/design_1_wrapper_hw_platform_0/ps7_init.tcl
targets -set -nocase -filter {name =~"APU*" && jtag_cable_name =~ "Digilent Zed 210248A39C95"} -index 0
rst -system
after 3000
targets -set -nocase -filter {name =~"APU*" && jtag_cable_name =~ "Digilent Zed 210248A39C95"} -index 0
loadhw -hw D:/Sem_6/AELD/Labs/Lab_1/Lab_1.sdk/design_1_wrapper_hw_platform_0/system.hdf -mem-ranges [list {0x40000000 0xbfffffff}]
configparams force-mem-access 1
targets -set -nocase -filter {name =~"APU*" && jtag_cable_name =~ "Digilent Zed 210248A39C95"} -index 0
ps7_init
ps7_post_config
targets -set -nocase -filter {name =~ "ARM*#0" && jtag_cable_name =~ "Digilent Zed 210248A39C95"} -index 0
dow D:/Sem_6/AELD/Labs/Lab_1/Lab_1.sdk/Lab_1/Debug/Lab_1.elf
configparams force-mem-access 0
----------------End of Script----------------

21:33:39 INFO  : Context for processor 'ps7_cortexa9_0' is selected.
21:33:39 INFO  : 'con' command is executed.
21:33:39 INFO  : ----------------XSDB Script (After Launch)----------------
targets -set -nocase -filter {name =~ "ARM*#0" && jtag_cable_name =~ "Digilent Zed 210248A39C95"} -index 0
con
----------------End of Script----------------

21:33:39 INFO  : Launch script is exported to file 'D:\Sem_6\AELD\Labs\Lab_1\Lab_1.sdk\.sdk\launch_scripts\xilinx_c-c++_application_(system_debugger)\system_debugger_using_debug_lab_1.elf_on_remzeb.tcl'
21:36:36 INFO  : Disconnected from the channel tcfchan#12.
21:36:37 INFO  : Connected through redirection to target on host '192.168.226.142' and port '53680'.
21:36:37 INFO  : Jtag cable 'Digilent Zed 210248A39C95' is selected.
21:36:37 INFO  : 'jtag frequency' command is executed.
21:36:37 INFO  : Sourcing of 'D:/Sem_6/AELD/Labs/Lab_1/Lab_1.sdk/design_1_wrapper_hw_platform_0/ps7_init.tcl' is done.
21:36:38 INFO  : Context for 'APU' is selected.
21:36:39 INFO  : System reset is completed.
21:36:42 INFO  : 'after 3000' command is executed.
21:36:42 INFO  : Context for 'APU' is selected.
21:36:43 INFO  : Hardware design information is loaded from 'D:/Sem_6/AELD/Labs/Lab_1/Lab_1.sdk/design_1_wrapper_hw_platform_0/system.hdf'.
21:36:43 INFO  : 'configparams force-mem-access 1' command is executed.
21:36:43 INFO  : Context for 'APU' is selected.
21:37:02 INFO  : 'ps7_init' command is executed.
21:37:03 INFO  : 'ps7_post_config' command is executed.
21:37:03 INFO  : Context for processor 'ps7_cortexa9_0' is selected.
21:37:04 INFO  : The application 'D:/Sem_6/AELD/Labs/Lab_1/Lab_1.sdk/Lab_1/Debug/Lab_1.elf' is downloaded to processor 'ps7_cortexa9_0'.
21:37:04 INFO  : 'configparams force-mem-access 0' command is executed.
21:37:04 INFO  : ----------------XSDB Script----------------
connect -path [list tcp::1534 tcp:192.168.226.142:53680]
source D:/Sem_6/AELD/Labs/Lab_1/Lab_1.sdk/design_1_wrapper_hw_platform_0/ps7_init.tcl
targets -set -nocase -filter {name =~"APU*" && jtag_cable_name =~ "Digilent Zed 210248A39C95"} -index 0
rst -system
after 3000
targets -set -nocase -filter {name =~"APU*" && jtag_cable_name =~ "Digilent Zed 210248A39C95"} -index 0
loadhw -hw D:/Sem_6/AELD/Labs/Lab_1/Lab_1.sdk/design_1_wrapper_hw_platform_0/system.hdf -mem-ranges [list {0x40000000 0xbfffffff}]
configparams force-mem-access 1
targets -set -nocase -filter {name =~"APU*" && jtag_cable_name =~ "Digilent Zed 210248A39C95"} -index 0
ps7_init
ps7_post_config
targets -set -nocase -filter {name =~ "ARM*#0" && jtag_cable_name =~ "Digilent Zed 210248A39C95"} -index 0
dow D:/Sem_6/AELD/Labs/Lab_1/Lab_1.sdk/Lab_1/Debug/Lab_1.elf
configparams force-mem-access 0
----------------End of Script----------------

21:37:05 INFO  : Context for processor 'ps7_cortexa9_0' is selected.
21:37:05 INFO  : 'con' command is executed.
21:37:05 INFO  : ----------------XSDB Script (After Launch)----------------
targets -set -nocase -filter {name =~ "ARM*#0" && jtag_cable_name =~ "Digilent Zed 210248A39C95"} -index 0
con
----------------End of Script----------------

21:37:05 INFO  : Launch script is exported to file 'D:\Sem_6\AELD\Labs\Lab_1\Lab_1.sdk\.sdk\launch_scripts\xilinx_c-c++_application_(system_debugger)\system_debugger_using_debug_lab_1.elf_on_remzeb.tcl'
21:38:31 WARN  : channel "tcfchan#13" closed
15:33:12 INFO  : Registering command handlers for SDK TCF services
15:33:13 INFO  : Launching XSCT server: xsct.bat -interactive D:\Sem_6\AELD\Labs\Lab_1\Lab_1.sdk\temp_xsdb_launch_script.tcl
15:33:16 INFO  : XSCT server has started successfully.
15:33:20 INFO  : Successfully done setting XSCT server connection channel  
15:33:20 INFO  : Successfully done setting SDK workspace  
15:33:20 INFO  : Processing command line option -hwspec D:/Sem_6/AELD/Labs/Lab_1/Lab_1.sdk/design_1_wrapper.hdf.
15:33:20 INFO  : Checking for hwspec changes in the project design_1_wrapper_hw_platform_0.
12:28:00 INFO  : Registering command handlers for SDK TCF services
12:28:00 INFO  : Launching XSCT server: xsct.bat -interactive D:\Sem_6\AELD\Labs\Lab_1\Lab_1.sdk\temp_xsdb_launch_script.tcl
12:28:05 INFO  : XSCT server has started successfully.
12:28:09 INFO  : Processing command line option -hwspec D:/Sem_6/AELD/Labs/Lab_1/Lab_1.sdk/design_1_wrapper.hdf.
12:28:09 INFO  : Successfully done setting XSCT server connection channel  
12:28:09 INFO  : Successfully done setting SDK workspace  
12:28:09 INFO  : Checking for hwspec changes in the project design_1_wrapper_hw_platform_0.
12:30:10 ERROR : Failed to redirect connection to hardware server on host '192.168.226.142' and port '53680'.
Reason: No connection could be made because the target machine actively refused it
12:30:10 INFO  : ----------------XSDB Script----------------
connect -path [list tcp::1534 tcp:192.168.226.142:53680]
----------------End of Script----------------

12:30:26 INFO  : Connected to target on host '127.0.0.1' and port '3121'.
12:30:26 INFO  : Jtag cable 'Digilent Zed 210248A39C89' is selected.
12:30:26 INFO  : 'jtag frequency' command is executed.
12:30:26 INFO  : Sourcing of 'D:/Sem_6/AELD/Labs/Lab_1/Lab_1.sdk/design_1_wrapper_hw_platform_0/ps7_init.tcl' is done.
12:30:26 INFO  : Context for 'APU' is selected.
12:30:27 INFO  : System reset is completed.
12:30:30 INFO  : 'after 3000' command is executed.
12:30:30 INFO  : Context for 'APU' is selected.
12:30:30 INFO  : Hardware design information is loaded from 'D:/Sem_6/AELD/Labs/Lab_1/Lab_1.sdk/design_1_wrapper_hw_platform_0/system.hdf'.
12:30:30 INFO  : 'configparams force-mem-access 1' command is executed.
12:30:30 INFO  : Context for 'APU' is selected.
12:30:30 INFO  : 'ps7_init' command is executed.
12:30:30 INFO  : 'ps7_post_config' command is executed.
12:30:30 INFO  : Context for processor 'ps7_cortexa9_0' is selected.
12:30:31 INFO  : The application 'D:/Sem_6/AELD/Labs/Lab_1/Lab_1.sdk/Lab_1/Debug/Lab_1.elf' is downloaded to processor 'ps7_cortexa9_0'.
12:30:31 INFO  : 'configparams force-mem-access 0' command is executed.
12:30:31 INFO  : ----------------XSDB Script----------------
connect -url tcp:127.0.0.1:3121
source D:/Sem_6/AELD/Labs/Lab_1/Lab_1.sdk/design_1_wrapper_hw_platform_0/ps7_init.tcl
targets -set -nocase -filter {name =~"APU*" && jtag_cable_name =~ "Digilent Zed 210248A39C89"} -index 0
rst -system
after 3000
targets -set -nocase -filter {name =~"APU*" && jtag_cable_name =~ "Digilent Zed 210248A39C89"} -index 0
loadhw -hw D:/Sem_6/AELD/Labs/Lab_1/Lab_1.sdk/design_1_wrapper_hw_platform_0/system.hdf -mem-ranges [list {0x40000000 0xbfffffff}]
configparams force-mem-access 1
targets -set -nocase -filter {name =~"APU*" && jtag_cable_name =~ "Digilent Zed 210248A39C89"} -index 0
ps7_init
ps7_post_config
targets -set -nocase -filter {name =~ "ARM*#0" && jtag_cable_name =~ "Digilent Zed 210248A39C89"} -index 0
dow D:/Sem_6/AELD/Labs/Lab_1/Lab_1.sdk/Lab_1/Debug/Lab_1.elf
configparams force-mem-access 0
----------------End of Script----------------

12:30:31 INFO  : Context for processor 'ps7_cortexa9_0' is selected.
12:30:31 INFO  : 'con' command is executed.
12:30:31 INFO  : ----------------XSDB Script (After Launch)----------------
targets -set -nocase -filter {name =~ "ARM*#0" && jtag_cable_name =~ "Digilent Zed 210248A39C89"} -index 0
con
----------------End of Script----------------

12:30:31 INFO  : Launch script is exported to file 'D:\Sem_6\AELD\Labs\Lab_1\Lab_1.sdk\.sdk\launch_scripts\xilinx_c-c++_application_(system_debugger)\system_debugger_using_debug_lab_1.elf_on_remzeb.tcl'
12:33:10 INFO  : Disconnected from the channel tcfchan#2.
12:33:11 INFO  : Connected to target on host '127.0.0.1' and port '3121'.
12:33:12 INFO  : Jtag cable 'Digilent Zed 210248A39C89' is selected.
12:33:12 INFO  : 'jtag frequency' command is executed.
12:33:12 INFO  : Sourcing of 'D:/Sem_6/AELD/Labs/Lab_1/Lab_1.sdk/design_1_wrapper_hw_platform_0/ps7_init.tcl' is done.
12:33:12 INFO  : Context for 'APU' is selected.
12:33:12 ERROR : AP transaction error, DAP status f0000021
12:33:12 INFO  : ----------------XSDB Script----------------
connect -url tcp:127.0.0.1:3121
source D:/Sem_6/AELD/Labs/Lab_1/Lab_1.sdk/design_1_wrapper_hw_platform_0/ps7_init.tcl
targets -set -nocase -filter {name =~"APU*" && jtag_cable_name =~ "Digilent Zed 210248A39C89"} -index 0
rst -system
after 3000
----------------End of Script----------------

12:35:37 INFO  : Connected to target on host '127.0.0.1' and port '3121'.
12:35:37 INFO  : Jtag cable 'Digilent Zed 210248A39C89' is selected.
12:35:37 INFO  : 'jtag frequency' command is executed.
12:35:37 INFO  : Sourcing of 'D:/Sem_6/AELD/Labs/Lab_1/Lab_1.sdk/design_1_wrapper_hw_platform_0/ps7_init.tcl' is done.
12:35:37 INFO  : Context for 'APU' is selected.
12:35:37 INFO  : System reset is completed.
12:35:40 INFO  : 'after 3000' command is executed.
12:35:40 INFO  : Context for 'APU' is selected.
12:35:40 INFO  : Hardware design information is loaded from 'D:/Sem_6/AELD/Labs/Lab_1/Lab_1.sdk/design_1_wrapper_hw_platform_0/system.hdf'.
12:35:40 INFO  : 'configparams force-mem-access 1' command is executed.
12:35:40 INFO  : Context for 'APU' is selected.
12:35:40 INFO  : 'ps7_init' command is executed.
12:35:40 INFO  : 'ps7_post_config' command is executed.
12:35:40 INFO  : Context for processor 'ps7_cortexa9_0' is selected.
12:35:41 INFO  : The application 'D:/Sem_6/AELD/Labs/Lab_1/Lab_1.sdk/Lab_1/Debug/Lab_1.elf' is downloaded to processor 'ps7_cortexa9_0'.
12:35:41 INFO  : 'configparams force-mem-access 0' command is executed.
12:35:41 INFO  : ----------------XSDB Script----------------
connect -url tcp:127.0.0.1:3121
source D:/Sem_6/AELD/Labs/Lab_1/Lab_1.sdk/design_1_wrapper_hw_platform_0/ps7_init.tcl
targets -set -nocase -filter {name =~"APU*" && jtag_cable_name =~ "Digilent Zed 210248A39C89"} -index 0
rst -system
after 3000
targets -set -nocase -filter {name =~"APU*" && jtag_cable_name =~ "Digilent Zed 210248A39C89"} -index 0
loadhw -hw D:/Sem_6/AELD/Labs/Lab_1/Lab_1.sdk/design_1_wrapper_hw_platform_0/system.hdf -mem-ranges [list {0x40000000 0xbfffffff}]
configparams force-mem-access 1
targets -set -nocase -filter {name =~"APU*" && jtag_cable_name =~ "Digilent Zed 210248A39C89"} -index 0
ps7_init
ps7_post_config
targets -set -nocase -filter {name =~ "ARM*#0" && jtag_cable_name =~ "Digilent Zed 210248A39C89"} -index 0
dow D:/Sem_6/AELD/Labs/Lab_1/Lab_1.sdk/Lab_1/Debug/Lab_1.elf
configparams force-mem-access 0
----------------End of Script----------------

12:35:41 INFO  : Context for processor 'ps7_cortexa9_0' is selected.
12:35:41 INFO  : 'con' command is executed.
12:35:41 INFO  : ----------------XSDB Script (After Launch)----------------
targets -set -nocase -filter {name =~ "ARM*#0" && jtag_cable_name =~ "Digilent Zed 210248A39C89"} -index 0
con
----------------End of Script----------------

12:35:41 INFO  : Launch script is exported to file 'D:\Sem_6\AELD\Labs\Lab_1\Lab_1.sdk\.sdk\launch_scripts\xilinx_c-c++_application_(system_debugger)\system_debugger_using_debug_lab_1.elf_on_remzeb.tcl'
12:37:26 INFO  : Disconnected from the channel tcfchan#3.
12:37:27 INFO  : Connected to target on host '127.0.0.1' and port '3121'.
12:37:28 INFO  : Jtag cable 'Digilent Zed 210248A39C89' is selected.
12:37:28 INFO  : 'jtag frequency' command is executed.
12:37:28 INFO  : Sourcing of 'D:/Sem_6/AELD/Labs/Lab_1/Lab_1.sdk/design_1_wrapper_hw_platform_0/ps7_init.tcl' is done.
12:37:28 INFO  : Context for 'APU' is selected.
12:37:28 ERROR : AP transaction error, DAP status f0000021
12:37:28 INFO  : ----------------XSDB Script----------------
connect -url tcp:127.0.0.1:3121
source D:/Sem_6/AELD/Labs/Lab_1/Lab_1.sdk/design_1_wrapper_hw_platform_0/ps7_init.tcl
targets -set -nocase -filter {name =~"APU*" && jtag_cable_name =~ "Digilent Zed 210248A39C89"} -index 0
rst -system
after 3000
----------------End of Script----------------

12:37:59 INFO  : Connected to target on host '127.0.0.1' and port '3121'.
12:37:59 INFO  : Jtag cable 'Digilent Zed 210248A39C89' is selected.
12:37:59 INFO  : 'jtag frequency' command is executed.
12:37:59 INFO  : Sourcing of 'D:/Sem_6/AELD/Labs/Lab_1/Lab_1.sdk/design_1_wrapper_hw_platform_0/ps7_init.tcl' is done.
12:37:59 INFO  : Context for 'APU' is selected.
12:37:59 ERROR : AP transaction error, DAP status f0000021
12:37:59 INFO  : ----------------XSDB Script----------------
connect -url tcp:127.0.0.1:3121
source D:/Sem_6/AELD/Labs/Lab_1/Lab_1.sdk/design_1_wrapper_hw_platform_0/ps7_init.tcl
targets -set -nocase -filter {name =~"APU*" && jtag_cable_name =~ "Digilent Zed 210248A39C89"} -index 0
rst -system
after 3000
----------------End of Script----------------

12:39:56 INFO  : Connected to target on host '127.0.0.1' and port '3121'.
12:39:56 INFO  : Jtag cable 'Digilent Zed 210248A39C89' is selected.
12:39:56 INFO  : 'jtag frequency' command is executed.
12:39:56 INFO  : Sourcing of 'D:/Sem_6/AELD/Labs/Lab_1/Lab_1.sdk/design_1_wrapper_hw_platform_0/ps7_init.tcl' is done.
12:39:56 INFO  : Context for 'APU' is selected.
12:39:56 ERROR : AP transaction error, DAP status f0000021
12:39:56 INFO  : ----------------XSDB Script----------------
connect -url tcp:127.0.0.1:3121
source D:/Sem_6/AELD/Labs/Lab_1/Lab_1.sdk/design_1_wrapper_hw_platform_0/ps7_init.tcl
targets -set -nocase -filter {name =~"APU*" && jtag_cable_name =~ "Digilent Zed 210248A39C89"} -index 0
rst -system
after 3000
----------------End of Script----------------

12:40:35 INFO  : Connected to target on host '127.0.0.1' and port '3121'.
12:40:35 INFO  : Jtag cable 'Digilent Zed 210248A39C89' is selected.
12:40:35 INFO  : 'jtag frequency' command is executed.
12:40:35 INFO  : Sourcing of 'D:/Sem_6/AELD/Labs/Lab_1/Lab_1.sdk/design_1_wrapper_hw_platform_0/ps7_init.tcl' is done.
12:40:35 INFO  : Context for 'APU' is selected.
12:40:36 INFO  : System reset is completed.
12:40:39 INFO  : 'after 3000' command is executed.
12:40:39 INFO  : Context for 'APU' is selected.
12:40:39 INFO  : Hardware design information is loaded from 'D:/Sem_6/AELD/Labs/Lab_1/Lab_1.sdk/design_1_wrapper_hw_platform_0/system.hdf'.
12:40:39 INFO  : 'configparams force-mem-access 1' command is executed.
12:40:39 INFO  : Context for 'APU' is selected.
12:40:39 INFO  : 'ps7_init' command is executed.
12:40:39 INFO  : 'ps7_post_config' command is executed.
12:40:39 INFO  : Context for processor 'ps7_cortexa9_0' is selected.
12:40:40 INFO  : The application 'D:/Sem_6/AELD/Labs/Lab_1/Lab_1.sdk/Lab_1/Debug/Lab_1.elf' is downloaded to processor 'ps7_cortexa9_0'.
12:40:40 INFO  : 'configparams force-mem-access 0' command is executed.
12:40:40 INFO  : ----------------XSDB Script----------------
connect -url tcp:127.0.0.1:3121
source D:/Sem_6/AELD/Labs/Lab_1/Lab_1.sdk/design_1_wrapper_hw_platform_0/ps7_init.tcl
targets -set -nocase -filter {name =~"APU*" && jtag_cable_name =~ "Digilent Zed 210248A39C89"} -index 0
rst -system
after 3000
targets -set -nocase -filter {name =~"APU*" && jtag_cable_name =~ "Digilent Zed 210248A39C89"} -index 0
loadhw -hw D:/Sem_6/AELD/Labs/Lab_1/Lab_1.sdk/design_1_wrapper_hw_platform_0/system.hdf -mem-ranges [list {0x40000000 0xbfffffff}]
configparams force-mem-access 1
targets -set -nocase -filter {name =~"APU*" && jtag_cable_name =~ "Digilent Zed 210248A39C89"} -index 0
ps7_init
ps7_post_config
targets -set -nocase -filter {name =~ "ARM*#0" && jtag_cable_name =~ "Digilent Zed 210248A39C89"} -index 0
dow D:/Sem_6/AELD/Labs/Lab_1/Lab_1.sdk/Lab_1/Debug/Lab_1.elf
configparams force-mem-access 0
----------------End of Script----------------

12:40:40 INFO  : Context for processor 'ps7_cortexa9_0' is selected.
12:40:40 INFO  : 'con' command is executed.
12:40:40 INFO  : ----------------XSDB Script (After Launch)----------------
targets -set -nocase -filter {name =~ "ARM*#0" && jtag_cable_name =~ "Digilent Zed 210248A39C89"} -index 0
con
----------------End of Script----------------

12:40:40 INFO  : Launch script is exported to file 'D:\Sem_6\AELD\Labs\Lab_1\Lab_1.sdk\.sdk\launch_scripts\xilinx_c-c++_application_(system_debugger)\system_debugger_using_debug_lab_1.elf_on_remzeb.tcl'
12:41:44 INFO  : Disconnected from the channel tcfchan#4.
12:41:45 INFO  : Connected to target on host '127.0.0.1' and port '3121'.
12:41:45 INFO  : Jtag cable 'Digilent Zed 210248A39C89' is selected.
12:41:45 INFO  : 'jtag frequency' command is executed.
12:41:45 INFO  : Sourcing of 'D:/Sem_6/AELD/Labs/Lab_1/Lab_1.sdk/design_1_wrapper_hw_platform_0/ps7_init.tcl' is done.
12:41:45 INFO  : Context for 'APU' is selected.
12:41:45 ERROR : AP transaction error, DAP status f0000021
12:41:45 INFO  : ----------------XSDB Script----------------
connect -url tcp:127.0.0.1:3121
source D:/Sem_6/AELD/Labs/Lab_1/Lab_1.sdk/design_1_wrapper_hw_platform_0/ps7_init.tcl
targets -set -nocase -filter {name =~"APU*" && jtag_cable_name =~ "Digilent Zed 210248A39C89"} -index 0
rst -system
after 3000
----------------End of Script----------------

12:42:47 INFO  : Connected to target on host '127.0.0.1' and port '3121'.
12:42:47 INFO  : Jtag cable 'Digilent Zed 210248A39C89' is selected.
12:42:47 INFO  : 'jtag frequency' command is executed.
12:42:47 INFO  : Sourcing of 'D:/Sem_6/AELD/Labs/Lab_1/Lab_1.sdk/design_1_wrapper_hw_platform_0/ps7_init.tcl' is done.
12:42:47 INFO  : Context for 'APU' is selected.
12:42:47 ERROR : AP transaction error, DAP status f0000021
12:42:47 INFO  : ----------------XSDB Script----------------
connect -url tcp:127.0.0.1:3121
source D:/Sem_6/AELD/Labs/Lab_1/Lab_1.sdk/design_1_wrapper_hw_platform_0/ps7_init.tcl
targets -set -nocase -filter {name =~"APU*" && jtag_cable_name =~ "Digilent Zed 210248A39C89"} -index 0
rst -system
after 3000
----------------End of Script----------------

12:43:27 INFO  : Connected to target on host '127.0.0.1' and port '3121'.
12:43:28 INFO  : Jtag cable 'Digilent Zed 210248A39C89' is selected.
12:43:28 INFO  : 'jtag frequency' command is executed.
12:43:28 INFO  : Sourcing of 'D:/Sem_6/AELD/Labs/Lab_1/Lab_1.sdk/design_1_wrapper_hw_platform_0/ps7_init.tcl' is done.
12:43:28 INFO  : Context for 'APU' is selected.
12:43:28 INFO  : System reset is completed.
12:43:31 INFO  : 'after 3000' command is executed.
12:43:31 INFO  : Context for 'APU' is selected.
12:43:31 INFO  : Hardware design information is loaded from 'D:/Sem_6/AELD/Labs/Lab_1/Lab_1.sdk/design_1_wrapper_hw_platform_0/system.hdf'.
12:43:31 INFO  : 'configparams force-mem-access 1' command is executed.
12:43:31 INFO  : Context for 'APU' is selected.
12:43:32 INFO  : 'ps7_init' command is executed.
12:43:32 INFO  : 'ps7_post_config' command is executed.
12:43:32 INFO  : Context for processor 'ps7_cortexa9_0' is selected.
12:43:32 INFO  : The application 'D:/Sem_6/AELD/Labs/Lab_1/Lab_1.sdk/Lab_1/Debug/Lab_1.elf' is downloaded to processor 'ps7_cortexa9_0'.
12:43:32 INFO  : 'configparams force-mem-access 0' command is executed.
12:43:32 INFO  : ----------------XSDB Script----------------
connect -url tcp:127.0.0.1:3121
source D:/Sem_6/AELD/Labs/Lab_1/Lab_1.sdk/design_1_wrapper_hw_platform_0/ps7_init.tcl
targets -set -nocase -filter {name =~"APU*" && jtag_cable_name =~ "Digilent Zed 210248A39C89"} -index 0
rst -system
after 3000
targets -set -nocase -filter {name =~"APU*" && jtag_cable_name =~ "Digilent Zed 210248A39C89"} -index 0
loadhw -hw D:/Sem_6/AELD/Labs/Lab_1/Lab_1.sdk/design_1_wrapper_hw_platform_0/system.hdf -mem-ranges [list {0x40000000 0xbfffffff}]
configparams force-mem-access 1
targets -set -nocase -filter {name =~"APU*" && jtag_cable_name =~ "Digilent Zed 210248A39C89"} -index 0
ps7_init
ps7_post_config
targets -set -nocase -filter {name =~ "ARM*#0" && jtag_cable_name =~ "Digilent Zed 210248A39C89"} -index 0
dow D:/Sem_6/AELD/Labs/Lab_1/Lab_1.sdk/Lab_1/Debug/Lab_1.elf
configparams force-mem-access 0
----------------End of Script----------------

12:43:32 INFO  : Context for processor 'ps7_cortexa9_0' is selected.
12:43:32 INFO  : 'con' command is executed.
12:43:32 INFO  : ----------------XSDB Script (After Launch)----------------
targets -set -nocase -filter {name =~ "ARM*#0" && jtag_cable_name =~ "Digilent Zed 210248A39C89"} -index 0
con
----------------End of Script----------------

12:43:32 INFO  : Launch script is exported to file 'D:\Sem_6\AELD\Labs\Lab_1\Lab_1.sdk\.sdk\launch_scripts\xilinx_c-c++_application_(system_debugger)\system_debugger_using_debug_lab_1.elf_on_remzeb.tcl'
12:45:59 INFO  : Disconnected from the channel tcfchan#5.
12:46:01 INFO  : Connected to target on host '127.0.0.1' and port '3121'.
12:46:01 INFO  : Jtag cable 'Digilent Zed 210248A39C89' is selected.
12:46:01 INFO  : 'jtag frequency' command is executed.
12:46:01 INFO  : Sourcing of 'D:/Sem_6/AELD/Labs/Lab_1/Lab_1.sdk/design_1_wrapper_hw_platform_0/ps7_init.tcl' is done.
12:46:01 INFO  : Context for 'APU' is selected.
12:46:01 ERROR : AP transaction error, DAP status f0000021
12:46:01 INFO  : ----------------XSDB Script----------------
connect -url tcp:127.0.0.1:3121
source D:/Sem_6/AELD/Labs/Lab_1/Lab_1.sdk/design_1_wrapper_hw_platform_0/ps7_init.tcl
targets -set -nocase -filter {name =~"APU*" && jtag_cable_name =~ "Digilent Zed 210248A39C89"} -index 0
rst -system
after 3000
----------------End of Script----------------

12:49:34 INFO  : Connected to target on host '127.0.0.1' and port '3121'.
12:49:34 INFO  : Jtag cable 'Digilent Zed 210248A39C89' is selected.
12:49:34 INFO  : 'jtag frequency' command is executed.
12:49:34 INFO  : Sourcing of 'D:/Sem_6/AELD/Labs/Lab_1/Lab_1.sdk/design_1_wrapper_hw_platform_0/ps7_init.tcl' is done.
12:49:34 INFO  : Context for 'APU' is selected.
12:49:34 INFO  : System reset is completed.
12:49:37 INFO  : 'after 3000' command is executed.
12:49:37 INFO  : Context for 'APU' is selected.
12:49:37 INFO  : Hardware design information is loaded from 'D:/Sem_6/AELD/Labs/Lab_1/Lab_1.sdk/design_1_wrapper_hw_platform_0/system.hdf'.
12:49:37 INFO  : 'configparams force-mem-access 1' command is executed.
12:49:37 INFO  : Context for 'APU' is selected.
12:49:38 INFO  : 'ps7_init' command is executed.
12:49:38 INFO  : 'ps7_post_config' command is executed.
12:49:38 INFO  : Context for processor 'ps7_cortexa9_0' is selected.
12:49:38 INFO  : The application 'D:/Sem_6/AELD/Labs/Lab_1/Lab_1.sdk/Lab_1/Debug/Lab_1.elf' is downloaded to processor 'ps7_cortexa9_0'.
12:49:38 INFO  : 'configparams force-mem-access 0' command is executed.
12:49:38 INFO  : ----------------XSDB Script----------------
connect -url tcp:127.0.0.1:3121
source D:/Sem_6/AELD/Labs/Lab_1/Lab_1.sdk/design_1_wrapper_hw_platform_0/ps7_init.tcl
targets -set -nocase -filter {name =~"APU*" && jtag_cable_name =~ "Digilent Zed 210248A39C89"} -index 0
rst -system
after 3000
targets -set -nocase -filter {name =~"APU*" && jtag_cable_name =~ "Digilent Zed 210248A39C89"} -index 0
loadhw -hw D:/Sem_6/AELD/Labs/Lab_1/Lab_1.sdk/design_1_wrapper_hw_platform_0/system.hdf -mem-ranges [list {0x40000000 0xbfffffff}]
configparams force-mem-access 1
targets -set -nocase -filter {name =~"APU*" && jtag_cable_name =~ "Digilent Zed 210248A39C89"} -index 0
ps7_init
ps7_post_config
targets -set -nocase -filter {name =~ "ARM*#0" && jtag_cable_name =~ "Digilent Zed 210248A39C89"} -index 0
dow D:/Sem_6/AELD/Labs/Lab_1/Lab_1.sdk/Lab_1/Debug/Lab_1.elf
configparams force-mem-access 0
----------------End of Script----------------

12:49:38 INFO  : Context for processor 'ps7_cortexa9_0' is selected.
12:49:38 INFO  : 'con' command is executed.
12:49:38 INFO  : ----------------XSDB Script (After Launch)----------------
targets -set -nocase -filter {name =~ "ARM*#0" && jtag_cable_name =~ "Digilent Zed 210248A39C89"} -index 0
con
----------------End of Script----------------

12:49:38 INFO  : Launch script is exported to file 'D:\Sem_6\AELD\Labs\Lab_1\Lab_1.sdk\.sdk\launch_scripts\xilinx_c-c++_application_(system_debugger)\system_debugger_using_debug_lab_1.elf_on_remzeb.tcl'
12:51:25 INFO  : Disconnected from the channel tcfchan#6.
12:51:26 INFO  : Connected to target on host '127.0.0.1' and port '3121'.
12:51:26 INFO  : Jtag cable 'Digilent Zed 210248A39C89' is selected.
12:51:26 INFO  : 'jtag frequency' command is executed.
12:51:26 INFO  : Sourcing of 'D:/Sem_6/AELD/Labs/Lab_1/Lab_1.sdk/design_1_wrapper_hw_platform_0/ps7_init.tcl' is done.
12:51:26 INFO  : Context for 'APU' is selected.
12:51:26 ERROR : AP transaction error, DAP status f0000021
12:51:26 INFO  : ----------------XSDB Script----------------
connect -url tcp:127.0.0.1:3121
source D:/Sem_6/AELD/Labs/Lab_1/Lab_1.sdk/design_1_wrapper_hw_platform_0/ps7_init.tcl
targets -set -nocase -filter {name =~"APU*" && jtag_cable_name =~ "Digilent Zed 210248A39C89"} -index 0
rst -system
after 3000
----------------End of Script----------------

12:51:59 INFO  : Connected to target on host '127.0.0.1' and port '3121'.
12:51:59 INFO  : Jtag cable 'Digilent Zed 210248A39C89' is selected.
12:51:59 INFO  : 'jtag frequency' command is executed.
12:51:59 INFO  : Sourcing of 'D:/Sem_6/AELD/Labs/Lab_1/Lab_1.sdk/design_1_wrapper_hw_platform_0/ps7_init.tcl' is done.
12:51:59 INFO  : Context for 'APU' is selected.
12:51:59 INFO  : System reset is completed.
12:52:02 INFO  : 'after 3000' command is executed.
12:52:02 INFO  : Context for 'APU' is selected.
12:52:02 INFO  : Hardware design information is loaded from 'D:/Sem_6/AELD/Labs/Lab_1/Lab_1.sdk/design_1_wrapper_hw_platform_0/system.hdf'.
12:52:02 INFO  : 'configparams force-mem-access 1' command is executed.
12:52:02 INFO  : Context for 'APU' is selected.
12:52:03 INFO  : 'ps7_init' command is executed.
12:52:03 INFO  : 'ps7_post_config' command is executed.
12:52:03 INFO  : Context for processor 'ps7_cortexa9_0' is selected.
12:52:03 INFO  : The application 'D:/Sem_6/AELD/Labs/Lab_1/Lab_1.sdk/Lab_1/Debug/Lab_1.elf' is downloaded to processor 'ps7_cortexa9_0'.
12:52:03 INFO  : 'configparams force-mem-access 0' command is executed.
12:52:03 INFO  : ----------------XSDB Script----------------
connect -url tcp:127.0.0.1:3121
source D:/Sem_6/AELD/Labs/Lab_1/Lab_1.sdk/design_1_wrapper_hw_platform_0/ps7_init.tcl
targets -set -nocase -filter {name =~"APU*" && jtag_cable_name =~ "Digilent Zed 210248A39C89"} -index 0
rst -system
after 3000
targets -set -nocase -filter {name =~"APU*" && jtag_cable_name =~ "Digilent Zed 210248A39C89"} -index 0
loadhw -hw D:/Sem_6/AELD/Labs/Lab_1/Lab_1.sdk/design_1_wrapper_hw_platform_0/system.hdf -mem-ranges [list {0x40000000 0xbfffffff}]
configparams force-mem-access 1
targets -set -nocase -filter {name =~"APU*" && jtag_cable_name =~ "Digilent Zed 210248A39C89"} -index 0
ps7_init
ps7_post_config
targets -set -nocase -filter {name =~ "ARM*#0" && jtag_cable_name =~ "Digilent Zed 210248A39C89"} -index 0
dow D:/Sem_6/AELD/Labs/Lab_1/Lab_1.sdk/Lab_1/Debug/Lab_1.elf
configparams force-mem-access 0
----------------End of Script----------------

12:52:03 INFO  : Context for processor 'ps7_cortexa9_0' is selected.
12:52:03 INFO  : 'con' command is executed.
12:52:03 INFO  : ----------------XSDB Script (After Launch)----------------
targets -set -nocase -filter {name =~ "ARM*#0" && jtag_cable_name =~ "Digilent Zed 210248A39C89"} -index 0
con
----------------End of Script----------------

12:52:03 INFO  : Launch script is exported to file 'D:\Sem_6\AELD\Labs\Lab_1\Lab_1.sdk\.sdk\launch_scripts\xilinx_c-c++_application_(system_debugger)\system_debugger_using_debug_lab_1.elf_on_remzeb.tcl'
13:11:41 INFO  : Disconnected from the channel tcfchan#7.
13:11:42 INFO  : Connected to target on host '127.0.0.1' and port '3121'.
13:11:42 INFO  : Jtag cable 'Digilent Zed 210248A39C89' is selected.
13:11:42 INFO  : 'jtag frequency' command is executed.
13:11:42 INFO  : Sourcing of 'D:/Sem_6/AELD/Labs/Lab_1/Lab_1.sdk/design_1_wrapper_hw_platform_0/ps7_init.tcl' is done.
13:11:45 ERROR : no targets found with "name =~"APU*" && jtag_cable_name =~ "Digilent Zed 210248A39C89"". available targets:
  1  DAP (JTAG port open error. AP transaction error, DAP status 30000021)
  2  xc7z020
13:11:45 INFO  : ----------------XSDB Script----------------
connect -url tcp:127.0.0.1:3121
source D:/Sem_6/AELD/Labs/Lab_1/Lab_1.sdk/design_1_wrapper_hw_platform_0/ps7_init.tcl
targets -set -nocase -filter {name =~"APU*" && jtag_cable_name =~ "Digilent Zed 210248A39C89"} -index 0
----------------End of Script----------------

13:13:17 INFO  : Connected to target on host '127.0.0.1' and port '3121'.
13:13:17 INFO  : Jtag cable 'Digilent Zed 210248A39C89' is selected.
13:13:17 INFO  : 'jtag frequency' command is executed.
13:13:17 INFO  : Sourcing of 'D:/Sem_6/AELD/Labs/Lab_1/Lab_1.sdk/design_1_wrapper_hw_platform_0/ps7_init.tcl' is done.
13:13:17 INFO  : Context for 'APU' is selected.
13:13:18 INFO  : System reset is completed.
13:13:21 INFO  : 'after 3000' command is executed.
13:13:21 INFO  : Context for 'APU' is selected.
13:13:21 INFO  : Hardware design information is loaded from 'D:/Sem_6/AELD/Labs/Lab_1/Lab_1.sdk/design_1_wrapper_hw_platform_0/system.hdf'.
13:13:21 INFO  : 'configparams force-mem-access 1' command is executed.
13:13:21 INFO  : Context for 'APU' is selected.
13:13:21 INFO  : 'ps7_init' command is executed.
13:13:21 INFO  : 'ps7_post_config' command is executed.
13:13:21 INFO  : Context for processor 'ps7_cortexa9_0' is selected.
13:13:22 INFO  : The application 'D:/Sem_6/AELD/Labs/Lab_1/Lab_1.sdk/Lab_1/Debug/Lab_1.elf' is downloaded to processor 'ps7_cortexa9_0'.
13:13:22 INFO  : 'configparams force-mem-access 0' command is executed.
13:13:22 INFO  : ----------------XSDB Script----------------
connect -url tcp:127.0.0.1:3121
source D:/Sem_6/AELD/Labs/Lab_1/Lab_1.sdk/design_1_wrapper_hw_platform_0/ps7_init.tcl
targets -set -nocase -filter {name =~"APU*" && jtag_cable_name =~ "Digilent Zed 210248A39C89"} -index 0
rst -system
after 3000
targets -set -nocase -filter {name =~"APU*" && jtag_cable_name =~ "Digilent Zed 210248A39C89"} -index 0
loadhw -hw D:/Sem_6/AELD/Labs/Lab_1/Lab_1.sdk/design_1_wrapper_hw_platform_0/system.hdf -mem-ranges [list {0x40000000 0xbfffffff}]
configparams force-mem-access 1
targets -set -nocase -filter {name =~"APU*" && jtag_cable_name =~ "Digilent Zed 210248A39C89"} -index 0
ps7_init
ps7_post_config
targets -set -nocase -filter {name =~ "ARM*#0" && jtag_cable_name =~ "Digilent Zed 210248A39C89"} -index 0
dow D:/Sem_6/AELD/Labs/Lab_1/Lab_1.sdk/Lab_1/Debug/Lab_1.elf
configparams force-mem-access 0
----------------End of Script----------------

13:13:22 INFO  : Context for processor 'ps7_cortexa9_0' is selected.
13:13:22 INFO  : 'con' command is executed.
13:13:22 INFO  : ----------------XSDB Script (After Launch)----------------
targets -set -nocase -filter {name =~ "ARM*#0" && jtag_cable_name =~ "Digilent Zed 210248A39C89"} -index 0
con
----------------End of Script----------------

13:13:22 INFO  : Launch script is exported to file 'D:\Sem_6\AELD\Labs\Lab_1\Lab_1.sdk\.sdk\launch_scripts\xilinx_c-c++_application_(system_debugger)\system_debugger_using_debug_lab_1.elf_on_remzeb.tcl'
13:41:31 INFO  : Disconnected from the channel tcfchan#8.
13:41:32 INFO  : Connected to target on host '127.0.0.1' and port '3121'.
13:41:32 INFO  : Jtag cable 'Digilent Zed 210248A39C89' is selected.
13:41:32 INFO  : 'jtag frequency' command is executed.
13:41:32 INFO  : Sourcing of 'D:/Sem_6/AELD/Labs/Lab_1/Lab_1.sdk/design_1_wrapper_hw_platform_0/ps7_init.tcl' is done.
13:41:32 INFO  : Context for 'APU' is selected.
13:41:32 ERROR : AP transaction error, DAP status f0000021
13:41:32 INFO  : ----------------XSDB Script----------------
connect -url tcp:127.0.0.1:3121
source D:/Sem_6/AELD/Labs/Lab_1/Lab_1.sdk/design_1_wrapper_hw_platform_0/ps7_init.tcl
targets -set -nocase -filter {name =~"APU*" && jtag_cable_name =~ "Digilent Zed 210248A39C89"} -index 0
rst -system
after 3000
----------------End of Script----------------

13:42:16 INFO  : Connected to target on host '127.0.0.1' and port '3121'.
13:42:16 INFO  : Jtag cable 'Digilent Zed 210248A39C89' is selected.
13:42:16 INFO  : 'jtag frequency' command is executed.
13:42:16 INFO  : Sourcing of 'D:/Sem_6/AELD/Labs/Lab_1/Lab_1.sdk/design_1_wrapper_hw_platform_0/ps7_init.tcl' is done.
13:42:16 INFO  : Context for 'APU' is selected.
13:42:16 INFO  : System reset is completed.
13:42:19 INFO  : 'after 3000' command is executed.
13:42:19 INFO  : Context for 'APU' is selected.
13:42:19 INFO  : Hardware design information is loaded from 'D:/Sem_6/AELD/Labs/Lab_1/Lab_1.sdk/design_1_wrapper_hw_platform_0/system.hdf'.
13:42:19 INFO  : 'configparams force-mem-access 1' command is executed.
13:42:19 INFO  : Context for 'APU' is selected.
13:42:20 INFO  : 'ps7_init' command is executed.
13:42:20 INFO  : 'ps7_post_config' command is executed.
13:42:20 INFO  : Context for processor 'ps7_cortexa9_0' is selected.
13:42:20 INFO  : The application 'D:/Sem_6/AELD/Labs/Lab_1/Lab_1.sdk/Lab_1/Debug/Lab_1.elf' is downloaded to processor 'ps7_cortexa9_0'.
13:42:20 INFO  : 'configparams force-mem-access 0' command is executed.
13:42:20 INFO  : ----------------XSDB Script----------------
connect -url tcp:127.0.0.1:3121
source D:/Sem_6/AELD/Labs/Lab_1/Lab_1.sdk/design_1_wrapper_hw_platform_0/ps7_init.tcl
targets -set -nocase -filter {name =~"APU*" && jtag_cable_name =~ "Digilent Zed 210248A39C89"} -index 0
rst -system
after 3000
targets -set -nocase -filter {name =~"APU*" && jtag_cable_name =~ "Digilent Zed 210248A39C89"} -index 0
loadhw -hw D:/Sem_6/AELD/Labs/Lab_1/Lab_1.sdk/design_1_wrapper_hw_platform_0/system.hdf -mem-ranges [list {0x40000000 0xbfffffff}]
configparams force-mem-access 1
targets -set -nocase -filter {name =~"APU*" && jtag_cable_name =~ "Digilent Zed 210248A39C89"} -index 0
ps7_init
ps7_post_config
targets -set -nocase -filter {name =~ "ARM*#0" && jtag_cable_name =~ "Digilent Zed 210248A39C89"} -index 0
dow D:/Sem_6/AELD/Labs/Lab_1/Lab_1.sdk/Lab_1/Debug/Lab_1.elf
configparams force-mem-access 0
----------------End of Script----------------

13:42:20 INFO  : Context for processor 'ps7_cortexa9_0' is selected.
13:42:20 INFO  : 'con' command is executed.
13:42:20 INFO  : ----------------XSDB Script (After Launch)----------------
targets -set -nocase -filter {name =~ "ARM*#0" && jtag_cable_name =~ "Digilent Zed 210248A39C89"} -index 0
con
----------------End of Script----------------

13:42:20 INFO  : Launch script is exported to file 'D:\Sem_6\AELD\Labs\Lab_1\Lab_1.sdk\.sdk\launch_scripts\xilinx_c-c++_application_(system_debugger)\system_debugger_using_debug_lab_1.elf_on_remzeb.tcl'
14:05:39 INFO  : Disconnected from the channel tcfchan#9.
14:05:40 INFO  : Connected to target on host '127.0.0.1' and port '3121'.
14:05:40 INFO  : Jtag cable 'Digilent Zed 210248A39C89' is selected.
14:05:40 INFO  : 'jtag frequency' command is executed.
14:05:40 INFO  : Sourcing of 'D:/Sem_6/AELD/Labs/Lab_1/Lab_1.sdk/design_1_wrapper_hw_platform_0/ps7_init.tcl' is done.
14:05:40 INFO  : Context for 'APU' is selected.
14:05:40 INFO  : System reset is completed.
14:05:43 INFO  : 'after 3000' command is executed.
14:05:43 INFO  : Context for 'APU' is selected.
14:05:44 INFO  : Hardware design information is loaded from 'D:/Sem_6/AELD/Labs/Lab_1/Lab_1.sdk/design_1_wrapper_hw_platform_0/system.hdf'.
14:05:44 INFO  : 'configparams force-mem-access 1' command is executed.
14:05:44 INFO  : Context for 'APU' is selected.
14:05:45 INFO  : 'ps7_init' command is executed.
14:05:45 INFO  : 'ps7_post_config' command is executed.
14:05:45 INFO  : Context for processor 'ps7_cortexa9_0' is selected.
14:05:45 INFO  : The application 'D:/Sem_6/AELD/Labs/Lab_1/Lab_1.sdk/Lab_1/Debug/Lab_1.elf' is downloaded to processor 'ps7_cortexa9_0'.
14:05:45 INFO  : 'configparams force-mem-access 0' command is executed.
14:05:45 INFO  : ----------------XSDB Script----------------
connect -url tcp:127.0.0.1:3121
source D:/Sem_6/AELD/Labs/Lab_1/Lab_1.sdk/design_1_wrapper_hw_platform_0/ps7_init.tcl
targets -set -nocase -filter {name =~"APU*" && jtag_cable_name =~ "Digilent Zed 210248A39C89"} -index 0
rst -system
after 3000
targets -set -nocase -filter {name =~"APU*" && jtag_cable_name =~ "Digilent Zed 210248A39C89"} -index 0
loadhw -hw D:/Sem_6/AELD/Labs/Lab_1/Lab_1.sdk/design_1_wrapper_hw_platform_0/system.hdf -mem-ranges [list {0x40000000 0xbfffffff}]
configparams force-mem-access 1
targets -set -nocase -filter {name =~"APU*" && jtag_cable_name =~ "Digilent Zed 210248A39C89"} -index 0
ps7_init
ps7_post_config
targets -set -nocase -filter {name =~ "ARM*#0" && jtag_cable_name =~ "Digilent Zed 210248A39C89"} -index 0
dow D:/Sem_6/AELD/Labs/Lab_1/Lab_1.sdk/Lab_1/Debug/Lab_1.elf
configparams force-mem-access 0
----------------End of Script----------------

14:05:45 INFO  : Context for processor 'ps7_cortexa9_0' is selected.
14:05:45 INFO  : 'con' command is executed.
14:05:45 INFO  : ----------------XSDB Script (After Launch)----------------
targets -set -nocase -filter {name =~ "ARM*#0" && jtag_cable_name =~ "Digilent Zed 210248A39C89"} -index 0
con
----------------End of Script----------------

14:05:45 INFO  : Launch script is exported to file 'D:\Sem_6\AELD\Labs\Lab_1\Lab_1.sdk\.sdk\launch_scripts\xilinx_c-c++_application_(system_debugger)\system_debugger_using_debug_lab_1.elf_on_remzeb.tcl'
14:07:48 INFO  : Disconnected from the channel tcfchan#10.
14:07:50 INFO  : Connected to target on host '127.0.0.1' and port '3121'.
14:07:50 INFO  : Jtag cable 'Digilent Zed 210248A39C89' is selected.
14:07:50 INFO  : 'jtag frequency' command is executed.
14:07:50 INFO  : Sourcing of 'D:/Sem_6/AELD/Labs/Lab_1/Lab_1.sdk/design_1_wrapper_hw_platform_0/ps7_init.tcl' is done.
14:07:50 INFO  : Context for 'APU' is selected.
14:07:50 INFO  : System reset is completed.
14:07:53 INFO  : 'after 3000' command is executed.
14:07:53 INFO  : Context for 'APU' is selected.
14:07:54 INFO  : Hardware design information is loaded from 'D:/Sem_6/AELD/Labs/Lab_1/Lab_1.sdk/design_1_wrapper_hw_platform_0/system.hdf'.
14:07:54 INFO  : 'configparams force-mem-access 1' command is executed.
14:07:54 INFO  : Context for 'APU' is selected.
14:07:55 INFO  : 'ps7_init' command is executed.
14:07:55 INFO  : 'ps7_post_config' command is executed.
14:07:55 INFO  : Context for processor 'ps7_cortexa9_0' is selected.
14:07:55 INFO  : The application 'D:/Sem_6/AELD/Labs/Lab_1/Lab_1.sdk/Lab_1/Debug/Lab_1.elf' is downloaded to processor 'ps7_cortexa9_0'.
14:07:55 INFO  : 'configparams force-mem-access 0' command is executed.
14:07:55 INFO  : ----------------XSDB Script----------------
connect -url tcp:127.0.0.1:3121
source D:/Sem_6/AELD/Labs/Lab_1/Lab_1.sdk/design_1_wrapper_hw_platform_0/ps7_init.tcl
targets -set -nocase -filter {name =~"APU*" && jtag_cable_name =~ "Digilent Zed 210248A39C89"} -index 0
rst -system
after 3000
targets -set -nocase -filter {name =~"APU*" && jtag_cable_name =~ "Digilent Zed 210248A39C89"} -index 0
loadhw -hw D:/Sem_6/AELD/Labs/Lab_1/Lab_1.sdk/design_1_wrapper_hw_platform_0/system.hdf -mem-ranges [list {0x40000000 0xbfffffff}]
configparams force-mem-access 1
targets -set -nocase -filter {name =~"APU*" && jtag_cable_name =~ "Digilent Zed 210248A39C89"} -index 0
ps7_init
ps7_post_config
targets -set -nocase -filter {name =~ "ARM*#0" && jtag_cable_name =~ "Digilent Zed 210248A39C89"} -index 0
dow D:/Sem_6/AELD/Labs/Lab_1/Lab_1.sdk/Lab_1/Debug/Lab_1.elf
configparams force-mem-access 0
----------------End of Script----------------

14:07:55 INFO  : Context for processor 'ps7_cortexa9_0' is selected.
14:07:55 INFO  : 'con' command is executed.
14:07:55 INFO  : ----------------XSDB Script (After Launch)----------------
targets -set -nocase -filter {name =~ "ARM*#0" && jtag_cable_name =~ "Digilent Zed 210248A39C89"} -index 0
con
----------------End of Script----------------

14:07:55 INFO  : Launch script is exported to file 'D:\Sem_6\AELD\Labs\Lab_1\Lab_1.sdk\.sdk\launch_scripts\xilinx_c-c++_application_(system_debugger)\system_debugger_using_debug_lab_1.elf_on_remzeb.tcl'
14:08:37 INFO  : Disconnected from the channel tcfchan#11.
14:08:38 INFO  : Connected to target on host '127.0.0.1' and port '3121'.
14:08:38 INFO  : Jtag cable 'Digilent Zed 210248A39C89' is selected.
14:08:38 INFO  : 'jtag frequency' command is executed.
14:08:38 INFO  : Sourcing of 'D:/Sem_6/AELD/Labs/Lab_1/Lab_1.sdk/design_1_wrapper_hw_platform_0/ps7_init.tcl' is done.
14:08:38 INFO  : Context for 'APU' is selected.
14:08:38 INFO  : System reset is completed.
14:08:41 INFO  : 'after 3000' command is executed.
14:08:41 INFO  : Context for 'APU' is selected.
14:08:42 INFO  : Hardware design information is loaded from 'D:/Sem_6/AELD/Labs/Lab_1/Lab_1.sdk/design_1_wrapper_hw_platform_0/system.hdf'.
14:08:42 INFO  : 'configparams force-mem-access 1' command is executed.
14:08:42 INFO  : Context for 'APU' is selected.
14:08:43 INFO  : 'ps7_init' command is executed.
14:08:43 INFO  : 'ps7_post_config' command is executed.
14:08:43 INFO  : Context for processor 'ps7_cortexa9_0' is selected.
14:08:43 INFO  : The application 'D:/Sem_6/AELD/Labs/Lab_1/Lab_1.sdk/Lab_1/Debug/Lab_1.elf' is downloaded to processor 'ps7_cortexa9_0'.
14:08:43 INFO  : 'configparams force-mem-access 0' command is executed.
14:08:43 INFO  : ----------------XSDB Script----------------
connect -url tcp:127.0.0.1:3121
source D:/Sem_6/AELD/Labs/Lab_1/Lab_1.sdk/design_1_wrapper_hw_platform_0/ps7_init.tcl
targets -set -nocase -filter {name =~"APU*" && jtag_cable_name =~ "Digilent Zed 210248A39C89"} -index 0
rst -system
after 3000
targets -set -nocase -filter {name =~"APU*" && jtag_cable_name =~ "Digilent Zed 210248A39C89"} -index 0
loadhw -hw D:/Sem_6/AELD/Labs/Lab_1/Lab_1.sdk/design_1_wrapper_hw_platform_0/system.hdf -mem-ranges [list {0x40000000 0xbfffffff}]
configparams force-mem-access 1
targets -set -nocase -filter {name =~"APU*" && jtag_cable_name =~ "Digilent Zed 210248A39C89"} -index 0
ps7_init
ps7_post_config
targets -set -nocase -filter {name =~ "ARM*#0" && jtag_cable_name =~ "Digilent Zed 210248A39C89"} -index 0
dow D:/Sem_6/AELD/Labs/Lab_1/Lab_1.sdk/Lab_1/Debug/Lab_1.elf
configparams force-mem-access 0
----------------End of Script----------------

14:08:44 INFO  : Context for processor 'ps7_cortexa9_0' is selected.
14:08:44 INFO  : 'con' command is executed.
14:08:44 INFO  : ----------------XSDB Script (After Launch)----------------
targets -set -nocase -filter {name =~ "ARM*#0" && jtag_cable_name =~ "Digilent Zed 210248A39C89"} -index 0
con
----------------End of Script----------------

14:08:44 INFO  : Launch script is exported to file 'D:\Sem_6\AELD\Labs\Lab_1\Lab_1.sdk\.sdk\launch_scripts\xilinx_c-c++_application_(system_debugger)\system_debugger_using_debug_lab_1.elf_on_remzeb.tcl'
14:13:41 INFO  : Disconnected from the channel tcfchan#12.
14:13:43 INFO  : Connected to target on host '127.0.0.1' and port '3121'.
14:13:43 INFO  : Jtag cable 'Digilent Zed 210248A39C89' is selected.
14:13:43 INFO  : 'jtag frequency' command is executed.
14:13:43 INFO  : Sourcing of 'D:/Sem_6/AELD/Labs/Lab_1/Lab_1.sdk/design_1_wrapper_hw_platform_0/ps7_init.tcl' is done.
14:13:43 INFO  : Context for 'APU' is selected.
14:13:43 INFO  : System reset is completed.
14:13:46 INFO  : 'after 3000' command is executed.
14:13:46 INFO  : Context for 'APU' is selected.
14:13:48 INFO  : Hardware design information is loaded from 'D:/Sem_6/AELD/Labs/Lab_1/Lab_1.sdk/design_1_wrapper_hw_platform_0/system.hdf'.
14:13:48 INFO  : 'configparams force-mem-access 1' command is executed.
14:13:48 INFO  : Context for 'APU' is selected.
14:13:48 INFO  : 'ps7_init' command is executed.
14:13:48 INFO  : 'ps7_post_config' command is executed.
14:13:48 INFO  : Context for processor 'ps7_cortexa9_0' is selected.
14:13:49 INFO  : The application 'D:/Sem_6/AELD/Labs/Lab_1/Lab_1.sdk/Lab_1/Debug/Lab_1.elf' is downloaded to processor 'ps7_cortexa9_0'.
14:13:49 INFO  : 'configparams force-mem-access 0' command is executed.
14:13:49 INFO  : ----------------XSDB Script----------------
connect -url tcp:127.0.0.1:3121
source D:/Sem_6/AELD/Labs/Lab_1/Lab_1.sdk/design_1_wrapper_hw_platform_0/ps7_init.tcl
targets -set -nocase -filter {name =~"APU*" && jtag_cable_name =~ "Digilent Zed 210248A39C89"} -index 0
rst -system
after 3000
targets -set -nocase -filter {name =~"APU*" && jtag_cable_name =~ "Digilent Zed 210248A39C89"} -index 0
loadhw -hw D:/Sem_6/AELD/Labs/Lab_1/Lab_1.sdk/design_1_wrapper_hw_platform_0/system.hdf -mem-ranges [list {0x40000000 0xbfffffff}]
configparams force-mem-access 1
targets -set -nocase -filter {name =~"APU*" && jtag_cable_name =~ "Digilent Zed 210248A39C89"} -index 0
ps7_init
ps7_post_config
targets -set -nocase -filter {name =~ "ARM*#0" && jtag_cable_name =~ "Digilent Zed 210248A39C89"} -index 0
dow D:/Sem_6/AELD/Labs/Lab_1/Lab_1.sdk/Lab_1/Debug/Lab_1.elf
configparams force-mem-access 0
----------------End of Script----------------

14:13:49 INFO  : Context for processor 'ps7_cortexa9_0' is selected.
14:13:49 INFO  : 'con' command is executed.
14:13:49 INFO  : ----------------XSDB Script (After Launch)----------------
targets -set -nocase -filter {name =~ "ARM*#0" && jtag_cable_name =~ "Digilent Zed 210248A39C89"} -index 0
con
----------------End of Script----------------

14:13:49 INFO  : Launch script is exported to file 'D:\Sem_6\AELD\Labs\Lab_1\Lab_1.sdk\.sdk\launch_scripts\xilinx_c-c++_application_(system_debugger)\system_debugger_using_debug_lab_1.elf_on_remzeb.tcl'
01:03:03 INFO  : Disconnected from the channel tcfchan#13.
15:02:36 INFO  : Registering command handlers for SDK TCF services
15:02:36 INFO  : Launching XSCT server: xsct.bat -interactive D:\Sem_6\AELD\Labs\Lab_1\Lab_1.sdk\temp_xsdb_launch_script.tcl
15:02:38 INFO  : XSCT server has started successfully.
15:02:42 INFO  : Successfully done setting XSCT server connection channel  
15:02:42 INFO  : Successfully done setting SDK workspace  
15:02:42 INFO  : Processing command line option -hwspec D:/Sem_6/AELD/Labs/Lab_1/Lab_1.sdk/design_1_wrapper.hdf.
15:02:42 INFO  : Checking for hwspec changes in the project design_1_wrapper_hw_platform_0.
15:18:10 INFO  : Connected through redirection to target on host '192.168.226.142' and port '51116'.
15:18:11 INFO  : Jtag cable 'Digilent Zed 210248A39C95' is selected.
15:18:11 INFO  : 'jtag frequency' command is executed.
15:18:11 INFO  : Sourcing of 'D:/Sem_6/AELD/Labs/Lab_1/Lab_1.sdk/design_1_wrapper_hw_platform_0/ps7_init.tcl' is done.
15:18:11 INFO  : Context for 'APU' is selected.
15:18:13 INFO  : System reset is completed.
15:18:16 INFO  : 'after 3000' command is executed.
15:18:16 INFO  : Context for 'APU' is selected.
15:18:16 INFO  : Hardware design information is loaded from 'D:/Sem_6/AELD/Labs/Lab_1/Lab_1.sdk/design_1_wrapper_hw_platform_0/system.hdf'.
15:18:16 INFO  : 'configparams force-mem-access 1' command is executed.
15:18:16 INFO  : Context for 'APU' is selected.
15:18:34 INFO  : 'ps7_init' command is executed.
15:18:36 INFO  : 'ps7_post_config' command is executed.
15:18:39 INFO  : Context for processor 'ps7_cortexa9_0' is selected.
15:18:46 INFO  : The application 'D:/Sem_6/AELD/Labs/Lab_1/Lab_1.sdk/Lab_1/Debug/Lab_1.elf' is downloaded to processor 'ps7_cortexa9_0'.
15:18:47 INFO  : 'configparams force-mem-access 0' command is executed.
15:18:47 INFO  : ----------------XSDB Script----------------
connect -path [list tcp::1534 tcp:192.168.226.142:51116]
source D:/Sem_6/AELD/Labs/Lab_1/Lab_1.sdk/design_1_wrapper_hw_platform_0/ps7_init.tcl
targets -set -nocase -filter {name =~"APU*" && jtag_cable_name =~ "Digilent Zed 210248A39C95"} -index 0
rst -system
after 3000
targets -set -nocase -filter {name =~"APU*" && jtag_cable_name =~ "Digilent Zed 210248A39C95"} -index 0
loadhw -hw D:/Sem_6/AELD/Labs/Lab_1/Lab_1.sdk/design_1_wrapper_hw_platform_0/system.hdf -mem-ranges [list {0x40000000 0xbfffffff}]
configparams force-mem-access 1
targets -set -nocase -filter {name =~"APU*" && jtag_cable_name =~ "Digilent Zed 210248A39C95"} -index 0
ps7_init
ps7_post_config
targets -set -nocase -filter {name =~ "ARM*#0" && jtag_cable_name =~ "Digilent Zed 210248A39C95"} -index 0
dow D:/Sem_6/AELD/Labs/Lab_1/Lab_1.sdk/Lab_1/Debug/Lab_1.elf
configparams force-mem-access 0
----------------End of Script----------------

15:18:49 INFO  : Context for processor 'ps7_cortexa9_0' is selected.
15:18:49 INFO  : 'con' command is executed.
15:18:49 INFO  : ----------------XSDB Script (After Launch)----------------
targets -set -nocase -filter {name =~ "ARM*#0" && jtag_cable_name =~ "Digilent Zed 210248A39C95"} -index 0
con
----------------End of Script----------------

15:18:49 INFO  : Launch script is exported to file 'D:\Sem_6\AELD\Labs\Lab_1\Lab_1.sdk\.sdk\launch_scripts\xilinx_c-c++_application_(system_debugger)\system_debugger_using_debug_lab_1.elf_on_remzeb.tcl'
15:26:11 INFO  : Disconnected from the channel tcfchan#1.
15:26:12 INFO  : Connected through redirection to target on host '192.168.226.142' and port '51116'.
15:26:12 INFO  : Connected through redirection to target on host '192.168.226.142' and port '51116'.
15:26:13 INFO  : Jtag cable 'Digilent Zed 210248A39C95' is selected.
15:26:13 INFO  : 'jtag frequency' command is executed.
15:26:13 INFO  : Jtag cable 'Digilent Zed 210248A39C95' is selected.
15:26:13 INFO  : Sourcing of 'D:/Sem_6/AELD/Labs/Lab_1/Lab_1.sdk/design_1_wrapper_hw_platform_0/ps7_init.tcl' is done.
15:26:13 INFO  : 'jtag frequency' command is executed.
15:26:13 INFO  : Context for 'APU' is selected.
15:26:13 INFO  : Sourcing of 'D:/Sem_6/AELD/Labs/Lab_1/Lab_1.sdk/design_1_wrapper_hw_platform_0/ps7_init.tcl' is done.
15:26:14 INFO  : System reset is completed.
15:26:15 INFO  : Context for 'APU' is selected.
15:26:18 INFO  : 'after 3000' command is executed.
15:26:19 INFO  : System reset is completed.
15:26:19 INFO  : Context for 'APU' is selected.
15:26:22 INFO  : 'after 3000' command is executed.
15:26:23 INFO  : Hardware design information is loaded from 'D:/Sem_6/AELD/Labs/Lab_1/Lab_1.sdk/design_1_wrapper_hw_platform_0/system.hdf'.
15:26:23 INFO  : Context for 'APU' is selected.
15:26:23 INFO  : 'configparams force-mem-access 1' command is executed.
15:26:23 INFO  : Hardware design information is loaded from 'D:/Sem_6/AELD/Labs/Lab_1/Lab_1.sdk/design_1_wrapper_hw_platform_0/system.hdf'.
15:26:23 INFO  : Context for 'APU' is selected.
15:26:23 INFO  : 'configparams force-mem-access 1' command is executed.
15:26:41 INFO  : 'ps7_init' command is executed.
15:26:41 INFO  : Context for 'APU' is selected.
15:26:41 INFO  : 'ps7_post_config' command is executed.
15:26:55 INFO  : 'ps7_init' command is executed.
15:26:56 INFO  : Context for processor 'ps7_cortexa9_0' is selected.
15:26:56 INFO  : 'ps7_post_config' command is executed.
15:26:57 INFO  : The application 'D:/Sem_6/AELD/Labs/Lab_1/Lab_1.sdk/Lab_1/Debug/Lab_1.elf' is downloaded to processor 'ps7_cortexa9_0'.
15:26:57 INFO  : Context for processor 'ps7_cortexa9_0' is selected.
15:26:57 INFO  : 'configparams force-mem-access 0' command is executed.
15:26:57 INFO  : ----------------XSDB Script----------------
connect -path [list tcp::1534 tcp:192.168.226.142:51116]
source D:/Sem_6/AELD/Labs/Lab_1/Lab_1.sdk/design_1_wrapper_hw_platform_0/ps7_init.tcl
targets -set -nocase -filter {name =~"APU*" && jtag_cable_name =~ "Digilent Zed 210248A39C95"} -index 0
rst -system
after 3000
targets -set -nocase -filter {name =~"APU*" && jtag_cable_name =~ "Digilent Zed 210248A39C95"} -index 0
loadhw -hw D:/Sem_6/AELD/Labs/Lab_1/Lab_1.sdk/design_1_wrapper_hw_platform_0/system.hdf -mem-ranges [list {0x40000000 0xbfffffff}]
configparams force-mem-access 1
targets -set -nocase -filter {name =~"APU*" && jtag_cable_name =~ "Digilent Zed 210248A39C95"} -index 0
ps7_init
ps7_post_config
targets -set -nocase -filter {name =~ "ARM*#0" && jtag_cable_name =~ "Digilent Zed 210248A39C95"} -index 0
dow D:/Sem_6/AELD/Labs/Lab_1/Lab_1.sdk/Lab_1/Debug/Lab_1.elf
configparams force-mem-access 0
----------------End of Script----------------

15:26:58 INFO  : The application 'D:/Sem_6/AELD/Labs/Lab_1/Lab_1.sdk/Lab_1/Debug/Lab_1.elf' is downloaded to processor 'ps7_cortexa9_0'.
15:26:58 INFO  : 'configparams force-mem-access 0' command is executed.
15:26:58 INFO  : ----------------XSDB Script----------------
connect -path [list tcp::1534 tcp:192.168.226.142:51116]
source D:/Sem_6/AELD/Labs/Lab_1/Lab_1.sdk/design_1_wrapper_hw_platform_0/ps7_init.tcl
targets -set -nocase -filter {name =~"APU*" && jtag_cable_name =~ "Digilent Zed 210248A39C95"} -index 0
rst -system
after 3000
targets -set -nocase -filter {name =~"APU*" && jtag_cable_name =~ "Digilent Zed 210248A39C95"} -index 0
loadhw -hw D:/Sem_6/AELD/Labs/Lab_1/Lab_1.sdk/design_1_wrapper_hw_platform_0/system.hdf -mem-ranges [list {0x40000000 0xbfffffff}]
configparams force-mem-access 1
targets -set -nocase -filter {name =~"APU*" && jtag_cable_name =~ "Digilent Zed 210248A39C95"} -index 0
ps7_init
ps7_post_config
targets -set -nocase -filter {name =~ "ARM*#0" && jtag_cable_name =~ "Digilent Zed 210248A39C95"} -index 0
dow D:/Sem_6/AELD/Labs/Lab_1/Lab_1.sdk/Lab_1/Debug/Lab_1.elf
configparams force-mem-access 0
----------------End of Script----------------

15:26:58 INFO  : Context for processor 'ps7_cortexa9_0' is selected.
15:26:58 INFO  : 'con' command is executed.
15:26:58 INFO  : ----------------XSDB Script (After Launch)----------------
targets -set -nocase -filter {name =~ "ARM*#0" && jtag_cable_name =~ "Digilent Zed 210248A39C95"} -index 0
con
----------------End of Script----------------

15:26:58 INFO  : Launch script is exported to file 'D:\Sem_6\AELD\Labs\Lab_1\Lab_1.sdk\.sdk\launch_scripts\xilinx_c-c++_application_(system_debugger)\system_debugger_using_debug_lab_1.elf_on_remzeb.tcl'
15:26:58 INFO  : Context for processor 'ps7_cortexa9_0' is selected.
15:26:58 ERROR : Already running
15:26:58 INFO  : Disconnected from the channel tcfchan#2.
15:27:17 ERROR : (XSDB Server)Invalid target. Use "connect" command to connect to hw_server/TCF agent

15:27:45 WARN  : channel "tcfchan#2" closed
15:27:46 INFO  : Connected through redirection to target on host '192.168.226.142' and port '51116'.
15:27:46 INFO  : Jtag cable 'Digilent Zed 210248A39C95' is selected.
15:27:46 INFO  : 'jtag frequency' command is executed.
15:27:46 INFO  : Sourcing of 'D:/Sem_6/AELD/Labs/Lab_1/Lab_1.sdk/design_1_wrapper_hw_platform_0/ps7_init.tcl' is done.
15:27:47 INFO  : Context for 'APU' is selected.
15:27:48 INFO  : System reset is completed.
15:27:51 INFO  : 'after 3000' command is executed.
15:27:51 INFO  : Context for 'APU' is selected.
15:27:52 INFO  : Hardware design information is loaded from 'D:/Sem_6/AELD/Labs/Lab_1/Lab_1.sdk/design_1_wrapper_hw_platform_0/system.hdf'.
15:27:52 INFO  : 'configparams force-mem-access 1' command is executed.
15:27:52 INFO  : Context for 'APU' is selected.
15:28:06 INFO  : 'ps7_init' command is executed.
15:28:06 INFO  : 'ps7_post_config' command is executed.
15:28:07 INFO  : Context for processor 'ps7_cortexa9_0' is selected.
15:28:07 INFO  : The application 'D:/Sem_6/AELD/Labs/Lab_1/Lab_1.sdk/Lab_1/Debug/Lab_1.elf' is downloaded to processor 'ps7_cortexa9_0'.
15:28:07 INFO  : 'configparams force-mem-access 0' command is executed.
15:28:07 INFO  : ----------------XSDB Script----------------
connect -path [list tcp::1534 tcp:192.168.226.142:51116]
source D:/Sem_6/AELD/Labs/Lab_1/Lab_1.sdk/design_1_wrapper_hw_platform_0/ps7_init.tcl
targets -set -nocase -filter {name =~"APU*" && jtag_cable_name =~ "Digilent Zed 210248A39C95"} -index 0
rst -system
after 3000
targets -set -nocase -filter {name =~"APU*" && jtag_cable_name =~ "Digilent Zed 210248A39C95"} -index 0
loadhw -hw D:/Sem_6/AELD/Labs/Lab_1/Lab_1.sdk/design_1_wrapper_hw_platform_0/system.hdf -mem-ranges [list {0x40000000 0xbfffffff}]
configparams force-mem-access 1
targets -set -nocase -filter {name =~"APU*" && jtag_cable_name =~ "Digilent Zed 210248A39C95"} -index 0
ps7_init
ps7_post_config
targets -set -nocase -filter {name =~ "ARM*#0" && jtag_cable_name =~ "Digilent Zed 210248A39C95"} -index 0
dow D:/Sem_6/AELD/Labs/Lab_1/Lab_1.sdk/Lab_1/Debug/Lab_1.elf
configparams force-mem-access 0
----------------End of Script----------------

15:28:08 INFO  : Context for processor 'ps7_cortexa9_0' is selected.
15:28:08 INFO  : 'con' command is executed.
15:28:08 INFO  : ----------------XSDB Script (After Launch)----------------
targets -set -nocase -filter {name =~ "ARM*#0" && jtag_cable_name =~ "Digilent Zed 210248A39C95"} -index 0
con
----------------End of Script----------------

15:28:08 INFO  : Launch script is exported to file 'D:\Sem_6\AELD\Labs\Lab_1\Lab_1.sdk\.sdk\launch_scripts\xilinx_c-c++_application_(system_debugger)\system_debugger_using_debug_lab_1.elf_on_remzeb.tcl'
15:30:02 WARN  : channel "tcfchan#3" closed
15:41:35 INFO  : Connected through redirection to target on host '192.168.226.142' and port '54032'.
15:41:36 INFO  : Jtag cable 'Digilent Zed 210248A39C95' is selected.
15:41:36 INFO  : 'jtag frequency' command is executed.
15:41:36 INFO  : Sourcing of 'D:/Sem_6/AELD/Labs/Lab_1/Lab_1.sdk/design_1_wrapper_hw_platform_0/ps7_init.tcl' is done.
15:41:37 INFO  : Context for 'APU' is selected.
15:41:38 INFO  : System reset is completed.
15:41:41 INFO  : 'after 3000' command is executed.
15:41:41 INFO  : Context for 'APU' is selected.
15:41:41 INFO  : Hardware design information is loaded from 'D:/Sem_6/AELD/Labs/Lab_1/Lab_1.sdk/design_1_wrapper_hw_platform_0/system.hdf'.
15:41:42 INFO  : 'configparams force-mem-access 1' command is executed.
15:41:42 INFO  : Context for 'APU' is selected.
15:41:57 INFO  : 'ps7_init' command is executed.
15:41:58 INFO  : 'ps7_post_config' command is executed.
15:41:58 INFO  : Context for processor 'ps7_cortexa9_0' is selected.
15:41:59 INFO  : The application 'D:/Sem_6/AELD/Labs/Lab_1/Lab_1.sdk/Lab_1/Debug/Lab_1.elf' is downloaded to processor 'ps7_cortexa9_0'.
15:41:59 INFO  : 'configparams force-mem-access 0' command is executed.
15:41:59 INFO  : ----------------XSDB Script----------------
connect -path [list tcp::1534 tcp:192.168.226.142:54032]
source D:/Sem_6/AELD/Labs/Lab_1/Lab_1.sdk/design_1_wrapper_hw_platform_0/ps7_init.tcl
targets -set -nocase -filter {name =~"APU*" && jtag_cable_name =~ "Digilent Zed 210248A39C95"} -index 0
rst -system
after 3000
targets -set -nocase -filter {name =~"APU*" && jtag_cable_name =~ "Digilent Zed 210248A39C95"} -index 0
loadhw -hw D:/Sem_6/AELD/Labs/Lab_1/Lab_1.sdk/design_1_wrapper_hw_platform_0/system.hdf -mem-ranges [list {0x40000000 0xbfffffff}]
configparams force-mem-access 1
targets -set -nocase -filter {name =~"APU*" && jtag_cable_name =~ "Digilent Zed 210248A39C95"} -index 0
ps7_init
ps7_post_config
targets -set -nocase -filter {name =~ "ARM*#0" && jtag_cable_name =~ "Digilent Zed 210248A39C95"} -index 0
dow D:/Sem_6/AELD/Labs/Lab_1/Lab_1.sdk/Lab_1/Debug/Lab_1.elf
configparams force-mem-access 0
----------------End of Script----------------

15:42:00 INFO  : Context for processor 'ps7_cortexa9_0' is selected.
15:42:00 INFO  : 'con' command is executed.
15:42:00 INFO  : ----------------XSDB Script (After Launch)----------------
targets -set -nocase -filter {name =~ "ARM*#0" && jtag_cable_name =~ "Digilent Zed 210248A39C95"} -index 0
con
----------------End of Script----------------

15:42:00 INFO  : Launch script is exported to file 'D:\Sem_6\AELD\Labs\Lab_1\Lab_1.sdk\.sdk\launch_scripts\xilinx_c-c++_application_(system_debugger)\system_debugger_using_debug_lab_1.elf_on_remzeb.tcl'
15:45:16 WARN  : channel "tcfchan#4" closed
18:54:05 INFO  : Connected through redirection to target on host '192.168.226.142' and port '51813'.
18:54:05 INFO  : Jtag cable 'Digilent Zed 210248A39C95' is selected.
18:54:06 INFO  : 'jtag frequency' command is executed.
18:54:06 INFO  : Sourcing of 'D:/Sem_6/AELD/Labs/Lab_1/Lab_1.sdk/design_1_wrapper_hw_platform_0/ps7_init.tcl' is done.
18:54:06 INFO  : Context for 'APU' is selected.
18:54:07 INFO  : System reset is completed.
18:54:10 INFO  : 'after 3000' command is executed.
18:54:10 INFO  : Context for 'APU' is selected.
18:54:10 INFO  : Hardware design information is loaded from 'D:/Sem_6/AELD/Labs/Lab_1/Lab_1.sdk/design_1_wrapper_hw_platform_0/system.hdf'.
18:54:10 INFO  : 'configparams force-mem-access 1' command is executed.
18:54:10 INFO  : Context for 'APU' is selected.
18:54:34 ERROR : Channel closed
18:54:34 INFO  : ----------------XSDB Script----------------
connect -path [list tcp::1534 tcp:192.168.226.142:51813]
source D:/Sem_6/AELD/Labs/Lab_1/Lab_1.sdk/design_1_wrapper_hw_platform_0/ps7_init.tcl
targets -set -nocase -filter {name =~"APU*" && jtag_cable_name =~ "Digilent Zed 210248A39C95"} -index 0
rst -system
after 3000
targets -set -nocase -filter {name =~"APU*" && jtag_cable_name =~ "Digilent Zed 210248A39C95"} -index 0
loadhw -hw D:/Sem_6/AELD/Labs/Lab_1/Lab_1.sdk/design_1_wrapper_hw_platform_0/system.hdf -mem-ranges [list {0x40000000 0xbfffffff}]
configparams force-mem-access 1
targets -set -nocase -filter {name =~"APU*" && jtag_cable_name =~ "Digilent Zed 210248A39C95"} -index 0
ps7_init
----------------End of Script----------------

18:56:30 INFO  : Connected through redirection to target on host '192.168.226.142' and port '51813'.
18:56:32 INFO  : Jtag cable 'Digilent Zed 210248A39C95' is selected.
18:56:32 INFO  : 'jtag frequency' command is executed.
18:56:32 INFO  : Sourcing of 'D:/Sem_6/AELD/Labs/Lab_1/Lab_1.sdk/design_1_wrapper_hw_platform_0/ps7_init.tcl' is done.
18:56:32 INFO  : Context for 'APU' is selected.
18:56:33 INFO  : System reset is completed.
18:56:36 INFO  : 'after 3000' command is executed.
18:56:36 INFO  : Context for 'APU' is selected.
18:56:37 INFO  : Hardware design information is loaded from 'D:/Sem_6/AELD/Labs/Lab_1/Lab_1.sdk/design_1_wrapper_hw_platform_0/system.hdf'.
18:56:37 INFO  : 'configparams force-mem-access 1' command is executed.
18:56:37 INFO  : Context for 'APU' is selected.
18:57:01 INFO  : 'ps7_init' command is executed.
18:57:02 INFO  : 'ps7_post_config' command is executed.
18:57:02 INFO  : Context for processor 'ps7_cortexa9_0' is selected.
18:57:03 INFO  : The application 'D:/Sem_6/AELD/Labs/Lab_1/Lab_1.sdk/Lab_1/Debug/Lab_1.elf' is downloaded to processor 'ps7_cortexa9_0'.
18:57:03 INFO  : 'configparams force-mem-access 0' command is executed.
18:57:03 INFO  : ----------------XSDB Script----------------
connect -path [list tcp::1534 tcp:192.168.226.142:51813]
source D:/Sem_6/AELD/Labs/Lab_1/Lab_1.sdk/design_1_wrapper_hw_platform_0/ps7_init.tcl
targets -set -nocase -filter {name =~"APU*" && jtag_cable_name =~ "Digilent Zed 210248A39C95"} -index 0
rst -system
after 3000
targets -set -nocase -filter {name =~"APU*" && jtag_cable_name =~ "Digilent Zed 210248A39C95"} -index 0
loadhw -hw D:/Sem_6/AELD/Labs/Lab_1/Lab_1.sdk/design_1_wrapper_hw_platform_0/system.hdf -mem-ranges [list {0x40000000 0xbfffffff}]
configparams force-mem-access 1
targets -set -nocase -filter {name =~"APU*" && jtag_cable_name =~ "Digilent Zed 210248A39C95"} -index 0
ps7_init
ps7_post_config
targets -set -nocase -filter {name =~ "ARM*#0" && jtag_cable_name =~ "Digilent Zed 210248A39C95"} -index 0
dow D:/Sem_6/AELD/Labs/Lab_1/Lab_1.sdk/Lab_1/Debug/Lab_1.elf
configparams force-mem-access 0
----------------End of Script----------------

18:57:04 INFO  : Context for processor 'ps7_cortexa9_0' is selected.
18:57:04 INFO  : 'con' command is executed.
18:57:04 INFO  : ----------------XSDB Script (After Launch)----------------
targets -set -nocase -filter {name =~ "ARM*#0" && jtag_cable_name =~ "Digilent Zed 210248A39C95"} -index 0
con
----------------End of Script----------------

18:57:04 INFO  : Launch script is exported to file 'D:\Sem_6\AELD\Labs\Lab_1\Lab_1.sdk\.sdk\launch_scripts\xilinx_c-c++_application_(system_debugger)\system_debugger_using_debug_lab_1.elf_on_remzeb.tcl'
18:58:16 INFO  : Disconnected from the channel tcfchan#6.
18:58:17 INFO  : Connected through redirection to target on host '192.168.226.142' and port '51813'.
18:58:18 INFO  : Jtag cable 'Digilent Zed 210248A39C95' is selected.
18:58:18 INFO  : 'jtag frequency' command is executed.
18:58:18 INFO  : Sourcing of 'D:/Sem_6/AELD/Labs/Lab_1/Lab_1.sdk/design_1_wrapper_hw_platform_0/ps7_init.tcl' is done.
18:58:18 INFO  : Context for 'APU' is selected.
18:58:20 INFO  : System reset is completed.
18:58:23 INFO  : 'after 3000' command is executed.
18:58:23 INFO  : Context for 'APU' is selected.
18:58:24 INFO  : Hardware design information is loaded from 'D:/Sem_6/AELD/Labs/Lab_1/Lab_1.sdk/design_1_wrapper_hw_platform_0/system.hdf'.
18:58:24 INFO  : 'configparams force-mem-access 1' command is executed.
18:58:24 INFO  : Context for 'APU' is selected.
18:58:46 INFO  : 'ps7_init' command is executed.
18:58:46 INFO  : 'ps7_post_config' command is executed.
18:58:47 INFO  : Context for processor 'ps7_cortexa9_0' is selected.
18:58:47 INFO  : The application 'D:/Sem_6/AELD/Labs/Lab_1/Lab_1.sdk/Lab_1/Debug/Lab_1.elf' is downloaded to processor 'ps7_cortexa9_0'.
18:58:47 INFO  : 'configparams force-mem-access 0' command is executed.
18:58:47 INFO  : ----------------XSDB Script----------------
connect -path [list tcp::1534 tcp:192.168.226.142:51813]
source D:/Sem_6/AELD/Labs/Lab_1/Lab_1.sdk/design_1_wrapper_hw_platform_0/ps7_init.tcl
targets -set -nocase -filter {name =~"APU*" && jtag_cable_name =~ "Digilent Zed 210248A39C95"} -index 0
rst -system
after 3000
targets -set -nocase -filter {name =~"APU*" && jtag_cable_name =~ "Digilent Zed 210248A39C95"} -index 0
loadhw -hw D:/Sem_6/AELD/Labs/Lab_1/Lab_1.sdk/design_1_wrapper_hw_platform_0/system.hdf -mem-ranges [list {0x40000000 0xbfffffff}]
configparams force-mem-access 1
targets -set -nocase -filter {name =~"APU*" && jtag_cable_name =~ "Digilent Zed 210248A39C95"} -index 0
ps7_init
ps7_post_config
targets -set -nocase -filter {name =~ "ARM*#0" && jtag_cable_name =~ "Digilent Zed 210248A39C95"} -index 0
dow D:/Sem_6/AELD/Labs/Lab_1/Lab_1.sdk/Lab_1/Debug/Lab_1.elf
configparams force-mem-access 0
----------------End of Script----------------

18:58:48 INFO  : Context for processor 'ps7_cortexa9_0' is selected.
18:58:48 INFO  : 'con' command is executed.
18:58:48 INFO  : ----------------XSDB Script (After Launch)----------------
targets -set -nocase -filter {name =~ "ARM*#0" && jtag_cable_name =~ "Digilent Zed 210248A39C95"} -index 0
con
----------------End of Script----------------

18:58:48 INFO  : Launch script is exported to file 'D:\Sem_6\AELD\Labs\Lab_1\Lab_1.sdk\.sdk\launch_scripts\xilinx_c-c++_application_(system_debugger)\system_debugger_using_debug_lab_1.elf_on_remzeb.tcl'
19:00:04 WARN  : channel "tcfchan#7" closed
19:23:20 INFO  : Connected through redirection to target on host '192.168.226.142' and port '65336'.
19:23:20 INFO  : Jtag cable 'Digilent Zed 210248A39C95' is selected.
19:23:21 INFO  : 'jtag frequency' command is executed.
19:23:21 INFO  : Sourcing of 'D:/Sem_6/AELD/Labs/Lab_1/Lab_1.sdk/design_1_wrapper_hw_platform_0/ps7_init.tcl' is done.
19:23:21 INFO  : Context for 'APU' is selected.
19:23:22 INFO  : System reset is completed.
19:23:25 INFO  : 'after 3000' command is executed.
19:23:25 INFO  : Context for 'APU' is selected.
19:23:26 INFO  : Hardware design information is loaded from 'D:/Sem_6/AELD/Labs/Lab_1/Lab_1.sdk/design_1_wrapper_hw_platform_0/system.hdf'.
19:23:26 INFO  : 'configparams force-mem-access 1' command is executed.
19:23:26 INFO  : Context for 'APU' is selected.
19:23:46 INFO  : 'ps7_init' command is executed.
19:23:47 INFO  : 'ps7_post_config' command is executed.
19:23:47 INFO  : Context for processor 'ps7_cortexa9_0' is selected.
19:23:48 INFO  : The application 'D:/Sem_6/AELD/Labs/Lab_1/Lab_1.sdk/Lab_1/Debug/Lab_1.elf' is downloaded to processor 'ps7_cortexa9_0'.
19:23:48 INFO  : 'configparams force-mem-access 0' command is executed.
19:23:48 INFO  : ----------------XSDB Script----------------
connect -path [list tcp::1534 tcp:192.168.226.142:65336]
source D:/Sem_6/AELD/Labs/Lab_1/Lab_1.sdk/design_1_wrapper_hw_platform_0/ps7_init.tcl
targets -set -nocase -filter {name =~"APU*" && jtag_cable_name =~ "Digilent Zed 210248A39C95"} -index 0
rst -system
after 3000
targets -set -nocase -filter {name =~"APU*" && jtag_cable_name =~ "Digilent Zed 210248A39C95"} -index 0
loadhw -hw D:/Sem_6/AELD/Labs/Lab_1/Lab_1.sdk/design_1_wrapper_hw_platform_0/system.hdf -mem-ranges [list {0x40000000 0xbfffffff}]
configparams force-mem-access 1
targets -set -nocase -filter {name =~"APU*" && jtag_cable_name =~ "Digilent Zed 210248A39C95"} -index 0
ps7_init
ps7_post_config
targets -set -nocase -filter {name =~ "ARM*#0" && jtag_cable_name =~ "Digilent Zed 210248A39C95"} -index 0
dow D:/Sem_6/AELD/Labs/Lab_1/Lab_1.sdk/Lab_1/Debug/Lab_1.elf
configparams force-mem-access 0
----------------End of Script----------------

19:23:49 INFO  : Context for processor 'ps7_cortexa9_0' is selected.
19:23:49 INFO  : 'con' command is executed.
19:23:49 INFO  : ----------------XSDB Script (After Launch)----------------
targets -set -nocase -filter {name =~ "ARM*#0" && jtag_cable_name =~ "Digilent Zed 210248A39C95"} -index 0
con
----------------End of Script----------------

19:23:49 INFO  : Launch script is exported to file 'D:\Sem_6\AELD\Labs\Lab_1\Lab_1.sdk\.sdk\launch_scripts\xilinx_c-c++_application_(system_debugger)\system_debugger_using_debug_lab_1.elf_on_remzeb.tcl'
19:27:03 INFO  : Disconnected from the channel tcfchan#8.
19:27:04 INFO  : Connected through redirection to target on host '192.168.226.142' and port '65336'.
19:27:05 INFO  : Jtag cable 'Digilent Zed 210248A39C95' is selected.
19:27:05 INFO  : 'jtag frequency' command is executed.
19:27:05 INFO  : Sourcing of 'D:/Sem_6/AELD/Labs/Lab_1/Lab_1.sdk/design_1_wrapper_hw_platform_0/ps7_init.tcl' is done.
19:27:05 INFO  : Context for 'APU' is selected.
19:27:07 INFO  : System reset is completed.
19:27:10 INFO  : 'after 3000' command is executed.
19:27:10 INFO  : Context for 'APU' is selected.
19:27:11 INFO  : Hardware design information is loaded from 'D:/Sem_6/AELD/Labs/Lab_1/Lab_1.sdk/design_1_wrapper_hw_platform_0/system.hdf'.
19:27:11 INFO  : 'configparams force-mem-access 1' command is executed.
19:27:11 INFO  : Context for 'APU' is selected.
19:27:32 INFO  : 'ps7_init' command is executed.
19:27:33 INFO  : 'ps7_post_config' command is executed.
19:27:33 INFO  : Context for processor 'ps7_cortexa9_0' is selected.
19:27:34 INFO  : The application 'D:/Sem_6/AELD/Labs/Lab_1/Lab_1.sdk/Lab_1/Debug/Lab_1.elf' is downloaded to processor 'ps7_cortexa9_0'.
19:27:34 INFO  : 'configparams force-mem-access 0' command is executed.
19:27:34 INFO  : ----------------XSDB Script----------------
connect -path [list tcp::1534 tcp:192.168.226.142:65336]
source D:/Sem_6/AELD/Labs/Lab_1/Lab_1.sdk/design_1_wrapper_hw_platform_0/ps7_init.tcl
targets -set -nocase -filter {name =~"APU*" && jtag_cable_name =~ "Digilent Zed 210248A39C95"} -index 0
rst -system
after 3000
targets -set -nocase -filter {name =~"APU*" && jtag_cable_name =~ "Digilent Zed 210248A39C95"} -index 0
loadhw -hw D:/Sem_6/AELD/Labs/Lab_1/Lab_1.sdk/design_1_wrapper_hw_platform_0/system.hdf -mem-ranges [list {0x40000000 0xbfffffff}]
configparams force-mem-access 1
targets -set -nocase -filter {name =~"APU*" && jtag_cable_name =~ "Digilent Zed 210248A39C95"} -index 0
ps7_init
ps7_post_config
targets -set -nocase -filter {name =~ "ARM*#0" && jtag_cable_name =~ "Digilent Zed 210248A39C95"} -index 0
dow D:/Sem_6/AELD/Labs/Lab_1/Lab_1.sdk/Lab_1/Debug/Lab_1.elf
configparams force-mem-access 0
----------------End of Script----------------

19:27:35 INFO  : Context for processor 'ps7_cortexa9_0' is selected.
19:27:36 INFO  : 'con' command is executed.
19:27:36 INFO  : ----------------XSDB Script (After Launch)----------------
targets -set -nocase -filter {name =~ "ARM*#0" && jtag_cable_name =~ "Digilent Zed 210248A39C95"} -index 0
con
----------------End of Script----------------

19:27:36 INFO  : Launch script is exported to file 'D:\Sem_6\AELD\Labs\Lab_1\Lab_1.sdk\.sdk\launch_scripts\xilinx_c-c++_application_(system_debugger)\system_debugger_using_debug_lab_1.elf_on_remzeb.tcl'
19:30:03 WARN  : channel "tcfchan#9" closed
19:31:58 INFO  : Connected through redirection to target on host '192.168.226.142' and port '49518'.
19:31:58 INFO  : Jtag cable 'Digilent Zed 210248A39C95' is selected.
19:31:58 INFO  : 'jtag frequency' command is executed.
19:31:58 INFO  : Sourcing of 'D:/Sem_6/AELD/Labs/Lab_1/Lab_1.sdk/design_1_wrapper_hw_platform_0/ps7_init.tcl' is done.
19:31:59 INFO  : Context for 'APU' is selected.
19:32:00 INFO  : System reset is completed.
19:32:03 INFO  : 'after 3000' command is executed.
19:32:03 INFO  : Context for 'APU' is selected.
19:32:04 INFO  : Hardware design information is loaded from 'D:/Sem_6/AELD/Labs/Lab_1/Lab_1.sdk/design_1_wrapper_hw_platform_0/system.hdf'.
19:32:04 INFO  : 'configparams force-mem-access 1' command is executed.
19:32:04 INFO  : Context for 'APU' is selected.
19:32:26 INFO  : 'ps7_init' command is executed.
19:32:26 INFO  : 'ps7_post_config' command is executed.
19:32:27 INFO  : Context for processor 'ps7_cortexa9_0' is selected.
19:32:28 INFO  : The application 'D:/Sem_6/AELD/Labs/Lab_1/Lab_1.sdk/Lab_1/Debug/Lab_1.elf' is downloaded to processor 'ps7_cortexa9_0'.
19:32:28 INFO  : 'configparams force-mem-access 0' command is executed.
19:32:28 INFO  : ----------------XSDB Script----------------
connect -path [list tcp::1534 tcp:192.168.226.142:49518]
source D:/Sem_6/AELD/Labs/Lab_1/Lab_1.sdk/design_1_wrapper_hw_platform_0/ps7_init.tcl
targets -set -nocase -filter {name =~"APU*" && jtag_cable_name =~ "Digilent Zed 210248A39C95"} -index 0
rst -system
after 3000
targets -set -nocase -filter {name =~"APU*" && jtag_cable_name =~ "Digilent Zed 210248A39C95"} -index 0
loadhw -hw D:/Sem_6/AELD/Labs/Lab_1/Lab_1.sdk/design_1_wrapper_hw_platform_0/system.hdf -mem-ranges [list {0x40000000 0xbfffffff}]
configparams force-mem-access 1
targets -set -nocase -filter {name =~"APU*" && jtag_cable_name =~ "Digilent Zed 210248A39C95"} -index 0
ps7_init
ps7_post_config
targets -set -nocase -filter {name =~ "ARM*#0" && jtag_cable_name =~ "Digilent Zed 210248A39C95"} -index 0
dow D:/Sem_6/AELD/Labs/Lab_1/Lab_1.sdk/Lab_1/Debug/Lab_1.elf
configparams force-mem-access 0
----------------End of Script----------------

19:32:29 INFO  : Context for processor 'ps7_cortexa9_0' is selected.
19:32:29 INFO  : 'con' command is executed.
19:32:29 INFO  : ----------------XSDB Script (After Launch)----------------
targets -set -nocase -filter {name =~ "ARM*#0" && jtag_cable_name =~ "Digilent Zed 210248A39C95"} -index 0
con
----------------End of Script----------------

19:32:29 INFO  : Launch script is exported to file 'D:\Sem_6\AELD\Labs\Lab_1\Lab_1.sdk\.sdk\launch_scripts\xilinx_c-c++_application_(system_debugger)\system_debugger_using_debug_lab_1.elf_on_remzeb.tcl'
19:45:16 WARN  : channel "tcfchan#10" closed
20:10:35 INFO  : Connected through redirection to target on host '192.168.226.142' and port '55285'.
20:10:35 INFO  : Jtag cable 'Digilent Zed 210248722679' is selected.
20:10:35 INFO  : 'jtag frequency' command is executed.
20:10:35 INFO  : Sourcing of 'D:/Sem_6/AELD/Labs/Lab_1/Lab_1.sdk/design_1_wrapper_hw_platform_0/ps7_init.tcl' is done.
20:10:36 INFO  : Context for 'APU' is selected.
20:10:37 INFO  : System reset is completed.
20:10:40 INFO  : 'after 3000' command is executed.
20:10:41 INFO  : Context for 'APU' is selected.
20:10:41 INFO  : Hardware design information is loaded from 'D:/Sem_6/AELD/Labs/Lab_1/Lab_1.sdk/design_1_wrapper_hw_platform_0/system.hdf'.
20:10:41 INFO  : 'configparams force-mem-access 1' command is executed.
20:10:41 INFO  : Context for 'APU' is selected.
20:11:01 INFO  : 'ps7_init' command is executed.
20:11:02 INFO  : 'ps7_post_config' command is executed.
20:11:02 INFO  : Context for processor 'ps7_cortexa9_0' is selected.
20:11:03 INFO  : The application 'D:/Sem_6/AELD/Labs/Lab_1/Lab_1.sdk/Lab_1/Debug/Lab_1.elf' is downloaded to processor 'ps7_cortexa9_0'.
20:11:03 INFO  : 'configparams force-mem-access 0' command is executed.
20:11:03 INFO  : ----------------XSDB Script----------------
connect -path [list tcp::1534 tcp:192.168.226.142:55285]
source D:/Sem_6/AELD/Labs/Lab_1/Lab_1.sdk/design_1_wrapper_hw_platform_0/ps7_init.tcl
targets -set -nocase -filter {name =~"APU*" && jtag_cable_name =~ "Digilent Zed 210248722679"} -index 0
rst -system
after 3000
targets -set -nocase -filter {name =~"APU*" && jtag_cable_name =~ "Digilent Zed 210248722679"} -index 0
loadhw -hw D:/Sem_6/AELD/Labs/Lab_1/Lab_1.sdk/design_1_wrapper_hw_platform_0/system.hdf -mem-ranges [list {0x40000000 0xbfffffff}]
configparams force-mem-access 1
targets -set -nocase -filter {name =~"APU*" && jtag_cable_name =~ "Digilent Zed 210248722679"} -index 0
ps7_init
ps7_post_config
targets -set -nocase -filter {name =~ "ARM*#0" && jtag_cable_name =~ "Digilent Zed 210248722679"} -index 0
dow D:/Sem_6/AELD/Labs/Lab_1/Lab_1.sdk/Lab_1/Debug/Lab_1.elf
configparams force-mem-access 0
----------------End of Script----------------

20:11:05 INFO  : Context for processor 'ps7_cortexa9_0' is selected.
20:11:05 INFO  : 'con' command is executed.
20:11:05 INFO  : ----------------XSDB Script (After Launch)----------------
targets -set -nocase -filter {name =~ "ARM*#0" && jtag_cable_name =~ "Digilent Zed 210248722679"} -index 0
con
----------------End of Script----------------

20:11:05 INFO  : Launch script is exported to file 'D:\Sem_6\AELD\Labs\Lab_1\Lab_1.sdk\.sdk\launch_scripts\xilinx_c-c++_application_(system_debugger)\system_debugger_using_debug_lab_1.elf_on_remzeb.tcl'
20:13:35 INFO  : Disconnected from the channel tcfchan#11.
20:13:36 INFO  : Connected through redirection to target on host '192.168.226.142' and port '55285'.
20:13:37 INFO  : Jtag cable 'Digilent Zed 210248722679' is selected.
20:13:37 INFO  : 'jtag frequency' command is executed.
20:13:37 INFO  : Sourcing of 'D:/Sem_6/AELD/Labs/Lab_1/Lab_1.sdk/design_1_wrapper_hw_platform_0/ps7_init.tcl' is done.
20:13:37 INFO  : Context for 'APU' is selected.
20:13:39 INFO  : System reset is completed.
20:13:42 INFO  : 'after 3000' command is executed.
20:13:42 INFO  : Context for 'APU' is selected.
20:13:43 INFO  : Hardware design information is loaded from 'D:/Sem_6/AELD/Labs/Lab_1/Lab_1.sdk/design_1_wrapper_hw_platform_0/system.hdf'.
20:13:43 INFO  : 'configparams force-mem-access 1' command is executed.
20:13:43 INFO  : Context for 'APU' is selected.
20:14:05 INFO  : 'ps7_init' command is executed.
20:14:05 INFO  : 'ps7_post_config' command is executed.
20:14:06 INFO  : Context for processor 'ps7_cortexa9_0' is selected.
20:14:07 INFO  : The application 'D:/Sem_6/AELD/Labs/Lab_1/Lab_1.sdk/Lab_1/Debug/Lab_1.elf' is downloaded to processor 'ps7_cortexa9_0'.
20:14:07 INFO  : 'configparams force-mem-access 0' command is executed.
20:14:07 INFO  : ----------------XSDB Script----------------
connect -path [list tcp::1534 tcp:192.168.226.142:55285]
source D:/Sem_6/AELD/Labs/Lab_1/Lab_1.sdk/design_1_wrapper_hw_platform_0/ps7_init.tcl
targets -set -nocase -filter {name =~"APU*" && jtag_cable_name =~ "Digilent Zed 210248722679"} -index 0
rst -system
after 3000
targets -set -nocase -filter {name =~"APU*" && jtag_cable_name =~ "Digilent Zed 210248722679"} -index 0
loadhw -hw D:/Sem_6/AELD/Labs/Lab_1/Lab_1.sdk/design_1_wrapper_hw_platform_0/system.hdf -mem-ranges [list {0x40000000 0xbfffffff}]
configparams force-mem-access 1
targets -set -nocase -filter {name =~"APU*" && jtag_cable_name =~ "Digilent Zed 210248722679"} -index 0
ps7_init
ps7_post_config
targets -set -nocase -filter {name =~ "ARM*#0" && jtag_cable_name =~ "Digilent Zed 210248722679"} -index 0
dow D:/Sem_6/AELD/Labs/Lab_1/Lab_1.sdk/Lab_1/Debug/Lab_1.elf
configparams force-mem-access 0
----------------End of Script----------------

20:14:08 INFO  : Context for processor 'ps7_cortexa9_0' is selected.
20:14:08 INFO  : 'con' command is executed.
20:14:08 INFO  : ----------------XSDB Script (After Launch)----------------
targets -set -nocase -filter {name =~ "ARM*#0" && jtag_cable_name =~ "Digilent Zed 210248722679"} -index 0
con
----------------End of Script----------------

20:14:08 INFO  : Launch script is exported to file 'D:\Sem_6\AELD\Labs\Lab_1\Lab_1.sdk\.sdk\launch_scripts\xilinx_c-c++_application_(system_debugger)\system_debugger_using_debug_lab_1.elf_on_remzeb.tcl'
20:15:14 WARN  : channel "tcfchan#12" closed
20:19:12 INFO  : Connected through redirection to target on host '192.168.226.142' and port '59407'.
20:19:13 INFO  : Jtag cable 'Digilent Zed 210248A39C95' is selected.
20:19:13 INFO  : 'jtag frequency' command is executed.
20:19:13 INFO  : Sourcing of 'D:/Sem_6/AELD/Labs/Lab_1/Lab_1.sdk/design_1_wrapper_hw_platform_0/ps7_init.tcl' is done.
20:19:13 INFO  : Context for 'APU' is selected.
20:19:15 INFO  : System reset is completed.
20:19:18 INFO  : 'after 3000' command is executed.
20:19:18 INFO  : Context for 'APU' is selected.
20:19:18 INFO  : Hardware design information is loaded from 'D:/Sem_6/AELD/Labs/Lab_1/Lab_1.sdk/design_1_wrapper_hw_platform_0/system.hdf'.
20:19:18 INFO  : 'configparams force-mem-access 1' command is executed.
20:19:19 INFO  : Context for 'APU' is selected.
20:19:39 INFO  : 'ps7_init' command is executed.
20:19:40 INFO  : 'ps7_post_config' command is executed.
20:19:40 INFO  : Context for processor 'ps7_cortexa9_0' is selected.
20:19:41 INFO  : The application 'D:/Sem_6/AELD/Labs/Lab_1/Lab_1.sdk/Lab_1/Debug/Lab_1.elf' is downloaded to processor 'ps7_cortexa9_0'.
20:19:41 INFO  : 'configparams force-mem-access 0' command is executed.
20:19:41 INFO  : ----------------XSDB Script----------------
connect -path [list tcp::1534 tcp:192.168.226.142:59407]
source D:/Sem_6/AELD/Labs/Lab_1/Lab_1.sdk/design_1_wrapper_hw_platform_0/ps7_init.tcl
targets -set -nocase -filter {name =~"APU*" && jtag_cable_name =~ "Digilent Zed 210248A39C95"} -index 0
rst -system
after 3000
targets -set -nocase -filter {name =~"APU*" && jtag_cable_name =~ "Digilent Zed 210248A39C95"} -index 0
loadhw -hw D:/Sem_6/AELD/Labs/Lab_1/Lab_1.sdk/design_1_wrapper_hw_platform_0/system.hdf -mem-ranges [list {0x40000000 0xbfffffff}]
configparams force-mem-access 1
targets -set -nocase -filter {name =~"APU*" && jtag_cable_name =~ "Digilent Zed 210248A39C95"} -index 0
ps7_init
ps7_post_config
targets -set -nocase -filter {name =~ "ARM*#0" && jtag_cable_name =~ "Digilent Zed 210248A39C95"} -index 0
dow D:/Sem_6/AELD/Labs/Lab_1/Lab_1.sdk/Lab_1/Debug/Lab_1.elf
configparams force-mem-access 0
----------------End of Script----------------

20:19:42 INFO  : Context for processor 'ps7_cortexa9_0' is selected.
20:19:42 INFO  : 'con' command is executed.
20:19:42 INFO  : ----------------XSDB Script (After Launch)----------------
targets -set -nocase -filter {name =~ "ARM*#0" && jtag_cable_name =~ "Digilent Zed 210248A39C95"} -index 0
con
----------------End of Script----------------

20:19:42 INFO  : Launch script is exported to file 'D:\Sem_6\AELD\Labs\Lab_1\Lab_1.sdk\.sdk\launch_scripts\xilinx_c-c++_application_(system_debugger)\system_debugger_using_debug_lab_1.elf_on_remzeb.tcl'
20:30:16 WARN  : channel "tcfchan#13" closed
22:10:00 INFO  : Connected through redirection to target on host '192.168.226.142' and port '57192'.
22:10:01 INFO  : Jtag cable 'Digilent Zed 210248A39C95' is selected.
22:10:01 INFO  : 'jtag frequency' command is executed.
22:10:01 INFO  : Sourcing of 'D:/Sem_6/AELD/Labs/Lab_1/Lab_1.sdk/design_1_wrapper_hw_platform_0/ps7_init.tcl' is done.
22:10:01 INFO  : Context for 'APU' is selected.
22:10:03 INFO  : System reset is completed.
22:10:06 INFO  : 'after 3000' command is executed.
22:10:06 INFO  : Context for 'APU' is selected.
22:10:06 INFO  : Hardware design information is loaded from 'D:/Sem_6/AELD/Labs/Lab_1/Lab_1.sdk/design_1_wrapper_hw_platform_0/system.hdf'.
22:10:07 INFO  : 'configparams force-mem-access 1' command is executed.
22:10:07 INFO  : Context for 'APU' is selected.
22:10:28 INFO  : 'ps7_init' command is executed.
22:10:30 INFO  : 'ps7_post_config' command is executed.
22:10:30 INFO  : Context for processor 'ps7_cortexa9_0' is selected.
22:10:31 INFO  : The application 'D:/Sem_6/AELD/Labs/Lab_1/Lab_1.sdk/Lab_1/Debug/Lab_1.elf' is downloaded to processor 'ps7_cortexa9_0'.
22:10:31 INFO  : 'configparams force-mem-access 0' command is executed.
22:10:31 INFO  : ----------------XSDB Script----------------
connect -path [list tcp::1534 tcp:192.168.226.142:57192]
source D:/Sem_6/AELD/Labs/Lab_1/Lab_1.sdk/design_1_wrapper_hw_platform_0/ps7_init.tcl
targets -set -nocase -filter {name =~"APU*" && jtag_cable_name =~ "Digilent Zed 210248A39C95"} -index 0
rst -system
after 3000
targets -set -nocase -filter {name =~"APU*" && jtag_cable_name =~ "Digilent Zed 210248A39C95"} -index 0
loadhw -hw D:/Sem_6/AELD/Labs/Lab_1/Lab_1.sdk/design_1_wrapper_hw_platform_0/system.hdf -mem-ranges [list {0x40000000 0xbfffffff}]
configparams force-mem-access 1
targets -set -nocase -filter {name =~"APU*" && jtag_cable_name =~ "Digilent Zed 210248A39C95"} -index 0
ps7_init
ps7_post_config
targets -set -nocase -filter {name =~ "ARM*#0" && jtag_cable_name =~ "Digilent Zed 210248A39C95"} -index 0
dow D:/Sem_6/AELD/Labs/Lab_1/Lab_1.sdk/Lab_1/Debug/Lab_1.elf
configparams force-mem-access 0
----------------End of Script----------------

22:10:32 INFO  : Context for processor 'ps7_cortexa9_0' is selected.
22:10:32 INFO  : 'con' command is executed.
22:10:32 INFO  : ----------------XSDB Script (After Launch)----------------
targets -set -nocase -filter {name =~ "ARM*#0" && jtag_cable_name =~ "Digilent Zed 210248A39C95"} -index 0
con
----------------End of Script----------------

22:10:32 INFO  : Launch script is exported to file 'D:\Sem_6\AELD\Labs\Lab_1\Lab_1.sdk\.sdk\launch_scripts\xilinx_c-c++_application_(system_debugger)\system_debugger_using_debug_lab_1.elf_on_remzeb.tcl'
22:15:16 WARN  : channel "tcfchan#14" closed
22:31:07 INFO  : Connected through redirection to target on host '192.168.226.142' and port '65249'.
22:31:08 INFO  : Jtag cable 'Digilent Zed 210248A39C95' is selected.
22:31:09 INFO  : 'jtag frequency' command is executed.
22:31:09 INFO  : Sourcing of 'D:/Sem_6/AELD/Labs/Lab_1/Lab_1.sdk/design_1_wrapper_hw_platform_0/ps7_init.tcl' is done.
22:31:09 INFO  : Context for 'APU' is selected.
22:31:11 INFO  : System reset is completed.
22:31:14 INFO  : 'after 3000' command is executed.
22:31:14 INFO  : Context for 'APU' is selected.
22:31:17 INFO  : Hardware design information is loaded from 'D:/Sem_6/AELD/Labs/Lab_1/Lab_1.sdk/design_1_wrapper_hw_platform_0/system.hdf'.
22:31:17 INFO  : 'configparams force-mem-access 1' command is executed.
22:31:18 INFO  : Context for 'APU' is selected.
22:31:43 INFO  : 'ps7_init' command is executed.
22:31:44 INFO  : 'ps7_post_config' command is executed.
22:31:45 INFO  : Context for processor 'ps7_cortexa9_0' is selected.
22:31:46 INFO  : The application 'D:/Sem_6/AELD/Labs/Lab_1/Lab_1.sdk/Lab_1/Debug/Lab_1.elf' is downloaded to processor 'ps7_cortexa9_0'.
22:31:46 INFO  : 'configparams force-mem-access 0' command is executed.
22:31:46 INFO  : ----------------XSDB Script----------------
connect -path [list tcp::1534 tcp:192.168.226.142:65249]
source D:/Sem_6/AELD/Labs/Lab_1/Lab_1.sdk/design_1_wrapper_hw_platform_0/ps7_init.tcl
targets -set -nocase -filter {name =~"APU*" && jtag_cable_name =~ "Digilent Zed 210248A39C95"} -index 0
rst -system
after 3000
targets -set -nocase -filter {name =~"APU*" && jtag_cable_name =~ "Digilent Zed 210248A39C95"} -index 0
loadhw -hw D:/Sem_6/AELD/Labs/Lab_1/Lab_1.sdk/design_1_wrapper_hw_platform_0/system.hdf -mem-ranges [list {0x40000000 0xbfffffff}]
configparams force-mem-access 1
targets -set -nocase -filter {name =~"APU*" && jtag_cable_name =~ "Digilent Zed 210248A39C95"} -index 0
ps7_init
ps7_post_config
targets -set -nocase -filter {name =~ "ARM*#0" && jtag_cable_name =~ "Digilent Zed 210248A39C95"} -index 0
dow D:/Sem_6/AELD/Labs/Lab_1/Lab_1.sdk/Lab_1/Debug/Lab_1.elf
configparams force-mem-access 0
----------------End of Script----------------

22:31:49 INFO  : Context for processor 'ps7_cortexa9_0' is selected.
22:31:49 INFO  : 'con' command is executed.
22:31:49 INFO  : ----------------XSDB Script (After Launch)----------------
targets -set -nocase -filter {name =~ "ARM*#0" && jtag_cable_name =~ "Digilent Zed 210248A39C95"} -index 0
con
----------------End of Script----------------

22:31:49 INFO  : Launch script is exported to file 'D:\Sem_6\AELD\Labs\Lab_1\Lab_1.sdk\.sdk\launch_scripts\xilinx_c-c++_application_(system_debugger)\system_debugger_using_debug_lab_1.elf_on_remzeb.tcl'
22:45:18 WARN  : channel "tcfchan#15" closed
15:52:14 INFO  : Registering command handlers for SDK TCF services
15:52:15 INFO  : Launching XSCT server: xsct.bat -interactive D:\Sem_6\AELD\Labs\Lab_1\Lab_1.sdk\temp_xsdb_launch_script.tcl
15:52:17 INFO  : XSCT server has started successfully.
15:52:17 INFO  : Successfully done setting XSCT server connection channel  
15:52:17 INFO  : Processing command line option -hwspec D:/Sem_6/AELD/Labs/Lab_1/Lab_1.sdk/design_1_wrapper.hdf.
15:52:17 INFO  : Successfully done setting SDK workspace  
15:52:17 INFO  : Checking for hwspec changes in the project design_1_wrapper_hw_platform_0.
15:56:12 INFO  : Connected through redirection to target on host '192.168.226.142' and port '49628'.
15:56:13 INFO  : Jtag cable 'Digilent Zed 210248A39C95' is selected.
15:56:13 INFO  : 'jtag frequency' command is executed.
15:56:13 INFO  : Sourcing of 'D:/Sem_6/AELD/Labs/Lab_1/Lab_1.sdk/design_1_wrapper_hw_platform_0/ps7_init.tcl' is done.
15:56:14 INFO  : Context for 'APU' is selected.
15:56:16 INFO  : System reset is completed.
15:56:19 INFO  : 'after 3000' command is executed.
15:56:19 INFO  : Context for 'APU' is selected.
15:56:19 INFO  : Hardware design information is loaded from 'D:/Sem_6/AELD/Labs/Lab_1/Lab_1.sdk/design_1_wrapper_hw_platform_0/system.hdf'.
15:56:19 INFO  : 'configparams force-mem-access 1' command is executed.
15:56:19 INFO  : Context for 'APU' is selected.
15:56:45 INFO  : 'ps7_init' command is executed.
15:56:47 INFO  : 'ps7_post_config' command is executed.
15:56:47 INFO  : Context for processor 'ps7_cortexa9_0' is selected.
15:56:48 INFO  : The application 'D:/Sem_6/AELD/Labs/Lab_1/Lab_1.sdk/Lab_1/Debug/Lab_1.elf' is downloaded to processor 'ps7_cortexa9_0'.
15:56:48 INFO  : 'configparams force-mem-access 0' command is executed.
15:56:48 INFO  : ----------------XSDB Script----------------
connect -path [list tcp::1534 tcp:192.168.226.142:49628]
source D:/Sem_6/AELD/Labs/Lab_1/Lab_1.sdk/design_1_wrapper_hw_platform_0/ps7_init.tcl
targets -set -nocase -filter {name =~"APU*" && jtag_cable_name =~ "Digilent Zed 210248A39C95"} -index 0
rst -system
after 3000
targets -set -nocase -filter {name =~"APU*" && jtag_cable_name =~ "Digilent Zed 210248A39C95"} -index 0
loadhw -hw D:/Sem_6/AELD/Labs/Lab_1/Lab_1.sdk/design_1_wrapper_hw_platform_0/system.hdf -mem-ranges [list {0x40000000 0xbfffffff}]
configparams force-mem-access 1
targets -set -nocase -filter {name =~"APU*" && jtag_cable_name =~ "Digilent Zed 210248A39C95"} -index 0
ps7_init
ps7_post_config
targets -set -nocase -filter {name =~ "ARM*#0" && jtag_cable_name =~ "Digilent Zed 210248A39C95"} -index 0
dow D:/Sem_6/AELD/Labs/Lab_1/Lab_1.sdk/Lab_1/Debug/Lab_1.elf
configparams force-mem-access 0
----------------End of Script----------------

15:56:49 INFO  : Context for processor 'ps7_cortexa9_0' is selected.
15:56:49 INFO  : 'con' command is executed.
15:56:49 INFO  : ----------------XSDB Script (After Launch)----------------
targets -set -nocase -filter {name =~ "ARM*#0" && jtag_cable_name =~ "Digilent Zed 210248A39C95"} -index 0
con
----------------End of Script----------------

15:56:49 INFO  : Launch script is exported to file 'D:\Sem_6\AELD\Labs\Lab_1\Lab_1.sdk\.sdk\launch_scripts\xilinx_c-c++_application_(system_debugger)\system_debugger_using_debug_lab_1.elf_on_remzeb.tcl'
16:00:03 WARN  : channel "tcfchan#1" closed
16:15:49 INFO  : Connected through redirection to target on host '192.168.226.142' and port '61471'.
16:15:50 INFO  : Jtag cable 'Digilent Zed 210248A39C95' is selected.
16:15:50 INFO  : 'jtag frequency' command is executed.
16:15:50 INFO  : Sourcing of 'D:/Sem_6/AELD/Labs/Lab_1/Lab_1.sdk/design_1_wrapper_hw_platform_0/ps7_init.tcl' is done.
16:15:50 INFO  : Context for 'APU' is selected.
16:15:51 INFO  : System reset is completed.
16:15:54 INFO  : 'after 3000' command is executed.
16:15:56 INFO  : Context for 'APU' is selected.
16:15:56 INFO  : Hardware design information is loaded from 'D:/Sem_6/AELD/Labs/Lab_1/Lab_1.sdk/design_1_wrapper_hw_platform_0/system.hdf'.
16:15:56 INFO  : 'configparams force-mem-access 1' command is executed.
16:15:56 INFO  : Context for 'APU' is selected.
16:16:29 INFO  : 'ps7_init' command is executed.
16:16:30 INFO  : 'ps7_post_config' command is executed.
16:16:30 INFO  : Context for processor 'ps7_cortexa9_0' is selected.
16:16:31 INFO  : The application 'D:/Sem_6/AELD/Labs/Lab_1/Lab_1.sdk/Lab_1/Debug/Lab_1.elf' is downloaded to processor 'ps7_cortexa9_0'.
16:16:31 INFO  : 'configparams force-mem-access 0' command is executed.
16:16:31 INFO  : ----------------XSDB Script----------------
connect -path [list tcp::1534 tcp:192.168.226.142:61471]
source D:/Sem_6/AELD/Labs/Lab_1/Lab_1.sdk/design_1_wrapper_hw_platform_0/ps7_init.tcl
targets -set -nocase -filter {name =~"APU*" && jtag_cable_name =~ "Digilent Zed 210248A39C95"} -index 0
rst -system
after 3000
targets -set -nocase -filter {name =~"APU*" && jtag_cable_name =~ "Digilent Zed 210248A39C95"} -index 0
loadhw -hw D:/Sem_6/AELD/Labs/Lab_1/Lab_1.sdk/design_1_wrapper_hw_platform_0/system.hdf -mem-ranges [list {0x40000000 0xbfffffff}]
configparams force-mem-access 1
targets -set -nocase -filter {name =~"APU*" && jtag_cable_name =~ "Digilent Zed 210248A39C95"} -index 0
ps7_init
ps7_post_config
targets -set -nocase -filter {name =~ "ARM*#0" && jtag_cable_name =~ "Digilent Zed 210248A39C95"} -index 0
dow D:/Sem_6/AELD/Labs/Lab_1/Lab_1.sdk/Lab_1/Debug/Lab_1.elf
configparams force-mem-access 0
----------------End of Script----------------

16:16:32 INFO  : Context for processor 'ps7_cortexa9_0' is selected.
16:16:32 INFO  : 'con' command is executed.
16:16:32 INFO  : ----------------XSDB Script (After Launch)----------------
targets -set -nocase -filter {name =~ "ARM*#0" && jtag_cable_name =~ "Digilent Zed 210248A39C95"} -index 0
con
----------------End of Script----------------

16:16:32 INFO  : Launch script is exported to file 'D:\Sem_6\AELD\Labs\Lab_1\Lab_1.sdk\.sdk\launch_scripts\xilinx_c-c++_application_(system_debugger)\system_debugger_using_debug_lab_1.elf_on_remzeb.tcl'
16:22:51 INFO  : Disconnected from the channel tcfchan#2.
16:22:52 INFO  : Connected through redirection to target on host '192.168.226.142' and port '61471'.
16:23:11 INFO  : ----------------XSDB Script----------------
connect -path [list tcp::1534 tcp:192.168.226.142:61471]
----------------End of Script----------------

16:24:14 INFO  : Connected through redirection to target on host '192.168.226.142' and port '61471'.
16:24:32 INFO  : ----------------XSDB Script----------------
connect -path [list tcp::1534 tcp:192.168.226.142:61471]
----------------End of Script----------------

16:25:14 INFO  : Connected through redirection to target on host '192.168.226.142' and port '61471'.
16:25:32 INFO  : ----------------XSDB Script----------------
connect -path [list tcp::1534 tcp:192.168.226.142:61471]
----------------End of Script----------------

16:30:52 INFO  : Connected through redirection to target on host '192.168.226.142' and port '65231'.
16:30:53 INFO  : Jtag cable 'Digilent Zed 210248A39C93' is selected.
16:30:53 INFO  : 'jtag frequency' command is executed.
16:30:53 INFO  : Sourcing of 'D:/Sem_6/AELD/Labs/Lab_1/Lab_1.sdk/design_1_wrapper_hw_platform_0/ps7_init.tcl' is done.
16:30:57 ERROR : no targets found with "name =~"APU*" && jtag_cable_name =~ "Digilent Zed 210248A39C93"". available targets: none
16:30:57 INFO  : ----------------XSDB Script----------------
connect -path [list tcp::1534 tcp:192.168.226.142:65231]
source D:/Sem_6/AELD/Labs/Lab_1/Lab_1.sdk/design_1_wrapper_hw_platform_0/ps7_init.tcl
targets -set -nocase -filter {name =~"APU*" && jtag_cable_name =~ "Digilent Zed 210248A39C93"} -index 0
----------------End of Script----------------

16:31:45 INFO  : Connected through redirection to target on host '192.168.226.142' and port '65231'.
16:32:03 INFO  : ----------------XSDB Script----------------
connect -path [list tcp::1534 tcp:192.168.226.142:65231]
----------------End of Script----------------

16:34:05 INFO  : Connected through redirection to target on host '192.168.226.142' and port '65231'.
16:34:06 INFO  : Jtag cable 'Digilent Zed 210248A39C93' is selected.
16:34:06 INFO  : 'jtag frequency' command is executed.
16:34:06 INFO  : Sourcing of 'D:/Sem_6/AELD/Labs/Lab_1/Lab_1.sdk/design_1_wrapper_hw_platform_0/ps7_init.tcl' is done.
16:34:06 INFO  : Context for 'APU' is selected.
16:34:08 INFO  : System reset is completed.
16:34:11 INFO  : 'after 3000' command is executed.
16:34:11 INFO  : Context for 'APU' is selected.
16:34:12 INFO  : Hardware design information is loaded from 'D:/Sem_6/AELD/Labs/Lab_1/Lab_1.sdk/design_1_wrapper_hw_platform_0/system.hdf'.
16:34:12 INFO  : 'configparams force-mem-access 1' command is executed.
16:34:12 INFO  : Context for 'APU' is selected.
16:34:47 INFO  : 'ps7_init' command is executed.
16:34:48 INFO  : 'ps7_post_config' command is executed.
16:34:49 INFO  : Context for processor 'ps7_cortexa9_0' is selected.
16:34:50 INFO  : The application 'D:/Sem_6/AELD/Labs/Lab_1/Lab_1.sdk/Lab_1/Debug/Lab_1.elf' is downloaded to processor 'ps7_cortexa9_0'.
16:34:50 INFO  : 'configparams force-mem-access 0' command is executed.
16:34:50 INFO  : ----------------XSDB Script----------------
connect -path [list tcp::1534 tcp:192.168.226.142:65231]
source D:/Sem_6/AELD/Labs/Lab_1/Lab_1.sdk/design_1_wrapper_hw_platform_0/ps7_init.tcl
targets -set -nocase -filter {name =~"APU*" && jtag_cable_name =~ "Digilent Zed 210248A39C93"} -index 0
rst -system
after 3000
targets -set -nocase -filter {name =~"APU*" && jtag_cable_name =~ "Digilent Zed 210248A39C93"} -index 0
loadhw -hw D:/Sem_6/AELD/Labs/Lab_1/Lab_1.sdk/design_1_wrapper_hw_platform_0/system.hdf -mem-ranges [list {0x40000000 0xbfffffff}]
configparams force-mem-access 1
targets -set -nocase -filter {name =~"APU*" && jtag_cable_name =~ "Digilent Zed 210248A39C93"} -index 0
ps7_init
ps7_post_config
targets -set -nocase -filter {name =~ "ARM*#0" && jtag_cable_name =~ "Digilent Zed 210248A39C93"} -index 0
dow D:/Sem_6/AELD/Labs/Lab_1/Lab_1.sdk/Lab_1/Debug/Lab_1.elf
configparams force-mem-access 0
----------------End of Script----------------

16:34:52 INFO  : Context for processor 'ps7_cortexa9_0' is selected.
16:34:52 INFO  : 'con' command is executed.
16:34:52 INFO  : ----------------XSDB Script (After Launch)----------------
targets -set -nocase -filter {name =~ "ARM*#0" && jtag_cable_name =~ "Digilent Zed 210248A39C93"} -index 0
con
----------------End of Script----------------

16:34:52 INFO  : Launch script is exported to file 'D:\Sem_6\AELD\Labs\Lab_1\Lab_1.sdk\.sdk\launch_scripts\xilinx_c-c++_application_(system_debugger)\system_debugger_using_debug_lab_1.elf_on_remzeb.tcl'
16:35:47 INFO  : Disconnected from the channel tcfchan#4.
16:35:49 INFO  : Connected through redirection to target on host '192.168.226.142' and port '65231'.
16:35:49 INFO  : Jtag cable 'Digilent Zed 210248A39C93' is selected.
16:35:49 INFO  : 'jtag frequency' command is executed.
16:35:49 INFO  : Sourcing of 'D:/Sem_6/AELD/Labs/Lab_1/Lab_1.sdk/design_1_wrapper_hw_platform_0/ps7_init.tcl' is done.
16:35:50 INFO  : Context for 'APU' is selected.
16:35:52 INFO  : System reset is completed.
16:35:55 INFO  : 'after 3000' command is executed.
16:35:56 INFO  : Context for 'APU' is selected.
16:35:59 INFO  : Hardware design information is loaded from 'D:/Sem_6/AELD/Labs/Lab_1/Lab_1.sdk/design_1_wrapper_hw_platform_0/system.hdf'.
16:35:59 INFO  : 'configparams force-mem-access 1' command is executed.
16:35:59 INFO  : Context for 'APU' is selected.
16:36:34 INFO  : 'ps7_init' command is executed.
16:36:35 INFO  : 'ps7_post_config' command is executed.
16:36:35 INFO  : Context for processor 'ps7_cortexa9_0' is selected.
16:36:36 INFO  : The application 'D:/Sem_6/AELD/Labs/Lab_1/Lab_1.sdk/Lab_1/Debug/Lab_1.elf' is downloaded to processor 'ps7_cortexa9_0'.
16:36:36 INFO  : 'configparams force-mem-access 0' command is executed.
16:36:36 INFO  : ----------------XSDB Script----------------
connect -path [list tcp::1534 tcp:192.168.226.142:65231]
source D:/Sem_6/AELD/Labs/Lab_1/Lab_1.sdk/design_1_wrapper_hw_platform_0/ps7_init.tcl
targets -set -nocase -filter {name =~"APU*" && jtag_cable_name =~ "Digilent Zed 210248A39C93"} -index 0
rst -system
after 3000
targets -set -nocase -filter {name =~"APU*" && jtag_cable_name =~ "Digilent Zed 210248A39C93"} -index 0
loadhw -hw D:/Sem_6/AELD/Labs/Lab_1/Lab_1.sdk/design_1_wrapper_hw_platform_0/system.hdf -mem-ranges [list {0x40000000 0xbfffffff}]
configparams force-mem-access 1
targets -set -nocase -filter {name =~"APU*" && jtag_cable_name =~ "Digilent Zed 210248A39C93"} -index 0
ps7_init
ps7_post_config
targets -set -nocase -filter {name =~ "ARM*#0" && jtag_cable_name =~ "Digilent Zed 210248A39C93"} -index 0
dow D:/Sem_6/AELD/Labs/Lab_1/Lab_1.sdk/Lab_1/Debug/Lab_1.elf
configparams force-mem-access 0
----------------End of Script----------------

16:36:37 INFO  : Context for processor 'ps7_cortexa9_0' is selected.
16:36:37 INFO  : 'con' command is executed.
16:36:37 INFO  : ----------------XSDB Script (After Launch)----------------
targets -set -nocase -filter {name =~ "ARM*#0" && jtag_cable_name =~ "Digilent Zed 210248A39C93"} -index 0
con
----------------End of Script----------------

16:36:37 INFO  : Launch script is exported to file 'D:\Sem_6\AELD\Labs\Lab_1\Lab_1.sdk\.sdk\launch_scripts\xilinx_c-c++_application_(system_debugger)\system_debugger_using_debug_lab_1.elf_on_remzeb.tcl'
16:38:15 INFO  : Disconnected from the channel tcfchan#5.
16:38:16 INFO  : Connected through redirection to target on host '192.168.226.142' and port '65231'.
16:38:17 INFO  : Jtag cable 'Digilent Zed 210248A39C93' is selected.
16:38:17 INFO  : 'jtag frequency' command is executed.
16:38:17 INFO  : Sourcing of 'D:/Sem_6/AELD/Labs/Lab_1/Lab_1.sdk/design_1_wrapper_hw_platform_0/ps7_init.tcl' is done.
16:38:18 INFO  : Context for 'APU' is selected.
16:38:20 INFO  : System reset is completed.
16:38:23 INFO  : 'after 3000' command is executed.
16:38:23 INFO  : Context for 'APU' is selected.
16:38:25 INFO  : Hardware design information is loaded from 'D:/Sem_6/AELD/Labs/Lab_1/Lab_1.sdk/design_1_wrapper_hw_platform_0/system.hdf'.
16:38:25 INFO  : 'configparams force-mem-access 1' command is executed.
16:38:25 INFO  : Context for 'APU' is selected.
16:39:03 INFO  : 'ps7_init' command is executed.
16:39:06 INFO  : 'ps7_post_config' command is executed.
16:39:07 INFO  : Context for processor 'ps7_cortexa9_0' is selected.
16:39:08 INFO  : The application 'D:/Sem_6/AELD/Labs/Lab_1/Lab_1.sdk/Lab_1/Debug/Lab_1.elf' is downloaded to processor 'ps7_cortexa9_0'.
16:39:09 INFO  : 'configparams force-mem-access 0' command is executed.
16:39:09 INFO  : ----------------XSDB Script----------------
connect -path [list tcp::1534 tcp:192.168.226.142:65231]
source D:/Sem_6/AELD/Labs/Lab_1/Lab_1.sdk/design_1_wrapper_hw_platform_0/ps7_init.tcl
targets -set -nocase -filter {name =~"APU*" && jtag_cable_name =~ "Digilent Zed 210248A39C93"} -index 0
rst -system
after 3000
targets -set -nocase -filter {name =~"APU*" && jtag_cable_name =~ "Digilent Zed 210248A39C93"} -index 0
loadhw -hw D:/Sem_6/AELD/Labs/Lab_1/Lab_1.sdk/design_1_wrapper_hw_platform_0/system.hdf -mem-ranges [list {0x40000000 0xbfffffff}]
configparams force-mem-access 1
targets -set -nocase -filter {name =~"APU*" && jtag_cable_name =~ "Digilent Zed 210248A39C93"} -index 0
ps7_init
ps7_post_config
targets -set -nocase -filter {name =~ "ARM*#0" && jtag_cable_name =~ "Digilent Zed 210248A39C93"} -index 0
dow D:/Sem_6/AELD/Labs/Lab_1/Lab_1.sdk/Lab_1/Debug/Lab_1.elf
configparams force-mem-access 0
----------------End of Script----------------

16:39:10 INFO  : Context for processor 'ps7_cortexa9_0' is selected.
16:39:11 INFO  : 'con' command is executed.
16:39:11 INFO  : ----------------XSDB Script (After Launch)----------------
targets -set -nocase -filter {name =~ "ARM*#0" && jtag_cable_name =~ "Digilent Zed 210248A39C93"} -index 0
con
----------------End of Script----------------

16:39:11 INFO  : Launch script is exported to file 'D:\Sem_6\AELD\Labs\Lab_1\Lab_1.sdk\.sdk\launch_scripts\xilinx_c-c++_application_(system_debugger)\system_debugger_using_debug_lab_1.elf_on_remzeb.tcl'
16:42:45 INFO  : Disconnected from the channel tcfchan#6.
16:42:46 INFO  : Connected through redirection to target on host '192.168.226.142' and port '65231'.
16:42:47 INFO  : Jtag cable 'Digilent Zed 210248A39C93' is selected.
16:42:47 INFO  : 'jtag frequency' command is executed.
16:42:47 INFO  : Sourcing of 'D:/Sem_6/AELD/Labs/Lab_1/Lab_1.sdk/design_1_wrapper_hw_platform_0/ps7_init.tcl' is done.
16:42:48 INFO  : Context for 'APU' is selected.
16:42:49 INFO  : System reset is completed.
16:42:52 INFO  : 'after 3000' command is executed.
16:42:52 INFO  : Context for 'APU' is selected.
16:42:54 INFO  : Hardware design information is loaded from 'D:/Sem_6/AELD/Labs/Lab_1/Lab_1.sdk/design_1_wrapper_hw_platform_0/system.hdf'.
16:42:54 INFO  : 'configparams force-mem-access 1' command is executed.
16:42:54 INFO  : Context for 'APU' is selected.
16:43:26 INFO  : 'ps7_init' command is executed.
16:43:26 INFO  : 'ps7_post_config' command is executed.
16:43:27 INFO  : Context for processor 'ps7_cortexa9_0' is selected.
16:43:28 INFO  : The application 'D:/Sem_6/AELD/Labs/Lab_1/Lab_1.sdk/Lab_1/Debug/Lab_1.elf' is downloaded to processor 'ps7_cortexa9_0'.
16:43:28 INFO  : 'configparams force-mem-access 0' command is executed.
16:43:28 INFO  : ----------------XSDB Script----------------
connect -path [list tcp::1534 tcp:192.168.226.142:65231]
source D:/Sem_6/AELD/Labs/Lab_1/Lab_1.sdk/design_1_wrapper_hw_platform_0/ps7_init.tcl
targets -set -nocase -filter {name =~"APU*" && jtag_cable_name =~ "Digilent Zed 210248A39C93"} -index 0
rst -system
after 3000
targets -set -nocase -filter {name =~"APU*" && jtag_cable_name =~ "Digilent Zed 210248A39C93"} -index 0
loadhw -hw D:/Sem_6/AELD/Labs/Lab_1/Lab_1.sdk/design_1_wrapper_hw_platform_0/system.hdf -mem-ranges [list {0x40000000 0xbfffffff}]
configparams force-mem-access 1
targets -set -nocase -filter {name =~"APU*" && jtag_cable_name =~ "Digilent Zed 210248A39C93"} -index 0
ps7_init
ps7_post_config
targets -set -nocase -filter {name =~ "ARM*#0" && jtag_cable_name =~ "Digilent Zed 210248A39C93"} -index 0
dow D:/Sem_6/AELD/Labs/Lab_1/Lab_1.sdk/Lab_1/Debug/Lab_1.elf
configparams force-mem-access 0
----------------End of Script----------------

16:43:30 INFO  : Context for processor 'ps7_cortexa9_0' is selected.
16:43:30 INFO  : 'con' command is executed.
16:43:30 INFO  : ----------------XSDB Script (After Launch)----------------
targets -set -nocase -filter {name =~ "ARM*#0" && jtag_cable_name =~ "Digilent Zed 210248A39C93"} -index 0
con
----------------End of Script----------------

16:43:30 INFO  : Launch script is exported to file 'D:\Sem_6\AELD\Labs\Lab_1\Lab_1.sdk\.sdk\launch_scripts\xilinx_c-c++_application_(system_debugger)\system_debugger_using_debug_lab_1.elf_on_remzeb.tcl'
16:45:22 WARN  : channel "tcfchan#7" closed
16:49:31 INFO  : Connected through redirection to target on host '192.168.226.142' and port '54959'.
16:49:32 INFO  : Jtag cable 'Digilent Zed 210248A39C93' is selected.
16:49:32 INFO  : 'jtag frequency' command is executed.
16:49:32 INFO  : Sourcing of 'D:/Sem_6/AELD/Labs/Lab_1/Lab_1.sdk/design_1_wrapper_hw_platform_0/ps7_init.tcl' is done.
16:49:33 INFO  : Context for 'APU' is selected.
16:49:34 INFO  : System reset is completed.
16:49:37 INFO  : 'after 3000' command is executed.
16:49:37 INFO  : Context for 'APU' is selected.
16:49:37 INFO  : Hardware design information is loaded from 'D:/Sem_6/AELD/Labs/Lab_1/Lab_1.sdk/design_1_wrapper_hw_platform_0/system.hdf'.
16:49:37 INFO  : 'configparams force-mem-access 1' command is executed.
16:49:37 INFO  : Context for 'APU' is selected.
16:49:54 INFO  : 'ps7_init' command is executed.
16:49:54 INFO  : 'ps7_post_config' command is executed.
16:49:54 INFO  : Context for processor 'ps7_cortexa9_0' is selected.
16:49:55 INFO  : The application 'D:/Sem_6/AELD/Labs/Lab_1/Lab_1.sdk/Lab_1/Debug/Lab_1.elf' is downloaded to processor 'ps7_cortexa9_0'.
16:49:55 INFO  : 'configparams force-mem-access 0' command is executed.
16:49:55 INFO  : ----------------XSDB Script----------------
connect -path [list tcp::1534 tcp:192.168.226.142:54959]
source D:/Sem_6/AELD/Labs/Lab_1/Lab_1.sdk/design_1_wrapper_hw_platform_0/ps7_init.tcl
targets -set -nocase -filter {name =~"APU*" && jtag_cable_name =~ "Digilent Zed 210248A39C93"} -index 0
rst -system
after 3000
targets -set -nocase -filter {name =~"APU*" && jtag_cable_name =~ "Digilent Zed 210248A39C93"} -index 0
loadhw -hw D:/Sem_6/AELD/Labs/Lab_1/Lab_1.sdk/design_1_wrapper_hw_platform_0/system.hdf -mem-ranges [list {0x40000000 0xbfffffff}]
configparams force-mem-access 1
targets -set -nocase -filter {name =~"APU*" && jtag_cable_name =~ "Digilent Zed 210248A39C93"} -index 0
ps7_init
ps7_post_config
targets -set -nocase -filter {name =~ "ARM*#0" && jtag_cable_name =~ "Digilent Zed 210248A39C93"} -index 0
dow D:/Sem_6/AELD/Labs/Lab_1/Lab_1.sdk/Lab_1/Debug/Lab_1.elf
configparams force-mem-access 0
----------------End of Script----------------

16:49:56 INFO  : Context for processor 'ps7_cortexa9_0' is selected.
16:49:56 INFO  : 'con' command is executed.
16:49:56 INFO  : ----------------XSDB Script (After Launch)----------------
targets -set -nocase -filter {name =~ "ARM*#0" && jtag_cable_name =~ "Digilent Zed 210248A39C93"} -index 0
con
----------------End of Script----------------

16:49:56 INFO  : Launch script is exported to file 'D:\Sem_6\AELD\Labs\Lab_1\Lab_1.sdk\.sdk\launch_scripts\xilinx_c-c++_application_(system_debugger)\system_debugger_using_debug_lab_1.elf_on_remzeb.tcl'
16:56:21 WARN  : channel "tcfchan#8" closed
23:22:04 INFO  : Launching XSCT server: xsct.bat -interactive D:\Sem_6\AELD\Labs\Lab_1\Lab_1.sdk\temp_xsdb_launch_script.tcl
23:22:04 INFO  : Registering command handlers for SDK TCF services
23:22:07 INFO  : XSCT server has started successfully.
23:22:07 INFO  : Successfully done setting XSCT server connection channel  
23:22:07 INFO  : Successfully done setting SDK workspace  
23:22:07 INFO  : Processing command line option -hwspec D:/Sem_6/AELD/Labs/Lab_1/Lab_1.sdk/design_1_wrapper.hdf.
23:22:07 INFO  : Checking for hwspec changes in the project design_1_wrapper_hw_platform_0.
23:47:24 INFO  : Connected through redirection to target on host '192.168.226.142' and port '54597'.
23:47:24 INFO  : Jtag cable 'Digilent Zed 210248A39C93' is selected.
23:47:24 INFO  : 'jtag frequency' command is executed.
23:47:24 INFO  : Sourcing of 'D:/Sem_6/AELD/Labs/Lab_1/Lab_1.sdk/design_1_wrapper_hw_platform_0/ps7_init.tcl' is done.
23:47:25 INFO  : Context for 'APU' is selected.
23:47:26 INFO  : System reset is completed.
23:47:29 INFO  : 'after 3000' command is executed.
23:47:29 INFO  : Context for 'APU' is selected.
23:47:29 INFO  : Hardware design information is loaded from 'D:/Sem_6/AELD/Labs/Lab_1/Lab_1.sdk/design_1_wrapper_hw_platform_0/system.hdf'.
23:47:29 INFO  : 'configparams force-mem-access 1' command is executed.
23:47:29 INFO  : Context for 'APU' is selected.
23:47:41 INFO  : 'ps7_init' command is executed.
23:47:41 INFO  : 'ps7_post_config' command is executed.
23:47:42 INFO  : Context for processor 'ps7_cortexa9_0' is selected.
23:47:42 INFO  : The application 'D:/Sem_6/AELD/Labs/Lab_1/Lab_1.sdk/Lab_1/Debug/Lab_1.elf' is downloaded to processor 'ps7_cortexa9_0'.
23:47:42 INFO  : 'configparams force-mem-access 0' command is executed.
23:47:42 INFO  : ----------------XSDB Script----------------
connect -path [list tcp::1534 tcp:192.168.226.142:54597]
source D:/Sem_6/AELD/Labs/Lab_1/Lab_1.sdk/design_1_wrapper_hw_platform_0/ps7_init.tcl
targets -set -nocase -filter {name =~"APU*" && jtag_cable_name =~ "Digilent Zed 210248A39C93"} -index 0
rst -system
after 3000
targets -set -nocase -filter {name =~"APU*" && jtag_cable_name =~ "Digilent Zed 210248A39C93"} -index 0
loadhw -hw D:/Sem_6/AELD/Labs/Lab_1/Lab_1.sdk/design_1_wrapper_hw_platform_0/system.hdf -mem-ranges [list {0x40000000 0xbfffffff}]
configparams force-mem-access 1
targets -set -nocase -filter {name =~"APU*" && jtag_cable_name =~ "Digilent Zed 210248A39C93"} -index 0
ps7_init
ps7_post_config
targets -set -nocase -filter {name =~ "ARM*#0" && jtag_cable_name =~ "Digilent Zed 210248A39C93"} -index 0
dow D:/Sem_6/AELD/Labs/Lab_1/Lab_1.sdk/Lab_1/Debug/Lab_1.elf
configparams force-mem-access 0
----------------End of Script----------------

23:47:43 INFO  : Context for processor 'ps7_cortexa9_0' is selected.
23:47:43 INFO  : 'con' command is executed.
23:47:43 INFO  : ----------------XSDB Script (After Launch)----------------
targets -set -nocase -filter {name =~ "ARM*#0" && jtag_cable_name =~ "Digilent Zed 210248A39C93"} -index 0
con
----------------End of Script----------------

23:47:43 INFO  : Launch script is exported to file 'D:\Sem_6\AELD\Labs\Lab_1\Lab_1.sdk\.sdk\launch_scripts\xilinx_c-c++_application_(system_debugger)\system_debugger_using_debug_lab_1.elf_on_remzeb.tcl'
23:55:00 INFO  : Disconnected from the channel tcfchan#1.
23:55:01 INFO  : Connected through redirection to target on host '192.168.226.142' and port '54597'.
23:55:01 INFO  : Jtag cable 'Digilent Zed 210248A39C93' is selected.
23:55:01 INFO  : 'jtag frequency' command is executed.
23:55:01 INFO  : Sourcing of 'D:/Sem_6/AELD/Labs/Lab_1/Lab_1.sdk/design_1_wrapper_hw_platform_0/ps7_init.tcl' is done.
23:55:02 INFO  : Context for 'APU' is selected.
23:55:02 INFO  : System reset is completed.
23:55:05 INFO  : 'after 3000' command is executed.
23:55:06 INFO  : Context for 'APU' is selected.
23:55:07 INFO  : Hardware design information is loaded from 'D:/Sem_6/AELD/Labs/Lab_1/Lab_1.sdk/design_1_wrapper_hw_platform_0/system.hdf'.
23:55:07 INFO  : 'configparams force-mem-access 1' command is executed.
23:55:07 INFO  : Context for 'APU' is selected.
23:55:19 INFO  : 'ps7_init' command is executed.
23:55:19 INFO  : 'ps7_post_config' command is executed.
23:55:19 INFO  : Context for processor 'ps7_cortexa9_0' is selected.
23:55:20 INFO  : The application 'D:/Sem_6/AELD/Labs/Lab_1/Lab_1.sdk/Lab_1/Debug/Lab_1.elf' is downloaded to processor 'ps7_cortexa9_0'.
23:55:20 INFO  : 'configparams force-mem-access 0' command is executed.
23:55:20 INFO  : ----------------XSDB Script----------------
connect -path [list tcp::1534 tcp:192.168.226.142:54597]
source D:/Sem_6/AELD/Labs/Lab_1/Lab_1.sdk/design_1_wrapper_hw_platform_0/ps7_init.tcl
targets -set -nocase -filter {name =~"APU*" && jtag_cable_name =~ "Digilent Zed 210248A39C93"} -index 0
rst -system
after 3000
targets -set -nocase -filter {name =~"APU*" && jtag_cable_name =~ "Digilent Zed 210248A39C93"} -index 0
loadhw -hw D:/Sem_6/AELD/Labs/Lab_1/Lab_1.sdk/design_1_wrapper_hw_platform_0/system.hdf -mem-ranges [list {0x40000000 0xbfffffff}]
configparams force-mem-access 1
targets -set -nocase -filter {name =~"APU*" && jtag_cable_name =~ "Digilent Zed 210248A39C93"} -index 0
ps7_init
ps7_post_config
targets -set -nocase -filter {name =~ "ARM*#0" && jtag_cable_name =~ "Digilent Zed 210248A39C93"} -index 0
dow D:/Sem_6/AELD/Labs/Lab_1/Lab_1.sdk/Lab_1/Debug/Lab_1.elf
configparams force-mem-access 0
----------------End of Script----------------

23:55:20 INFO  : Context for processor 'ps7_cortexa9_0' is selected.
23:55:21 INFO  : 'con' command is executed.
23:55:21 INFO  : ----------------XSDB Script (After Launch)----------------
targets -set -nocase -filter {name =~ "ARM*#0" && jtag_cable_name =~ "Digilent Zed 210248A39C93"} -index 0
con
----------------End of Script----------------

23:55:21 INFO  : Launch script is exported to file 'D:\Sem_6\AELD\Labs\Lab_1\Lab_1.sdk\.sdk\launch_scripts\xilinx_c-c++_application_(system_debugger)\system_debugger_using_debug_lab_1.elf_on_remzeb.tcl'
23:59:26 WARN  : channel "tcfchan#2" closed
21:31:25 INFO  : Launching XSCT server: xsct.bat -interactive D:\Sem_6\AELD\Labs\Lab_1\Lab_1.sdk\temp_xsdb_launch_script.tcl
21:31:25 INFO  : Registering command handlers for SDK TCF services
21:31:29 INFO  : XSCT server has started successfully.
21:31:34 INFO  : Successfully done setting XSCT server connection channel  
21:31:34 INFO  : Successfully done setting SDK workspace  
21:31:34 INFO  : Processing command line option -hwspec D:/Sem_6/AELD/Labs/Lab_1/Lab_1.sdk/design_1_wrapper.hdf.
21:31:34 INFO  : Checking for hwspec changes in the project design_1_wrapper_hw_platform_0.
22:08:21 INFO  : Connected through redirection to target on host '192.168.226.142' and port '58766'.
22:08:22 INFO  : Jtag cable 'Digilent Zed 210248A39C95' is selected.
22:08:22 INFO  : 'jtag frequency' command is executed.
22:08:22 INFO  : Sourcing of 'D:/Sem_6/AELD/Labs/Lab_1/Lab_1.sdk/design_1_wrapper_hw_platform_0/ps7_init.tcl' is done.
22:08:23 INFO  : Context for 'APU' is selected.
22:08:24 INFO  : System reset is completed.
22:08:27 INFO  : 'after 3000' command is executed.
22:08:27 INFO  : Context for 'APU' is selected.
22:08:27 INFO  : Hardware design information is loaded from 'D:/Sem_6/AELD/Labs/Lab_1/Lab_1.sdk/design_1_wrapper_hw_platform_0/system.hdf'.
22:08:27 INFO  : 'configparams force-mem-access 1' command is executed.
22:08:27 INFO  : Context for 'APU' is selected.
22:08:49 INFO  : 'ps7_init' command is executed.
22:08:51 INFO  : 'ps7_post_config' command is executed.
22:08:51 INFO  : Context for processor 'ps7_cortexa9_0' is selected.
22:08:52 INFO  : The application 'D:/Sem_6/AELD/Labs/Lab_1/Lab_1.sdk/Lab_1/Debug/Lab_1.elf' is downloaded to processor 'ps7_cortexa9_0'.
22:08:52 INFO  : 'configparams force-mem-access 0' command is executed.
22:08:52 INFO  : ----------------XSDB Script----------------
connect -path [list tcp::1534 tcp:192.168.226.142:58766]
source D:/Sem_6/AELD/Labs/Lab_1/Lab_1.sdk/design_1_wrapper_hw_platform_0/ps7_init.tcl
targets -set -nocase -filter {name =~"APU*" && jtag_cable_name =~ "Digilent Zed 210248A39C95"} -index 0
rst -system
after 3000
targets -set -nocase -filter {name =~"APU*" && jtag_cable_name =~ "Digilent Zed 210248A39C95"} -index 0
loadhw -hw D:/Sem_6/AELD/Labs/Lab_1/Lab_1.sdk/design_1_wrapper_hw_platform_0/system.hdf -mem-ranges [list {0x40000000 0xbfffffff}]
configparams force-mem-access 1
targets -set -nocase -filter {name =~"APU*" && jtag_cable_name =~ "Digilent Zed 210248A39C95"} -index 0
ps7_init
ps7_post_config
targets -set -nocase -filter {name =~ "ARM*#0" && jtag_cable_name =~ "Digilent Zed 210248A39C95"} -index 0
dow D:/Sem_6/AELD/Labs/Lab_1/Lab_1.sdk/Lab_1/Debug/Lab_1.elf
configparams force-mem-access 0
----------------End of Script----------------

22:08:55 INFO  : Context for processor 'ps7_cortexa9_0' is selected.
22:08:55 INFO  : 'con' command is executed.
22:08:55 INFO  : ----------------XSDB Script (After Launch)----------------
targets -set -nocase -filter {name =~ "ARM*#0" && jtag_cable_name =~ "Digilent Zed 210248A39C95"} -index 0
con
----------------End of Script----------------

22:08:55 INFO  : Launch script is exported to file 'D:\Sem_6\AELD\Labs\Lab_1\Lab_1.sdk\.sdk\launch_scripts\xilinx_c-c++_application_(system_debugger)\system_debugger_using_debug_lab_1.elf_on_remzeb.tcl'
22:30:41 WARN  : channel "tcfchan#1" closed
00:30:56 INFO  : Connected through redirection to target on host '192.168.226.142' and port '62210'.
00:31:14 INFO  : ----------------XSDB Script----------------
connect -path [list tcp::1534 tcp:192.168.226.142:62210]
----------------End of Script----------------

00:31:47 INFO  : Connected through redirection to target on host '192.168.226.142' and port '62210'.
00:31:47 INFO  : Jtag cable 'Digilent Zed 210248A39C93' is selected.
00:31:47 INFO  : 'jtag frequency' command is executed.
00:31:47 INFO  : Sourcing of 'D:/Sem_6/AELD/Labs/Lab_1/Lab_1.sdk/design_1_wrapper_hw_platform_0/ps7_init.tcl' is done.
00:31:47 INFO  : Context for 'APU' is selected.
00:31:48 INFO  : System reset is completed.
00:31:51 INFO  : 'after 3000' command is executed.
00:31:52 INFO  : Context for 'APU' is selected.
00:31:52 INFO  : Hardware design information is loaded from 'D:/Sem_6/AELD/Labs/Lab_1/Lab_1.sdk/design_1_wrapper_hw_platform_0/system.hdf'.
00:31:52 INFO  : 'configparams force-mem-access 1' command is executed.
00:31:52 INFO  : Context for 'APU' is selected.
00:32:07 INFO  : 'ps7_init' command is executed.
00:32:07 INFO  : 'ps7_post_config' command is executed.
00:32:08 INFO  : Context for processor 'ps7_cortexa9_0' is selected.
00:32:08 INFO  : The application 'D:/Sem_6/AELD/Labs/Lab_1/Lab_1.sdk/Lab_1/Debug/Lab_1.elf' is downloaded to processor 'ps7_cortexa9_0'.
00:32:08 INFO  : 'configparams force-mem-access 0' command is executed.
00:32:08 INFO  : ----------------XSDB Script----------------
connect -path [list tcp::1534 tcp:192.168.226.142:62210]
source D:/Sem_6/AELD/Labs/Lab_1/Lab_1.sdk/design_1_wrapper_hw_platform_0/ps7_init.tcl
targets -set -nocase -filter {name =~"APU*" && jtag_cable_name =~ "Digilent Zed 210248A39C93"} -index 0
rst -system
after 3000
targets -set -nocase -filter {name =~"APU*" && jtag_cable_name =~ "Digilent Zed 210248A39C93"} -index 0
loadhw -hw D:/Sem_6/AELD/Labs/Lab_1/Lab_1.sdk/design_1_wrapper_hw_platform_0/system.hdf -mem-ranges [list {0x40000000 0xbfffffff}]
configparams force-mem-access 1
targets -set -nocase -filter {name =~"APU*" && jtag_cable_name =~ "Digilent Zed 210248A39C93"} -index 0
ps7_init
ps7_post_config
targets -set -nocase -filter {name =~ "ARM*#0" && jtag_cable_name =~ "Digilent Zed 210248A39C93"} -index 0
dow D:/Sem_6/AELD/Labs/Lab_1/Lab_1.sdk/Lab_1/Debug/Lab_1.elf
configparams force-mem-access 0
----------------End of Script----------------

00:32:09 INFO  : Context for processor 'ps7_cortexa9_0' is selected.
00:32:09 INFO  : 'con' command is executed.
00:32:09 INFO  : ----------------XSDB Script (After Launch)----------------
targets -set -nocase -filter {name =~ "ARM*#0" && jtag_cable_name =~ "Digilent Zed 210248A39C93"} -index 0
con
----------------End of Script----------------

00:32:09 INFO  : Launch script is exported to file 'D:\Sem_6\AELD\Labs\Lab_1\Lab_1.sdk\.sdk\launch_scripts\xilinx_c-c++_application_(system_debugger)\system_debugger_using_debug_lab_1.elf_on_remzeb.tcl'
00:33:58 INFO  : Disconnected from the channel tcfchan#2.
00:33:59 INFO  : Connected through redirection to target on host '192.168.226.142' and port '62210'.
00:33:59 INFO  : Jtag cable 'Digilent Zed 210248A39C93' is selected.
00:33:59 INFO  : 'jtag frequency' command is executed.
00:33:59 INFO  : Sourcing of 'D:/Sem_6/AELD/Labs/Lab_1/Lab_1.sdk/design_1_wrapper_hw_platform_0/ps7_init.tcl' is done.
00:34:00 INFO  : Context for 'APU' is selected.
00:34:01 INFO  : System reset is completed.
00:34:04 INFO  : 'after 3000' command is executed.
00:34:04 INFO  : Context for 'APU' is selected.
00:34:05 INFO  : Hardware design information is loaded from 'D:/Sem_6/AELD/Labs/Lab_1/Lab_1.sdk/design_1_wrapper_hw_platform_0/system.hdf'.
00:34:05 INFO  : 'configparams force-mem-access 1' command is executed.
00:34:05 INFO  : Context for 'APU' is selected.
00:34:19 INFO  : 'ps7_init' command is executed.
00:34:19 INFO  : 'ps7_post_config' command is executed.
00:34:20 INFO  : Context for processor 'ps7_cortexa9_0' is selected.
00:34:20 INFO  : The application 'D:/Sem_6/AELD/Labs/Lab_1/Lab_1.sdk/Lab_1/Debug/Lab_1.elf' is downloaded to processor 'ps7_cortexa9_0'.
00:34:20 INFO  : 'configparams force-mem-access 0' command is executed.
00:34:20 INFO  : ----------------XSDB Script----------------
connect -path [list tcp::1534 tcp:192.168.226.142:62210]
source D:/Sem_6/AELD/Labs/Lab_1/Lab_1.sdk/design_1_wrapper_hw_platform_0/ps7_init.tcl
targets -set -nocase -filter {name =~"APU*" && jtag_cable_name =~ "Digilent Zed 210248A39C93"} -index 0
rst -system
after 3000
targets -set -nocase -filter {name =~"APU*" && jtag_cable_name =~ "Digilent Zed 210248A39C93"} -index 0
loadhw -hw D:/Sem_6/AELD/Labs/Lab_1/Lab_1.sdk/design_1_wrapper_hw_platform_0/system.hdf -mem-ranges [list {0x40000000 0xbfffffff}]
configparams force-mem-access 1
targets -set -nocase -filter {name =~"APU*" && jtag_cable_name =~ "Digilent Zed 210248A39C93"} -index 0
ps7_init
ps7_post_config
targets -set -nocase -filter {name =~ "ARM*#0" && jtag_cable_name =~ "Digilent Zed 210248A39C93"} -index 0
dow D:/Sem_6/AELD/Labs/Lab_1/Lab_1.sdk/Lab_1/Debug/Lab_1.elf
configparams force-mem-access 0
----------------End of Script----------------

00:34:21 INFO  : Context for processor 'ps7_cortexa9_0' is selected.
00:34:21 INFO  : 'con' command is executed.
00:34:21 INFO  : ----------------XSDB Script (After Launch)----------------
targets -set -nocase -filter {name =~ "ARM*#0" && jtag_cable_name =~ "Digilent Zed 210248A39C93"} -index 0
con
----------------End of Script----------------

00:34:21 INFO  : Launch script is exported to file 'D:\Sem_6\AELD\Labs\Lab_1\Lab_1.sdk\.sdk\launch_scripts\xilinx_c-c++_application_(system_debugger)\system_debugger_using_debug_lab_1.elf_on_remzeb.tcl'
00:35:07 INFO  : Disconnected from the channel tcfchan#3.
00:35:08 INFO  : Connected through redirection to target on host '192.168.226.142' and port '62210'.
00:35:08 INFO  : Jtag cable 'Digilent Zed 210248A39C93' is selected.
00:35:08 INFO  : 'jtag frequency' command is executed.
00:35:08 INFO  : Sourcing of 'D:/Sem_6/AELD/Labs/Lab_1/Lab_1.sdk/design_1_wrapper_hw_platform_0/ps7_init.tcl' is done.
00:35:09 INFO  : Context for 'APU' is selected.
00:35:10 INFO  : System reset is completed.
00:35:13 INFO  : 'after 3000' command is executed.
00:35:13 INFO  : Context for 'APU' is selected.
00:35:14 INFO  : Hardware design information is loaded from 'D:/Sem_6/AELD/Labs/Lab_1/Lab_1.sdk/design_1_wrapper_hw_platform_0/system.hdf'.
00:35:14 INFO  : 'configparams force-mem-access 1' command is executed.
00:35:14 INFO  : Context for 'APU' is selected.
00:35:30 INFO  : 'ps7_init' command is executed.
00:35:30 INFO  : 'ps7_post_config' command is executed.
00:35:30 INFO  : Context for processor 'ps7_cortexa9_0' is selected.
00:35:31 INFO  : The application 'D:/Sem_6/AELD/Labs/Lab_1/Lab_1.sdk/Lab_1/Debug/Lab_1.elf' is downloaded to processor 'ps7_cortexa9_0'.
00:35:31 INFO  : 'configparams force-mem-access 0' command is executed.
00:35:31 INFO  : ----------------XSDB Script----------------
connect -path [list tcp::1534 tcp:192.168.226.142:62210]
source D:/Sem_6/AELD/Labs/Lab_1/Lab_1.sdk/design_1_wrapper_hw_platform_0/ps7_init.tcl
targets -set -nocase -filter {name =~"APU*" && jtag_cable_name =~ "Digilent Zed 210248A39C93"} -index 0
rst -system
after 3000
targets -set -nocase -filter {name =~"APU*" && jtag_cable_name =~ "Digilent Zed 210248A39C93"} -index 0
loadhw -hw D:/Sem_6/AELD/Labs/Lab_1/Lab_1.sdk/design_1_wrapper_hw_platform_0/system.hdf -mem-ranges [list {0x40000000 0xbfffffff}]
configparams force-mem-access 1
targets -set -nocase -filter {name =~"APU*" && jtag_cable_name =~ "Digilent Zed 210248A39C93"} -index 0
ps7_init
ps7_post_config
targets -set -nocase -filter {name =~ "ARM*#0" && jtag_cable_name =~ "Digilent Zed 210248A39C93"} -index 0
dow D:/Sem_6/AELD/Labs/Lab_1/Lab_1.sdk/Lab_1/Debug/Lab_1.elf
configparams force-mem-access 0
----------------End of Script----------------

00:35:32 INFO  : Context for processor 'ps7_cortexa9_0' is selected.
00:35:32 INFO  : 'con' command is executed.
00:35:32 INFO  : ----------------XSDB Script (After Launch)----------------
targets -set -nocase -filter {name =~ "ARM*#0" && jtag_cable_name =~ "Digilent Zed 210248A39C93"} -index 0
con
----------------End of Script----------------

00:35:32 INFO  : Launch script is exported to file 'D:\Sem_6\AELD\Labs\Lab_1\Lab_1.sdk\.sdk\launch_scripts\xilinx_c-c++_application_(system_debugger)\system_debugger_using_debug_lab_1.elf_on_remzeb.tcl'
00:45:29 WARN  : channel "tcfchan#4" closed
01:21:31 INFO  : Connected through redirection to target on host '192.168.226.142' and port '51719'.
01:21:32 INFO  : Jtag cable 'Digilent Zed 210248A39C93' is selected.
01:21:32 INFO  : 'jtag frequency' command is executed.
01:21:32 INFO  : Sourcing of 'D:/Sem_6/AELD/Labs/Lab_1/Lab_1.sdk/design_1_wrapper_hw_platform_0/ps7_init.tcl' is done.
01:21:32 INFO  : Context for 'APU' is selected.
01:21:33 INFO  : System reset is completed.
01:21:36 INFO  : 'after 3000' command is executed.
01:21:36 INFO  : Context for 'APU' is selected.
01:21:36 INFO  : Hardware design information is loaded from 'D:/Sem_6/AELD/Labs/Lab_1/Lab_1.sdk/design_1_wrapper_hw_platform_0/system.hdf'.
01:21:36 INFO  : 'configparams force-mem-access 1' command is executed.
01:21:36 INFO  : Context for 'APU' is selected.
01:21:49 INFO  : 'ps7_init' command is executed.
01:21:49 INFO  : 'ps7_post_config' command is executed.
01:21:49 INFO  : Context for processor 'ps7_cortexa9_0' is selected.
01:21:50 INFO  : The application 'D:/Sem_6/AELD/Labs/Lab_1/Lab_1.sdk/Lab_1/Debug/Lab_1.elf' is downloaded to processor 'ps7_cortexa9_0'.
01:21:50 INFO  : 'configparams force-mem-access 0' command is executed.
01:21:50 INFO  : ----------------XSDB Script----------------
connect -path [list tcp::1534 tcp:192.168.226.142:51719]
source D:/Sem_6/AELD/Labs/Lab_1/Lab_1.sdk/design_1_wrapper_hw_platform_0/ps7_init.tcl
targets -set -nocase -filter {name =~"APU*" && jtag_cable_name =~ "Digilent Zed 210248A39C93"} -index 0
rst -system
after 3000
targets -set -nocase -filter {name =~"APU*" && jtag_cable_name =~ "Digilent Zed 210248A39C93"} -index 0
loadhw -hw D:/Sem_6/AELD/Labs/Lab_1/Lab_1.sdk/design_1_wrapper_hw_platform_0/system.hdf -mem-ranges [list {0x40000000 0xbfffffff}]
configparams force-mem-access 1
targets -set -nocase -filter {name =~"APU*" && jtag_cable_name =~ "Digilent Zed 210248A39C93"} -index 0
ps7_init
ps7_post_config
targets -set -nocase -filter {name =~ "ARM*#0" && jtag_cable_name =~ "Digilent Zed 210248A39C93"} -index 0
dow D:/Sem_6/AELD/Labs/Lab_1/Lab_1.sdk/Lab_1/Debug/Lab_1.elf
configparams force-mem-access 0
----------------End of Script----------------

01:21:50 INFO  : Context for processor 'ps7_cortexa9_0' is selected.
01:21:50 INFO  : 'con' command is executed.
01:21:50 INFO  : ----------------XSDB Script (After Launch)----------------
targets -set -nocase -filter {name =~ "ARM*#0" && jtag_cable_name =~ "Digilent Zed 210248A39C93"} -index 0
con
----------------End of Script----------------

01:21:50 INFO  : Launch script is exported to file 'D:\Sem_6\AELD\Labs\Lab_1\Lab_1.sdk\.sdk\launch_scripts\xilinx_c-c++_application_(system_debugger)\system_debugger_using_debug_lab_1.elf_on_remzeb.tcl'
01:30:31 WARN  : channel "tcfchan#5" closed
01:31:32 INFO  : Connected through redirection to target on host '192.168.226.142' and port '64202'.
01:31:32 INFO  : Jtag cable 'Digilent Zed 210248A39C93' is selected.
01:31:32 INFO  : 'jtag frequency' command is executed.
01:31:32 INFO  : Sourcing of 'D:/Sem_6/AELD/Labs/Lab_1/Lab_1.sdk/design_1_wrapper_hw_platform_0/ps7_init.tcl' is done.
01:31:32 INFO  : Context for 'APU' is selected.
01:31:33 INFO  : System reset is completed.
01:31:36 INFO  : 'after 3000' command is executed.
01:31:37 INFO  : Context for 'APU' is selected.
01:31:37 INFO  : Hardware design information is loaded from 'D:/Sem_6/AELD/Labs/Lab_1/Lab_1.sdk/design_1_wrapper_hw_platform_0/system.hdf'.
01:31:37 INFO  : 'configparams force-mem-access 1' command is executed.
01:31:37 INFO  : Context for 'APU' is selected.
01:31:50 INFO  : 'ps7_init' command is executed.
01:31:50 INFO  : 'ps7_post_config' command is executed.
01:31:50 INFO  : Context for processor 'ps7_cortexa9_0' is selected.
01:31:51 INFO  : The application 'D:/Sem_6/AELD/Labs/Lab_1/Lab_1.sdk/Lab_1/Debug/Lab_1.elf' is downloaded to processor 'ps7_cortexa9_0'.
01:31:51 INFO  : 'configparams force-mem-access 0' command is executed.
01:31:51 INFO  : ----------------XSDB Script----------------
connect -path [list tcp::1534 tcp:192.168.226.142:64202]
source D:/Sem_6/AELD/Labs/Lab_1/Lab_1.sdk/design_1_wrapper_hw_platform_0/ps7_init.tcl
targets -set -nocase -filter {name =~"APU*" && jtag_cable_name =~ "Digilent Zed 210248A39C93"} -index 0
rst -system
after 3000
targets -set -nocase -filter {name =~"APU*" && jtag_cable_name =~ "Digilent Zed 210248A39C93"} -index 0
loadhw -hw D:/Sem_6/AELD/Labs/Lab_1/Lab_1.sdk/design_1_wrapper_hw_platform_0/system.hdf -mem-ranges [list {0x40000000 0xbfffffff}]
configparams force-mem-access 1
targets -set -nocase -filter {name =~"APU*" && jtag_cable_name =~ "Digilent Zed 210248A39C93"} -index 0
ps7_init
ps7_post_config
targets -set -nocase -filter {name =~ "ARM*#0" && jtag_cable_name =~ "Digilent Zed 210248A39C93"} -index 0
dow D:/Sem_6/AELD/Labs/Lab_1/Lab_1.sdk/Lab_1/Debug/Lab_1.elf
configparams force-mem-access 0
----------------End of Script----------------

01:31:52 INFO  : Context for processor 'ps7_cortexa9_0' is selected.
01:31:52 INFO  : 'con' command is executed.
01:31:52 INFO  : ----------------XSDB Script (After Launch)----------------
targets -set -nocase -filter {name =~ "ARM*#0" && jtag_cable_name =~ "Digilent Zed 210248A39C93"} -index 0
con
----------------End of Script----------------

01:31:52 INFO  : Launch script is exported to file 'D:\Sem_6\AELD\Labs\Lab_1\Lab_1.sdk\.sdk\launch_scripts\xilinx_c-c++_application_(system_debugger)\system_debugger_using_debug_lab_1.elf_on_remzeb.tcl'
01:35:45 INFO  : Disconnected from the channel tcfchan#6.
01:35:47 INFO  : Connected through redirection to target on host '192.168.226.142' and port '64202'.
01:35:47 INFO  : Jtag cable 'Digilent Zed 210248A39C93' is selected.
01:35:47 INFO  : 'jtag frequency' command is executed.
01:35:47 INFO  : Sourcing of 'D:/Sem_6/AELD/Labs/Lab_1/Lab_1.sdk/design_1_wrapper_hw_platform_0/ps7_init.tcl' is done.
01:35:47 INFO  : Context for 'APU' is selected.
01:35:48 INFO  : System reset is completed.
01:35:51 INFO  : 'after 3000' command is executed.
01:35:51 INFO  : Context for 'APU' is selected.
01:35:52 INFO  : Hardware design information is loaded from 'D:/Sem_6/AELD/Labs/Lab_1/Lab_1.sdk/design_1_wrapper_hw_platform_0/system.hdf'.
01:35:52 INFO  : 'configparams force-mem-access 1' command is executed.
01:35:52 INFO  : Context for 'APU' is selected.
01:36:04 INFO  : 'ps7_init' command is executed.
01:36:05 INFO  : 'ps7_post_config' command is executed.
01:36:05 INFO  : Context for processor 'ps7_cortexa9_0' is selected.
01:36:05 INFO  : The application 'D:/Sem_6/AELD/Labs/Lab_1/Lab_1.sdk/Lab_1/Debug/Lab_1.elf' is downloaded to processor 'ps7_cortexa9_0'.
01:36:05 INFO  : 'configparams force-mem-access 0' command is executed.
01:36:05 INFO  : ----------------XSDB Script----------------
connect -path [list tcp::1534 tcp:192.168.226.142:64202]
source D:/Sem_6/AELD/Labs/Lab_1/Lab_1.sdk/design_1_wrapper_hw_platform_0/ps7_init.tcl
targets -set -nocase -filter {name =~"APU*" && jtag_cable_name =~ "Digilent Zed 210248A39C93"} -index 0
rst -system
after 3000
targets -set -nocase -filter {name =~"APU*" && jtag_cable_name =~ "Digilent Zed 210248A39C93"} -index 0
loadhw -hw D:/Sem_6/AELD/Labs/Lab_1/Lab_1.sdk/design_1_wrapper_hw_platform_0/system.hdf -mem-ranges [list {0x40000000 0xbfffffff}]
configparams force-mem-access 1
targets -set -nocase -filter {name =~"APU*" && jtag_cable_name =~ "Digilent Zed 210248A39C93"} -index 0
ps7_init
ps7_post_config
targets -set -nocase -filter {name =~ "ARM*#0" && jtag_cable_name =~ "Digilent Zed 210248A39C93"} -index 0
dow D:/Sem_6/AELD/Labs/Lab_1/Lab_1.sdk/Lab_1/Debug/Lab_1.elf
configparams force-mem-access 0
----------------End of Script----------------

01:36:06 INFO  : Context for processor 'ps7_cortexa9_0' is selected.
01:36:06 INFO  : 'con' command is executed.
01:36:06 INFO  : ----------------XSDB Script (After Launch)----------------
targets -set -nocase -filter {name =~ "ARM*#0" && jtag_cable_name =~ "Digilent Zed 210248A39C93"} -index 0
con
----------------End of Script----------------

01:36:06 INFO  : Launch script is exported to file 'D:\Sem_6\AELD\Labs\Lab_1\Lab_1.sdk\.sdk\launch_scripts\xilinx_c-c++_application_(system_debugger)\system_debugger_using_debug_lab_1.elf_on_remzeb.tcl'
01:39:47 INFO  : Disconnected from the channel tcfchan#7.
01:39:48 INFO  : Connected through redirection to target on host '192.168.226.142' and port '64202'.
01:39:48 INFO  : Jtag cable 'Digilent Zed 210248A39C93' is selected.
01:39:48 INFO  : 'jtag frequency' command is executed.
01:39:48 INFO  : Sourcing of 'D:/Sem_6/AELD/Labs/Lab_1/Lab_1.sdk/design_1_wrapper_hw_platform_0/ps7_init.tcl' is done.
01:39:49 INFO  : Context for 'APU' is selected.
01:39:49 INFO  : System reset is completed.
01:39:53 INFO  : 'after 3000' command is executed.
01:39:53 INFO  : Context for 'APU' is selected.
01:39:54 INFO  : Hardware design information is loaded from 'D:/Sem_6/AELD/Labs/Lab_1/Lab_1.sdk/design_1_wrapper_hw_platform_0/system.hdf'.
01:39:54 INFO  : 'configparams force-mem-access 1' command is executed.
01:39:54 INFO  : Context for 'APU' is selected.
01:40:06 INFO  : 'ps7_init' command is executed.
01:40:06 INFO  : 'ps7_post_config' command is executed.
01:40:06 INFO  : Context for processor 'ps7_cortexa9_0' is selected.
01:40:07 INFO  : The application 'D:/Sem_6/AELD/Labs/Lab_1/Lab_1.sdk/Lab_1/Debug/Lab_1.elf' is downloaded to processor 'ps7_cortexa9_0'.
01:40:07 INFO  : 'configparams force-mem-access 0' command is executed.
01:40:07 INFO  : ----------------XSDB Script----------------
connect -path [list tcp::1534 tcp:192.168.226.142:64202]
source D:/Sem_6/AELD/Labs/Lab_1/Lab_1.sdk/design_1_wrapper_hw_platform_0/ps7_init.tcl
targets -set -nocase -filter {name =~"APU*" && jtag_cable_name =~ "Digilent Zed 210248A39C93"} -index 0
rst -system
after 3000
targets -set -nocase -filter {name =~"APU*" && jtag_cable_name =~ "Digilent Zed 210248A39C93"} -index 0
loadhw -hw D:/Sem_6/AELD/Labs/Lab_1/Lab_1.sdk/design_1_wrapper_hw_platform_0/system.hdf -mem-ranges [list {0x40000000 0xbfffffff}]
configparams force-mem-access 1
targets -set -nocase -filter {name =~"APU*" && jtag_cable_name =~ "Digilent Zed 210248A39C93"} -index 0
ps7_init
ps7_post_config
targets -set -nocase -filter {name =~ "ARM*#0" && jtag_cable_name =~ "Digilent Zed 210248A39C93"} -index 0
dow D:/Sem_6/AELD/Labs/Lab_1/Lab_1.sdk/Lab_1/Debug/Lab_1.elf
configparams force-mem-access 0
----------------End of Script----------------

01:40:07 INFO  : Context for processor 'ps7_cortexa9_0' is selected.
01:40:07 INFO  : 'con' command is executed.
01:40:07 INFO  : ----------------XSDB Script (After Launch)----------------
targets -set -nocase -filter {name =~ "ARM*#0" && jtag_cable_name =~ "Digilent Zed 210248A39C93"} -index 0
con
----------------End of Script----------------

01:40:07 INFO  : Launch script is exported to file 'D:\Sem_6\AELD\Labs\Lab_1\Lab_1.sdk\.sdk\launch_scripts\xilinx_c-c++_application_(system_debugger)\system_debugger_using_debug_lab_1.elf_on_remzeb.tcl'
01:43:35 INFO  : Disconnected from the channel tcfchan#8.
01:43:36 INFO  : Connected through redirection to target on host '192.168.226.142' and port '64202'.
01:43:37 INFO  : Jtag cable 'Digilent Zed 210248A39C93' is selected.
01:43:37 INFO  : 'jtag frequency' command is executed.
01:43:37 INFO  : Sourcing of 'D:/Sem_6/AELD/Labs/Lab_1/Lab_1.sdk/design_1_wrapper_hw_platform_0/ps7_init.tcl' is done.
01:43:37 INFO  : Context for 'APU' is selected.
01:43:38 INFO  : System reset is completed.
01:43:41 INFO  : 'after 3000' command is executed.
01:43:41 INFO  : Context for 'APU' is selected.
01:43:42 INFO  : Hardware design information is loaded from 'D:/Sem_6/AELD/Labs/Lab_1/Lab_1.sdk/design_1_wrapper_hw_platform_0/system.hdf'.
01:43:42 INFO  : 'configparams force-mem-access 1' command is executed.
01:43:42 INFO  : Context for 'APU' is selected.
01:43:54 INFO  : 'ps7_init' command is executed.
01:43:55 INFO  : 'ps7_post_config' command is executed.
01:43:55 INFO  : Context for processor 'ps7_cortexa9_0' is selected.
01:43:55 INFO  : The application 'D:/Sem_6/AELD/Labs/Lab_1/Lab_1.sdk/Lab_1/Debug/Lab_1.elf' is downloaded to processor 'ps7_cortexa9_0'.
01:43:55 INFO  : 'configparams force-mem-access 0' command is executed.
01:43:55 INFO  : ----------------XSDB Script----------------
connect -path [list tcp::1534 tcp:192.168.226.142:64202]
source D:/Sem_6/AELD/Labs/Lab_1/Lab_1.sdk/design_1_wrapper_hw_platform_0/ps7_init.tcl
targets -set -nocase -filter {name =~"APU*" && jtag_cable_name =~ "Digilent Zed 210248A39C93"} -index 0
rst -system
after 3000
targets -set -nocase -filter {name =~"APU*" && jtag_cable_name =~ "Digilent Zed 210248A39C93"} -index 0
loadhw -hw D:/Sem_6/AELD/Labs/Lab_1/Lab_1.sdk/design_1_wrapper_hw_platform_0/system.hdf -mem-ranges [list {0x40000000 0xbfffffff}]
configparams force-mem-access 1
targets -set -nocase -filter {name =~"APU*" && jtag_cable_name =~ "Digilent Zed 210248A39C93"} -index 0
ps7_init
ps7_post_config
targets -set -nocase -filter {name =~ "ARM*#0" && jtag_cable_name =~ "Digilent Zed 210248A39C93"} -index 0
dow D:/Sem_6/AELD/Labs/Lab_1/Lab_1.sdk/Lab_1/Debug/Lab_1.elf
configparams force-mem-access 0
----------------End of Script----------------

01:43:56 INFO  : Context for processor 'ps7_cortexa9_0' is selected.
01:43:56 INFO  : 'con' command is executed.
01:43:56 INFO  : ----------------XSDB Script (After Launch)----------------
targets -set -nocase -filter {name =~ "ARM*#0" && jtag_cable_name =~ "Digilent Zed 210248A39C93"} -index 0
con
----------------End of Script----------------

01:43:56 INFO  : Launch script is exported to file 'D:\Sem_6\AELD\Labs\Lab_1\Lab_1.sdk\.sdk\launch_scripts\xilinx_c-c++_application_(system_debugger)\system_debugger_using_debug_lab_1.elf_on_remzeb.tcl'
01:45:40 WARN  : channel "tcfchan#9" closed
14:50:36 INFO  : Launching XSCT server: xsct.bat -interactive D:\Sem_6\AELD\Labs\Lab_1\Lab_1.sdk\temp_xsdb_launch_script.tcl
14:50:36 INFO  : Registering command handlers for SDK TCF services
14:50:39 INFO  : XSCT server has started successfully.
14:50:45 INFO  : Successfully done setting XSCT server connection channel  
14:50:45 INFO  : Successfully done setting SDK workspace  
14:50:45 INFO  : Processing command line option -hwspec D:/Sem_6/AELD/Labs/Lab_1/Lab_1.sdk/design_1_wrapper.hdf.
14:50:45 INFO  : Checking for hwspec changes in the project design_1_wrapper_hw_platform_0.
15:42:49 INFO  : Connected through redirection to target on host '192.168.226.142' and port '56684'.
15:42:49 INFO  : Jtag cable 'Digilent Zed 210248A39844' is selected.
15:42:49 INFO  : 'jtag frequency' command is executed.
15:42:49 INFO  : Sourcing of 'D:/Sem_6/AELD/Labs/Lab_1/Lab_1.sdk/design_1_wrapper_hw_platform_0/ps7_init.tcl' is done.
15:42:49 INFO  : Context for 'APU' is selected.
15:42:50 INFO  : System reset is completed.
15:42:53 INFO  : 'after 3000' command is executed.
15:42:53 INFO  : Context for 'APU' is selected.
15:42:54 INFO  : Hardware design information is loaded from 'D:/Sem_6/AELD/Labs/Lab_1/Lab_1.sdk/design_1_wrapper_hw_platform_0/system.hdf'.
15:42:54 INFO  : 'configparams force-mem-access 1' command is executed.
15:42:54 INFO  : Context for 'APU' is selected.
15:43:05 INFO  : 'ps7_init' command is executed.
15:43:05 INFO  : 'ps7_post_config' command is executed.
15:43:06 INFO  : Context for processor 'ps7_cortexa9_0' is selected.
15:43:06 INFO  : The application 'D:/Sem_6/AELD/Labs/Lab_1/Lab_1.sdk/Lab_1/Debug/Lab_1.elf' is downloaded to processor 'ps7_cortexa9_0'.
15:43:06 INFO  : 'configparams force-mem-access 0' command is executed.
15:43:06 INFO  : ----------------XSDB Script----------------
connect -path [list tcp::1534 tcp:192.168.226.142:56684]
source D:/Sem_6/AELD/Labs/Lab_1/Lab_1.sdk/design_1_wrapper_hw_platform_0/ps7_init.tcl
targets -set -nocase -filter {name =~"APU*" && jtag_cable_name =~ "Digilent Zed 210248A39844"} -index 0
rst -system
after 3000
targets -set -nocase -filter {name =~"APU*" && jtag_cable_name =~ "Digilent Zed 210248A39844"} -index 0
loadhw -hw D:/Sem_6/AELD/Labs/Lab_1/Lab_1.sdk/design_1_wrapper_hw_platform_0/system.hdf -mem-ranges [list {0x40000000 0xbfffffff}]
configparams force-mem-access 1
targets -set -nocase -filter {name =~"APU*" && jtag_cable_name =~ "Digilent Zed 210248A39844"} -index 0
ps7_init
ps7_post_config
targets -set -nocase -filter {name =~ "ARM*#0" && jtag_cable_name =~ "Digilent Zed 210248A39844"} -index 0
dow D:/Sem_6/AELD/Labs/Lab_1/Lab_1.sdk/Lab_1/Debug/Lab_1.elf
configparams force-mem-access 0
----------------End of Script----------------

15:43:07 INFO  : Context for processor 'ps7_cortexa9_0' is selected.
15:43:07 INFO  : 'con' command is executed.
15:43:07 INFO  : ----------------XSDB Script (After Launch)----------------
targets -set -nocase -filter {name =~ "ARM*#0" && jtag_cable_name =~ "Digilent Zed 210248A39844"} -index 0
con
----------------End of Script----------------

15:43:07 INFO  : Launch script is exported to file 'D:\Sem_6\AELD\Labs\Lab_1\Lab_1.sdk\.sdk\launch_scripts\xilinx_c-c++_application_(system_debugger)\system_debugger_using_debug_lab_1.elf_on_remzeb.tcl'
15:45:37 WARN  : channel "tcfchan#1" closed
21:50:17 INFO  : Connected through redirection to target on host '192.168.226.142' and port '54624'.
21:50:18 INFO  : Jtag cable 'Digilent Zed 210248A39C93' is selected.
21:50:18 INFO  : 'jtag frequency' command is executed.
21:50:18 INFO  : Sourcing of 'D:/Sem_6/AELD/Labs/Lab_1/Lab_1.sdk/design_1_wrapper_hw_platform_0/ps7_init.tcl' is done.
21:50:18 INFO  : Context for 'APU' is selected.
21:50:19 INFO  : System reset is completed.
21:50:22 INFO  : 'after 3000' command is executed.
21:50:22 INFO  : Context for 'APU' is selected.
21:50:22 INFO  : Hardware design information is loaded from 'D:/Sem_6/AELD/Labs/Lab_1/Lab_1.sdk/design_1_wrapper_hw_platform_0/system.hdf'.
21:50:22 INFO  : 'configparams force-mem-access 1' command is executed.
21:50:22 INFO  : Context for 'APU' is selected.
21:50:35 INFO  : 'ps7_init' command is executed.
21:50:35 INFO  : 'ps7_post_config' command is executed.
21:50:35 INFO  : Context for processor 'ps7_cortexa9_0' is selected.
21:50:36 INFO  : The application 'D:/Sem_6/AELD/Labs/Lab_1/Lab_1.sdk/Lab_1/Debug/Lab_1.elf' is downloaded to processor 'ps7_cortexa9_0'.
21:50:36 INFO  : 'configparams force-mem-access 0' command is executed.
21:50:36 INFO  : ----------------XSDB Script----------------
connect -path [list tcp::1534 tcp:192.168.226.142:54624]
source D:/Sem_6/AELD/Labs/Lab_1/Lab_1.sdk/design_1_wrapper_hw_platform_0/ps7_init.tcl
targets -set -nocase -filter {name =~"APU*" && jtag_cable_name =~ "Digilent Zed 210248A39C93"} -index 0
rst -system
after 3000
targets -set -nocase -filter {name =~"APU*" && jtag_cable_name =~ "Digilent Zed 210248A39C93"} -index 0
loadhw -hw D:/Sem_6/AELD/Labs/Lab_1/Lab_1.sdk/design_1_wrapper_hw_platform_0/system.hdf -mem-ranges [list {0x40000000 0xbfffffff}]
configparams force-mem-access 1
targets -set -nocase -filter {name =~"APU*" && jtag_cable_name =~ "Digilent Zed 210248A39C93"} -index 0
ps7_init
ps7_post_config
targets -set -nocase -filter {name =~ "ARM*#0" && jtag_cable_name =~ "Digilent Zed 210248A39C93"} -index 0
dow D:/Sem_6/AELD/Labs/Lab_1/Lab_1.sdk/Lab_1/Debug/Lab_1.elf
configparams force-mem-access 0
----------------End of Script----------------

21:50:37 INFO  : Context for processor 'ps7_cortexa9_0' is selected.
21:50:37 INFO  : 'con' command is executed.
21:50:37 INFO  : ----------------XSDB Script (After Launch)----------------
targets -set -nocase -filter {name =~ "ARM*#0" && jtag_cable_name =~ "Digilent Zed 210248A39C93"} -index 0
con
----------------End of Script----------------

21:50:37 INFO  : Launch script is exported to file 'D:\Sem_6\AELD\Labs\Lab_1\Lab_1.sdk\.sdk\launch_scripts\xilinx_c-c++_application_(system_debugger)\system_debugger_using_debug_lab_1.elf_on_remzeb.tcl'
21:54:27 INFO  : Disconnected from the channel tcfchan#2.
21:54:28 INFO  : Connected through redirection to target on host '192.168.226.142' and port '54624'.
21:54:28 INFO  : Jtag cable 'Digilent Zed 210248A39C93' is selected.
21:54:28 INFO  : 'jtag frequency' command is executed.
21:54:28 INFO  : Sourcing of 'D:/Sem_6/AELD/Labs/Lab_1/Lab_1.sdk/design_1_wrapper_hw_platform_0/ps7_init.tcl' is done.
21:54:29 INFO  : Context for 'APU' is selected.
21:54:30 INFO  : System reset is completed.
21:54:33 INFO  : 'after 3000' command is executed.
21:54:33 INFO  : Context for 'APU' is selected.
21:54:34 INFO  : Hardware design information is loaded from 'D:/Sem_6/AELD/Labs/Lab_1/Lab_1.sdk/design_1_wrapper_hw_platform_0/system.hdf'.
21:54:34 INFO  : 'configparams force-mem-access 1' command is executed.
21:54:34 INFO  : Context for 'APU' is selected.
21:54:47 INFO  : 'ps7_init' command is executed.
21:54:47 INFO  : 'ps7_post_config' command is executed.
21:54:47 INFO  : Context for processor 'ps7_cortexa9_0' is selected.
21:54:48 INFO  : The application 'D:/Sem_6/AELD/Labs/Lab_1/Lab_1.sdk/Lab_1/Debug/Lab_1.elf' is downloaded to processor 'ps7_cortexa9_0'.
21:54:48 INFO  : 'configparams force-mem-access 0' command is executed.
21:54:48 INFO  : ----------------XSDB Script----------------
connect -path [list tcp::1534 tcp:192.168.226.142:54624]
source D:/Sem_6/AELD/Labs/Lab_1/Lab_1.sdk/design_1_wrapper_hw_platform_0/ps7_init.tcl
targets -set -nocase -filter {name =~"APU*" && jtag_cable_name =~ "Digilent Zed 210248A39C93"} -index 0
rst -system
after 3000
targets -set -nocase -filter {name =~"APU*" && jtag_cable_name =~ "Digilent Zed 210248A39C93"} -index 0
loadhw -hw D:/Sem_6/AELD/Labs/Lab_1/Lab_1.sdk/design_1_wrapper_hw_platform_0/system.hdf -mem-ranges [list {0x40000000 0xbfffffff}]
configparams force-mem-access 1
targets -set -nocase -filter {name =~"APU*" && jtag_cable_name =~ "Digilent Zed 210248A39C93"} -index 0
ps7_init
ps7_post_config
targets -set -nocase -filter {name =~ "ARM*#0" && jtag_cable_name =~ "Digilent Zed 210248A39C93"} -index 0
dow D:/Sem_6/AELD/Labs/Lab_1/Lab_1.sdk/Lab_1/Debug/Lab_1.elf
configparams force-mem-access 0
----------------End of Script----------------

21:54:48 INFO  : Context for processor 'ps7_cortexa9_0' is selected.
21:54:48 INFO  : 'con' command is executed.
21:54:48 INFO  : ----------------XSDB Script (After Launch)----------------
targets -set -nocase -filter {name =~ "ARM*#0" && jtag_cable_name =~ "Digilent Zed 210248A39C93"} -index 0
con
----------------End of Script----------------

21:54:48 INFO  : Launch script is exported to file 'D:\Sem_6\AELD\Labs\Lab_1\Lab_1.sdk\.sdk\launch_scripts\xilinx_c-c++_application_(system_debugger)\system_debugger_using_debug_lab_1.elf_on_remzeb.tcl'
22:00:05 WARN  : channel "tcfchan#3" closed
22:02:04 INFO  : Connected through redirection to target on host '192.168.226.142' and port '59141'.
22:02:05 INFO  : Jtag cable 'Digilent Zed 210248A39C93' is selected.
22:02:05 INFO  : 'jtag frequency' command is executed.
22:02:05 INFO  : Sourcing of 'D:/Sem_6/AELD/Labs/Lab_1/Lab_1.sdk/design_1_wrapper_hw_platform_0/ps7_init.tcl' is done.
22:02:05 INFO  : Context for 'APU' is selected.
22:02:06 INFO  : System reset is completed.
22:02:09 INFO  : 'after 3000' command is executed.
22:02:09 INFO  : Context for 'APU' is selected.
22:02:09 INFO  : Hardware design information is loaded from 'D:/Sem_6/AELD/Labs/Lab_1/Lab_1.sdk/design_1_wrapper_hw_platform_0/system.hdf'.
22:02:09 INFO  : 'configparams force-mem-access 1' command is executed.
22:02:10 INFO  : Context for 'APU' is selected.
22:02:43 INFO  : 'ps7_init' command is executed.
22:02:44 INFO  : 'ps7_post_config' command is executed.
22:02:44 INFO  : Context for processor 'ps7_cortexa9_0' is selected.
22:02:47 INFO  : The application 'D:/Sem_6/AELD/Labs/Lab_1/Lab_1.sdk/Lab_1/Debug/Lab_1.elf' is downloaded to processor 'ps7_cortexa9_0'.
22:02:47 INFO  : 'configparams force-mem-access 0' command is executed.
22:02:47 INFO  : ----------------XSDB Script----------------
connect -path [list tcp::1534 tcp:192.168.226.142:59141]
source D:/Sem_6/AELD/Labs/Lab_1/Lab_1.sdk/design_1_wrapper_hw_platform_0/ps7_init.tcl
targets -set -nocase -filter {name =~"APU*" && jtag_cable_name =~ "Digilent Zed 210248A39C93"} -index 0
rst -system
after 3000
targets -set -nocase -filter {name =~"APU*" && jtag_cable_name =~ "Digilent Zed 210248A39C93"} -index 0
loadhw -hw D:/Sem_6/AELD/Labs/Lab_1/Lab_1.sdk/design_1_wrapper_hw_platform_0/system.hdf -mem-ranges [list {0x40000000 0xbfffffff}]
configparams force-mem-access 1
targets -set -nocase -filter {name =~"APU*" && jtag_cable_name =~ "Digilent Zed 210248A39C93"} -index 0
ps7_init
ps7_post_config
targets -set -nocase -filter {name =~ "ARM*#0" && jtag_cable_name =~ "Digilent Zed 210248A39C93"} -index 0
dow D:/Sem_6/AELD/Labs/Lab_1/Lab_1.sdk/Lab_1/Debug/Lab_1.elf
configparams force-mem-access 0
----------------End of Script----------------

22:02:49 INFO  : Context for processor 'ps7_cortexa9_0' is selected.
22:02:49 INFO  : 'con' command is executed.
22:02:49 INFO  : ----------------XSDB Script (After Launch)----------------
targets -set -nocase -filter {name =~ "ARM*#0" && jtag_cable_name =~ "Digilent Zed 210248A39C93"} -index 0
con
----------------End of Script----------------

22:02:49 INFO  : Launch script is exported to file 'D:\Sem_6\AELD\Labs\Lab_1\Lab_1.sdk\.sdk\launch_scripts\xilinx_c-c++_application_(system_debugger)\system_debugger_using_debug_lab_1.elf_on_remzeb.tcl'
22:06:52 WARN  : channel "tcfchan#4" closed
22:09:12 INFO  : Connected through redirection to target on host '192.168.226.142' and port '59141'.
22:09:15 INFO  : Jtag cable 'Digilent Zed 210248A39C93' is selected.
22:09:15 INFO  : 'jtag frequency' command is executed.
22:09:15 INFO  : Sourcing of 'D:/Sem_6/AELD/Labs/Lab_1/Lab_1.sdk/design_1_wrapper_hw_platform_0/ps7_init.tcl' is done.
22:09:15 INFO  : Context for 'APU' is selected.
22:09:16 INFO  : System reset is completed.
22:09:19 INFO  : 'after 3000' command is executed.
22:09:19 INFO  : Context for 'APU' is selected.
22:09:19 INFO  : Hardware design information is loaded from 'D:/Sem_6/AELD/Labs/Lab_1/Lab_1.sdk/design_1_wrapper_hw_platform_0/system.hdf'.
22:09:19 INFO  : 'configparams force-mem-access 1' command is executed.
22:09:19 INFO  : Context for 'APU' is selected.
22:09:37 INFO  : 'ps7_init' command is executed.
22:09:38 INFO  : 'ps7_post_config' command is executed.
22:09:38 INFO  : Context for processor 'ps7_cortexa9_0' is selected.
22:09:39 INFO  : The application 'D:/Sem_6/AELD/Labs/Lab_1/Lab_1.sdk/Lab_1/Debug/Lab_1.elf' is downloaded to processor 'ps7_cortexa9_0'.
22:09:39 INFO  : 'configparams force-mem-access 0' command is executed.
22:09:39 INFO  : ----------------XSDB Script----------------
connect -path [list tcp::1534 tcp:192.168.226.142:59141]
source D:/Sem_6/AELD/Labs/Lab_1/Lab_1.sdk/design_1_wrapper_hw_platform_0/ps7_init.tcl
targets -set -nocase -filter {name =~"APU*" && jtag_cable_name =~ "Digilent Zed 210248A39C93"} -index 0
rst -system
after 3000
targets -set -nocase -filter {name =~"APU*" && jtag_cable_name =~ "Digilent Zed 210248A39C93"} -index 0
loadhw -hw D:/Sem_6/AELD/Labs/Lab_1/Lab_1.sdk/design_1_wrapper_hw_platform_0/system.hdf -mem-ranges [list {0x40000000 0xbfffffff}]
configparams force-mem-access 1
targets -set -nocase -filter {name =~"APU*" && jtag_cable_name =~ "Digilent Zed 210248A39C93"} -index 0
ps7_init
ps7_post_config
targets -set -nocase -filter {name =~ "ARM*#0" && jtag_cable_name =~ "Digilent Zed 210248A39C93"} -index 0
dow D:/Sem_6/AELD/Labs/Lab_1/Lab_1.sdk/Lab_1/Debug/Lab_1.elf
configparams force-mem-access 0
----------------End of Script----------------

22:09:39 INFO  : Context for processor 'ps7_cortexa9_0' is selected.
22:09:39 INFO  : 'con' command is executed.
22:09:39 INFO  : ----------------XSDB Script (After Launch)----------------
targets -set -nocase -filter {name =~ "ARM*#0" && jtag_cable_name =~ "Digilent Zed 210248A39C93"} -index 0
con
----------------End of Script----------------

22:09:39 INFO  : Launch script is exported to file 'D:\Sem_6\AELD\Labs\Lab_1\Lab_1.sdk\.sdk\launch_scripts\xilinx_c-c++_application_(system_debugger)\system_debugger_using_debug_lab_1.elf_on_remzeb.tcl'
22:15:11 INFO  : Disconnected from the channel tcfchan#5.
22:20:39 INFO  : Connected through redirection to target on host '192.168.226.142' and port '58273'.
22:20:39 INFO  : Jtag cable 'Digilent Zed 210248A39C93' is selected.
22:20:39 INFO  : 'jtag frequency' command is executed.
22:20:39 INFO  : Sourcing of 'D:/Sem_6/AELD/Labs/Lab_1/Lab_1.sdk/design_1_wrapper_hw_platform_0/ps7_init.tcl' is done.
22:20:40 INFO  : Context for 'APU' is selected.
22:20:43 INFO  : System reset is completed.
22:20:46 INFO  : 'after 3000' command is executed.
22:20:46 INFO  : Context for 'APU' is selected.
22:20:47 INFO  : Hardware design information is loaded from 'D:/Sem_6/AELD/Labs/Lab_1/Lab_1.sdk/design_1_wrapper_hw_platform_0/system.hdf'.
22:20:47 INFO  : 'configparams force-mem-access 1' command is executed.
22:20:47 INFO  : Context for 'APU' is selected.
22:21:08 INFO  : 'ps7_init' command is executed.
22:21:09 INFO  : 'ps7_post_config' command is executed.
22:21:09 INFO  : Context for processor 'ps7_cortexa9_0' is selected.
22:21:10 INFO  : The application 'D:/Sem_6/AELD/Labs/Lab_1/Lab_1.sdk/Lab_1/Debug/Lab_1.elf' is downloaded to processor 'ps7_cortexa9_0'.
22:21:10 INFO  : 'configparams force-mem-access 0' command is executed.
22:21:10 INFO  : ----------------XSDB Script----------------
connect -path [list tcp::1534 tcp:192.168.226.142:58273]
source D:/Sem_6/AELD/Labs/Lab_1/Lab_1.sdk/design_1_wrapper_hw_platform_0/ps7_init.tcl
targets -set -nocase -filter {name =~"APU*" && jtag_cable_name =~ "Digilent Zed 210248A39C93"} -index 0
rst -system
after 3000
targets -set -nocase -filter {name =~"APU*" && jtag_cable_name =~ "Digilent Zed 210248A39C93"} -index 0
loadhw -hw D:/Sem_6/AELD/Labs/Lab_1/Lab_1.sdk/design_1_wrapper_hw_platform_0/system.hdf -mem-ranges [list {0x40000000 0xbfffffff}]
configparams force-mem-access 1
targets -set -nocase -filter {name =~"APU*" && jtag_cable_name =~ "Digilent Zed 210248A39C93"} -index 0
ps7_init
ps7_post_config
targets -set -nocase -filter {name =~ "ARM*#0" && jtag_cable_name =~ "Digilent Zed 210248A39C93"} -index 0
dow D:/Sem_6/AELD/Labs/Lab_1/Lab_1.sdk/Lab_1/Debug/Lab_1.elf
configparams force-mem-access 0
----------------End of Script----------------

22:21:13 INFO  : Context for processor 'ps7_cortexa9_0' is selected.
22:21:13 INFO  : 'con' command is executed.
22:21:13 INFO  : ----------------XSDB Script (After Launch)----------------
targets -set -nocase -filter {name =~ "ARM*#0" && jtag_cable_name =~ "Digilent Zed 210248A39C93"} -index 0
con
----------------End of Script----------------

22:21:13 INFO  : Launch script is exported to file 'D:\Sem_6\AELD\Labs\Lab_1\Lab_1.sdk\.sdk\launch_scripts\xilinx_c-c++_application_(system_debugger)\system_debugger_using_debug_lab_1.elf_on_remzeb.tcl'
22:23:18 INFO  : Disconnected from the channel tcfchan#6.
22:23:19 INFO  : Connected through redirection to target on host '192.168.226.142' and port '58273'.
22:23:20 INFO  : Jtag cable 'Digilent Zed 210248A39C93' is selected.
22:23:20 INFO  : 'jtag frequency' command is executed.
22:23:20 INFO  : Sourcing of 'D:/Sem_6/AELD/Labs/Lab_1/Lab_1.sdk/design_1_wrapper_hw_platform_0/ps7_init.tcl' is done.
22:23:20 INFO  : Context for 'APU' is selected.
22:23:21 INFO  : System reset is completed.
22:23:24 INFO  : 'after 3000' command is executed.
22:23:24 INFO  : Context for 'APU' is selected.
22:23:27 INFO  : Hardware design information is loaded from 'D:/Sem_6/AELD/Labs/Lab_1/Lab_1.sdk/design_1_wrapper_hw_platform_0/system.hdf'.
22:23:27 INFO  : 'configparams force-mem-access 1' command is executed.
22:23:27 INFO  : Context for 'APU' is selected.
22:23:45 INFO  : 'ps7_init' command is executed.
22:23:45 INFO  : 'ps7_post_config' command is executed.
22:23:46 INFO  : Context for processor 'ps7_cortexa9_0' is selected.
22:23:46 INFO  : The application 'D:/Sem_6/AELD/Labs/Lab_1/Lab_1.sdk/Lab_1/Debug/Lab_1.elf' is downloaded to processor 'ps7_cortexa9_0'.
22:23:46 INFO  : 'configparams force-mem-access 0' command is executed.
22:23:46 INFO  : ----------------XSDB Script----------------
connect -path [list tcp::1534 tcp:192.168.226.142:58273]
source D:/Sem_6/AELD/Labs/Lab_1/Lab_1.sdk/design_1_wrapper_hw_platform_0/ps7_init.tcl
targets -set -nocase -filter {name =~"APU*" && jtag_cable_name =~ "Digilent Zed 210248A39C93"} -index 0
rst -system
after 3000
targets -set -nocase -filter {name =~"APU*" && jtag_cable_name =~ "Digilent Zed 210248A39C93"} -index 0
loadhw -hw D:/Sem_6/AELD/Labs/Lab_1/Lab_1.sdk/design_1_wrapper_hw_platform_0/system.hdf -mem-ranges [list {0x40000000 0xbfffffff}]
configparams force-mem-access 1
targets -set -nocase -filter {name =~"APU*" && jtag_cable_name =~ "Digilent Zed 210248A39C93"} -index 0
ps7_init
ps7_post_config
targets -set -nocase -filter {name =~ "ARM*#0" && jtag_cable_name =~ "Digilent Zed 210248A39C93"} -index 0
dow D:/Sem_6/AELD/Labs/Lab_1/Lab_1.sdk/Lab_1/Debug/Lab_1.elf
configparams force-mem-access 0
----------------End of Script----------------

22:23:48 INFO  : Context for processor 'ps7_cortexa9_0' is selected.
22:23:49 INFO  : 'con' command is executed.
22:23:49 INFO  : ----------------XSDB Script (After Launch)----------------
targets -set -nocase -filter {name =~ "ARM*#0" && jtag_cable_name =~ "Digilent Zed 210248A39C93"} -index 0
con
----------------End of Script----------------

22:23:49 INFO  : Launch script is exported to file 'D:\Sem_6\AELD\Labs\Lab_1\Lab_1.sdk\.sdk\launch_scripts\xilinx_c-c++_application_(system_debugger)\system_debugger_using_debug_lab_1.elf_on_remzeb.tcl'
22:30:04 WARN  : channel "tcfchan#7" closed
22:34:27 INFO  : Connected through redirection to target on host '192.168.226.142' and port '65293'.
22:34:27 INFO  : Jtag cable 'Digilent Zed 210248A39844' is selected.
22:34:28 INFO  : 'jtag frequency' command is executed.
22:34:28 INFO  : Sourcing of 'D:/Sem_6/AELD/Labs/Lab_1/Lab_1.sdk/design_1_wrapper_hw_platform_0/ps7_init.tcl' is done.
22:34:29 INFO  : Context for 'APU' is selected.
22:34:32 INFO  : System reset is completed.
22:34:35 INFO  : 'after 3000' command is executed.
22:34:35 INFO  : Context for 'APU' is selected.
22:34:36 INFO  : Hardware design information is loaded from 'D:/Sem_6/AELD/Labs/Lab_1/Lab_1.sdk/design_1_wrapper_hw_platform_0/system.hdf'.
22:34:36 INFO  : 'configparams force-mem-access 1' command is executed.
22:34:37 INFO  : Context for 'APU' is selected.
22:35:02 INFO  : 'ps7_init' command is executed.
22:35:03 INFO  : 'ps7_post_config' command is executed.
22:35:03 INFO  : Context for processor 'ps7_cortexa9_0' is selected.
22:35:05 INFO  : The application 'D:/Sem_6/AELD/Labs/Lab_1/Lab_1.sdk/Lab_1/Debug/Lab_1.elf' is downloaded to processor 'ps7_cortexa9_0'.
22:35:05 INFO  : 'configparams force-mem-access 0' command is executed.
22:35:05 INFO  : ----------------XSDB Script----------------
connect -path [list tcp::1534 tcp:192.168.226.142:65293]
source D:/Sem_6/AELD/Labs/Lab_1/Lab_1.sdk/design_1_wrapper_hw_platform_0/ps7_init.tcl
targets -set -nocase -filter {name =~"APU*" && jtag_cable_name =~ "Digilent Zed 210248A39844"} -index 0
rst -system
after 3000
targets -set -nocase -filter {name =~"APU*" && jtag_cable_name =~ "Digilent Zed 210248A39844"} -index 0
loadhw -hw D:/Sem_6/AELD/Labs/Lab_1/Lab_1.sdk/design_1_wrapper_hw_platform_0/system.hdf -mem-ranges [list {0x40000000 0xbfffffff}]
configparams force-mem-access 1
targets -set -nocase -filter {name =~"APU*" && jtag_cable_name =~ "Digilent Zed 210248A39844"} -index 0
ps7_init
ps7_post_config
targets -set -nocase -filter {name =~ "ARM*#0" && jtag_cable_name =~ "Digilent Zed 210248A39844"} -index 0
dow D:/Sem_6/AELD/Labs/Lab_1/Lab_1.sdk/Lab_1/Debug/Lab_1.elf
configparams force-mem-access 0
----------------End of Script----------------

22:35:07 INFO  : Context for processor 'ps7_cortexa9_0' is selected.
22:35:07 INFO  : 'con' command is executed.
22:35:07 INFO  : ----------------XSDB Script (After Launch)----------------
targets -set -nocase -filter {name =~ "ARM*#0" && jtag_cable_name =~ "Digilent Zed 210248A39844"} -index 0
con
----------------End of Script----------------

22:35:07 INFO  : Launch script is exported to file 'D:\Sem_6\AELD\Labs\Lab_1\Lab_1.sdk\.sdk\launch_scripts\xilinx_c-c++_application_(system_debugger)\system_debugger_using_debug_lab_1.elf_on_remzeb.tcl'
22:39:42 INFO  : Disconnected from the channel tcfchan#8.
22:39:43 INFO  : Connected through redirection to target on host '192.168.226.142' and port '65293'.
22:39:44 INFO  : Jtag cable 'Digilent Zed 210248A39844' is selected.
22:39:44 INFO  : 'jtag frequency' command is executed.
22:39:44 INFO  : Sourcing of 'D:/Sem_6/AELD/Labs/Lab_1/Lab_1.sdk/design_1_wrapper_hw_platform_0/ps7_init.tcl' is done.
22:39:44 INFO  : Context for 'APU' is selected.
22:39:47 INFO  : System reset is completed.
22:39:50 INFO  : 'after 3000' command is executed.
22:39:50 INFO  : Context for 'APU' is selected.
22:39:53 INFO  : Hardware design information is loaded from 'D:/Sem_6/AELD/Labs/Lab_1/Lab_1.sdk/design_1_wrapper_hw_platform_0/system.hdf'.
22:39:53 INFO  : 'configparams force-mem-access 1' command is executed.
22:39:53 INFO  : Context for 'APU' is selected.
22:40:14 INFO  : 'ps7_init' command is executed.
22:40:16 INFO  : 'ps7_post_config' command is executed.
22:40:16 INFO  : Context for processor 'ps7_cortexa9_0' is selected.
22:40:16 INFO  : The application 'D:/Sem_6/AELD/Labs/Lab_1/Lab_1.sdk/Lab_1/Debug/Lab_1.elf' is downloaded to processor 'ps7_cortexa9_0'.
22:40:17 INFO  : 'configparams force-mem-access 0' command is executed.
22:40:17 INFO  : ----------------XSDB Script----------------
connect -path [list tcp::1534 tcp:192.168.226.142:65293]
source D:/Sem_6/AELD/Labs/Lab_1/Lab_1.sdk/design_1_wrapper_hw_platform_0/ps7_init.tcl
targets -set -nocase -filter {name =~"APU*" && jtag_cable_name =~ "Digilent Zed 210248A39844"} -index 0
rst -system
after 3000
targets -set -nocase -filter {name =~"APU*" && jtag_cable_name =~ "Digilent Zed 210248A39844"} -index 0
loadhw -hw D:/Sem_6/AELD/Labs/Lab_1/Lab_1.sdk/design_1_wrapper_hw_platform_0/system.hdf -mem-ranges [list {0x40000000 0xbfffffff}]
configparams force-mem-access 1
targets -set -nocase -filter {name =~"APU*" && jtag_cable_name =~ "Digilent Zed 210248A39844"} -index 0
ps7_init
ps7_post_config
targets -set -nocase -filter {name =~ "ARM*#0" && jtag_cable_name =~ "Digilent Zed 210248A39844"} -index 0
dow D:/Sem_6/AELD/Labs/Lab_1/Lab_1.sdk/Lab_1/Debug/Lab_1.elf
configparams force-mem-access 0
----------------End of Script----------------

22:40:17 INFO  : Context for processor 'ps7_cortexa9_0' is selected.
22:40:17 INFO  : 'con' command is executed.
22:40:17 INFO  : ----------------XSDB Script (After Launch)----------------
targets -set -nocase -filter {name =~ "ARM*#0" && jtag_cable_name =~ "Digilent Zed 210248A39844"} -index 0
con
----------------End of Script----------------

22:40:17 INFO  : Launch script is exported to file 'D:\Sem_6\AELD\Labs\Lab_1\Lab_1.sdk\.sdk\launch_scripts\xilinx_c-c++_application_(system_debugger)\system_debugger_using_debug_lab_1.elf_on_remzeb.tcl'
22:45:13 WARN  : channel "tcfchan#9" closed
23:03:20 INFO  : Launching XSCT server: xsct.bat -interactive D:\Sem_6\AELD\Labs\Lab_1\Lab_1.sdk\temp_xsdb_launch_script.tcl
23:03:20 INFO  : Registering command handlers for SDK TCF services
23:03:23 INFO  : XSCT server has started successfully.
23:03:23 INFO  : Successfully done setting XSCT server connection channel  
23:03:23 INFO  : Successfully done setting SDK workspace  
23:03:23 INFO  : Processing command line option -hwspec D:/Sem_6/AELD/Labs/Lab_1/Lab_1.sdk/design_1_wrapper.hdf.
23:03:23 INFO  : Checking for hwspec changes in the project design_1_wrapper_hw_platform_0.
