
*** Running vivado
    with args -log design_1_system_ila_0.vds -m64 -product Vivado -mode batch -messageDb vivado.pb -notrace -source design_1_system_ila_0.tcl


****** Vivado v2019.1 (64-bit)
  **** SW Build 2552052 on Fri May 24 14:49:42 MDT 2019
  **** IP Build 2548770 on Fri May 24 18:01:18 MDT 2019
    ** Copyright 1986-2019 Xilinx, Inc. All Rights Reserved.

source design_1_system_ila_0.tcl -notrace
Command: synth_design -top design_1_system_ila_0 -part xc7z020clg484-1 -mode out_of_context
Starting synth_design
Attempting to get a license for feature 'Synthesis' and/or device 'xc7z020'
INFO: [Common 17-349] Got license for feature 'Synthesis' and/or device 'xc7z020'
INFO: [Device 21-403] Loading part xc7z020clg484-1
INFO: Launching helper process for spawning children vivado processes
INFO: Helper process launched with PID 4908 
---------------------------------------------------------------------------------
Starting RTL Elaboration : Time (s): cpu = 00:00:15 ; elapsed = 00:00:34 . Memory (MB): peak = 920.211 ; gain = 196.801
---------------------------------------------------------------------------------
INFO: [Synth 8-6157] synthesizing module 'design_1_system_ila_0' [d:/Sem_6/AELD/Labs/Midsem_Prep/HP_only/HP_only.srcs/sources_1/bd/design_1/ip/design_1_system_ila_0/synth/design_1_system_ila_0.v:216]
INFO: [Synth 8-6157] synthesizing module 'bd_384c' [d:/Sem_6/AELD/Labs/Midsem_Prep/HP_only/HP_only.srcs/sources_1/bd/design_1/ip/design_1_system_ila_0/bd_0/synth/bd_384c.v:10]
INFO: [Synth 8-6157] synthesizing module 'bd_384c_g_inst_0' [d:/Sem_6/AELD/Labs/Midsem_Prep/HP_only/HP_only.srcs/sources_1/bd/design_1/ip/design_1_system_ila_0/bd_0/ip/ip_1/synth/bd_384c_g_inst_0.v:116]
INFO: [Synth 8-6157] synthesizing module 'bd_384c_g_inst_0_gigantic_mux' [d:/Sem_6/AELD/Labs/Midsem_Prep/HP_only/HP_only.srcs/sources_1/bd/design_1/ip/design_1_system_ila_0/bd_0/ip/ip_1/bd_384c_g_inst_0_gigantic_mux.v:63]
	Parameter C_NUM_MONITOR_SLOTS bound to: 2 - type: integer 
	Parameter C_MUX_LEVEL bound to: 1 - type: integer 
	Parameter C_AXI_CH_SEL bound to: ALL - type: string 
	Parameter C_SYNC_EN bound to: 1'b0 
	Parameter C_SLOT_0_AXI_CH_SEL bound to: ALL - type: string 
	Parameter C_SLOT_0_AXI_AW_SEL bound to: 1 - type: string 
	Parameter C_SLOT_0_AXI_AR_SEL bound to: 1 - type: string 
	Parameter C_SLOT_0_AXI_W_SEL bound to: 1 - type: string 
	Parameter C_SLOT_0_AXI_R_SEL bound to: 1 - type: string 
	Parameter C_SLOT_0_AXI_B_SEL bound to: 1 - type: string 
	Parameter C_SLOT_1_AXI_CH_SEL bound to: ALL - type: string 
	Parameter C_SLOT_1_AXI_AW_SEL bound to: 1 - type: string 
	Parameter C_SLOT_1_AXI_AR_SEL bound to: 1 - type: string 
	Parameter C_SLOT_1_AXI_W_SEL bound to: 1 - type: string 
	Parameter C_SLOT_1_AXI_R_SEL bound to: 1 - type: string 
	Parameter C_SLOT_1_AXI_B_SEL bound to: 1 - type: string 
	Parameter C_SLOT_2_AXI_CH_SEL bound to: ALL - type: string 
	Parameter C_SLOT_2_AXI_AW_SEL bound to: 1 - type: string 
	Parameter C_SLOT_2_AXI_AR_SEL bound to: 1 - type: string 
	Parameter C_SLOT_2_AXI_W_SEL bound to: 1 - type: string 
	Parameter C_SLOT_2_AXI_R_SEL bound to: 1 - type: string 
	Parameter C_SLOT_2_AXI_B_SEL bound to: 1 - type: string 
	Parameter C_SLOT_3_AXI_CH_SEL bound to: ALL - type: string 
	Parameter C_SLOT_3_AXI_AW_SEL bound to: 1 - type: string 
	Parameter C_SLOT_3_AXI_AR_SEL bound to: 1 - type: string 
	Parameter C_SLOT_3_AXI_W_SEL bound to: 1 - type: string 
	Parameter C_SLOT_3_AXI_R_SEL bound to: 1 - type: string 
	Parameter C_SLOT_3_AXI_B_SEL bound to: 1 - type: string 
	Parameter C_SLOT_4_AXI_CH_SEL bound to: ALL - type: string 
	Parameter C_SLOT_4_AXI_AW_SEL bound to: 1 - type: string 
	Parameter C_SLOT_4_AXI_AR_SEL bound to: 1 - type: string 
	Parameter C_SLOT_4_AXI_W_SEL bound to: 1 - type: string 
	Parameter C_SLOT_4_AXI_R_SEL bound to: 1 - type: string 
	Parameter C_SLOT_4_AXI_B_SEL bound to: 1 - type: string 
	Parameter C_SLOT_5_AXI_CH_SEL bound to: ALL - type: string 
	Parameter C_SLOT_5_AXI_AW_SEL bound to: 1 - type: string 
	Parameter C_SLOT_5_AXI_AR_SEL bound to: 1 - type: string 
	Parameter C_SLOT_5_AXI_W_SEL bound to: 1 - type: string 
	Parameter C_SLOT_5_AXI_R_SEL bound to: 1 - type: string 
	Parameter C_SLOT_5_AXI_B_SEL bound to: 1 - type: string 
	Parameter C_SLOT_6_AXI_CH_SEL bound to: ALL - type: string 
	Parameter C_SLOT_6_AXI_AW_SEL bound to: 1 - type: string 
	Parameter C_SLOT_6_AXI_AR_SEL bound to: 1 - type: string 
	Parameter C_SLOT_6_AXI_W_SEL bound to: 1 - type: string 
	Parameter C_SLOT_6_AXI_R_SEL bound to: 1 - type: string 
	Parameter C_SLOT_6_AXI_B_SEL bound to: 1 - type: string 
	Parameter C_SLOT_7_AXI_CH_SEL bound to: ALL - type: string 
	Parameter C_SLOT_7_AXI_AW_SEL bound to: 1 - type: string 
	Parameter C_SLOT_7_AXI_AR_SEL bound to: 1 - type: string 
	Parameter C_SLOT_7_AXI_W_SEL bound to: 1 - type: string 
	Parameter C_SLOT_7_AXI_R_SEL bound to: 1 - type: string 
	Parameter C_SLOT_7_AXI_B_SEL bound to: 1 - type: string 
	Parameter C_SLOT_8_AXI_CH_SEL bound to: ALL - type: string 
	Parameter C_SLOT_8_AXI_AW_SEL bound to: 1 - type: string 
	Parameter C_SLOT_8_AXI_AR_SEL bound to: 1 - type: string 
	Parameter C_SLOT_8_AXI_W_SEL bound to: 1 - type: string 
	Parameter C_SLOT_8_AXI_R_SEL bound to: 1 - type: string 
	Parameter C_SLOT_8_AXI_B_SEL bound to: 1 - type: string 
	Parameter C_SLOT_9_AXI_CH_SEL bound to: ALL - type: string 
	Parameter C_SLOT_9_AXI_AW_SEL bound to: 1 - type: string 
	Parameter C_SLOT_9_AXI_AR_SEL bound to: 1 - type: string 
	Parameter C_SLOT_9_AXI_W_SEL bound to: 1 - type: string 
	Parameter C_SLOT_9_AXI_R_SEL bound to: 1 - type: string 
	Parameter C_SLOT_9_AXI_B_SEL bound to: 1 - type: string 
	Parameter C_SLOT_10_AXI_CH_SEL bound to: ALL - type: string 
	Parameter C_SLOT_10_AXI_AW_SEL bound to: 1 - type: string 
	Parameter C_SLOT_10_AXI_AR_SEL bound to: 1 - type: string 
	Parameter C_SLOT_10_AXI_W_SEL bound to: 1 - type: string 
	Parameter C_SLOT_10_AXI_R_SEL bound to: 1 - type: string 
	Parameter C_SLOT_10_AXI_B_SEL bound to: 1 - type: string 
	Parameter C_SLOT_11_AXI_CH_SEL bound to: ALL - type: string 
	Parameter C_SLOT_11_AXI_AW_SEL bound to: 1 - type: string 
	Parameter C_SLOT_11_AXI_AR_SEL bound to: 1 - type: string 
	Parameter C_SLOT_11_AXI_W_SEL bound to: 1 - type: string 
	Parameter C_SLOT_11_AXI_R_SEL bound to: 1 - type: string 
	Parameter C_SLOT_11_AXI_B_SEL bound to: 1 - type: string 
	Parameter C_SLOT_12_AXI_CH_SEL bound to: ALL - type: string 
	Parameter C_SLOT_12_AXI_AW_SEL bound to: 1 - type: string 
	Parameter C_SLOT_12_AXI_AR_SEL bound to: 1 - type: string 
	Parameter C_SLOT_12_AXI_W_SEL bound to: 1 - type: string 
	Parameter C_SLOT_12_AXI_R_SEL bound to: 1 - type: string 
	Parameter C_SLOT_12_AXI_B_SEL bound to: 1 - type: string 
	Parameter C_SLOT_13_AXI_CH_SEL bound to: ALL - type: string 
	Parameter C_SLOT_13_AXI_AW_SEL bound to: 1 - type: string 
	Parameter C_SLOT_13_AXI_AR_SEL bound to: 1 - type: string 
	Parameter C_SLOT_13_AXI_W_SEL bound to: 1 - type: string 
	Parameter C_SLOT_13_AXI_R_SEL bound to: 1 - type: string 
	Parameter C_SLOT_13_AXI_B_SEL bound to: 1 - type: string 
	Parameter C_SLOT_14_AXI_CH_SEL bound to: ALL - type: string 
	Parameter C_SLOT_14_AXI_AW_SEL bound to: 1 - type: string 
	Parameter C_SLOT_14_AXI_AR_SEL bound to: 1 - type: string 
	Parameter C_SLOT_14_AXI_W_SEL bound to: 1 - type: string 
	Parameter C_SLOT_14_AXI_R_SEL bound to: 1 - type: string 
	Parameter C_SLOT_14_AXI_B_SEL bound to: 1 - type: string 
	Parameter C_SLOT_15_AXI_CH_SEL bound to: ALL - type: string 
	Parameter C_SLOT_15_AXI_AW_SEL bound to: 1 - type: string 
	Parameter C_SLOT_15_AXI_AR_SEL bound to: 1 - type: string 
	Parameter C_SLOT_15_AXI_W_SEL bound to: 1 - type: string 
	Parameter C_SLOT_15_AXI_R_SEL bound to: 1 - type: string 
	Parameter C_SLOT_15_AXI_B_SEL bound to: 1 - type: string 
	Parameter C_SLOT_0_MON_MODE bound to: FT - type: string 
	Parameter C_SLOT_1_MON_MODE bound to: FT - type: string 
	Parameter C_SLOT_2_MON_MODE bound to: RT - type: string 
	Parameter C_SLOT_3_MON_MODE bound to: RT - type: string 
	Parameter C_SLOT_4_MON_MODE bound to: RT - type: string 
	Parameter C_SLOT_5_MON_MODE bound to: RT - type: string 
	Parameter C_SLOT_6_MON_MODE bound to: RT - type: string 
	Parameter C_SLOT_7_MON_MODE bound to: RT - type: string 
	Parameter C_SLOT_8_MON_MODE bound to: RT - type: string 
	Parameter C_SLOT_9_MON_MODE bound to: RT - type: string 
	Parameter C_SLOT_10_MON_MODE bound to: RT - type: string 
	Parameter C_SLOT_11_MON_MODE bound to: RT - type: string 
	Parameter C_SLOT_12_MON_MODE bound to: RT - type: string 
	Parameter C_SLOT_13_MON_MODE bound to: RT - type: string 
	Parameter C_SLOT_14_MON_MODE bound to: RT - type: string 
	Parameter C_SLOT_15_MON_MODE bound to: RT - type: string 
	Parameter C_MUX_0_AXI_ID_WIDTH bound to: 4 - type: integer 
	Parameter C_MUX_0_AXI_AWUSER_WIDTH bound to: 1 - type: integer 
	Parameter C_MUX_0_AXI_WUSER_WIDTH bound to: 1 - type: integer 
	Parameter C_MUX_0_AXI_BUSER_WIDTH bound to: 1 - type: integer 
	Parameter C_MUX_0_AXI_ARUSER_WIDTH bound to: 1 - type: integer 
	Parameter C_MUX_0_AXI_RUSER_WIDTH bound to: 1 - type: integer 
	Parameter C_MUX_0_AXI_AXLEN_WIDTH bound to: 8 - type: integer 
	Parameter C_MUX_0_AXI_AXLOCK_WIDTH bound to: 1 - type: integer 
	Parameter C_MUX_0_HAS_BRESP bound to: 1 - type: integer 
	Parameter C_MUX_0_HAS_BURST bound to: 1 - type: integer 
	Parameter C_MUX_0_HAS_CACHE bound to: 1 - type: integer 
	Parameter C_MUX_0_HAS_LOCK bound to: 1 - type: integer 
	Parameter C_MUX_0_HAS_PROT bound to: 1 - type: integer 
	Parameter C_MUX_0_HAS_QOS bound to: 1 - type: integer 
	Parameter C_MUX_0_HAS_REGION bound to: 1 - type: integer 
	Parameter C_MUX_0_HAS_RRESP bound to: 1 - type: integer 
	Parameter C_MUX_0_HAS_WSTRB bound to: 1 - type: integer 
	Parameter C_MUX_0_HAS_TSTRB bound to: 1 - type: integer 
	Parameter C_MUX_0_HAS_TKEEP bound to: 1 - type: integer 
	Parameter C_MUX_0_AXI_ADDR_WIDTH bound to: 32 - type: integer 
	Parameter C_MUX_0_AXI_DATA_WIDTH bound to: 32 - type: integer 
	Parameter C_MUX_0_AXI_PROTOCOL bound to: AXI4 - type: string 
	Parameter C_MUX_0_AXIS_TDATA_WIDTH bound to: 32 - type: integer 
	Parameter C_MUX_0_AXIS_TID_WIDTH bound to: 1 - type: integer 
	Parameter C_MUX_0_AXIS_TDEST_WIDTH bound to: 1 - type: integer 
	Parameter C_MUX_0_AXIS_TUSER_WIDTH bound to: 1 - type: integer 
	Parameter C_MUX_1_AXI_ID_WIDTH bound to: 4 - type: integer 
	Parameter C_MUX_1_AXI_AWUSER_WIDTH bound to: 1 - type: integer 
	Parameter C_MUX_1_AXI_WUSER_WIDTH bound to: 1 - type: integer 
	Parameter C_MUX_1_AXI_BUSER_WIDTH bound to: 1 - type: integer 
	Parameter C_MUX_1_AXI_ARUSER_WIDTH bound to: 1 - type: integer 
	Parameter C_MUX_1_AXI_RUSER_WIDTH bound to: 1 - type: integer 
	Parameter C_MUX_1_AXI_AXLEN_WIDTH bound to: 8 - type: integer 
	Parameter C_MUX_1_AXI_AXLOCK_WIDTH bound to: 1 - type: integer 
	Parameter C_MUX_1_HAS_BRESP bound to: 1 - type: integer 
	Parameter C_MUX_1_HAS_BURST bound to: 1 - type: integer 
	Parameter C_MUX_1_HAS_CACHE bound to: 1 - type: integer 
	Parameter C_MUX_1_HAS_LOCK bound to: 1 - type: integer 
	Parameter C_MUX_1_HAS_PROT bound to: 1 - type: integer 
	Parameter C_MUX_1_HAS_QOS bound to: 1 - type: integer 
	Parameter C_MUX_1_HAS_REGION bound to: 1 - type: integer 
	Parameter C_MUX_1_HAS_RRESP bound to: 1 - type: integer 
	Parameter C_MUX_1_HAS_WSTRB bound to: 1 - type: integer 
	Parameter C_MUX_1_HAS_TSTRB bound to: 1 - type: integer 
	Parameter C_MUX_1_HAS_TKEEP bound to: 1 - type: integer 
	Parameter C_MUX_1_AXI_ADDR_WIDTH bound to: 32 - type: integer 
	Parameter C_MUX_1_AXI_DATA_WIDTH bound to: 32 - type: integer 
	Parameter C_MUX_1_AXI_PROTOCOL bound to: AXI4 - type: string 
	Parameter C_MUX_1_AXIS_TDATA_WIDTH bound to: 32 - type: integer 
	Parameter C_MUX_1_AXIS_TID_WIDTH bound to: 1 - type: integer 
	Parameter C_MUX_1_AXIS_TDEST_WIDTH bound to: 1 - type: integer 
	Parameter C_MUX_1_AXIS_TUSER_WIDTH bound to: 1 - type: integer 
	Parameter C_MUX_2_AXI_ID_WIDTH bound to: 4 - type: integer 
	Parameter C_MUX_2_AXI_AWUSER_WIDTH bound to: 1 - type: integer 
	Parameter C_MUX_2_AXI_WUSER_WIDTH bound to: 1 - type: integer 
	Parameter C_MUX_2_AXI_BUSER_WIDTH bound to: 1 - type: integer 
	Parameter C_MUX_2_AXI_ARUSER_WIDTH bound to: 1 - type: integer 
	Parameter C_MUX_2_AXI_RUSER_WIDTH bound to: 1 - type: integer 
	Parameter C_MUX_2_AXI_AXLEN_WIDTH bound to: 8 - type: integer 
	Parameter C_MUX_2_AXI_AXLOCK_WIDTH bound to: 1 - type: integer 
	Parameter C_MUX_2_HAS_BRESP bound to: 1 - type: integer 
	Parameter C_MUX_2_HAS_BURST bound to: 1 - type: integer 
	Parameter C_MUX_2_HAS_CACHE bound to: 1 - type: integer 
	Parameter C_MUX_2_HAS_LOCK bound to: 1 - type: integer 
	Parameter C_MUX_2_HAS_PROT bound to: 1 - type: integer 
	Parameter C_MUX_2_HAS_QOS bound to: 1 - type: integer 
	Parameter C_MUX_2_HAS_REGION bound to: 1 - type: integer 
	Parameter C_MUX_2_HAS_RRESP bound to: 1 - type: integer 
	Parameter C_MUX_2_HAS_WSTRB bound to: 1 - type: integer 
	Parameter C_MUX_2_HAS_TSTRB bound to: 1 - type: integer 
	Parameter C_MUX_2_HAS_TKEEP bound to: 1 - type: integer 
	Parameter C_MUX_2_AXI_ADDR_WIDTH bound to: 32 - type: integer 
	Parameter C_MUX_2_AXI_DATA_WIDTH bound to: 32 - type: integer 
	Parameter C_MUX_2_AXI_PROTOCOL bound to: AXI4 - type: string 
	Parameter C_MUX_2_AXIS_TDATA_WIDTH bound to: 32 - type: integer 
	Parameter C_MUX_2_AXIS_TID_WIDTH bound to: 1 - type: integer 
	Parameter C_MUX_2_AXIS_TDEST_WIDTH bound to: 1 - type: integer 
	Parameter C_MUX_2_AXIS_TUSER_WIDTH bound to: 1 - type: integer 
	Parameter C_MUX_3_AXI_ID_WIDTH bound to: 4 - type: integer 
	Parameter C_MUX_3_AXI_AWUSER_WIDTH bound to: 1 - type: integer 
	Parameter C_MUX_3_AXI_WUSER_WIDTH bound to: 1 - type: integer 
	Parameter C_MUX_3_AXI_BUSER_WIDTH bound to: 1 - type: integer 
	Parameter C_MUX_3_AXI_ARUSER_WIDTH bound to: 1 - type: integer 
	Parameter C_MUX_3_AXI_RUSER_WIDTH bound to: 1 - type: integer 
	Parameter C_MUX_3_AXI_AXLEN_WIDTH bound to: 8 - type: integer 
	Parameter C_MUX_3_AXI_AXLOCK_WIDTH bound to: 1 - type: integer 
	Parameter C_MUX_3_HAS_BRESP bound to: 1 - type: integer 
	Parameter C_MUX_3_HAS_BURST bound to: 1 - type: integer 
	Parameter C_MUX_3_HAS_CACHE bound to: 1 - type: integer 
	Parameter C_MUX_3_HAS_LOCK bound to: 1 - type: integer 
	Parameter C_MUX_3_HAS_PROT bound to: 1 - type: integer 
	Parameter C_MUX_3_HAS_QOS bound to: 1 - type: integer 
	Parameter C_MUX_3_HAS_REGION bound to: 1 - type: integer 
	Parameter C_MUX_3_HAS_RRESP bound to: 1 - type: integer 
	Parameter C_MUX_3_HAS_WSTRB bound to: 1 - type: integer 
	Parameter C_MUX_3_HAS_TSTRB bound to: 1 - type: integer 
	Parameter C_MUX_3_HAS_TKEEP bound to: 1 - type: integer 
	Parameter C_MUX_3_AXI_ADDR_WIDTH bound to: 32 - type: integer 
	Parameter C_MUX_3_AXI_DATA_WIDTH bound to: 32 - type: integer 
	Parameter C_MUX_3_AXI_PROTOCOL bound to: AXI4 - type: string 
	Parameter C_MUX_3_AXIS_TDATA_WIDTH bound to: 32 - type: integer 
	Parameter C_MUX_3_AXIS_TID_WIDTH bound to: 1 - type: integer 
	Parameter C_MUX_3_AXIS_TDEST_WIDTH bound to: 1 - type: integer 
	Parameter C_MUX_3_AXIS_TUSER_WIDTH bound to: 1 - type: integer 
	Parameter C_NUM_OF_PROBES bound to: 0 - type: integer 
	Parameter C_PROBE0_WIDTH bound to: 1 - type: integer 
	Parameter C_PROBE1_WIDTH bound to: 1 - type: integer 
	Parameter C_PROBE2_WIDTH bound to: 1 - type: integer 
	Parameter C_PROBE3_WIDTH bound to: 1 - type: integer 
	Parameter C_PROBE4_WIDTH bound to: 1 - type: integer 
	Parameter C_PROBE5_WIDTH bound to: 1 - type: integer 
	Parameter C_PROBE6_WIDTH bound to: 1 - type: integer 
	Parameter C_PROBE7_WIDTH bound to: 1 - type: integer 
	Parameter C_PROBE8_WIDTH bound to: 1 - type: integer 
	Parameter C_PROBE9_WIDTH bound to: 1 - type: integer 
	Parameter C_PROBE10_WIDTH bound to: 1 - type: integer 
	Parameter C_PROBE11_WIDTH bound to: 1 - type: integer 
	Parameter C_PROBE12_WIDTH bound to: 1 - type: integer 
	Parameter C_PROBE13_WIDTH bound to: 1 - type: integer 
	Parameter C_PROBE14_WIDTH bound to: 1 - type: integer 
	Parameter C_PROBE15_WIDTH bound to: 1 - type: integer 
	Parameter C_PROBE16_WIDTH bound to: 1 - type: integer 
	Parameter C_PROBE17_WIDTH bound to: 1 - type: integer 
	Parameter C_PROBE18_WIDTH bound to: 1 - type: integer 
	Parameter C_PROBE19_WIDTH bound to: 1 - type: integer 
	Parameter C_PROBE20_WIDTH bound to: 1 - type: integer 
	Parameter C_PROBE21_WIDTH bound to: 1 - type: integer 
	Parameter C_PROBE22_WIDTH bound to: 1 - type: integer 
	Parameter C_PROBE23_WIDTH bound to: 1 - type: integer 
	Parameter C_PROBE24_WIDTH bound to: 1 - type: integer 
	Parameter C_PROBE25_WIDTH bound to: 1 - type: integer 
	Parameter C_PROBE26_WIDTH bound to: 1 - type: integer 
	Parameter C_PROBE27_WIDTH bound to: 1 - type: integer 
	Parameter C_PROBE28_WIDTH bound to: 1 - type: integer 
	Parameter C_PROBE29_WIDTH bound to: 1 - type: integer 
	Parameter C_PROBE30_WIDTH bound to: 1 - type: integer 
	Parameter C_PROBE31_WIDTH bound to: 1 - type: integer 
	Parameter C_PROBE32_WIDTH bound to: 1 - type: integer 
	Parameter C_PROBE33_WIDTH bound to: 1 - type: integer 
	Parameter C_PROBE34_WIDTH bound to: 1 - type: integer 
	Parameter C_PROBE35_WIDTH bound to: 1 - type: integer 
	Parameter C_PROBE36_WIDTH bound to: 1 - type: integer 
	Parameter C_PROBE37_WIDTH bound to: 1 - type: integer 
	Parameter C_PROBE38_WIDTH bound to: 1 - type: integer 
	Parameter C_PROBE39_WIDTH bound to: 1 - type: integer 
	Parameter C_PROBE40_WIDTH bound to: 1 - type: integer 
	Parameter C_PROBE41_WIDTH bound to: 1 - type: integer 
	Parameter C_PROBE42_WIDTH bound to: 1 - type: integer 
	Parameter C_PROBE43_WIDTH bound to: 1 - type: integer 
	Parameter C_PROBE44_WIDTH bound to: 1 - type: integer 
	Parameter C_PROBE45_WIDTH bound to: 1 - type: integer 
	Parameter C_PROBE46_WIDTH bound to: 1 - type: integer 
	Parameter C_PROBE47_WIDTH bound to: 1 - type: integer 
	Parameter C_PROBE48_WIDTH bound to: 1 - type: integer 
	Parameter C_PROBE49_WIDTH bound to: 1 - type: integer 
	Parameter C_PROBE50_WIDTH bound to: 1 - type: integer 
	Parameter C_PROBE51_WIDTH bound to: 1 - type: integer 
	Parameter C_PROBE52_WIDTH bound to: 1 - type: integer 
	Parameter C_PROBE53_WIDTH bound to: 1 - type: integer 
	Parameter C_PROBE54_WIDTH bound to: 1 - type: integer 
	Parameter C_PROBE55_WIDTH bound to: 1 - type: integer 
	Parameter C_PROBE56_WIDTH bound to: 1 - type: integer 
	Parameter C_PROBE57_WIDTH bound to: 1 - type: integer 
	Parameter C_PROBE58_WIDTH bound to: 1 - type: integer 
	Parameter C_PROBE59_WIDTH bound to: 1 - type: integer 
	Parameter C_PROBE60_WIDTH bound to: 1 - type: integer 
	Parameter C_PROBE61_WIDTH bound to: 1 - type: integer 
	Parameter C_PROBE62_WIDTH bound to: 1 - type: integer 
	Parameter C_PROBE63_WIDTH bound to: 1 - type: integer 
	Parameter C_PROBE64_WIDTH bound to: 1 - type: integer 
	Parameter C_PROBE65_WIDTH bound to: 1 - type: integer 
	Parameter C_PROBE66_WIDTH bound to: 1 - type: integer 
	Parameter C_PROBE67_WIDTH bound to: 1 - type: integer 
	Parameter C_PROBE68_WIDTH bound to: 1 - type: integer 
	Parameter C_PROBE69_WIDTH bound to: 1 - type: integer 
	Parameter C_PROBE70_WIDTH bound to: 1 - type: integer 
	Parameter C_PROBE71_WIDTH bound to: 1 - type: integer 
	Parameter C_PROBE72_WIDTH bound to: 1 - type: integer 
	Parameter C_PROBE73_WIDTH bound to: 1 - type: integer 
	Parameter C_PROBE74_WIDTH bound to: 1 - type: integer 
	Parameter C_PROBE75_WIDTH bound to: 1 - type: integer 
	Parameter C_PROBE76_WIDTH bound to: 1 - type: integer 
	Parameter C_PROBE77_WIDTH bound to: 1 - type: integer 
	Parameter C_PROBE78_WIDTH bound to: 1 - type: integer 
	Parameter C_PROBE79_WIDTH bound to: 1 - type: integer 
	Parameter C_PROBE80_WIDTH bound to: 1 - type: integer 
	Parameter C_PROBE81_WIDTH bound to: 1 - type: integer 
	Parameter C_PROBE82_WIDTH bound to: 1 - type: integer 
	Parameter C_PROBE83_WIDTH bound to: 1 - type: integer 
	Parameter C_PROBE84_WIDTH bound to: 1 - type: integer 
	Parameter C_PROBE85_WIDTH bound to: 1 - type: integer 
	Parameter C_PROBE86_WIDTH bound to: 1 - type: integer 
	Parameter C_PROBE87_WIDTH bound to: 1 - type: integer 
	Parameter C_PROBE88_WIDTH bound to: 1 - type: integer 
	Parameter C_PROBE89_WIDTH bound to: 1 - type: integer 
	Parameter C_PROBE90_WIDTH bound to: 1 - type: integer 
	Parameter C_PROBE91_WIDTH bound to: 1 - type: integer 
	Parameter C_PROBE92_WIDTH bound to: 1 - type: integer 
	Parameter C_PROBE93_WIDTH bound to: 1 - type: integer 
	Parameter C_PROBE94_WIDTH bound to: 1 - type: integer 
	Parameter C_PROBE95_WIDTH bound to: 1 - type: integer 
	Parameter C_PROBE96_WIDTH bound to: 1 - type: integer 
	Parameter C_PROBE97_WIDTH bound to: 1 - type: integer 
	Parameter C_PROBE98_WIDTH bound to: 1 - type: integer 
	Parameter C_PROBE99_WIDTH bound to: 1 - type: integer 
	Parameter C_PROBE100_WIDTH bound to: 1 - type: integer 
	Parameter C_PROBE101_WIDTH bound to: 1 - type: integer 
	Parameter C_PROBE102_WIDTH bound to: 1 - type: integer 
	Parameter C_PROBE103_WIDTH bound to: 1 - type: integer 
	Parameter C_PROBE104_WIDTH bound to: 1 - type: integer 
	Parameter C_PROBE105_WIDTH bound to: 1 - type: integer 
	Parameter C_PROBE106_WIDTH bound to: 1 - type: integer 
	Parameter C_PROBE107_WIDTH bound to: 1 - type: integer 
	Parameter C_PROBE108_WIDTH bound to: 1 - type: integer 
	Parameter C_PROBE109_WIDTH bound to: 1 - type: integer 
	Parameter C_PROBE110_WIDTH bound to: 1 - type: integer 
	Parameter C_PROBE111_WIDTH bound to: 1 - type: integer 
	Parameter C_PROBE112_WIDTH bound to: 1 - type: integer 
	Parameter C_PROBE113_WIDTH bound to: 1 - type: integer 
	Parameter C_PROBE114_WIDTH bound to: 1 - type: integer 
	Parameter C_PROBE115_WIDTH bound to: 1 - type: integer 
	Parameter C_PROBE116_WIDTH bound to: 1 - type: integer 
	Parameter C_PROBE117_WIDTH bound to: 1 - type: integer 
	Parameter C_PROBE118_WIDTH bound to: 1 - type: integer 
	Parameter C_PROBE119_WIDTH bound to: 1 - type: integer 
	Parameter C_PROBE120_WIDTH bound to: 1 - type: integer 
	Parameter C_PROBE121_WIDTH bound to: 1 - type: integer 
	Parameter C_PROBE122_WIDTH bound to: 1 - type: integer 
	Parameter C_PROBE123_WIDTH bound to: 1 - type: integer 
	Parameter C_PROBE124_WIDTH bound to: 1 - type: integer 
	Parameter C_PROBE125_WIDTH bound to: 1 - type: integer 
	Parameter C_PROBE126_WIDTH bound to: 1 - type: integer 
	Parameter C_PROBE127_WIDTH bound to: 1 - type: integer 
	Parameter C_PROBE128_WIDTH bound to: 1 - type: integer 
	Parameter C_PROBE129_WIDTH bound to: 1 - type: integer 
	Parameter C_PROBE130_WIDTH bound to: 1 - type: integer 
	Parameter C_PROBE131_WIDTH bound to: 1 - type: integer 
	Parameter C_PROBE132_WIDTH bound to: 1 - type: integer 
	Parameter C_PROBE133_WIDTH bound to: 1 - type: integer 
	Parameter C_PROBE134_WIDTH bound to: 1 - type: integer 
	Parameter C_PROBE135_WIDTH bound to: 1 - type: integer 
	Parameter C_PROBE136_WIDTH bound to: 1 - type: integer 
	Parameter C_PROBE137_WIDTH bound to: 1 - type: integer 
	Parameter C_PROBE138_WIDTH bound to: 1 - type: integer 
	Parameter C_PROBE139_WIDTH bound to: 1 - type: integer 
	Parameter C_PROBE140_WIDTH bound to: 1 - type: integer 
	Parameter C_PROBE141_WIDTH bound to: 1 - type: integer 
	Parameter C_PROBE142_WIDTH bound to: 1 - type: integer 
	Parameter C_PROBE143_WIDTH bound to: 1 - type: integer 
	Parameter C_PROBE144_WIDTH bound to: 1 - type: integer 
	Parameter C_PROBE145_WIDTH bound to: 1 - type: integer 
	Parameter C_PROBE146_WIDTH bound to: 1 - type: integer 
	Parameter C_PROBE147_WIDTH bound to: 1 - type: integer 
	Parameter C_PROBE148_WIDTH bound to: 1 - type: integer 
	Parameter C_PROBE149_WIDTH bound to: 1 - type: integer 
	Parameter C_PROBE150_WIDTH bound to: 1 - type: integer 
	Parameter C_PROBE151_WIDTH bound to: 1 - type: integer 
	Parameter C_PROBE152_WIDTH bound to: 1 - type: integer 
	Parameter C_PROBE153_WIDTH bound to: 1 - type: integer 
	Parameter C_PROBE154_WIDTH bound to: 1 - type: integer 
	Parameter C_PROBE155_WIDTH bound to: 1 - type: integer 
	Parameter C_PROBE156_WIDTH bound to: 1 - type: integer 
	Parameter C_PROBE157_WIDTH bound to: 1 - type: integer 
	Parameter C_PROBE158_WIDTH bound to: 1 - type: integer 
	Parameter C_PROBE159_WIDTH bound to: 1 - type: integer 
	Parameter C_PROBE160_WIDTH bound to: 1 - type: integer 
	Parameter C_PROBE161_WIDTH bound to: 1 - type: integer 
	Parameter C_PROBE162_WIDTH bound to: 1 - type: integer 
	Parameter C_PROBE163_WIDTH bound to: 1 - type: integer 
	Parameter C_PROBE164_WIDTH bound to: 1 - type: integer 
	Parameter C_PROBE165_WIDTH bound to: 1 - type: integer 
	Parameter C_PROBE166_WIDTH bound to: 1 - type: integer 
	Parameter C_PROBE167_WIDTH bound to: 1 - type: integer 
	Parameter C_PROBE168_WIDTH bound to: 1 - type: integer 
	Parameter C_PROBE169_WIDTH bound to: 1 - type: integer 
	Parameter C_PROBE170_WIDTH bound to: 1 - type: integer 
	Parameter C_PROBE171_WIDTH bound to: 1 - type: integer 
	Parameter C_PROBE172_WIDTH bound to: 1 - type: integer 
	Parameter C_PROBE173_WIDTH bound to: 1 - type: integer 
	Parameter C_PROBE174_WIDTH bound to: 1 - type: integer 
	Parameter C_PROBE175_WIDTH bound to: 1 - type: integer 
	Parameter C_PROBE176_WIDTH bound to: 1 - type: integer 
	Parameter C_PROBE177_WIDTH bound to: 1 - type: integer 
	Parameter C_PROBE178_WIDTH bound to: 1 - type: integer 
	Parameter C_PROBE179_WIDTH bound to: 1 - type: integer 
	Parameter C_PROBE180_WIDTH bound to: 1 - type: integer 
	Parameter C_PROBE181_WIDTH bound to: 1 - type: integer 
	Parameter C_PROBE182_WIDTH bound to: 1 - type: integer 
	Parameter C_PROBE183_WIDTH bound to: 1 - type: integer 
	Parameter C_PROBE184_WIDTH bound to: 1 - type: integer 
	Parameter C_PROBE185_WIDTH bound to: 1 - type: integer 
	Parameter C_PROBE186_WIDTH bound to: 1 - type: integer 
	Parameter C_PROBE187_WIDTH bound to: 1 - type: integer 
	Parameter C_PROBE188_WIDTH bound to: 1 - type: integer 
	Parameter C_PROBE189_WIDTH bound to: 1 - type: integer 
	Parameter C_PROBE190_WIDTH bound to: 1 - type: integer 
	Parameter C_PROBE191_WIDTH bound to: 1 - type: integer 
	Parameter C_PROBE192_WIDTH bound to: 1 - type: integer 
	Parameter C_PROBE193_WIDTH bound to: 1 - type: integer 
	Parameter C_PROBE194_WIDTH bound to: 1 - type: integer 
	Parameter C_PROBE195_WIDTH bound to: 1 - type: integer 
	Parameter C_PROBE196_WIDTH bound to: 1 - type: integer 
	Parameter C_PROBE197_WIDTH bound to: 1 - type: integer 
	Parameter C_PROBE198_WIDTH bound to: 1 - type: integer 
	Parameter C_PROBE199_WIDTH bound to: 1 - type: integer 
	Parameter C_PROBE200_WIDTH bound to: 1 - type: integer 
	Parameter C_PROBE201_WIDTH bound to: 1 - type: integer 
	Parameter C_PROBE202_WIDTH bound to: 1 - type: integer 
	Parameter C_PROBE203_WIDTH bound to: 1 - type: integer 
	Parameter C_PROBE204_WIDTH bound to: 1 - type: integer 
	Parameter C_PROBE205_WIDTH bound to: 1 - type: integer 
	Parameter C_PROBE206_WIDTH bound to: 1 - type: integer 
	Parameter C_PROBE207_WIDTH bound to: 1 - type: integer 
	Parameter C_PROBE208_WIDTH bound to: 1 - type: integer 
	Parameter C_PROBE209_WIDTH bound to: 1 - type: integer 
	Parameter C_PROBE210_WIDTH bound to: 1 - type: integer 
	Parameter C_PROBE211_WIDTH bound to: 1 - type: integer 
	Parameter C_PROBE212_WIDTH bound to: 1 - type: integer 
	Parameter C_PROBE213_WIDTH bound to: 1 - type: integer 
	Parameter C_PROBE214_WIDTH bound to: 1 - type: integer 
	Parameter C_PROBE215_WIDTH bound to: 1 - type: integer 
	Parameter C_PROBE216_WIDTH bound to: 1 - type: integer 
	Parameter C_PROBE217_WIDTH bound to: 1 - type: integer 
	Parameter C_PROBE218_WIDTH bound to: 1 - type: integer 
	Parameter C_PROBE219_WIDTH bound to: 1 - type: integer 
	Parameter C_PROBE220_WIDTH bound to: 1 - type: integer 
	Parameter C_PROBE221_WIDTH bound to: 1 - type: integer 
	Parameter C_PROBE222_WIDTH bound to: 1 - type: integer 
	Parameter C_PROBE223_WIDTH bound to: 1 - type: integer 
	Parameter C_PROBE224_WIDTH bound to: 1 - type: integer 
	Parameter C_PROBE225_WIDTH bound to: 1 - type: integer 
	Parameter C_PROBE226_WIDTH bound to: 1 - type: integer 
	Parameter C_PROBE227_WIDTH bound to: 1 - type: integer 
	Parameter C_PROBE228_WIDTH bound to: 1 - type: integer 
	Parameter C_PROBE229_WIDTH bound to: 1 - type: integer 
	Parameter C_PROBE230_WIDTH bound to: 1 - type: integer 
	Parameter C_PROBE231_WIDTH bound to: 1 - type: integer 
	Parameter C_PROBE232_WIDTH bound to: 1 - type: integer 
	Parameter C_PROBE233_WIDTH bound to: 1 - type: integer 
	Parameter C_PROBE234_WIDTH bound to: 1 - type: integer 
	Parameter C_PROBE235_WIDTH bound to: 1 - type: integer 
	Parameter C_PROBE236_WIDTH bound to: 1 - type: integer 
	Parameter C_PROBE237_WIDTH bound to: 1 - type: integer 
	Parameter C_PROBE238_WIDTH bound to: 1 - type: integer 
	Parameter C_PROBE239_WIDTH bound to: 1 - type: integer 
	Parameter C_PROBE240_WIDTH bound to: 1 - type: integer 
	Parameter C_PROBE241_WIDTH bound to: 1 - type: integer 
	Parameter C_PROBE242_WIDTH bound to: 1 - type: integer 
	Parameter C_PROBE243_WIDTH bound to: 1 - type: integer 
	Parameter C_PROBE244_WIDTH bound to: 1 - type: integer 
	Parameter C_PROBE245_WIDTH bound to: 1 - type: integer 
	Parameter C_PROBE246_WIDTH bound to: 1 - type: integer 
	Parameter C_PROBE247_WIDTH bound to: 1 - type: integer 
	Parameter C_PROBE248_WIDTH bound to: 1 - type: integer 
	Parameter C_PROBE249_WIDTH bound to: 1 - type: integer 
	Parameter C_PROBE250_WIDTH bound to: 1 - type: integer 
	Parameter C_PROBE251_WIDTH bound to: 1 - type: integer 
	Parameter C_PROBE252_WIDTH bound to: 1 - type: integer 
	Parameter C_PROBE253_WIDTH bound to: 1 - type: integer 
	Parameter C_PROBE254_WIDTH bound to: 1 - type: integer 
	Parameter C_PROBE255_WIDTH bound to: 1 - type: integer 
	Parameter C_PROBE256_WIDTH bound to: 1 - type: integer 
	Parameter C_PROBE257_WIDTH bound to: 1 - type: integer 
	Parameter C_PROBE258_WIDTH bound to: 1 - type: integer 
	Parameter C_PROBE259_WIDTH bound to: 1 - type: integer 
	Parameter C_PROBE260_WIDTH bound to: 1 - type: integer 
	Parameter C_PROBE261_WIDTH bound to: 1 - type: integer 
	Parameter C_PROBE262_WIDTH bound to: 1 - type: integer 
	Parameter C_PROBE263_WIDTH bound to: 1 - type: integer 
	Parameter C_PROBE264_WIDTH bound to: 1 - type: integer 
	Parameter C_PROBE265_WIDTH bound to: 1 - type: integer 
	Parameter C_PROBE266_WIDTH bound to: 1 - type: integer 
	Parameter C_PROBE267_WIDTH bound to: 1 - type: integer 
	Parameter C_PROBE268_WIDTH bound to: 1 - type: integer 
	Parameter C_PROBE269_WIDTH bound to: 1 - type: integer 
	Parameter C_PROBE270_WIDTH bound to: 1 - type: integer 
	Parameter C_PROBE271_WIDTH bound to: 1 - type: integer 
	Parameter C_PROBE272_WIDTH bound to: 1 - type: integer 
	Parameter C_PROBE273_WIDTH bound to: 1 - type: integer 
	Parameter C_PROBE274_WIDTH bound to: 1 - type: integer 
	Parameter C_PROBE275_WIDTH bound to: 1 - type: integer 
	Parameter C_PROBE276_WIDTH bound to: 1 - type: integer 
	Parameter C_PROBE277_WIDTH bound to: 1 - type: integer 
	Parameter C_PROBE278_WIDTH bound to: 1 - type: integer 
	Parameter C_PROBE279_WIDTH bound to: 1 - type: integer 
	Parameter C_PROBE280_WIDTH bound to: 1 - type: integer 
	Parameter C_PROBE281_WIDTH bound to: 1 - type: integer 
	Parameter C_PROBE282_WIDTH bound to: 1 - type: integer 
	Parameter C_PROBE283_WIDTH bound to: 1 - type: integer 
	Parameter C_PROBE284_WIDTH bound to: 1 - type: integer 
	Parameter C_PROBE285_WIDTH bound to: 1 - type: integer 
	Parameter C_PROBE286_WIDTH bound to: 1 - type: integer 
	Parameter C_PROBE287_WIDTH bound to: 1 - type: integer 
	Parameter C_PROBE288_WIDTH bound to: 1 - type: integer 
	Parameter C_PROBE289_WIDTH bound to: 1 - type: integer 
	Parameter C_PROBE290_WIDTH bound to: 1 - type: integer 
	Parameter C_PROBE291_WIDTH bound to: 1 - type: integer 
	Parameter C_PROBE292_WIDTH bound to: 1 - type: integer 
	Parameter C_PROBE293_WIDTH bound to: 1 - type: integer 
	Parameter C_PROBE294_WIDTH bound to: 1 - type: integer 
	Parameter C_PROBE295_WIDTH bound to: 1 - type: integer 
	Parameter C_PROBE296_WIDTH bound to: 1 - type: integer 
	Parameter C_PROBE297_WIDTH bound to: 1 - type: integer 
	Parameter C_PROBE298_WIDTH bound to: 1 - type: integer 
	Parameter C_PROBE299_WIDTH bound to: 1 - type: integer 
	Parameter C_PROBE300_WIDTH bound to: 1 - type: integer 
	Parameter C_PROBE301_WIDTH bound to: 1 - type: integer 
	Parameter C_PROBE302_WIDTH bound to: 1 - type: integer 
	Parameter C_PROBE303_WIDTH bound to: 1 - type: integer 
	Parameter C_PROBE304_WIDTH bound to: 1 - type: integer 
	Parameter C_PROBE305_WIDTH bound to: 1 - type: integer 
	Parameter C_PROBE306_WIDTH bound to: 1 - type: integer 
	Parameter C_PROBE307_WIDTH bound to: 1 - type: integer 
	Parameter C_PROBE308_WIDTH bound to: 1 - type: integer 
	Parameter C_PROBE309_WIDTH bound to: 1 - type: integer 
	Parameter C_PROBE310_WIDTH bound to: 1 - type: integer 
	Parameter C_PROBE311_WIDTH bound to: 1 - type: integer 
	Parameter C_PROBE312_WIDTH bound to: 1 - type: integer 
	Parameter C_PROBE313_WIDTH bound to: 1 - type: integer 
	Parameter C_PROBE314_WIDTH bound to: 1 - type: integer 
	Parameter C_PROBE315_WIDTH bound to: 1 - type: integer 
	Parameter C_PROBE316_WIDTH bound to: 1 - type: integer 
	Parameter C_PROBE317_WIDTH bound to: 1 - type: integer 
	Parameter C_PROBE318_WIDTH bound to: 1 - type: integer 
	Parameter C_PROBE319_WIDTH bound to: 1 - type: integer 
	Parameter C_PROBE320_WIDTH bound to: 1 - type: integer 
	Parameter C_PROBE321_WIDTH bound to: 1 - type: integer 
	Parameter C_PROBE322_WIDTH bound to: 1 - type: integer 
	Parameter C_PROBE323_WIDTH bound to: 1 - type: integer 
	Parameter C_PROBE324_WIDTH bound to: 1 - type: integer 
	Parameter C_PROBE325_WIDTH bound to: 1 - type: integer 
	Parameter C_PROBE326_WIDTH bound to: 1 - type: integer 
	Parameter C_PROBE327_WIDTH bound to: 1 - type: integer 
	Parameter C_PROBE328_WIDTH bound to: 1 - type: integer 
	Parameter C_PROBE329_WIDTH bound to: 1 - type: integer 
	Parameter C_PROBE330_WIDTH bound to: 1 - type: integer 
	Parameter C_PROBE331_WIDTH bound to: 1 - type: integer 
	Parameter C_PROBE332_WIDTH bound to: 1 - type: integer 
	Parameter C_PROBE333_WIDTH bound to: 1 - type: integer 
	Parameter C_PROBE334_WIDTH bound to: 1 - type: integer 
	Parameter C_PROBE335_WIDTH bound to: 1 - type: integer 
	Parameter C_PROBE336_WIDTH bound to: 1 - type: integer 
	Parameter C_PROBE337_WIDTH bound to: 1 - type: integer 
	Parameter C_PROBE338_WIDTH bound to: 1 - type: integer 
	Parameter C_PROBE339_WIDTH bound to: 1 - type: integer 
	Parameter C_PROBE340_WIDTH bound to: 1 - type: integer 
	Parameter C_PROBE341_WIDTH bound to: 1 - type: integer 
	Parameter C_PROBE342_WIDTH bound to: 1 - type: integer 
	Parameter C_PROBE343_WIDTH bound to: 1 - type: integer 
	Parameter C_PROBE344_WIDTH bound to: 1 - type: integer 
	Parameter C_PROBE345_WIDTH bound to: 1 - type: integer 
	Parameter C_PROBE346_WIDTH bound to: 1 - type: integer 
	Parameter C_PROBE347_WIDTH bound to: 1 - type: integer 
	Parameter C_PROBE348_WIDTH bound to: 1 - type: integer 
	Parameter C_PROBE349_WIDTH bound to: 1 - type: integer 
	Parameter C_PROBE350_WIDTH bound to: 1 - type: integer 
	Parameter C_PROBE351_WIDTH bound to: 1 - type: integer 
	Parameter C_PROBE352_WIDTH bound to: 1 - type: integer 
	Parameter C_PROBE353_WIDTH bound to: 1 - type: integer 
	Parameter C_PROBE354_WIDTH bound to: 1 - type: integer 
	Parameter C_PROBE355_WIDTH bound to: 1 - type: integer 
	Parameter C_PROBE356_WIDTH bound to: 1 - type: integer 
	Parameter C_PROBE357_WIDTH bound to: 1 - type: integer 
	Parameter C_PROBE358_WIDTH bound to: 1 - type: integer 
	Parameter C_PROBE359_WIDTH bound to: 1 - type: integer 
	Parameter C_PROBE360_WIDTH bound to: 1 - type: integer 
	Parameter C_PROBE361_WIDTH bound to: 1 - type: integer 
	Parameter C_PROBE362_WIDTH bound to: 1 - type: integer 
	Parameter C_PROBE363_WIDTH bound to: 1 - type: integer 
	Parameter C_PROBE364_WIDTH bound to: 1 - type: integer 
	Parameter C_PROBE365_WIDTH bound to: 1 - type: integer 
	Parameter C_PROBE366_WIDTH bound to: 1 - type: integer 
	Parameter C_PROBE367_WIDTH bound to: 1 - type: integer 
	Parameter C_PROBE368_WIDTH bound to: 1 - type: integer 
	Parameter C_PROBE369_WIDTH bound to: 1 - type: integer 
	Parameter C_PROBE370_WIDTH bound to: 1 - type: integer 
	Parameter C_PROBE371_WIDTH bound to: 1 - type: integer 
	Parameter C_PROBE372_WIDTH bound to: 1 - type: integer 
	Parameter C_PROBE373_WIDTH bound to: 1 - type: integer 
	Parameter C_PROBE374_WIDTH bound to: 1 - type: integer 
	Parameter C_PROBE375_WIDTH bound to: 1 - type: integer 
	Parameter C_PROBE376_WIDTH bound to: 1 - type: integer 
	Parameter C_PROBE377_WIDTH bound to: 1 - type: integer 
	Parameter C_PROBE378_WIDTH bound to: 1 - type: integer 
	Parameter C_PROBE379_WIDTH bound to: 1 - type: integer 
	Parameter C_PROBE380_WIDTH bound to: 1 - type: integer 
	Parameter C_PROBE381_WIDTH bound to: 1 - type: integer 
	Parameter C_PROBE382_WIDTH bound to: 1 - type: integer 
	Parameter C_PROBE383_WIDTH bound to: 1 - type: integer 
	Parameter C_PROBE384_WIDTH bound to: 1 - type: integer 
	Parameter C_PROBE385_WIDTH bound to: 1 - type: integer 
	Parameter C_PROBE386_WIDTH bound to: 1 - type: integer 
	Parameter C_PROBE387_WIDTH bound to: 1 - type: integer 
	Parameter C_PROBE388_WIDTH bound to: 1 - type: integer 
	Parameter C_PROBE389_WIDTH bound to: 1 - type: integer 
	Parameter C_PROBE390_WIDTH bound to: 1 - type: integer 
	Parameter C_PROBE391_WIDTH bound to: 1 - type: integer 
	Parameter C_PROBE392_WIDTH bound to: 1 - type: integer 
	Parameter C_PROBE393_WIDTH bound to: 1 - type: integer 
	Parameter C_PROBE394_WIDTH bound to: 1 - type: integer 
	Parameter C_PROBE395_WIDTH bound to: 1 - type: integer 
	Parameter C_PROBE396_WIDTH bound to: 1 - type: integer 
	Parameter C_PROBE397_WIDTH bound to: 1 - type: integer 
	Parameter C_PROBE398_WIDTH bound to: 1 - type: integer 
	Parameter C_PROBE399_WIDTH bound to: 1 - type: integer 
	Parameter C_PROBE400_WIDTH bound to: 1 - type: integer 
	Parameter C_PROBE401_WIDTH bound to: 1 - type: integer 
	Parameter C_PROBE402_WIDTH bound to: 1 - type: integer 
	Parameter C_PROBE403_WIDTH bound to: 1 - type: integer 
	Parameter C_PROBE404_WIDTH bound to: 1 - type: integer 
	Parameter C_PROBE405_WIDTH bound to: 1 - type: integer 
	Parameter C_PROBE406_WIDTH bound to: 1 - type: integer 
	Parameter C_PROBE407_WIDTH bound to: 1 - type: integer 
	Parameter C_PROBE408_WIDTH bound to: 1 - type: integer 
	Parameter C_PROBE409_WIDTH bound to: 1 - type: integer 
	Parameter C_PROBE410_WIDTH bound to: 1 - type: integer 
	Parameter C_PROBE411_WIDTH bound to: 1 - type: integer 
	Parameter C_PROBE412_WIDTH bound to: 1 - type: integer 
	Parameter C_PROBE413_WIDTH bound to: 1 - type: integer 
	Parameter C_PROBE414_WIDTH bound to: 1 - type: integer 
	Parameter C_PROBE415_WIDTH bound to: 1 - type: integer 
	Parameter C_PROBE416_WIDTH bound to: 1 - type: integer 
	Parameter C_PROBE417_WIDTH bound to: 1 - type: integer 
	Parameter C_PROBE418_WIDTH bound to: 1 - type: integer 
	Parameter C_PROBE419_WIDTH bound to: 1 - type: integer 
	Parameter C_PROBE420_WIDTH bound to: 1 - type: integer 
	Parameter C_PROBE421_WIDTH bound to: 1 - type: integer 
	Parameter C_PROBE422_WIDTH bound to: 1 - type: integer 
	Parameter C_PROBE423_WIDTH bound to: 1 - type: integer 
	Parameter C_PROBE424_WIDTH bound to: 1 - type: integer 
	Parameter C_PROBE425_WIDTH bound to: 1 - type: integer 
	Parameter C_PROBE426_WIDTH bound to: 1 - type: integer 
	Parameter C_PROBE427_WIDTH bound to: 1 - type: integer 
	Parameter C_PROBE428_WIDTH bound to: 1 - type: integer 
	Parameter C_PROBE429_WIDTH bound to: 1 - type: integer 
	Parameter C_PROBE430_WIDTH bound to: 1 - type: integer 
	Parameter C_PROBE431_WIDTH bound to: 1 - type: integer 
	Parameter C_PROBE432_WIDTH bound to: 1 - type: integer 
	Parameter C_PROBE433_WIDTH bound to: 1 - type: integer 
	Parameter C_PROBE434_WIDTH bound to: 1 - type: integer 
	Parameter C_PROBE435_WIDTH bound to: 1 - type: integer 
	Parameter C_PROBE436_WIDTH bound to: 1 - type: integer 
	Parameter C_PROBE437_WIDTH bound to: 1 - type: integer 
	Parameter C_PROBE438_WIDTH bound to: 1 - type: integer 
	Parameter C_PROBE439_WIDTH bound to: 1 - type: integer 
	Parameter C_PROBE440_WIDTH bound to: 1 - type: integer 
	Parameter C_PROBE441_WIDTH bound to: 1 - type: integer 
	Parameter C_PROBE442_WIDTH bound to: 1 - type: integer 
	Parameter C_PROBE443_WIDTH bound to: 1 - type: integer 
	Parameter C_PROBE444_WIDTH bound to: 1 - type: integer 
	Parameter C_PROBE445_WIDTH bound to: 1 - type: integer 
	Parameter C_PROBE446_WIDTH bound to: 1 - type: integer 
	Parameter C_PROBE447_WIDTH bound to: 1 - type: integer 
	Parameter C_PROBE448_WIDTH bound to: 1 - type: integer 
	Parameter C_PROBE449_WIDTH bound to: 1 - type: integer 
	Parameter C_PROBE450_WIDTH bound to: 1 - type: integer 
	Parameter C_PROBE451_WIDTH bound to: 1 - type: integer 
	Parameter C_PROBE452_WIDTH bound to: 1 - type: integer 
	Parameter C_PROBE453_WIDTH bound to: 1 - type: integer 
	Parameter C_PROBE454_WIDTH bound to: 1 - type: integer 
	Parameter C_PROBE455_WIDTH bound to: 1 - type: integer 
	Parameter C_PROBE456_WIDTH bound to: 1 - type: integer 
	Parameter C_PROBE457_WIDTH bound to: 1 - type: integer 
	Parameter C_PROBE458_WIDTH bound to: 1 - type: integer 
	Parameter C_PROBE459_WIDTH bound to: 1 - type: integer 
	Parameter C_PROBE460_WIDTH bound to: 1 - type: integer 
	Parameter C_PROBE461_WIDTH bound to: 1 - type: integer 
	Parameter C_PROBE462_WIDTH bound to: 1 - type: integer 
	Parameter C_PROBE463_WIDTH bound to: 1 - type: integer 
	Parameter C_PROBE464_WIDTH bound to: 1 - type: integer 
	Parameter C_PROBE465_WIDTH bound to: 1 - type: integer 
	Parameter C_PROBE466_WIDTH bound to: 1 - type: integer 
	Parameter C_PROBE467_WIDTH bound to: 1 - type: integer 
	Parameter C_PROBE468_WIDTH bound to: 1 - type: integer 
	Parameter C_PROBE469_WIDTH bound to: 1 - type: integer 
	Parameter C_PROBE470_WIDTH bound to: 1 - type: integer 
	Parameter C_PROBE471_WIDTH bound to: 1 - type: integer 
	Parameter C_PROBE472_WIDTH bound to: 1 - type: integer 
	Parameter C_PROBE473_WIDTH bound to: 1 - type: integer 
	Parameter C_PROBE474_WIDTH bound to: 1 - type: integer 
	Parameter C_PROBE475_WIDTH bound to: 1 - type: integer 
	Parameter C_PROBE476_WIDTH bound to: 1 - type: integer 
	Parameter C_PROBE477_WIDTH bound to: 1 - type: integer 
	Parameter C_PROBE478_WIDTH bound to: 1 - type: integer 
	Parameter C_PROBE479_WIDTH bound to: 1 - type: integer 
	Parameter C_PROBE480_WIDTH bound to: 1 - type: integer 
	Parameter C_PROBE481_WIDTH bound to: 1 - type: integer 
	Parameter C_PROBE482_WIDTH bound to: 1 - type: integer 
	Parameter C_PROBE483_WIDTH bound to: 1 - type: integer 
	Parameter C_PROBE484_WIDTH bound to: 1 - type: integer 
	Parameter C_PROBE485_WIDTH bound to: 1 - type: integer 
	Parameter C_PROBE486_WIDTH bound to: 1 - type: integer 
	Parameter C_PROBE487_WIDTH bound to: 1 - type: integer 
	Parameter C_PROBE488_WIDTH bound to: 1 - type: integer 
	Parameter C_PROBE489_WIDTH bound to: 1 - type: integer 
	Parameter C_PROBE490_WIDTH bound to: 1 - type: integer 
	Parameter C_PROBE491_WIDTH bound to: 1 - type: integer 
	Parameter C_PROBE492_WIDTH bound to: 1 - type: integer 
	Parameter C_PROBE493_WIDTH bound to: 1 - type: integer 
	Parameter C_PROBE494_WIDTH bound to: 1 - type: integer 
	Parameter C_PROBE495_WIDTH bound to: 1 - type: integer 
	Parameter C_PROBE496_WIDTH bound to: 1 - type: integer 
	Parameter C_PROBE497_WIDTH bound to: 1 - type: integer 
	Parameter C_PROBE498_WIDTH bound to: 1 - type: integer 
	Parameter C_PROBE499_WIDTH bound to: 1 - type: integer 
	Parameter C_PROBE500_WIDTH bound to: 1 - type: integer 
	Parameter C_PROBE501_WIDTH bound to: 1 - type: integer 
	Parameter C_PROBE502_WIDTH bound to: 1 - type: integer 
	Parameter C_PROBE503_WIDTH bound to: 1 - type: integer 
	Parameter C_PROBE504_WIDTH bound to: 1 - type: integer 
	Parameter C_PROBE505_WIDTH bound to: 1 - type: integer 
	Parameter C_PROBE506_WIDTH bound to: 1 - type: integer 
	Parameter C_PROBE507_WIDTH bound to: 1 - type: integer 
	Parameter C_PROBE508_WIDTH bound to: 1 - type: integer 
	Parameter C_PROBE509_WIDTH bound to: 1 - type: integer 
	Parameter C_PROBE510_WIDTH bound to: 1 - type: integer 
	Parameter C_PROBE511_WIDTH bound to: 1 - type: integer 
	Parameter C_MUX_PROBE0_WIDTH bound to: 1 - type: integer 
	Parameter C_MUX_PROBE1_WIDTH bound to: 1 - type: integer 
	Parameter C_MUX_PROBE2_WIDTH bound to: 1 - type: integer 
	Parameter C_MUX_PROBE3_WIDTH bound to: 1 - type: integer 
	Parameter C_MUX_PROBE4_WIDTH bound to: 1 - type: integer 
	Parameter C_MUX_PROBE5_WIDTH bound to: 1 - type: integer 
	Parameter C_MUX_PROBE6_WIDTH bound to: 1 - type: integer 
	Parameter C_MUX_PROBE7_WIDTH bound to: 1 - type: integer 
	Parameter C_MUX_PROBE8_WIDTH bound to: 1 - type: integer 
	Parameter C_MUX_PROBE9_WIDTH bound to: 1 - type: integer 
	Parameter C_MUX_PROBE10_WIDTH bound to: 1 - type: integer 
	Parameter C_MUX_PROBE11_WIDTH bound to: 1 - type: integer 
	Parameter C_MUX_PROBE12_WIDTH bound to: 1 - type: integer 
	Parameter C_MUX_PROBE13_WIDTH bound to: 1 - type: integer 
	Parameter C_MUX_PROBE14_WIDTH bound to: 1 - type: integer 
	Parameter C_MUX_PROBE15_WIDTH bound to: 1 - type: integer 
	Parameter C_MUX_PROBE16_WIDTH bound to: 1 - type: integer 
	Parameter C_MUX_PROBE17_WIDTH bound to: 1 - type: integer 
	Parameter C_MUX_PROBE18_WIDTH bound to: 1 - type: integer 
	Parameter C_MUX_PROBE19_WIDTH bound to: 1 - type: integer 
	Parameter C_MUX_PROBE20_WIDTH bound to: 1 - type: integer 
	Parameter C_MUX_PROBE21_WIDTH bound to: 1 - type: integer 
	Parameter C_MUX_PROBE22_WIDTH bound to: 1 - type: integer 
	Parameter C_MUX_PROBE23_WIDTH bound to: 1 - type: integer 
	Parameter C_MUX_PROBE24_WIDTH bound to: 1 - type: integer 
	Parameter C_MUX_PROBE25_WIDTH bound to: 1 - type: integer 
	Parameter C_MUX_PROBE26_WIDTH bound to: 1 - type: integer 
	Parameter C_MUX_PROBE27_WIDTH bound to: 1 - type: integer 
	Parameter C_MUX_PROBE28_WIDTH bound to: 1 - type: integer 
	Parameter C_MUX_PROBE29_WIDTH bound to: 1 - type: integer 
	Parameter C_MUX_PROBE30_WIDTH bound to: 1 - type: integer 
	Parameter C_MUX_PROBE31_WIDTH bound to: 1 - type: integer 
	Parameter C_MUX_PROBE32_WIDTH bound to: 1 - type: integer 
	Parameter C_MUX_PROBE33_WIDTH bound to: 1 - type: integer 
	Parameter C_MUX_PROBE34_WIDTH bound to: 1 - type: integer 
	Parameter C_MUX_PROBE35_WIDTH bound to: 1 - type: integer 
	Parameter C_MUX_PROBE36_WIDTH bound to: 1 - type: integer 
	Parameter C_MUX_PROBE37_WIDTH bound to: 1 - type: integer 
	Parameter C_MUX_PROBE38_WIDTH bound to: 1 - type: integer 
	Parameter C_MUX_PROBE39_WIDTH bound to: 1 - type: integer 
	Parameter C_MUX_PROBE40_WIDTH bound to: 1 - type: integer 
	Parameter C_MUX_PROBE41_WIDTH bound to: 1 - type: integer 
	Parameter C_MUX_PROBE42_WIDTH bound to: 1 - type: integer 
	Parameter C_MUX_PROBE43_WIDTH bound to: 1 - type: integer 
	Parameter C_MUX_PROBE44_WIDTH bound to: 1 - type: integer 
	Parameter C_MUX_PROBE45_WIDTH bound to: 1 - type: integer 
	Parameter C_MUX_PROBE46_WIDTH bound to: 1 - type: integer 
	Parameter C_MUX_PROBE47_WIDTH bound to: 1 - type: integer 
	Parameter C_MUX_PROBE48_WIDTH bound to: 1 - type: integer 
	Parameter C_MUX_PROBE49_WIDTH bound to: 1 - type: integer 
	Parameter C_MUX_PROBE50_WIDTH bound to: 1 - type: integer 
	Parameter C_MUX_PROBE51_WIDTH bound to: 1 - type: integer 
	Parameter C_MUX_PROBE52_WIDTH bound to: 1 - type: integer 
	Parameter C_MUX_PROBE53_WIDTH bound to: 1 - type: integer 
	Parameter C_MUX_PROBE54_WIDTH bound to: 1 - type: integer 
	Parameter C_MUX_PROBE55_WIDTH bound to: 1 - type: integer 
	Parameter C_MUX_PROBE56_WIDTH bound to: 1 - type: integer 
	Parameter C_MUX_PROBE57_WIDTH bound to: 1 - type: integer 
	Parameter C_MUX_PROBE58_WIDTH bound to: 1 - type: integer 
	Parameter C_MUX_PROBE59_WIDTH bound to: 1 - type: integer 
	Parameter C_MUX_PROBE60_WIDTH bound to: 1 - type: integer 
	Parameter C_MUX_PROBE61_WIDTH bound to: 1 - type: integer 
	Parameter C_MUX_PROBE62_WIDTH bound to: 1 - type: integer 
	Parameter C_MUX_PROBE63_WIDTH bound to: 1 - type: integer 
	Parameter C_MUX_PROBE64_WIDTH bound to: 1 - type: integer 
	Parameter C_MUX_PROBE65_WIDTH bound to: 1 - type: integer 
	Parameter C_MUX_PROBE66_WIDTH bound to: 1 - type: integer 
	Parameter C_MUX_PROBE67_WIDTH bound to: 1 - type: integer 
	Parameter C_MUX_PROBE68_WIDTH bound to: 1 - type: integer 
	Parameter C_MUX_PROBE69_WIDTH bound to: 1 - type: integer 
	Parameter C_MUX_PROBE70_WIDTH bound to: 1 - type: integer 
	Parameter C_MUX_PROBE71_WIDTH bound to: 1 - type: integer 
	Parameter C_MUX_PROBE72_WIDTH bound to: 1 - type: integer 
	Parameter C_MUX_PROBE73_WIDTH bound to: 1 - type: integer 
	Parameter C_MUX_PROBE74_WIDTH bound to: 1 - type: integer 
	Parameter C_MUX_PROBE75_WIDTH bound to: 1 - type: integer 
	Parameter C_MUX_PROBE76_WIDTH bound to: 1 - type: integer 
	Parameter C_MUX_PROBE77_WIDTH bound to: 1 - type: integer 
	Parameter C_MUX_PROBE78_WIDTH bound to: 1 - type: integer 
	Parameter C_MUX_PROBE79_WIDTH bound to: 1 - type: integer 
	Parameter C_MUX_PROBE80_WIDTH bound to: 1 - type: integer 
	Parameter C_MUX_PROBE81_WIDTH bound to: 1 - type: integer 
	Parameter C_MUX_PROBE82_WIDTH bound to: 1 - type: integer 
	Parameter C_MUX_PROBE83_WIDTH bound to: 1 - type: integer 
	Parameter C_MUX_PROBE84_WIDTH bound to: 1 - type: integer 
	Parameter C_MUX_PROBE85_WIDTH bound to: 1 - type: integer 
	Parameter C_MUX_PROBE86_WIDTH bound to: 1 - type: integer 
	Parameter C_MUX_PROBE87_WIDTH bound to: 1 - type: integer 
	Parameter C_MUX_PROBE88_WIDTH bound to: 1 - type: integer 
	Parameter C_MUX_PROBE89_WIDTH bound to: 1 - type: integer 
	Parameter C_MUX_PROBE90_WIDTH bound to: 1 - type: integer 
	Parameter C_MUX_PROBE91_WIDTH bound to: 1 - type: integer 
	Parameter C_MUX_PROBE92_WIDTH bound to: 1 - type: integer 
	Parameter C_MUX_PROBE93_WIDTH bound to: 1 - type: integer 
	Parameter C_MUX_PROBE94_WIDTH bound to: 1 - type: integer 
	Parameter C_MUX_PROBE95_WIDTH bound to: 1 - type: integer 
	Parameter C_MUX_PROBE96_WIDTH bound to: 1 - type: integer 
	Parameter C_MUX_PROBE97_WIDTH bound to: 1 - type: integer 
	Parameter C_MUX_PROBE98_WIDTH bound to: 1 - type: integer 
	Parameter C_MUX_PROBE99_WIDTH bound to: 1 - type: integer 
	Parameter C_MUX_PROBE100_WIDTH bound to: 1 - type: integer 
	Parameter C_MUX_PROBE101_WIDTH bound to: 1 - type: integer 
	Parameter C_MUX_PROBE102_WIDTH bound to: 1 - type: integer 
	Parameter C_MUX_PROBE103_WIDTH bound to: 1 - type: integer 
	Parameter C_MUX_PROBE104_WIDTH bound to: 1 - type: integer 
	Parameter C_MUX_PROBE105_WIDTH bound to: 1 - type: integer 
	Parameter C_MUX_PROBE106_WIDTH bound to: 1 - type: integer 
	Parameter C_MUX_PROBE107_WIDTH bound to: 1 - type: integer 
	Parameter C_MUX_PROBE108_WIDTH bound to: 1 - type: integer 
	Parameter C_MUX_PROBE109_WIDTH bound to: 1 - type: integer 
	Parameter C_MUX_PROBE110_WIDTH bound to: 1 - type: integer 
	Parameter C_MUX_PROBE111_WIDTH bound to: 1 - type: integer 
	Parameter C_MUX_PROBE112_WIDTH bound to: 1 - type: integer 
	Parameter C_MUX_PROBE113_WIDTH bound to: 1 - type: integer 
	Parameter C_MUX_PROBE114_WIDTH bound to: 1 - type: integer 
	Parameter C_MUX_PROBE115_WIDTH bound to: 1 - type: integer 
	Parameter C_MUX_PROBE116_WIDTH bound to: 1 - type: integer 
	Parameter C_MUX_PROBE117_WIDTH bound to: 1 - type: integer 
	Parameter C_MUX_PROBE118_WIDTH bound to: 1 - type: integer 
	Parameter C_MUX_PROBE119_WIDTH bound to: 1 - type: integer 
	Parameter C_MUX_PROBE120_WIDTH bound to: 1 - type: integer 
	Parameter C_MUX_PROBE121_WIDTH bound to: 1 - type: integer 
	Parameter C_MUX_PROBE122_WIDTH bound to: 1 - type: integer 
	Parameter C_MUX_PROBE123_WIDTH bound to: 1 - type: integer 
	Parameter C_MUX_PROBE124_WIDTH bound to: 1 - type: integer 
	Parameter C_MUX_PROBE125_WIDTH bound to: 1 - type: integer 
	Parameter C_MUX_PROBE126_WIDTH bound to: 1 - type: integer 
	Parameter C_MUX_PROBE127_WIDTH bound to: 1 - type: integer 
	Parameter C_SLOT_0_AXI_ADDR_WIDTH bound to: 32 - type: integer 
	Parameter C_SLOT_0_AXI_DATA_WIDTH bound to: 64 - type: integer 
	Parameter C_SLOT_0_AXI_AWUSER_WIDTH bound to: 0 - type: integer 
	Parameter C_SLOT_0_AXI_WUSER_WIDTH bound to: 0 - type: integer 
	Parameter C_SLOT_0_AXI_BUSER_WIDTH bound to: 0 - type: integer 
	Parameter C_SLOT_0_AXI_ARUSER_WIDTH bound to: 0 - type: integer 
	Parameter C_SLOT_0_AXI_RUSER_WIDTH bound to: 0 - type: integer 
	Parameter C_SLOT_0_AXI_AXLEN_WIDTH bound to: 4 - type: integer 
	Parameter C_SLOT_0_AXI_AXLOCK_WIDTH bound to: 2 - type: integer 
	Parameter C_SLOT_0_AXI_ID_WIDTH bound to: 0 - type: integer 
	Parameter C_SLOT_0_AXI_PROTOCOL bound to: AXI3 - type: string 
	Parameter C_SLOT_0_MAX_RD_BURSTS bound to: 1 - type: integer 
	Parameter C_SLOT_0_MAX_WR_BURSTS bound to: 1 - type: integer 
	Parameter C_SLOT_0_TXN_CNTR_EN bound to: 1 - type: integer 
	Parameter C_SLOT_0_HAS_BRESP bound to: 1 - type: integer 
	Parameter C_SLOT_0_HAS_BURST bound to: 1 - type: integer 
	Parameter C_SLOT_0_HAS_CACHE bound to: 1 - type: integer 
	Parameter C_SLOT_0_HAS_LOCK bound to: 1 - type: integer 
	Parameter C_SLOT_0_HAS_PROT bound to: 1 - type: integer 
	Parameter C_SLOT_0_HAS_QOS bound to: 1 - type: integer 
	Parameter C_SLOT_0_HAS_REGION bound to: 0 - type: integer 
	Parameter C_SLOT_0_HAS_RRESP bound to: 1 - type: integer 
	Parameter C_SLOT_0_HAS_WSTRB bound to: 1 - type: integer 
	Parameter C_SLOT_0_HAS_TKEEP bound to: 1 - type: integer 
	Parameter C_SLOT_0_HAS_TSTRB bound to: 1 - type: integer 
	Parameter C_SLOT_0_HAS_TREADY bound to: 1 - type: integer 
	Parameter C_SLOT_0_AXIS_TDATA_WIDTH bound to: 32 - type: integer 
	Parameter C_SLOT_0_AXIS_TID_WIDTH bound to: 1 - type: integer 
	Parameter C_SLOT_0_AXIS_TDEST_WIDTH bound to: 1 - type: integer 
	Parameter C_SLOT_0_AXIS_TUSER_WIDTH bound to: 1 - type: integer 
	Parameter C_SLOT_1_AXI_ADDR_WIDTH bound to: 32 - type: integer 
	Parameter C_SLOT_1_AXI_DATA_WIDTH bound to: 32 - type: integer 
	Parameter C_SLOT_1_AXI_AWUSER_WIDTH bound to: 0 - type: integer 
	Parameter C_SLOT_1_AXI_WUSER_WIDTH bound to: 0 - type: integer 
	Parameter C_SLOT_1_AXI_BUSER_WIDTH bound to: 0 - type: integer 
	Parameter C_SLOT_1_AXI_ARUSER_WIDTH bound to: 0 - type: integer 
	Parameter C_SLOT_1_AXI_RUSER_WIDTH bound to: 0 - type: integer 
	Parameter C_SLOT_1_AXI_AXLEN_WIDTH bound to: 4 - type: integer 
	Parameter C_SLOT_1_AXI_AXLOCK_WIDTH bound to: 2 - type: integer 
	Parameter C_SLOT_1_AXI_ID_WIDTH bound to: 12 - type: integer 
	Parameter C_SLOT_1_AXI_PROTOCOL bound to: AXI3 - type: string 
	Parameter C_SLOT_1_MAX_RD_BURSTS bound to: 1 - type: integer 
	Parameter C_SLOT_1_MAX_WR_BURSTS bound to: 1 - type: integer 
	Parameter C_SLOT_1_TXN_CNTR_EN bound to: 1 - type: integer 
	Parameter C_SLOT_1_HAS_BRESP bound to: 1 - type: integer 
	Parameter C_SLOT_1_HAS_BURST bound to: 1 - type: integer 
	Parameter C_SLOT_1_HAS_CACHE bound to: 1 - type: integer 
	Parameter C_SLOT_1_HAS_LOCK bound to: 1 - type: integer 
	Parameter C_SLOT_1_HAS_PROT bound to: 1 - type: integer 
	Parameter C_SLOT_1_HAS_QOS bound to: 1 - type: integer 
	Parameter C_SLOT_1_HAS_REGION bound to: 0 - type: integer 
	Parameter C_SLOT_1_HAS_RRESP bound to: 1 - type: integer 
	Parameter C_SLOT_1_HAS_WSTRB bound to: 1 - type: integer 
	Parameter C_SLOT_1_HAS_TKEEP bound to: 1 - type: integer 
	Parameter C_SLOT_1_HAS_TSTRB bound to: 1 - type: integer 
	Parameter C_SLOT_1_HAS_TREADY bound to: 1 - type: integer 
	Parameter C_SLOT_1_AXIS_TDATA_WIDTH bound to: 32 - type: integer 
	Parameter C_SLOT_1_AXIS_TID_WIDTH bound to: 1 - type: integer 
	Parameter C_SLOT_1_AXIS_TDEST_WIDTH bound to: 1 - type: integer 
	Parameter C_SLOT_1_AXIS_TUSER_WIDTH bound to: 1 - type: integer 
	Parameter C_SLOT_2_AXI_ADDR_WIDTH bound to: 32 - type: integer 
	Parameter C_SLOT_2_AXI_DATA_WIDTH bound to: 32 - type: integer 
	Parameter C_SLOT_2_AXI_AWUSER_WIDTH bound to: 1 - type: integer 
	Parameter C_SLOT_2_AXI_WUSER_WIDTH bound to: 1 - type: integer 
	Parameter C_SLOT_2_AXI_BUSER_WIDTH bound to: 1 - type: integer 
	Parameter C_SLOT_2_AXI_ARUSER_WIDTH bound to: 1 - type: integer 
	Parameter C_SLOT_2_AXI_RUSER_WIDTH bound to: 1 - type: integer 
	Parameter C_SLOT_2_AXI_AXLEN_WIDTH bound to: 8 - type: integer 
	Parameter C_SLOT_2_AXI_AXLOCK_WIDTH bound to: 1 - type: integer 
	Parameter C_SLOT_2_AXI_ID_WIDTH bound to: 1 - type: integer 
	Parameter C_SLOT_2_AXI_PROTOCOL bound to: AXI4 - type: string 
	Parameter C_SLOT_2_MAX_RD_BURSTS bound to: 5 - type: integer 
	Parameter C_SLOT_2_MAX_WR_BURSTS bound to: 5 - type: integer 
	Parameter C_SLOT_2_TXN_CNTR_EN bound to: 1 - type: integer 
	Parameter C_SLOT_2_HAS_BRESP bound to: 1 - type: integer 
	Parameter C_SLOT_2_HAS_BURST bound to: 1 - type: integer 
	Parameter C_SLOT_2_HAS_CACHE bound to: 1 - type: integer 
	Parameter C_SLOT_2_HAS_LOCK bound to: 1 - type: integer 
	Parameter C_SLOT_2_HAS_PROT bound to: 1 - type: integer 
	Parameter C_SLOT_2_HAS_QOS bound to: 1 - type: integer 
	Parameter C_SLOT_2_HAS_REGION bound to: 1 - type: integer 
	Parameter C_SLOT_2_HAS_RRESP bound to: 1 - type: integer 
	Parameter C_SLOT_2_HAS_WSTRB bound to: 1 - type: integer 
	Parameter C_SLOT_2_HAS_TKEEP bound to: 1 - type: integer 
	Parameter C_SLOT_2_HAS_TSTRB bound to: 1 - type: integer 
	Parameter C_SLOT_2_HAS_TREADY bound to: 1 - type: integer 
	Parameter C_SLOT_2_AXIS_TDATA_WIDTH bound to: 32 - type: integer 
	Parameter C_SLOT_2_AXIS_TID_WIDTH bound to: 1 - type: integer 
	Parameter C_SLOT_2_AXIS_TDEST_WIDTH bound to: 1 - type: integer 
	Parameter C_SLOT_2_AXIS_TUSER_WIDTH bound to: 1 - type: integer 
	Parameter C_SLOT_3_AXI_ADDR_WIDTH bound to: 32 - type: integer 
	Parameter C_SLOT_3_AXI_DATA_WIDTH bound to: 32 - type: integer 
	Parameter C_SLOT_3_AXI_AWUSER_WIDTH bound to: 1 - type: integer 
	Parameter C_SLOT_3_AXI_WUSER_WIDTH bound to: 1 - type: integer 
	Parameter C_SLOT_3_AXI_BUSER_WIDTH bound to: 1 - type: integer 
	Parameter C_SLOT_3_AXI_ARUSER_WIDTH bound to: 1 - type: integer 
	Parameter C_SLOT_3_AXI_RUSER_WIDTH bound to: 1 - type: integer 
	Parameter C_SLOT_3_AXI_AXLEN_WIDTH bound to: 8 - type: integer 
	Parameter C_SLOT_3_AXI_AXLOCK_WIDTH bound to: 1 - type: integer 
	Parameter C_SLOT_3_AXI_ID_WIDTH bound to: 1 - type: integer 
	Parameter C_SLOT_3_AXI_PROTOCOL bound to: AXI4 - type: string 
	Parameter C_SLOT_3_MAX_RD_BURSTS bound to: 5 - type: integer 
	Parameter C_SLOT_3_MAX_WR_BURSTS bound to: 5 - type: integer 
	Parameter C_SLOT_3_TXN_CNTR_EN bound to: 1 - type: integer 
	Parameter C_SLOT_3_HAS_BRESP bound to: 1 - type: integer 
	Parameter C_SLOT_3_HAS_BURST bound to: 1 - type: integer 
	Parameter C_SLOT_3_HAS_CACHE bound to: 1 - type: integer 
	Parameter C_SLOT_3_HAS_LOCK bound to: 1 - type: integer 
	Parameter C_SLOT_3_HAS_PROT bound to: 1 - type: integer 
	Parameter C_SLOT_3_HAS_QOS bound to: 1 - type: integer 
	Parameter C_SLOT_3_HAS_REGION bound to: 1 - type: integer 
	Parameter C_SLOT_3_HAS_RRESP bound to: 1 - type: integer 
	Parameter C_SLOT_3_HAS_WSTRB bound to: 1 - type: integer 
	Parameter C_SLOT_3_HAS_TKEEP bound to: 1 - type: integer 
	Parameter C_SLOT_3_HAS_TSTRB bound to: 1 - type: integer 
	Parameter C_SLOT_3_HAS_TREADY bound to: 1 - type: integer 
	Parameter C_SLOT_3_AXIS_TDATA_WIDTH bound to: 32 - type: integer 
	Parameter C_SLOT_3_AXIS_TID_WIDTH bound to: 1 - type: integer 
	Parameter C_SLOT_3_AXIS_TDEST_WIDTH bound to: 1 - type: integer 
	Parameter C_SLOT_3_AXIS_TUSER_WIDTH bound to: 1 - type: integer 
	Parameter C_SLOT_4_AXI_ADDR_WIDTH bound to: 32 - type: integer 
	Parameter C_SLOT_4_AXI_DATA_WIDTH bound to: 32 - type: integer 
	Parameter C_SLOT_4_AXI_AWUSER_WIDTH bound to: 1 - type: integer 
	Parameter C_SLOT_4_AXI_WUSER_WIDTH bound to: 1 - type: integer 
	Parameter C_SLOT_4_AXI_BUSER_WIDTH bound to: 1 - type: integer 
	Parameter C_SLOT_4_AXI_ARUSER_WIDTH bound to: 1 - type: integer 
	Parameter C_SLOT_4_AXI_RUSER_WIDTH bound to: 1 - type: integer 
	Parameter C_SLOT_4_AXI_AXLEN_WIDTH bound to: 8 - type: integer 
	Parameter C_SLOT_4_AXI_AXLOCK_WIDTH bound to: 1 - type: integer 
	Parameter C_SLOT_4_AXI_ID_WIDTH bound to: 1 - type: integer 
	Parameter C_SLOT_4_AXI_PROTOCOL bound to: AXI4 - type: string 
	Parameter C_SLOT_4_MAX_RD_BURSTS bound to: 5 - type: integer 
	Parameter C_SLOT_4_MAX_WR_BURSTS bound to: 5 - type: integer 
	Parameter C_SLOT_4_TXN_CNTR_EN bound to: 1 - type: integer 
	Parameter C_SLOT_4_HAS_BRESP bound to: 1 - type: integer 
	Parameter C_SLOT_4_HAS_BURST bound to: 1 - type: integer 
	Parameter C_SLOT_4_HAS_CACHE bound to: 1 - type: integer 
	Parameter C_SLOT_4_HAS_LOCK bound to: 1 - type: integer 
	Parameter C_SLOT_4_HAS_PROT bound to: 1 - type: integer 
	Parameter C_SLOT_4_HAS_QOS bound to: 1 - type: integer 
	Parameter C_SLOT_4_HAS_REGION bound to: 1 - type: integer 
	Parameter C_SLOT_4_HAS_RRESP bound to: 1 - type: integer 
	Parameter C_SLOT_4_HAS_WSTRB bound to: 1 - type: integer 
	Parameter C_SLOT_4_HAS_TKEEP bound to: 1 - type: integer 
	Parameter C_SLOT_4_HAS_TSTRB bound to: 1 - type: integer 
	Parameter C_SLOT_4_HAS_TREADY bound to: 1 - type: integer 
	Parameter C_SLOT_4_AXIS_TDATA_WIDTH bound to: 32 - type: integer 
	Parameter C_SLOT_4_AXIS_TID_WIDTH bound to: 1 - type: integer 
	Parameter C_SLOT_4_AXIS_TDEST_WIDTH bound to: 1 - type: integer 
	Parameter C_SLOT_4_AXIS_TUSER_WIDTH bound to: 1 - type: integer 
	Parameter C_SLOT_5_AXI_ADDR_WIDTH bound to: 32 - type: integer 
	Parameter C_SLOT_5_AXI_DATA_WIDTH bound to: 32 - type: integer 
	Parameter C_SLOT_5_AXI_AWUSER_WIDTH bound to: 1 - type: integer 
	Parameter C_SLOT_5_AXI_WUSER_WIDTH bound to: 1 - type: integer 
	Parameter C_SLOT_5_AXI_BUSER_WIDTH bound to: 1 - type: integer 
	Parameter C_SLOT_5_AXI_ARUSER_WIDTH bound to: 1 - type: integer 
	Parameter C_SLOT_5_AXI_RUSER_WIDTH bound to: 1 - type: integer 
	Parameter C_SLOT_5_AXI_AXLEN_WIDTH bound to: 8 - type: integer 
	Parameter C_SLOT_5_AXI_AXLOCK_WIDTH bound to: 1 - type: integer 
	Parameter C_SLOT_5_AXI_ID_WIDTH bound to: 1 - type: integer 
	Parameter C_SLOT_5_AXI_PROTOCOL bound to: AXI4 - type: string 
	Parameter C_SLOT_5_MAX_RD_BURSTS bound to: 5 - type: integer 
	Parameter C_SLOT_5_MAX_WR_BURSTS bound to: 5 - type: integer 
	Parameter C_SLOT_5_TXN_CNTR_EN bound to: 1 - type: integer 
	Parameter C_SLOT_5_HAS_BRESP bound to: 1 - type: integer 
	Parameter C_SLOT_5_HAS_BURST bound to: 1 - type: integer 
	Parameter C_SLOT_5_HAS_CACHE bound to: 1 - type: integer 
	Parameter C_SLOT_5_HAS_LOCK bound to: 1 - type: integer 
	Parameter C_SLOT_5_HAS_PROT bound to: 1 - type: integer 
	Parameter C_SLOT_5_HAS_QOS bound to: 1 - type: integer 
	Parameter C_SLOT_5_HAS_REGION bound to: 1 - type: integer 
	Parameter C_SLOT_5_HAS_RRESP bound to: 1 - type: integer 
	Parameter C_SLOT_5_HAS_WSTRB bound to: 1 - type: integer 
	Parameter C_SLOT_5_HAS_TKEEP bound to: 1 - type: integer 
	Parameter C_SLOT_5_HAS_TSTRB bound to: 1 - type: integer 
	Parameter C_SLOT_5_HAS_TREADY bound to: 1 - type: integer 
	Parameter C_SLOT_5_AXIS_TDATA_WIDTH bound to: 32 - type: integer 
	Parameter C_SLOT_5_AXIS_TID_WIDTH bound to: 1 - type: integer 
	Parameter C_SLOT_5_AXIS_TDEST_WIDTH bound to: 1 - type: integer 
	Parameter C_SLOT_5_AXIS_TUSER_WIDTH bound to: 1 - type: integer 
	Parameter C_SLOT_6_AXI_ADDR_WIDTH bound to: 32 - type: integer 
	Parameter C_SLOT_6_AXI_DATA_WIDTH bound to: 32 - type: integer 
	Parameter C_SLOT_6_AXI_AWUSER_WIDTH bound to: 1 - type: integer 
	Parameter C_SLOT_6_AXI_WUSER_WIDTH bound to: 1 - type: integer 
	Parameter C_SLOT_6_AXI_BUSER_WIDTH bound to: 1 - type: integer 
	Parameter C_SLOT_6_AXI_ARUSER_WIDTH bound to: 1 - type: integer 
	Parameter C_SLOT_6_AXI_RUSER_WIDTH bound to: 1 - type: integer 
	Parameter C_SLOT_6_AXI_AXLEN_WIDTH bound to: 8 - type: integer 
	Parameter C_SLOT_6_AXI_AXLOCK_WIDTH bound to: 1 - type: integer 
	Parameter C_SLOT_6_AXI_ID_WIDTH bound to: 1 - type: integer 
	Parameter C_SLOT_6_AXI_PROTOCOL bound to: AXI4 - type: string 
	Parameter C_SLOT_6_MAX_RD_BURSTS bound to: 5 - type: integer 
	Parameter C_SLOT_6_MAX_WR_BURSTS bound to: 5 - type: integer 
	Parameter C_SLOT_6_TXN_CNTR_EN bound to: 1 - type: integer 
	Parameter C_SLOT_6_HAS_BRESP bound to: 1 - type: integer 
	Parameter C_SLOT_6_HAS_BURST bound to: 1 - type: integer 
	Parameter C_SLOT_6_HAS_CACHE bound to: 1 - type: integer 
	Parameter C_SLOT_6_HAS_LOCK bound to: 1 - type: integer 
	Parameter C_SLOT_6_HAS_PROT bound to: 1 - type: integer 
	Parameter C_SLOT_6_HAS_QOS bound to: 1 - type: integer 
	Parameter C_SLOT_6_HAS_REGION bound to: 1 - type: integer 
	Parameter C_SLOT_6_HAS_RRESP bound to: 1 - type: integer 
	Parameter C_SLOT_6_HAS_WSTRB bound to: 1 - type: integer 
	Parameter C_SLOT_6_HAS_TKEEP bound to: 1 - type: integer 
	Parameter C_SLOT_6_HAS_TSTRB bound to: 1 - type: integer 
	Parameter C_SLOT_6_HAS_TREADY bound to: 1 - type: integer 
	Parameter C_SLOT_6_AXIS_TDATA_WIDTH bound to: 32 - type: integer 
	Parameter C_SLOT_6_AXIS_TID_WIDTH bound to: 1 - type: integer 
	Parameter C_SLOT_6_AXIS_TDEST_WIDTH bound to: 1 - type: integer 
	Parameter C_SLOT_6_AXIS_TUSER_WIDTH bound to: 1 - type: integer 
	Parameter C_SLOT_7_AXI_ADDR_WIDTH bound to: 32 - type: integer 
	Parameter C_SLOT_7_AXI_DATA_WIDTH bound to: 32 - type: integer 
	Parameter C_SLOT_7_AXI_AWUSER_WIDTH bound to: 1 - type: integer 
	Parameter C_SLOT_7_AXI_WUSER_WIDTH bound to: 1 - type: integer 
	Parameter C_SLOT_7_AXI_BUSER_WIDTH bound to: 1 - type: integer 
	Parameter C_SLOT_7_AXI_ARUSER_WIDTH bound to: 1 - type: integer 
	Parameter C_SLOT_7_AXI_RUSER_WIDTH bound to: 1 - type: integer 
	Parameter C_SLOT_7_AXI_AXLEN_WIDTH bound to: 8 - type: integer 
	Parameter C_SLOT_7_AXI_AXLOCK_WIDTH bound to: 1 - type: integer 
	Parameter C_SLOT_7_AXI_ID_WIDTH bound to: 1 - type: integer 
	Parameter C_SLOT_7_AXI_PROTOCOL bound to: AXI4 - type: string 
	Parameter C_SLOT_7_MAX_RD_BURSTS bound to: 5 - type: integer 
	Parameter C_SLOT_7_MAX_WR_BURSTS bound to: 5 - type: integer 
	Parameter C_SLOT_7_TXN_CNTR_EN bound to: 1 - type: integer 
	Parameter C_SLOT_7_HAS_BRESP bound to: 1 - type: integer 
	Parameter C_SLOT_7_HAS_BURST bound to: 1 - type: integer 
	Parameter C_SLOT_7_HAS_CACHE bound to: 1 - type: integer 
	Parameter C_SLOT_7_HAS_LOCK bound to: 1 - type: integer 
	Parameter C_SLOT_7_HAS_PROT bound to: 1 - type: integer 
	Parameter C_SLOT_7_HAS_QOS bound to: 1 - type: integer 
	Parameter C_SLOT_7_HAS_REGION bound to: 1 - type: integer 
	Parameter C_SLOT_7_HAS_RRESP bound to: 1 - type: integer 
	Parameter C_SLOT_7_HAS_WSTRB bound to: 1 - type: integer 
	Parameter C_SLOT_7_HAS_TKEEP bound to: 1 - type: integer 
	Parameter C_SLOT_7_HAS_TSTRB bound to: 1 - type: integer 
	Parameter C_SLOT_7_HAS_TREADY bound to: 1 - type: integer 
	Parameter C_SLOT_7_AXIS_TDATA_WIDTH bound to: 32 - type: integer 
	Parameter C_SLOT_7_AXIS_TID_WIDTH bound to: 1 - type: integer 
	Parameter C_SLOT_7_AXIS_TDEST_WIDTH bound to: 1 - type: integer 
	Parameter C_SLOT_7_AXIS_TUSER_WIDTH bound to: 1 - type: integer 
	Parameter C_SLOT_8_AXI_ADDR_WIDTH bound to: 32 - type: integer 
	Parameter C_SLOT_8_AXI_DATA_WIDTH bound to: 32 - type: integer 
	Parameter C_SLOT_8_AXI_AWUSER_WIDTH bound to: 1 - type: integer 
	Parameter C_SLOT_8_AXI_WUSER_WIDTH bound to: 1 - type: integer 
	Parameter C_SLOT_8_AXI_BUSER_WIDTH bound to: 1 - type: integer 
	Parameter C_SLOT_8_AXI_ARUSER_WIDTH bound to: 1 - type: integer 
	Parameter C_SLOT_8_AXI_RUSER_WIDTH bound to: 1 - type: integer 
	Parameter C_SLOT_8_AXI_AXLEN_WIDTH bound to: 8 - type: integer 
	Parameter C_SLOT_8_AXI_AXLOCK_WIDTH bound to: 1 - type: integer 
	Parameter C_SLOT_8_AXI_ID_WIDTH bound to: 1 - type: integer 
	Parameter C_SLOT_8_AXI_PROTOCOL bound to: AXI4 - type: string 
	Parameter C_SLOT_8_MAX_RD_BURSTS bound to: 5 - type: integer 
	Parameter C_SLOT_8_MAX_WR_BURSTS bound to: 5 - type: integer 
	Parameter C_SLOT_8_TXN_CNTR_EN bound to: 1 - type: integer 
	Parameter C_SLOT_8_HAS_BRESP bound to: 1 - type: integer 
	Parameter C_SLOT_8_HAS_BURST bound to: 1 - type: integer 
	Parameter C_SLOT_8_HAS_CACHE bound to: 1 - type: integer 
	Parameter C_SLOT_8_HAS_LOCK bound to: 1 - type: integer 
	Parameter C_SLOT_8_HAS_PROT bound to: 1 - type: integer 
	Parameter C_SLOT_8_HAS_QOS bound to: 1 - type: integer 
	Parameter C_SLOT_8_HAS_REGION bound to: 1 - type: integer 
	Parameter C_SLOT_8_HAS_RRESP bound to: 1 - type: integer 
	Parameter C_SLOT_8_HAS_WSTRB bound to: 1 - type: integer 
	Parameter C_SLOT_8_HAS_TKEEP bound to: 1 - type: integer 
	Parameter C_SLOT_8_HAS_TSTRB bound to: 1 - type: integer 
	Parameter C_SLOT_8_HAS_TREADY bound to: 1 - type: integer 
	Parameter C_SLOT_8_AXIS_TDATA_WIDTH bound to: 32 - type: integer 
	Parameter C_SLOT_8_AXIS_TID_WIDTH bound to: 1 - type: integer 
	Parameter C_SLOT_8_AXIS_TDEST_WIDTH bound to: 1 - type: integer 
	Parameter C_SLOT_8_AXIS_TUSER_WIDTH bound to: 1 - type: integer 
	Parameter C_SLOT_9_AXI_ADDR_WIDTH bound to: 32 - type: integer 
	Parameter C_SLOT_9_AXI_DATA_WIDTH bound to: 32 - type: integer 
	Parameter C_SLOT_9_AXI_AWUSER_WIDTH bound to: 1 - type: integer 
	Parameter C_SLOT_9_AXI_WUSER_WIDTH bound to: 1 - type: integer 
	Parameter C_SLOT_9_AXI_BUSER_WIDTH bound to: 1 - type: integer 
	Parameter C_SLOT_9_AXI_ARUSER_WIDTH bound to: 1 - type: integer 
	Parameter C_SLOT_9_AXI_RUSER_WIDTH bound to: 1 - type: integer 
	Parameter C_SLOT_9_AXI_AXLEN_WIDTH bound to: 8 - type: integer 
	Parameter C_SLOT_9_AXI_AXLOCK_WIDTH bound to: 1 - type: integer 
	Parameter C_SLOT_9_AXI_ID_WIDTH bound to: 1 - type: integer 
	Parameter C_SLOT_9_AXI_PROTOCOL bound to: AXI4 - type: string 
	Parameter C_SLOT_9_MAX_RD_BURSTS bound to: 5 - type: integer 
	Parameter C_SLOT_9_MAX_WR_BURSTS bound to: 5 - type: integer 
	Parameter C_SLOT_9_TXN_CNTR_EN bound to: 1 - type: integer 
	Parameter C_SLOT_9_HAS_BRESP bound to: 1 - type: integer 
	Parameter C_SLOT_9_HAS_BURST bound to: 1 - type: integer 
	Parameter C_SLOT_9_HAS_CACHE bound to: 1 - type: integer 
	Parameter C_SLOT_9_HAS_LOCK bound to: 1 - type: integer 
	Parameter C_SLOT_9_HAS_PROT bound to: 1 - type: integer 
	Parameter C_SLOT_9_HAS_QOS bound to: 1 - type: integer 
	Parameter C_SLOT_9_HAS_REGION bound to: 1 - type: integer 
	Parameter C_SLOT_9_HAS_RRESP bound to: 1 - type: integer 
	Parameter C_SLOT_9_HAS_WSTRB bound to: 1 - type: integer 
	Parameter C_SLOT_9_HAS_TKEEP bound to: 1 - type: integer 
	Parameter C_SLOT_9_HAS_TSTRB bound to: 1 - type: integer 
	Parameter C_SLOT_9_HAS_TREADY bound to: 1 - type: integer 
	Parameter C_SLOT_9_AXIS_TDATA_WIDTH bound to: 32 - type: integer 
	Parameter C_SLOT_9_AXIS_TID_WIDTH bound to: 1 - type: integer 
	Parameter C_SLOT_9_AXIS_TDEST_WIDTH bound to: 1 - type: integer 
	Parameter C_SLOT_9_AXIS_TUSER_WIDTH bound to: 1 - type: integer 
	Parameter C_SLOT_10_AXI_ADDR_WIDTH bound to: 32 - type: integer 
	Parameter C_SLOT_10_AXI_DATA_WIDTH bound to: 32 - type: integer 
	Parameter C_SLOT_10_AXI_AWUSER_WIDTH bound to: 1 - type: integer 
	Parameter C_SLOT_10_AXI_WUSER_WIDTH bound to: 1 - type: integer 
	Parameter C_SLOT_10_AXI_BUSER_WIDTH bound to: 1 - type: integer 
	Parameter C_SLOT_10_AXI_ARUSER_WIDTH bound to: 1 - type: integer 
	Parameter C_SLOT_10_AXI_RUSER_WIDTH bound to: 1 - type: integer 
	Parameter C_SLOT_10_AXI_AXLEN_WIDTH bound to: 8 - type: integer 
	Parameter C_SLOT_10_AXI_AXLOCK_WIDTH bound to: 1 - type: integer 
	Parameter C_SLOT_10_AXI_ID_WIDTH bound to: 1 - type: integer 
	Parameter C_SLOT_10_AXI_PROTOCOL bound to: AXI4 - type: string 
	Parameter C_SLOT_10_MAX_RD_BURSTS bound to: 5 - type: integer 
	Parameter C_SLOT_10_MAX_WR_BURSTS bound to: 5 - type: integer 
	Parameter C_SLOT_10_TXN_CNTR_EN bound to: 1 - type: integer 
	Parameter C_SLOT_10_HAS_BRESP bound to: 1 - type: integer 
	Parameter C_SLOT_10_HAS_BURST bound to: 1 - type: integer 
	Parameter C_SLOT_10_HAS_CACHE bound to: 1 - type: integer 
	Parameter C_SLOT_10_HAS_LOCK bound to: 1 - type: integer 
	Parameter C_SLOT_10_HAS_PROT bound to: 1 - type: integer 
	Parameter C_SLOT_10_HAS_QOS bound to: 1 - type: integer 
	Parameter C_SLOT_10_HAS_REGION bound to: 1 - type: integer 
	Parameter C_SLOT_10_HAS_RRESP bound to: 1 - type: integer 
	Parameter C_SLOT_10_HAS_WSTRB bound to: 1 - type: integer 
	Parameter C_SLOT_10_HAS_TKEEP bound to: 1 - type: integer 
	Parameter C_SLOT_10_HAS_TSTRB bound to: 1 - type: integer 
	Parameter C_SLOT_10_HAS_TREADY bound to: 1 - type: integer 
	Parameter C_SLOT_10_AXIS_TDATA_WIDTH bound to: 32 - type: integer 
	Parameter C_SLOT_10_AXIS_TID_WIDTH bound to: 1 - type: integer 
	Parameter C_SLOT_10_AXIS_TDEST_WIDTH bound to: 1 - type: integer 
	Parameter C_SLOT_10_AXIS_TUSER_WIDTH bound to: 1 - type: integer 
	Parameter C_SLOT_11_AXI_ADDR_WIDTH bound to: 32 - type: integer 
	Parameter C_SLOT_11_AXI_DATA_WIDTH bound to: 32 - type: integer 
	Parameter C_SLOT_11_AXI_AWUSER_WIDTH bound to: 1 - type: integer 
	Parameter C_SLOT_11_AXI_WUSER_WIDTH bound to: 1 - type: integer 
	Parameter C_SLOT_11_AXI_BUSER_WIDTH bound to: 1 - type: integer 
	Parameter C_SLOT_11_AXI_ARUSER_WIDTH bound to: 1 - type: integer 
	Parameter C_SLOT_11_AXI_RUSER_WIDTH bound to: 1 - type: integer 
	Parameter C_SLOT_11_AXI_AXLEN_WIDTH bound to: 8 - type: integer 
	Parameter C_SLOT_11_AXI_AXLOCK_WIDTH bound to: 1 - type: integer 
	Parameter C_SLOT_11_AXI_ID_WIDTH bound to: 1 - type: integer 
	Parameter C_SLOT_11_AXI_PROTOCOL bound to: AXI4 - type: string 
	Parameter C_SLOT_11_MAX_RD_BURSTS bound to: 5 - type: integer 
	Parameter C_SLOT_11_MAX_WR_BURSTS bound to: 5 - type: integer 
	Parameter C_SLOT_11_TXN_CNTR_EN bound to: 1 - type: integer 
	Parameter C_SLOT_11_HAS_BRESP bound to: 1 - type: integer 
	Parameter C_SLOT_11_HAS_BURST bound to: 1 - type: integer 
	Parameter C_SLOT_11_HAS_CACHE bound to: 1 - type: integer 
	Parameter C_SLOT_11_HAS_LOCK bound to: 1 - type: integer 
	Parameter C_SLOT_11_HAS_PROT bound to: 1 - type: integer 
	Parameter C_SLOT_11_HAS_QOS bound to: 1 - type: integer 
	Parameter C_SLOT_11_HAS_REGION bound to: 1 - type: integer 
	Parameter C_SLOT_11_HAS_RRESP bound to: 1 - type: integer 
	Parameter C_SLOT_11_HAS_WSTRB bound to: 1 - type: integer 
	Parameter C_SLOT_11_HAS_TKEEP bound to: 1 - type: integer 
	Parameter C_SLOT_11_HAS_TSTRB bound to: 1 - type: integer 
	Parameter C_SLOT_11_HAS_TREADY bound to: 1 - type: integer 
	Parameter C_SLOT_11_AXIS_TDATA_WIDTH bound to: 32 - type: integer 
	Parameter C_SLOT_11_AXIS_TID_WIDTH bound to: 1 - type: integer 
	Parameter C_SLOT_11_AXIS_TDEST_WIDTH bound to: 1 - type: integer 
	Parameter C_SLOT_11_AXIS_TUSER_WIDTH bound to: 1 - type: integer 
	Parameter C_SLOT_12_AXI_ADDR_WIDTH bound to: 32 - type: integer 
	Parameter C_SLOT_12_AXI_DATA_WIDTH bound to: 32 - type: integer 
	Parameter C_SLOT_12_AXI_AWUSER_WIDTH bound to: 1 - type: integer 
	Parameter C_SLOT_12_AXI_WUSER_WIDTH bound to: 1 - type: integer 
	Parameter C_SLOT_12_AXI_BUSER_WIDTH bound to: 1 - type: integer 
	Parameter C_SLOT_12_AXI_ARUSER_WIDTH bound to: 1 - type: integer 
	Parameter C_SLOT_12_AXI_RUSER_WIDTH bound to: 1 - type: integer 
	Parameter C_SLOT_12_AXI_AXLEN_WIDTH bound to: 8 - type: integer 
	Parameter C_SLOT_12_AXI_AXLOCK_WIDTH bound to: 1 - type: integer 
	Parameter C_SLOT_12_AXI_ID_WIDTH bound to: 1 - type: integer 
	Parameter C_SLOT_12_AXI_PROTOCOL bound to: AXI4 - type: string 
	Parameter C_SLOT_12_MAX_RD_BURSTS bound to: 5 - type: integer 
	Parameter C_SLOT_12_MAX_WR_BURSTS bound to: 5 - type: integer 
	Parameter C_SLOT_12_TXN_CNTR_EN bound to: 1 - type: integer 
	Parameter C_SLOT_12_HAS_BRESP bound to: 1 - type: integer 
	Parameter C_SLOT_12_HAS_BURST bound to: 1 - type: integer 
	Parameter C_SLOT_12_HAS_CACHE bound to: 1 - type: integer 
	Parameter C_SLOT_12_HAS_LOCK bound to: 1 - type: integer 
	Parameter C_SLOT_12_HAS_PROT bound to: 1 - type: integer 
	Parameter C_SLOT_12_HAS_QOS bound to: 1 - type: integer 
	Parameter C_SLOT_12_HAS_REGION bound to: 1 - type: integer 
	Parameter C_SLOT_12_HAS_RRESP bound to: 1 - type: integer 
	Parameter C_SLOT_12_HAS_WSTRB bound to: 1 - type: integer 
	Parameter C_SLOT_12_HAS_TKEEP bound to: 1 - type: integer 
	Parameter C_SLOT_12_HAS_TSTRB bound to: 1 - type: integer 
	Parameter C_SLOT_12_HAS_TREADY bound to: 1 - type: integer 
	Parameter C_SLOT_12_AXIS_TDATA_WIDTH bound to: 32 - type: integer 
	Parameter C_SLOT_12_AXIS_TID_WIDTH bound to: 1 - type: integer 
	Parameter C_SLOT_12_AXIS_TDEST_WIDTH bound to: 1 - type: integer 
	Parameter C_SLOT_12_AXIS_TUSER_WIDTH bound to: 1 - type: integer 
	Parameter C_SLOT_13_AXI_ADDR_WIDTH bound to: 32 - type: integer 
	Parameter C_SLOT_13_AXI_DATA_WIDTH bound to: 32 - type: integer 
	Parameter C_SLOT_13_AXI_AWUSER_WIDTH bound to: 1 - type: integer 
	Parameter C_SLOT_13_AXI_WUSER_WIDTH bound to: 1 - type: integer 
	Parameter C_SLOT_13_AXI_BUSER_WIDTH bound to: 1 - type: integer 
	Parameter C_SLOT_13_AXI_ARUSER_WIDTH bound to: 1 - type: integer 
	Parameter C_SLOT_13_AXI_RUSER_WIDTH bound to: 1 - type: integer 
	Parameter C_SLOT_13_AXI_AXLEN_WIDTH bound to: 8 - type: integer 
	Parameter C_SLOT_13_AXI_AXLOCK_WIDTH bound to: 1 - type: integer 
	Parameter C_SLOT_13_AXI_ID_WIDTH bound to: 1 - type: integer 
	Parameter C_SLOT_13_AXI_PROTOCOL bound to: AXI4 - type: string 
	Parameter C_SLOT_13_MAX_RD_BURSTS bound to: 5 - type: integer 
	Parameter C_SLOT_13_MAX_WR_BURSTS bound to: 5 - type: integer 
	Parameter C_SLOT_13_TXN_CNTR_EN bound to: 1 - type: integer 
	Parameter C_SLOT_13_HAS_BRESP bound to: 1 - type: integer 
	Parameter C_SLOT_13_HAS_BURST bound to: 1 - type: integer 
	Parameter C_SLOT_13_HAS_CACHE bound to: 1 - type: integer 
	Parameter C_SLOT_13_HAS_LOCK bound to: 1 - type: integer 
	Parameter C_SLOT_13_HAS_PROT bound to: 1 - type: integer 
	Parameter C_SLOT_13_HAS_QOS bound to: 1 - type: integer 
	Parameter C_SLOT_13_HAS_REGION bound to: 1 - type: integer 
	Parameter C_SLOT_13_HAS_RRESP bound to: 1 - type: integer 
	Parameter C_SLOT_13_HAS_WSTRB bound to: 1 - type: integer 
	Parameter C_SLOT_13_HAS_TKEEP bound to: 1 - type: integer 
	Parameter C_SLOT_13_HAS_TSTRB bound to: 1 - type: integer 
	Parameter C_SLOT_13_HAS_TREADY bound to: 1 - type: integer 
	Parameter C_SLOT_13_AXIS_TDATA_WIDTH bound to: 32 - type: integer 
	Parameter C_SLOT_13_AXIS_TID_WIDTH bound to: 1 - type: integer 
	Parameter C_SLOT_13_AXIS_TDEST_WIDTH bound to: 1 - type: integer 
	Parameter C_SLOT_13_AXIS_TUSER_WIDTH bound to: 1 - type: integer 
	Parameter C_SLOT_14_AXI_ADDR_WIDTH bound to: 32 - type: integer 
	Parameter C_SLOT_14_AXI_DATA_WIDTH bound to: 32 - type: integer 
	Parameter C_SLOT_14_AXI_AWUSER_WIDTH bound to: 1 - type: integer 
	Parameter C_SLOT_14_AXI_WUSER_WIDTH bound to: 1 - type: integer 
	Parameter C_SLOT_14_AXI_BUSER_WIDTH bound to: 1 - type: integer 
	Parameter C_SLOT_14_AXI_ARUSER_WIDTH bound to: 1 - type: integer 
	Parameter C_SLOT_14_AXI_RUSER_WIDTH bound to: 1 - type: integer 
	Parameter C_SLOT_14_AXI_AXLEN_WIDTH bound to: 8 - type: integer 
	Parameter C_SLOT_14_AXI_AXLOCK_WIDTH bound to: 1 - type: integer 
	Parameter C_SLOT_14_AXI_ID_WIDTH bound to: 1 - type: integer 
	Parameter C_SLOT_14_AXI_PROTOCOL bound to: AXI4 - type: string 
	Parameter C_SLOT_14_MAX_RD_BURSTS bound to: 5 - type: integer 
	Parameter C_SLOT_14_MAX_WR_BURSTS bound to: 5 - type: integer 
	Parameter C_SLOT_14_TXN_CNTR_EN bound to: 1 - type: integer 
	Parameter C_SLOT_14_HAS_BRESP bound to: 1 - type: integer 
	Parameter C_SLOT_14_HAS_BURST bound to: 1 - type: integer 
	Parameter C_SLOT_14_HAS_CACHE bound to: 1 - type: integer 
	Parameter C_SLOT_14_HAS_LOCK bound to: 1 - type: integer 
	Parameter C_SLOT_14_HAS_PROT bound to: 1 - type: integer 
	Parameter C_SLOT_14_HAS_QOS bound to: 1 - type: integer 
	Parameter C_SLOT_14_HAS_REGION bound to: 1 - type: integer 
	Parameter C_SLOT_14_HAS_RRESP bound to: 1 - type: integer 
	Parameter C_SLOT_14_HAS_WSTRB bound to: 1 - type: integer 
	Parameter C_SLOT_14_HAS_TKEEP bound to: 1 - type: integer 
	Parameter C_SLOT_14_HAS_TSTRB bound to: 1 - type: integer 
	Parameter C_SLOT_14_HAS_TREADY bound to: 1 - type: integer 
	Parameter C_SLOT_14_AXIS_TDATA_WIDTH bound to: 32 - type: integer 
	Parameter C_SLOT_14_AXIS_TID_WIDTH bound to: 1 - type: integer 
	Parameter C_SLOT_14_AXIS_TDEST_WIDTH bound to: 1 - type: integer 
	Parameter C_SLOT_14_AXIS_TUSER_WIDTH bound to: 1 - type: integer 
	Parameter C_SLOT_15_AXI_ADDR_WIDTH bound to: 32 - type: integer 
	Parameter C_SLOT_15_AXI_DATA_WIDTH bound to: 32 - type: integer 
	Parameter C_SLOT_15_AXI_AWUSER_WIDTH bound to: 1 - type: integer 
	Parameter C_SLOT_15_AXI_WUSER_WIDTH bound to: 1 - type: integer 
	Parameter C_SLOT_15_AXI_BUSER_WIDTH bound to: 1 - type: integer 
	Parameter C_SLOT_15_AXI_ARUSER_WIDTH bound to: 1 - type: integer 
	Parameter C_SLOT_15_AXI_RUSER_WIDTH bound to: 1 - type: integer 
	Parameter C_SLOT_15_AXI_AXLEN_WIDTH bound to: 8 - type: integer 
	Parameter C_SLOT_15_AXI_AXLOCK_WIDTH bound to: 1 - type: integer 
	Parameter C_SLOT_15_AXI_ID_WIDTH bound to: 1 - type: integer 
	Parameter C_SLOT_15_AXI_PROTOCOL bound to: AXI4 - type: string 
	Parameter C_SLOT_15_MAX_RD_BURSTS bound to: 5 - type: integer 
	Parameter C_SLOT_15_MAX_WR_BURSTS bound to: 5 - type: integer 
	Parameter C_SLOT_15_TXN_CNTR_EN bound to: 1 - type: integer 
	Parameter C_SLOT_15_HAS_BRESP bound to: 1 - type: integer 
	Parameter C_SLOT_15_HAS_BURST bound to: 1 - type: integer 
	Parameter C_SLOT_15_HAS_CACHE bound to: 1 - type: integer 
	Parameter C_SLOT_15_HAS_LOCK bound to: 1 - type: integer 
	Parameter C_SLOT_15_HAS_PROT bound to: 1 - type: integer 
	Parameter C_SLOT_15_HAS_QOS bound to: 1 - type: integer 
	Parameter C_SLOT_15_HAS_REGION bound to: 1 - type: integer 
	Parameter C_SLOT_15_HAS_RRESP bound to: 1 - type: integer 
	Parameter C_SLOT_15_HAS_WSTRB bound to: 1 - type: integer 
	Parameter C_SLOT_15_HAS_TKEEP bound to: 1 - type: integer 
	Parameter C_SLOT_15_HAS_TSTRB bound to: 1 - type: integer 
	Parameter C_SLOT_15_HAS_TREADY bound to: 1 - type: integer 
	Parameter C_SLOT_15_AXIS_TDATA_WIDTH bound to: 32 - type: integer 
	Parameter C_SLOT_15_AXIS_TID_WIDTH bound to: 1 - type: integer 
	Parameter C_SLOT_15_AXIS_TDEST_WIDTH bound to: 1 - type: integer 
	Parameter C_SLOT_15_AXIS_TUSER_WIDTH bound to: 1 - type: integer 
	Parameter C_EN_GIGAMUX bound to: 1'b0 
WARNING: [Synth 8-3848] Net probe_out0 in module/entity bd_384c_g_inst_0_gigantic_mux does not have driver. [d:/Sem_6/AELD/Labs/Midsem_Prep/HP_only/HP_only.srcs/sources_1/bd/design_1/ip/design_1_system_ila_0/bd_0/ip/ip_1/bd_384c_g_inst_0_gigantic_mux.v:1985]
WARNING: [Synth 8-3848] Net probe_out1 in module/entity bd_384c_g_inst_0_gigantic_mux does not have driver. [d:/Sem_6/AELD/Labs/Midsem_Prep/HP_only/HP_only.srcs/sources_1/bd/design_1/ip/design_1_system_ila_0/bd_0/ip/ip_1/bd_384c_g_inst_0_gigantic_mux.v:1986]
WARNING: [Synth 8-3848] Net probe_out2 in module/entity bd_384c_g_inst_0_gigantic_mux does not have driver. [d:/Sem_6/AELD/Labs/Midsem_Prep/HP_only/HP_only.srcs/sources_1/bd/design_1/ip/design_1_system_ila_0/bd_0/ip/ip_1/bd_384c_g_inst_0_gigantic_mux.v:1987]
WARNING: [Synth 8-3848] Net probe_out3 in module/entity bd_384c_g_inst_0_gigantic_mux does not have driver. [d:/Sem_6/AELD/Labs/Midsem_Prep/HP_only/HP_only.srcs/sources_1/bd/design_1/ip/design_1_system_ila_0/bd_0/ip/ip_1/bd_384c_g_inst_0_gigantic_mux.v:1988]
WARNING: [Synth 8-3848] Net probe_out4 in module/entity bd_384c_g_inst_0_gigantic_mux does not have driver. [d:/Sem_6/AELD/Labs/Midsem_Prep/HP_only/HP_only.srcs/sources_1/bd/design_1/ip/design_1_system_ila_0/bd_0/ip/ip_1/bd_384c_g_inst_0_gigantic_mux.v:1989]
WARNING: [Synth 8-3848] Net probe_out5 in module/entity bd_384c_g_inst_0_gigantic_mux does not have driver. [d:/Sem_6/AELD/Labs/Midsem_Prep/HP_only/HP_only.srcs/sources_1/bd/design_1/ip/design_1_system_ila_0/bd_0/ip/ip_1/bd_384c_g_inst_0_gigantic_mux.v:1990]
WARNING: [Synth 8-3848] Net probe_out6 in module/entity bd_384c_g_inst_0_gigantic_mux does not have driver. [d:/Sem_6/AELD/Labs/Midsem_Prep/HP_only/HP_only.srcs/sources_1/bd/design_1/ip/design_1_system_ila_0/bd_0/ip/ip_1/bd_384c_g_inst_0_gigantic_mux.v:1991]
WARNING: [Synth 8-3848] Net probe_out7 in module/entity bd_384c_g_inst_0_gigantic_mux does not have driver. [d:/Sem_6/AELD/Labs/Midsem_Prep/HP_only/HP_only.srcs/sources_1/bd/design_1/ip/design_1_system_ila_0/bd_0/ip/ip_1/bd_384c_g_inst_0_gigantic_mux.v:1992]
WARNING: [Synth 8-3848] Net probe_out8 in module/entity bd_384c_g_inst_0_gigantic_mux does not have driver. [d:/Sem_6/AELD/Labs/Midsem_Prep/HP_only/HP_only.srcs/sources_1/bd/design_1/ip/design_1_system_ila_0/bd_0/ip/ip_1/bd_384c_g_inst_0_gigantic_mux.v:1993]
WARNING: [Synth 8-3848] Net probe_out9 in module/entity bd_384c_g_inst_0_gigantic_mux does not have driver. [d:/Sem_6/AELD/Labs/Midsem_Prep/HP_only/HP_only.srcs/sources_1/bd/design_1/ip/design_1_system_ila_0/bd_0/ip/ip_1/bd_384c_g_inst_0_gigantic_mux.v:1994]
WARNING: [Synth 8-3848] Net probe_out10 in module/entity bd_384c_g_inst_0_gigantic_mux does not have driver. [d:/Sem_6/AELD/Labs/Midsem_Prep/HP_only/HP_only.srcs/sources_1/bd/design_1/ip/design_1_system_ila_0/bd_0/ip/ip_1/bd_384c_g_inst_0_gigantic_mux.v:1995]
WARNING: [Synth 8-3848] Net probe_out11 in module/entity bd_384c_g_inst_0_gigantic_mux does not have driver. [d:/Sem_6/AELD/Labs/Midsem_Prep/HP_only/HP_only.srcs/sources_1/bd/design_1/ip/design_1_system_ila_0/bd_0/ip/ip_1/bd_384c_g_inst_0_gigantic_mux.v:1996]
WARNING: [Synth 8-3848] Net probe_out12 in module/entity bd_384c_g_inst_0_gigantic_mux does not have driver. [d:/Sem_6/AELD/Labs/Midsem_Prep/HP_only/HP_only.srcs/sources_1/bd/design_1/ip/design_1_system_ila_0/bd_0/ip/ip_1/bd_384c_g_inst_0_gigantic_mux.v:1997]
WARNING: [Synth 8-3848] Net probe_out13 in module/entity bd_384c_g_inst_0_gigantic_mux does not have driver. [d:/Sem_6/AELD/Labs/Midsem_Prep/HP_only/HP_only.srcs/sources_1/bd/design_1/ip/design_1_system_ila_0/bd_0/ip/ip_1/bd_384c_g_inst_0_gigantic_mux.v:1998]
WARNING: [Synth 8-3848] Net probe_out14 in module/entity bd_384c_g_inst_0_gigantic_mux does not have driver. [d:/Sem_6/AELD/Labs/Midsem_Prep/HP_only/HP_only.srcs/sources_1/bd/design_1/ip/design_1_system_ila_0/bd_0/ip/ip_1/bd_384c_g_inst_0_gigantic_mux.v:1999]
WARNING: [Synth 8-3848] Net probe_out15 in module/entity bd_384c_g_inst_0_gigantic_mux does not have driver. [d:/Sem_6/AELD/Labs/Midsem_Prep/HP_only/HP_only.srcs/sources_1/bd/design_1/ip/design_1_system_ila_0/bd_0/ip/ip_1/bd_384c_g_inst_0_gigantic_mux.v:2000]
WARNING: [Synth 8-3848] Net probe_out16 in module/entity bd_384c_g_inst_0_gigantic_mux does not have driver. [d:/Sem_6/AELD/Labs/Midsem_Prep/HP_only/HP_only.srcs/sources_1/bd/design_1/ip/design_1_system_ila_0/bd_0/ip/ip_1/bd_384c_g_inst_0_gigantic_mux.v:2001]
WARNING: [Synth 8-3848] Net probe_out17 in module/entity bd_384c_g_inst_0_gigantic_mux does not have driver. [d:/Sem_6/AELD/Labs/Midsem_Prep/HP_only/HP_only.srcs/sources_1/bd/design_1/ip/design_1_system_ila_0/bd_0/ip/ip_1/bd_384c_g_inst_0_gigantic_mux.v:2002]
WARNING: [Synth 8-3848] Net probe_out18 in module/entity bd_384c_g_inst_0_gigantic_mux does not have driver. [d:/Sem_6/AELD/Labs/Midsem_Prep/HP_only/HP_only.srcs/sources_1/bd/design_1/ip/design_1_system_ila_0/bd_0/ip/ip_1/bd_384c_g_inst_0_gigantic_mux.v:2003]
WARNING: [Synth 8-3848] Net probe_out19 in module/entity bd_384c_g_inst_0_gigantic_mux does not have driver. [d:/Sem_6/AELD/Labs/Midsem_Prep/HP_only/HP_only.srcs/sources_1/bd/design_1/ip/design_1_system_ila_0/bd_0/ip/ip_1/bd_384c_g_inst_0_gigantic_mux.v:2004]
WARNING: [Synth 8-3848] Net probe_out20 in module/entity bd_384c_g_inst_0_gigantic_mux does not have driver. [d:/Sem_6/AELD/Labs/Midsem_Prep/HP_only/HP_only.srcs/sources_1/bd/design_1/ip/design_1_system_ila_0/bd_0/ip/ip_1/bd_384c_g_inst_0_gigantic_mux.v:2005]
WARNING: [Synth 8-3848] Net probe_out21 in module/entity bd_384c_g_inst_0_gigantic_mux does not have driver. [d:/Sem_6/AELD/Labs/Midsem_Prep/HP_only/HP_only.srcs/sources_1/bd/design_1/ip/design_1_system_ila_0/bd_0/ip/ip_1/bd_384c_g_inst_0_gigantic_mux.v:2006]
WARNING: [Synth 8-3848] Net probe_out22 in module/entity bd_384c_g_inst_0_gigantic_mux does not have driver. [d:/Sem_6/AELD/Labs/Midsem_Prep/HP_only/HP_only.srcs/sources_1/bd/design_1/ip/design_1_system_ila_0/bd_0/ip/ip_1/bd_384c_g_inst_0_gigantic_mux.v:2007]
WARNING: [Synth 8-3848] Net probe_out23 in module/entity bd_384c_g_inst_0_gigantic_mux does not have driver. [d:/Sem_6/AELD/Labs/Midsem_Prep/HP_only/HP_only.srcs/sources_1/bd/design_1/ip/design_1_system_ila_0/bd_0/ip/ip_1/bd_384c_g_inst_0_gigantic_mux.v:2008]
WARNING: [Synth 8-3848] Net probe_out24 in module/entity bd_384c_g_inst_0_gigantic_mux does not have driver. [d:/Sem_6/AELD/Labs/Midsem_Prep/HP_only/HP_only.srcs/sources_1/bd/design_1/ip/design_1_system_ila_0/bd_0/ip/ip_1/bd_384c_g_inst_0_gigantic_mux.v:2009]
WARNING: [Synth 8-3848] Net probe_out25 in module/entity bd_384c_g_inst_0_gigantic_mux does not have driver. [d:/Sem_6/AELD/Labs/Midsem_Prep/HP_only/HP_only.srcs/sources_1/bd/design_1/ip/design_1_system_ila_0/bd_0/ip/ip_1/bd_384c_g_inst_0_gigantic_mux.v:2010]
WARNING: [Synth 8-3848] Net probe_out26 in module/entity bd_384c_g_inst_0_gigantic_mux does not have driver. [d:/Sem_6/AELD/Labs/Midsem_Prep/HP_only/HP_only.srcs/sources_1/bd/design_1/ip/design_1_system_ila_0/bd_0/ip/ip_1/bd_384c_g_inst_0_gigantic_mux.v:2011]
WARNING: [Synth 8-3848] Net probe_out27 in module/entity bd_384c_g_inst_0_gigantic_mux does not have driver. [d:/Sem_6/AELD/Labs/Midsem_Prep/HP_only/HP_only.srcs/sources_1/bd/design_1/ip/design_1_system_ila_0/bd_0/ip/ip_1/bd_384c_g_inst_0_gigantic_mux.v:2012]
WARNING: [Synth 8-3848] Net probe_out28 in module/entity bd_384c_g_inst_0_gigantic_mux does not have driver. [d:/Sem_6/AELD/Labs/Midsem_Prep/HP_only/HP_only.srcs/sources_1/bd/design_1/ip/design_1_system_ila_0/bd_0/ip/ip_1/bd_384c_g_inst_0_gigantic_mux.v:2013]
WARNING: [Synth 8-3848] Net probe_out29 in module/entity bd_384c_g_inst_0_gigantic_mux does not have driver. [d:/Sem_6/AELD/Labs/Midsem_Prep/HP_only/HP_only.srcs/sources_1/bd/design_1/ip/design_1_system_ila_0/bd_0/ip/ip_1/bd_384c_g_inst_0_gigantic_mux.v:2014]
WARNING: [Synth 8-3848] Net probe_out30 in module/entity bd_384c_g_inst_0_gigantic_mux does not have driver. [d:/Sem_6/AELD/Labs/Midsem_Prep/HP_only/HP_only.srcs/sources_1/bd/design_1/ip/design_1_system_ila_0/bd_0/ip/ip_1/bd_384c_g_inst_0_gigantic_mux.v:2015]
WARNING: [Synth 8-3848] Net probe_out31 in module/entity bd_384c_g_inst_0_gigantic_mux does not have driver. [d:/Sem_6/AELD/Labs/Midsem_Prep/HP_only/HP_only.srcs/sources_1/bd/design_1/ip/design_1_system_ila_0/bd_0/ip/ip_1/bd_384c_g_inst_0_gigantic_mux.v:2016]
WARNING: [Synth 8-3848] Net probe_out32 in module/entity bd_384c_g_inst_0_gigantic_mux does not have driver. [d:/Sem_6/AELD/Labs/Midsem_Prep/HP_only/HP_only.srcs/sources_1/bd/design_1/ip/design_1_system_ila_0/bd_0/ip/ip_1/bd_384c_g_inst_0_gigantic_mux.v:2017]
WARNING: [Synth 8-3848] Net probe_out33 in module/entity bd_384c_g_inst_0_gigantic_mux does not have driver. [d:/Sem_6/AELD/Labs/Midsem_Prep/HP_only/HP_only.srcs/sources_1/bd/design_1/ip/design_1_system_ila_0/bd_0/ip/ip_1/bd_384c_g_inst_0_gigantic_mux.v:2018]
WARNING: [Synth 8-3848] Net probe_out34 in module/entity bd_384c_g_inst_0_gigantic_mux does not have driver. [d:/Sem_6/AELD/Labs/Midsem_Prep/HP_only/HP_only.srcs/sources_1/bd/design_1/ip/design_1_system_ila_0/bd_0/ip/ip_1/bd_384c_g_inst_0_gigantic_mux.v:2019]
WARNING: [Synth 8-3848] Net probe_out35 in module/entity bd_384c_g_inst_0_gigantic_mux does not have driver. [d:/Sem_6/AELD/Labs/Midsem_Prep/HP_only/HP_only.srcs/sources_1/bd/design_1/ip/design_1_system_ila_0/bd_0/ip/ip_1/bd_384c_g_inst_0_gigantic_mux.v:2020]
WARNING: [Synth 8-3848] Net probe_out36 in module/entity bd_384c_g_inst_0_gigantic_mux does not have driver. [d:/Sem_6/AELD/Labs/Midsem_Prep/HP_only/HP_only.srcs/sources_1/bd/design_1/ip/design_1_system_ila_0/bd_0/ip/ip_1/bd_384c_g_inst_0_gigantic_mux.v:2021]
WARNING: [Synth 8-3848] Net probe_out37 in module/entity bd_384c_g_inst_0_gigantic_mux does not have driver. [d:/Sem_6/AELD/Labs/Midsem_Prep/HP_only/HP_only.srcs/sources_1/bd/design_1/ip/design_1_system_ila_0/bd_0/ip/ip_1/bd_384c_g_inst_0_gigantic_mux.v:2022]
WARNING: [Synth 8-3848] Net probe_out38 in module/entity bd_384c_g_inst_0_gigantic_mux does not have driver. [d:/Sem_6/AELD/Labs/Midsem_Prep/HP_only/HP_only.srcs/sources_1/bd/design_1/ip/design_1_system_ila_0/bd_0/ip/ip_1/bd_384c_g_inst_0_gigantic_mux.v:2023]
WARNING: [Synth 8-3848] Net probe_out39 in module/entity bd_384c_g_inst_0_gigantic_mux does not have driver. [d:/Sem_6/AELD/Labs/Midsem_Prep/HP_only/HP_only.srcs/sources_1/bd/design_1/ip/design_1_system_ila_0/bd_0/ip/ip_1/bd_384c_g_inst_0_gigantic_mux.v:2024]
WARNING: [Synth 8-3848] Net probe_out40 in module/entity bd_384c_g_inst_0_gigantic_mux does not have driver. [d:/Sem_6/AELD/Labs/Midsem_Prep/HP_only/HP_only.srcs/sources_1/bd/design_1/ip/design_1_system_ila_0/bd_0/ip/ip_1/bd_384c_g_inst_0_gigantic_mux.v:2025]
WARNING: [Synth 8-3848] Net probe_out41 in module/entity bd_384c_g_inst_0_gigantic_mux does not have driver. [d:/Sem_6/AELD/Labs/Midsem_Prep/HP_only/HP_only.srcs/sources_1/bd/design_1/ip/design_1_system_ila_0/bd_0/ip/ip_1/bd_384c_g_inst_0_gigantic_mux.v:2026]
WARNING: [Synth 8-3848] Net probe_out42 in module/entity bd_384c_g_inst_0_gigantic_mux does not have driver. [d:/Sem_6/AELD/Labs/Midsem_Prep/HP_only/HP_only.srcs/sources_1/bd/design_1/ip/design_1_system_ila_0/bd_0/ip/ip_1/bd_384c_g_inst_0_gigantic_mux.v:2027]
WARNING: [Synth 8-3848] Net probe_out43 in module/entity bd_384c_g_inst_0_gigantic_mux does not have driver. [d:/Sem_6/AELD/Labs/Midsem_Prep/HP_only/HP_only.srcs/sources_1/bd/design_1/ip/design_1_system_ila_0/bd_0/ip/ip_1/bd_384c_g_inst_0_gigantic_mux.v:2028]
WARNING: [Synth 8-3848] Net probe_out44 in module/entity bd_384c_g_inst_0_gigantic_mux does not have driver. [d:/Sem_6/AELD/Labs/Midsem_Prep/HP_only/HP_only.srcs/sources_1/bd/design_1/ip/design_1_system_ila_0/bd_0/ip/ip_1/bd_384c_g_inst_0_gigantic_mux.v:2029]
WARNING: [Synth 8-3848] Net probe_out45 in module/entity bd_384c_g_inst_0_gigantic_mux does not have driver. [d:/Sem_6/AELD/Labs/Midsem_Prep/HP_only/HP_only.srcs/sources_1/bd/design_1/ip/design_1_system_ila_0/bd_0/ip/ip_1/bd_384c_g_inst_0_gigantic_mux.v:2030]
WARNING: [Synth 8-3848] Net probe_out46 in module/entity bd_384c_g_inst_0_gigantic_mux does not have driver. [d:/Sem_6/AELD/Labs/Midsem_Prep/HP_only/HP_only.srcs/sources_1/bd/design_1/ip/design_1_system_ila_0/bd_0/ip/ip_1/bd_384c_g_inst_0_gigantic_mux.v:2031]
WARNING: [Synth 8-3848] Net probe_out47 in module/entity bd_384c_g_inst_0_gigantic_mux does not have driver. [d:/Sem_6/AELD/Labs/Midsem_Prep/HP_only/HP_only.srcs/sources_1/bd/design_1/ip/design_1_system_ila_0/bd_0/ip/ip_1/bd_384c_g_inst_0_gigantic_mux.v:2032]
WARNING: [Synth 8-3848] Net probe_out48 in module/entity bd_384c_g_inst_0_gigantic_mux does not have driver. [d:/Sem_6/AELD/Labs/Midsem_Prep/HP_only/HP_only.srcs/sources_1/bd/design_1/ip/design_1_system_ila_0/bd_0/ip/ip_1/bd_384c_g_inst_0_gigantic_mux.v:2033]
WARNING: [Synth 8-3848] Net probe_out49 in module/entity bd_384c_g_inst_0_gigantic_mux does not have driver. [d:/Sem_6/AELD/Labs/Midsem_Prep/HP_only/HP_only.srcs/sources_1/bd/design_1/ip/design_1_system_ila_0/bd_0/ip/ip_1/bd_384c_g_inst_0_gigantic_mux.v:2034]
WARNING: [Synth 8-3848] Net probe_out50 in module/entity bd_384c_g_inst_0_gigantic_mux does not have driver. [d:/Sem_6/AELD/Labs/Midsem_Prep/HP_only/HP_only.srcs/sources_1/bd/design_1/ip/design_1_system_ila_0/bd_0/ip/ip_1/bd_384c_g_inst_0_gigantic_mux.v:2035]
WARNING: [Synth 8-3848] Net probe_out51 in module/entity bd_384c_g_inst_0_gigantic_mux does not have driver. [d:/Sem_6/AELD/Labs/Midsem_Prep/HP_only/HP_only.srcs/sources_1/bd/design_1/ip/design_1_system_ila_0/bd_0/ip/ip_1/bd_384c_g_inst_0_gigantic_mux.v:2036]
WARNING: [Synth 8-3848] Net probe_out52 in module/entity bd_384c_g_inst_0_gigantic_mux does not have driver. [d:/Sem_6/AELD/Labs/Midsem_Prep/HP_only/HP_only.srcs/sources_1/bd/design_1/ip/design_1_system_ila_0/bd_0/ip/ip_1/bd_384c_g_inst_0_gigantic_mux.v:2037]
WARNING: [Synth 8-3848] Net probe_out53 in module/entity bd_384c_g_inst_0_gigantic_mux does not have driver. [d:/Sem_6/AELD/Labs/Midsem_Prep/HP_only/HP_only.srcs/sources_1/bd/design_1/ip/design_1_system_ila_0/bd_0/ip/ip_1/bd_384c_g_inst_0_gigantic_mux.v:2038]
WARNING: [Synth 8-3848] Net probe_out54 in module/entity bd_384c_g_inst_0_gigantic_mux does not have driver. [d:/Sem_6/AELD/Labs/Midsem_Prep/HP_only/HP_only.srcs/sources_1/bd/design_1/ip/design_1_system_ila_0/bd_0/ip/ip_1/bd_384c_g_inst_0_gigantic_mux.v:2039]
WARNING: [Synth 8-3848] Net probe_out55 in module/entity bd_384c_g_inst_0_gigantic_mux does not have driver. [d:/Sem_6/AELD/Labs/Midsem_Prep/HP_only/HP_only.srcs/sources_1/bd/design_1/ip/design_1_system_ila_0/bd_0/ip/ip_1/bd_384c_g_inst_0_gigantic_mux.v:2040]
WARNING: [Synth 8-3848] Net probe_out56 in module/entity bd_384c_g_inst_0_gigantic_mux does not have driver. [d:/Sem_6/AELD/Labs/Midsem_Prep/HP_only/HP_only.srcs/sources_1/bd/design_1/ip/design_1_system_ila_0/bd_0/ip/ip_1/bd_384c_g_inst_0_gigantic_mux.v:2041]
WARNING: [Synth 8-3848] Net probe_out57 in module/entity bd_384c_g_inst_0_gigantic_mux does not have driver. [d:/Sem_6/AELD/Labs/Midsem_Prep/HP_only/HP_only.srcs/sources_1/bd/design_1/ip/design_1_system_ila_0/bd_0/ip/ip_1/bd_384c_g_inst_0_gigantic_mux.v:2042]
WARNING: [Synth 8-3848] Net probe_out58 in module/entity bd_384c_g_inst_0_gigantic_mux does not have driver. [d:/Sem_6/AELD/Labs/Midsem_Prep/HP_only/HP_only.srcs/sources_1/bd/design_1/ip/design_1_system_ila_0/bd_0/ip/ip_1/bd_384c_g_inst_0_gigantic_mux.v:2043]
WARNING: [Synth 8-3848] Net probe_out59 in module/entity bd_384c_g_inst_0_gigantic_mux does not have driver. [d:/Sem_6/AELD/Labs/Midsem_Prep/HP_only/HP_only.srcs/sources_1/bd/design_1/ip/design_1_system_ila_0/bd_0/ip/ip_1/bd_384c_g_inst_0_gigantic_mux.v:2044]
WARNING: [Synth 8-3848] Net probe_out60 in module/entity bd_384c_g_inst_0_gigantic_mux does not have driver. [d:/Sem_6/AELD/Labs/Midsem_Prep/HP_only/HP_only.srcs/sources_1/bd/design_1/ip/design_1_system_ila_0/bd_0/ip/ip_1/bd_384c_g_inst_0_gigantic_mux.v:2045]
WARNING: [Synth 8-3848] Net probe_out61 in module/entity bd_384c_g_inst_0_gigantic_mux does not have driver. [d:/Sem_6/AELD/Labs/Midsem_Prep/HP_only/HP_only.srcs/sources_1/bd/design_1/ip/design_1_system_ila_0/bd_0/ip/ip_1/bd_384c_g_inst_0_gigantic_mux.v:2046]
WARNING: [Synth 8-3848] Net probe_out62 in module/entity bd_384c_g_inst_0_gigantic_mux does not have driver. [d:/Sem_6/AELD/Labs/Midsem_Prep/HP_only/HP_only.srcs/sources_1/bd/design_1/ip/design_1_system_ila_0/bd_0/ip/ip_1/bd_384c_g_inst_0_gigantic_mux.v:2047]
WARNING: [Synth 8-3848] Net probe_out63 in module/entity bd_384c_g_inst_0_gigantic_mux does not have driver. [d:/Sem_6/AELD/Labs/Midsem_Prep/HP_only/HP_only.srcs/sources_1/bd/design_1/ip/design_1_system_ila_0/bd_0/ip/ip_1/bd_384c_g_inst_0_gigantic_mux.v:2048]
WARNING: [Synth 8-3848] Net probe_out64 in module/entity bd_384c_g_inst_0_gigantic_mux does not have driver. [d:/Sem_6/AELD/Labs/Midsem_Prep/HP_only/HP_only.srcs/sources_1/bd/design_1/ip/design_1_system_ila_0/bd_0/ip/ip_1/bd_384c_g_inst_0_gigantic_mux.v:2049]
WARNING: [Synth 8-3848] Net probe_out65 in module/entity bd_384c_g_inst_0_gigantic_mux does not have driver. [d:/Sem_6/AELD/Labs/Midsem_Prep/HP_only/HP_only.srcs/sources_1/bd/design_1/ip/design_1_system_ila_0/bd_0/ip/ip_1/bd_384c_g_inst_0_gigantic_mux.v:2050]
WARNING: [Synth 8-3848] Net probe_out66 in module/entity bd_384c_g_inst_0_gigantic_mux does not have driver. [d:/Sem_6/AELD/Labs/Midsem_Prep/HP_only/HP_only.srcs/sources_1/bd/design_1/ip/design_1_system_ila_0/bd_0/ip/ip_1/bd_384c_g_inst_0_gigantic_mux.v:2051]
WARNING: [Synth 8-3848] Net probe_out67 in module/entity bd_384c_g_inst_0_gigantic_mux does not have driver. [d:/Sem_6/AELD/Labs/Midsem_Prep/HP_only/HP_only.srcs/sources_1/bd/design_1/ip/design_1_system_ila_0/bd_0/ip/ip_1/bd_384c_g_inst_0_gigantic_mux.v:2052]
WARNING: [Synth 8-3848] Net probe_out68 in module/entity bd_384c_g_inst_0_gigantic_mux does not have driver. [d:/Sem_6/AELD/Labs/Midsem_Prep/HP_only/HP_only.srcs/sources_1/bd/design_1/ip/design_1_system_ila_0/bd_0/ip/ip_1/bd_384c_g_inst_0_gigantic_mux.v:2053]
WARNING: [Synth 8-3848] Net probe_out69 in module/entity bd_384c_g_inst_0_gigantic_mux does not have driver. [d:/Sem_6/AELD/Labs/Midsem_Prep/HP_only/HP_only.srcs/sources_1/bd/design_1/ip/design_1_system_ila_0/bd_0/ip/ip_1/bd_384c_g_inst_0_gigantic_mux.v:2054]
WARNING: [Synth 8-3848] Net probe_out70 in module/entity bd_384c_g_inst_0_gigantic_mux does not have driver. [d:/Sem_6/AELD/Labs/Midsem_Prep/HP_only/HP_only.srcs/sources_1/bd/design_1/ip/design_1_system_ila_0/bd_0/ip/ip_1/bd_384c_g_inst_0_gigantic_mux.v:2055]
WARNING: [Synth 8-3848] Net probe_out71 in module/entity bd_384c_g_inst_0_gigantic_mux does not have driver. [d:/Sem_6/AELD/Labs/Midsem_Prep/HP_only/HP_only.srcs/sources_1/bd/design_1/ip/design_1_system_ila_0/bd_0/ip/ip_1/bd_384c_g_inst_0_gigantic_mux.v:2056]
WARNING: [Synth 8-3848] Net probe_out72 in module/entity bd_384c_g_inst_0_gigantic_mux does not have driver. [d:/Sem_6/AELD/Labs/Midsem_Prep/HP_only/HP_only.srcs/sources_1/bd/design_1/ip/design_1_system_ila_0/bd_0/ip/ip_1/bd_384c_g_inst_0_gigantic_mux.v:2057]
WARNING: [Synth 8-3848] Net probe_out73 in module/entity bd_384c_g_inst_0_gigantic_mux does not have driver. [d:/Sem_6/AELD/Labs/Midsem_Prep/HP_only/HP_only.srcs/sources_1/bd/design_1/ip/design_1_system_ila_0/bd_0/ip/ip_1/bd_384c_g_inst_0_gigantic_mux.v:2058]
WARNING: [Synth 8-3848] Net probe_out74 in module/entity bd_384c_g_inst_0_gigantic_mux does not have driver. [d:/Sem_6/AELD/Labs/Midsem_Prep/HP_only/HP_only.srcs/sources_1/bd/design_1/ip/design_1_system_ila_0/bd_0/ip/ip_1/bd_384c_g_inst_0_gigantic_mux.v:2059]
WARNING: [Synth 8-3848] Net probe_out75 in module/entity bd_384c_g_inst_0_gigantic_mux does not have driver. [d:/Sem_6/AELD/Labs/Midsem_Prep/HP_only/HP_only.srcs/sources_1/bd/design_1/ip/design_1_system_ila_0/bd_0/ip/ip_1/bd_384c_g_inst_0_gigantic_mux.v:2060]
WARNING: [Synth 8-3848] Net probe_out76 in module/entity bd_384c_g_inst_0_gigantic_mux does not have driver. [d:/Sem_6/AELD/Labs/Midsem_Prep/HP_only/HP_only.srcs/sources_1/bd/design_1/ip/design_1_system_ila_0/bd_0/ip/ip_1/bd_384c_g_inst_0_gigantic_mux.v:2061]
WARNING: [Synth 8-3848] Net probe_out77 in module/entity bd_384c_g_inst_0_gigantic_mux does not have driver. [d:/Sem_6/AELD/Labs/Midsem_Prep/HP_only/HP_only.srcs/sources_1/bd/design_1/ip/design_1_system_ila_0/bd_0/ip/ip_1/bd_384c_g_inst_0_gigantic_mux.v:2062]
WARNING: [Synth 8-3848] Net probe_out78 in module/entity bd_384c_g_inst_0_gigantic_mux does not have driver. [d:/Sem_6/AELD/Labs/Midsem_Prep/HP_only/HP_only.srcs/sources_1/bd/design_1/ip/design_1_system_ila_0/bd_0/ip/ip_1/bd_384c_g_inst_0_gigantic_mux.v:2063]
WARNING: [Synth 8-3848] Net probe_out79 in module/entity bd_384c_g_inst_0_gigantic_mux does not have driver. [d:/Sem_6/AELD/Labs/Midsem_Prep/HP_only/HP_only.srcs/sources_1/bd/design_1/ip/design_1_system_ila_0/bd_0/ip/ip_1/bd_384c_g_inst_0_gigantic_mux.v:2064]
WARNING: [Synth 8-3848] Net probe_out80 in module/entity bd_384c_g_inst_0_gigantic_mux does not have driver. [d:/Sem_6/AELD/Labs/Midsem_Prep/HP_only/HP_only.srcs/sources_1/bd/design_1/ip/design_1_system_ila_0/bd_0/ip/ip_1/bd_384c_g_inst_0_gigantic_mux.v:2065]
WARNING: [Synth 8-3848] Net probe_out81 in module/entity bd_384c_g_inst_0_gigantic_mux does not have driver. [d:/Sem_6/AELD/Labs/Midsem_Prep/HP_only/HP_only.srcs/sources_1/bd/design_1/ip/design_1_system_ila_0/bd_0/ip/ip_1/bd_384c_g_inst_0_gigantic_mux.v:2066]
WARNING: [Synth 8-3848] Net probe_out82 in module/entity bd_384c_g_inst_0_gigantic_mux does not have driver. [d:/Sem_6/AELD/Labs/Midsem_Prep/HP_only/HP_only.srcs/sources_1/bd/design_1/ip/design_1_system_ila_0/bd_0/ip/ip_1/bd_384c_g_inst_0_gigantic_mux.v:2067]
WARNING: [Synth 8-3848] Net probe_out83 in module/entity bd_384c_g_inst_0_gigantic_mux does not have driver. [d:/Sem_6/AELD/Labs/Midsem_Prep/HP_only/HP_only.srcs/sources_1/bd/design_1/ip/design_1_system_ila_0/bd_0/ip/ip_1/bd_384c_g_inst_0_gigantic_mux.v:2068]
WARNING: [Synth 8-3848] Net probe_out84 in module/entity bd_384c_g_inst_0_gigantic_mux does not have driver. [d:/Sem_6/AELD/Labs/Midsem_Prep/HP_only/HP_only.srcs/sources_1/bd/design_1/ip/design_1_system_ila_0/bd_0/ip/ip_1/bd_384c_g_inst_0_gigantic_mux.v:2069]
WARNING: [Synth 8-3848] Net probe_out85 in module/entity bd_384c_g_inst_0_gigantic_mux does not have driver. [d:/Sem_6/AELD/Labs/Midsem_Prep/HP_only/HP_only.srcs/sources_1/bd/design_1/ip/design_1_system_ila_0/bd_0/ip/ip_1/bd_384c_g_inst_0_gigantic_mux.v:2070]
WARNING: [Synth 8-3848] Net probe_out86 in module/entity bd_384c_g_inst_0_gigantic_mux does not have driver. [d:/Sem_6/AELD/Labs/Midsem_Prep/HP_only/HP_only.srcs/sources_1/bd/design_1/ip/design_1_system_ila_0/bd_0/ip/ip_1/bd_384c_g_inst_0_gigantic_mux.v:2071]
WARNING: [Synth 8-3848] Net probe_out87 in module/entity bd_384c_g_inst_0_gigantic_mux does not have driver. [d:/Sem_6/AELD/Labs/Midsem_Prep/HP_only/HP_only.srcs/sources_1/bd/design_1/ip/design_1_system_ila_0/bd_0/ip/ip_1/bd_384c_g_inst_0_gigantic_mux.v:2072]
WARNING: [Synth 8-3848] Net probe_out88 in module/entity bd_384c_g_inst_0_gigantic_mux does not have driver. [d:/Sem_6/AELD/Labs/Midsem_Prep/HP_only/HP_only.srcs/sources_1/bd/design_1/ip/design_1_system_ila_0/bd_0/ip/ip_1/bd_384c_g_inst_0_gigantic_mux.v:2073]
WARNING: [Synth 8-3848] Net probe_out89 in module/entity bd_384c_g_inst_0_gigantic_mux does not have driver. [d:/Sem_6/AELD/Labs/Midsem_Prep/HP_only/HP_only.srcs/sources_1/bd/design_1/ip/design_1_system_ila_0/bd_0/ip/ip_1/bd_384c_g_inst_0_gigantic_mux.v:2074]
WARNING: [Synth 8-3848] Net probe_out90 in module/entity bd_384c_g_inst_0_gigantic_mux does not have driver. [d:/Sem_6/AELD/Labs/Midsem_Prep/HP_only/HP_only.srcs/sources_1/bd/design_1/ip/design_1_system_ila_0/bd_0/ip/ip_1/bd_384c_g_inst_0_gigantic_mux.v:2075]
WARNING: [Synth 8-3848] Net probe_out91 in module/entity bd_384c_g_inst_0_gigantic_mux does not have driver. [d:/Sem_6/AELD/Labs/Midsem_Prep/HP_only/HP_only.srcs/sources_1/bd/design_1/ip/design_1_system_ila_0/bd_0/ip/ip_1/bd_384c_g_inst_0_gigantic_mux.v:2076]
WARNING: [Synth 8-3848] Net probe_out92 in module/entity bd_384c_g_inst_0_gigantic_mux does not have driver. [d:/Sem_6/AELD/Labs/Midsem_Prep/HP_only/HP_only.srcs/sources_1/bd/design_1/ip/design_1_system_ila_0/bd_0/ip/ip_1/bd_384c_g_inst_0_gigantic_mux.v:2077]
WARNING: [Synth 8-3848] Net probe_out93 in module/entity bd_384c_g_inst_0_gigantic_mux does not have driver. [d:/Sem_6/AELD/Labs/Midsem_Prep/HP_only/HP_only.srcs/sources_1/bd/design_1/ip/design_1_system_ila_0/bd_0/ip/ip_1/bd_384c_g_inst_0_gigantic_mux.v:2078]
WARNING: [Synth 8-3848] Net probe_out94 in module/entity bd_384c_g_inst_0_gigantic_mux does not have driver. [d:/Sem_6/AELD/Labs/Midsem_Prep/HP_only/HP_only.srcs/sources_1/bd/design_1/ip/design_1_system_ila_0/bd_0/ip/ip_1/bd_384c_g_inst_0_gigantic_mux.v:2079]
WARNING: [Synth 8-3848] Net probe_out95 in module/entity bd_384c_g_inst_0_gigantic_mux does not have driver. [d:/Sem_6/AELD/Labs/Midsem_Prep/HP_only/HP_only.srcs/sources_1/bd/design_1/ip/design_1_system_ila_0/bd_0/ip/ip_1/bd_384c_g_inst_0_gigantic_mux.v:2080]
WARNING: [Synth 8-3848] Net probe_out96 in module/entity bd_384c_g_inst_0_gigantic_mux does not have driver. [d:/Sem_6/AELD/Labs/Midsem_Prep/HP_only/HP_only.srcs/sources_1/bd/design_1/ip/design_1_system_ila_0/bd_0/ip/ip_1/bd_384c_g_inst_0_gigantic_mux.v:2081]
WARNING: [Synth 8-3848] Net probe_out97 in module/entity bd_384c_g_inst_0_gigantic_mux does not have driver. [d:/Sem_6/AELD/Labs/Midsem_Prep/HP_only/HP_only.srcs/sources_1/bd/design_1/ip/design_1_system_ila_0/bd_0/ip/ip_1/bd_384c_g_inst_0_gigantic_mux.v:2082]
WARNING: [Synth 8-3848] Net probe_out98 in module/entity bd_384c_g_inst_0_gigantic_mux does not have driver. [d:/Sem_6/AELD/Labs/Midsem_Prep/HP_only/HP_only.srcs/sources_1/bd/design_1/ip/design_1_system_ila_0/bd_0/ip/ip_1/bd_384c_g_inst_0_gigantic_mux.v:2083]
WARNING: [Synth 8-3848] Net probe_out99 in module/entity bd_384c_g_inst_0_gigantic_mux does not have driver. [d:/Sem_6/AELD/Labs/Midsem_Prep/HP_only/HP_only.srcs/sources_1/bd/design_1/ip/design_1_system_ila_0/bd_0/ip/ip_1/bd_384c_g_inst_0_gigantic_mux.v:2084]
INFO: [Common 17-14] Message 'Synth 8-3848' appears 100 times and further instances of the messages will be disabled. Use the Tcl command set_msg_config to change the current settings.
INFO: [Synth 8-6155] done synthesizing module 'bd_384c_g_inst_0_gigantic_mux' (2#1) [d:/Sem_6/AELD/Labs/Midsem_Prep/HP_only/HP_only.srcs/sources_1/bd/design_1/ip/design_1_system_ila_0/bd_0/ip/ip_1/bd_384c_g_inst_0_gigantic_mux.v:63]
INFO: [Synth 8-6155] done synthesizing module 'bd_384c_g_inst_0' (3#1) [d:/Sem_6/AELD/Labs/Midsem_Prep/HP_only/HP_only.srcs/sources_1/bd/design_1/ip/design_1_system_ila_0/bd_0/ip/ip_1/synth/bd_384c_g_inst_0.v:116]
INFO: [Synth 8-6157] synthesizing module 'bd_384c_ila_lib_0' [d:/Sem_6/AELD/Labs/Midsem_Prep/HP_only/HP_only.srcs/sources_1/bd/design_1/ip/design_1_system_ila_0/bd_0/ip/ip_0/synth/bd_384c_ila_lib_0.v:84]
INFO: [Synth 8-6157] synthesizing module 'CFGLUT5' [C:/Xilinx/Vivado/2019.1/scripts/rt/data/unisim_comp.v:1516]
INFO: [Synth 8-6155] done synthesizing module 'CFGLUT5' (11#1) [C:/Xilinx/Vivado/2019.1/scripts/rt/data/unisim_comp.v:1516]
INFO: [Synth 8-6157] synthesizing module 'CARRY4' [C:/Xilinx/Vivado/2019.1/scripts/rt/data/unisim_comp.v:1479]
INFO: [Synth 8-6155] done synthesizing module 'CARRY4' (12#1) [C:/Xilinx/Vivado/2019.1/scripts/rt/data/unisim_comp.v:1479]
INFO: [Synth 8-6157] synthesizing module 'SRLC32E' [C:/Xilinx/Vivado/2019.1/scripts/rt/data/unisim_comp.v:77850]
INFO: [Synth 8-6155] done synthesizing module 'SRLC32E' (22#1) [C:/Xilinx/Vivado/2019.1/scripts/rt/data/unisim_comp.v:77850]
INFO: [Synth 8-6157] synthesizing module 'SRL16E' [C:/Xilinx/Vivado/2019.1/scripts/rt/data/unisim_comp.v:77700]
INFO: [Synth 8-6155] done synthesizing module 'SRL16E' (24#1) [C:/Xilinx/Vivado/2019.1/scripts/rt/data/unisim_comp.v:77700]
INFO: [Synth 8-6157] synthesizing module 'SRLC16E' [C:/Xilinx/Vivado/2019.1/scripts/rt/data/unisim_comp.v:77789]
INFO: [Synth 8-6155] done synthesizing module 'SRLC16E' (26#1) [C:/Xilinx/Vivado/2019.1/scripts/rt/data/unisim_comp.v:77789]
INFO: [Synth 8-6157] synthesizing module 'FDRE' [C:/Xilinx/Vivado/2019.1/scripts/rt/data/unisim_comp.v:13664]
INFO: [Synth 8-6155] done synthesizing module 'FDRE' (31#1) [C:/Xilinx/Vivado/2019.1/scripts/rt/data/unisim_comp.v:13664]
WARNING: [Synth 8-7023] instance 'inst' of module 'ila_v6_2_9_ila' has 1033 connections declared, but only 1031 given [d:/Sem_6/AELD/Labs/Midsem_Prep/HP_only/HP_only.srcs/sources_1/bd/design_1/ip/design_1_system_ila_0/bd_0/ip/ip_0/synth/bd_384c_ila_lib_0.v:3341]
INFO: [Synth 8-6155] done synthesizing module 'bd_384c_ila_lib_0' (49#1) [d:/Sem_6/AELD/Labs/Midsem_Prep/HP_only/HP_only.srcs/sources_1/bd/design_1/ip/design_1_system_ila_0/bd_0/ip/ip_0/synth/bd_384c_ila_lib_0.v:84]
INFO: [Synth 8-6157] synthesizing module 'bd_384c_slot_0_ar_0' [d:/Sem_6/AELD/Labs/Midsem_Prep/HP_only/HP_only.srcs/sources_1/bd/design_1/ip/design_1_system_ila_0/bd_0/ip/ip_5/synth/bd_384c_slot_0_ar_0.v:58]
INFO: [Synth 8-6157] synthesizing module 'xlconcat_v2_1_3_xlconcat' [d:/Sem_6/AELD/Labs/Midsem_Prep/HP_only/HP_only.srcs/sources_1/bd/design_1/ipshared/442e/hdl/xlconcat_v2_1_vl_rfs.v:14]
	Parameter IN0_WIDTH bound to: 1 - type: integer 
	Parameter IN1_WIDTH bound to: 1 - type: integer 
	Parameter IN2_WIDTH bound to: 1 - type: integer 
	Parameter IN3_WIDTH bound to: 1 - type: integer 
	Parameter IN4_WIDTH bound to: 1 - type: integer 
	Parameter IN5_WIDTH bound to: 1 - type: integer 
	Parameter IN6_WIDTH bound to: 1 - type: integer 
	Parameter IN7_WIDTH bound to: 1 - type: integer 
	Parameter IN8_WIDTH bound to: 1 - type: integer 
	Parameter IN9_WIDTH bound to: 1 - type: integer 
	Parameter IN10_WIDTH bound to: 1 - type: integer 
	Parameter IN11_WIDTH bound to: 1 - type: integer 
	Parameter IN12_WIDTH bound to: 1 - type: integer 
	Parameter IN13_WIDTH bound to: 1 - type: integer 
	Parameter IN14_WIDTH bound to: 1 - type: integer 
	Parameter IN15_WIDTH bound to: 1 - type: integer 
	Parameter IN16_WIDTH bound to: 1 - type: integer 
	Parameter IN17_WIDTH bound to: 1 - type: integer 
	Parameter IN18_WIDTH bound to: 1 - type: integer 
	Parameter IN19_WIDTH bound to: 1 - type: integer 
	Parameter IN20_WIDTH bound to: 1 - type: integer 
	Parameter IN21_WIDTH bound to: 1 - type: integer 
	Parameter IN22_WIDTH bound to: 1 - type: integer 
	Parameter IN23_WIDTH bound to: 1 - type: integer 
	Parameter IN24_WIDTH bound to: 1 - type: integer 
	Parameter IN25_WIDTH bound to: 1 - type: integer 
	Parameter IN26_WIDTH bound to: 1 - type: integer 
	Parameter IN27_WIDTH bound to: 1 - type: integer 
	Parameter IN28_WIDTH bound to: 1 - type: integer 
	Parameter IN29_WIDTH bound to: 1 - type: integer 
	Parameter IN30_WIDTH bound to: 1 - type: integer 
	Parameter IN31_WIDTH bound to: 1 - type: integer 
	Parameter dout_width bound to: 2 - type: integer 
	Parameter NUM_PORTS bound to: 2 - type: integer 
INFO: [Synth 8-6155] done synthesizing module 'xlconcat_v2_1_3_xlconcat' (50#1) [d:/Sem_6/AELD/Labs/Midsem_Prep/HP_only/HP_only.srcs/sources_1/bd/design_1/ipshared/442e/hdl/xlconcat_v2_1_vl_rfs.v:14]
INFO: [Synth 8-6155] done synthesizing module 'bd_384c_slot_0_ar_0' (51#1) [d:/Sem_6/AELD/Labs/Midsem_Prep/HP_only/HP_only.srcs/sources_1/bd/design_1/ip/design_1_system_ila_0/bd_0/ip/ip_5/synth/bd_384c_slot_0_ar_0.v:58]
INFO: [Synth 8-6157] synthesizing module 'bd_384c_slot_0_aw_0' [d:/Sem_6/AELD/Labs/Midsem_Prep/HP_only/HP_only.srcs/sources_1/bd/design_1/ip/design_1_system_ila_0/bd_0/ip/ip_2/synth/bd_384c_slot_0_aw_0.v:58]
INFO: [Synth 8-6155] done synthesizing module 'bd_384c_slot_0_aw_0' (52#1) [d:/Sem_6/AELD/Labs/Midsem_Prep/HP_only/HP_only.srcs/sources_1/bd/design_1/ip/design_1_system_ila_0/bd_0/ip/ip_2/synth/bd_384c_slot_0_aw_0.v:58]
INFO: [Synth 8-6157] synthesizing module 'bd_384c_slot_0_b_0' [d:/Sem_6/AELD/Labs/Midsem_Prep/HP_only/HP_only.srcs/sources_1/bd/design_1/ip/design_1_system_ila_0/bd_0/ip/ip_4/synth/bd_384c_slot_0_b_0.v:58]
INFO: [Synth 8-6155] done synthesizing module 'bd_384c_slot_0_b_0' (53#1) [d:/Sem_6/AELD/Labs/Midsem_Prep/HP_only/HP_only.srcs/sources_1/bd/design_1/ip/design_1_system_ila_0/bd_0/ip/ip_4/synth/bd_384c_slot_0_b_0.v:58]
INFO: [Synth 8-6157] synthesizing module 'bd_384c_slot_0_r_0' [d:/Sem_6/AELD/Labs/Midsem_Prep/HP_only/HP_only.srcs/sources_1/bd/design_1/ip/design_1_system_ila_0/bd_0/ip/ip_6/synth/bd_384c_slot_0_r_0.v:58]
INFO: [Synth 8-6157] synthesizing module 'xlconcat_v2_1_3_xlconcat__parameterized0' [d:/Sem_6/AELD/Labs/Midsem_Prep/HP_only/HP_only.srcs/sources_1/bd/design_1/ipshared/442e/hdl/xlconcat_v2_1_vl_rfs.v:14]
	Parameter IN0_WIDTH bound to: 1 - type: integer 
	Parameter IN1_WIDTH bound to: 1 - type: integer 
	Parameter IN2_WIDTH bound to: 1 - type: integer 
	Parameter IN3_WIDTH bound to: 1 - type: integer 
	Parameter IN4_WIDTH bound to: 1 - type: integer 
	Parameter IN5_WIDTH bound to: 1 - type: integer 
	Parameter IN6_WIDTH bound to: 1 - type: integer 
	Parameter IN7_WIDTH bound to: 1 - type: integer 
	Parameter IN8_WIDTH bound to: 1 - type: integer 
	Parameter IN9_WIDTH bound to: 1 - type: integer 
	Parameter IN10_WIDTH bound to: 1 - type: integer 
	Parameter IN11_WIDTH bound to: 1 - type: integer 
	Parameter IN12_WIDTH bound to: 1 - type: integer 
	Parameter IN13_WIDTH bound to: 1 - type: integer 
	Parameter IN14_WIDTH bound to: 1 - type: integer 
	Parameter IN15_WIDTH bound to: 1 - type: integer 
	Parameter IN16_WIDTH bound to: 1 - type: integer 
	Parameter IN17_WIDTH bound to: 1 - type: integer 
	Parameter IN18_WIDTH bound to: 1 - type: integer 
	Parameter IN19_WIDTH bound to: 1 - type: integer 
	Parameter IN20_WIDTH bound to: 1 - type: integer 
	Parameter IN21_WIDTH bound to: 1 - type: integer 
	Parameter IN22_WIDTH bound to: 1 - type: integer 
	Parameter IN23_WIDTH bound to: 1 - type: integer 
	Parameter IN24_WIDTH bound to: 1 - type: integer 
	Parameter IN25_WIDTH bound to: 1 - type: integer 
	Parameter IN26_WIDTH bound to: 1 - type: integer 
	Parameter IN27_WIDTH bound to: 1 - type: integer 
	Parameter IN28_WIDTH bound to: 1 - type: integer 
	Parameter IN29_WIDTH bound to: 1 - type: integer 
	Parameter IN30_WIDTH bound to: 1 - type: integer 
	Parameter IN31_WIDTH bound to: 1 - type: integer 
	Parameter dout_width bound to: 3 - type: integer 
	Parameter NUM_PORTS bound to: 3 - type: integer 
INFO: [Synth 8-6155] done synthesizing module 'xlconcat_v2_1_3_xlconcat__parameterized0' (53#1) [d:/Sem_6/AELD/Labs/Midsem_Prep/HP_only/HP_only.srcs/sources_1/bd/design_1/ipshared/442e/hdl/xlconcat_v2_1_vl_rfs.v:14]
INFO: [Synth 8-6155] done synthesizing module 'bd_384c_slot_0_r_0' (54#1) [d:/Sem_6/AELD/Labs/Midsem_Prep/HP_only/HP_only.srcs/sources_1/bd/design_1/ip/design_1_system_ila_0/bd_0/ip/ip_6/synth/bd_384c_slot_0_r_0.v:58]
INFO: [Synth 8-6157] synthesizing module 'bd_384c_slot_0_w_0' [d:/Sem_6/AELD/Labs/Midsem_Prep/HP_only/HP_only.srcs/sources_1/bd/design_1/ip/design_1_system_ila_0/bd_0/ip/ip_3/synth/bd_384c_slot_0_w_0.v:58]
INFO: [Synth 8-6155] done synthesizing module 'bd_384c_slot_0_w_0' (55#1) [d:/Sem_6/AELD/Labs/Midsem_Prep/HP_only/HP_only.srcs/sources_1/bd/design_1/ip/design_1_system_ila_0/bd_0/ip/ip_3/synth/bd_384c_slot_0_w_0.v:58]
INFO: [Synth 8-6157] synthesizing module 'bd_384c_slot_1_ar_0' [d:/Sem_6/AELD/Labs/Midsem_Prep/HP_only/HP_only.srcs/sources_1/bd/design_1/ip/design_1_system_ila_0/bd_0/ip/ip_10/synth/bd_384c_slot_1_ar_0.v:58]
INFO: [Synth 8-6155] done synthesizing module 'bd_384c_slot_1_ar_0' (56#1) [d:/Sem_6/AELD/Labs/Midsem_Prep/HP_only/HP_only.srcs/sources_1/bd/design_1/ip/design_1_system_ila_0/bd_0/ip/ip_10/synth/bd_384c_slot_1_ar_0.v:58]
INFO: [Synth 8-6157] synthesizing module 'bd_384c_slot_1_aw_0' [d:/Sem_6/AELD/Labs/Midsem_Prep/HP_only/HP_only.srcs/sources_1/bd/design_1/ip/design_1_system_ila_0/bd_0/ip/ip_7/synth/bd_384c_slot_1_aw_0.v:58]
INFO: [Synth 8-6155] done synthesizing module 'bd_384c_slot_1_aw_0' (57#1) [d:/Sem_6/AELD/Labs/Midsem_Prep/HP_only/HP_only.srcs/sources_1/bd/design_1/ip/design_1_system_ila_0/bd_0/ip/ip_7/synth/bd_384c_slot_1_aw_0.v:58]
INFO: [Synth 8-6157] synthesizing module 'bd_384c_slot_1_b_0' [d:/Sem_6/AELD/Labs/Midsem_Prep/HP_only/HP_only.srcs/sources_1/bd/design_1/ip/design_1_system_ila_0/bd_0/ip/ip_9/synth/bd_384c_slot_1_b_0.v:58]
INFO: [Synth 8-6155] done synthesizing module 'bd_384c_slot_1_b_0' (58#1) [d:/Sem_6/AELD/Labs/Midsem_Prep/HP_only/HP_only.srcs/sources_1/bd/design_1/ip/design_1_system_ila_0/bd_0/ip/ip_9/synth/bd_384c_slot_1_b_0.v:58]
INFO: [Synth 8-6157] synthesizing module 'bd_384c_slot_1_r_0' [d:/Sem_6/AELD/Labs/Midsem_Prep/HP_only/HP_only.srcs/sources_1/bd/design_1/ip/design_1_system_ila_0/bd_0/ip/ip_11/synth/bd_384c_slot_1_r_0.v:58]
INFO: [Synth 8-6155] done synthesizing module 'bd_384c_slot_1_r_0' (59#1) [d:/Sem_6/AELD/Labs/Midsem_Prep/HP_only/HP_only.srcs/sources_1/bd/design_1/ip/design_1_system_ila_0/bd_0/ip/ip_11/synth/bd_384c_slot_1_r_0.v:58]
INFO: [Synth 8-6157] synthesizing module 'bd_384c_slot_1_w_0' [d:/Sem_6/AELD/Labs/Midsem_Prep/HP_only/HP_only.srcs/sources_1/bd/design_1/ip/design_1_system_ila_0/bd_0/ip/ip_8/synth/bd_384c_slot_1_w_0.v:58]
INFO: [Synth 8-6155] done synthesizing module 'bd_384c_slot_1_w_0' (60#1) [d:/Sem_6/AELD/Labs/Midsem_Prep/HP_only/HP_only.srcs/sources_1/bd/design_1/ip/design_1_system_ila_0/bd_0/ip/ip_8/synth/bd_384c_slot_1_w_0.v:58]
INFO: [Synth 8-6071] Mark debug on the nets applies keep_hierarchy on instance 'g_inst'. This will prevent further optimization [d:/Sem_6/AELD/Labs/Midsem_Prep/HP_only/HP_only.srcs/sources_1/bd/design_1/ip/design_1_system_ila_0/bd_0/synth/bd_384c.v:410]
INFO: [Synth 8-6071] Mark debug on the nets applies keep_hierarchy on instance 'ila_lib'. This will prevent further optimization [d:/Sem_6/AELD/Labs/Midsem_Prep/HP_only/HP_only.srcs/sources_1/bd/design_1/ip/design_1_system_ila_0/bd_0/synth/bd_384c.v:563]
INFO: [Synth 8-6071] Mark debug on the nets applies keep_hierarchy on instance 'slot_0_aw'. This will prevent further optimization [d:/Sem_6/AELD/Labs/Midsem_Prep/HP_only/HP_only.srcs/sources_1/bd/design_1/ip/design_1_system_ila_0/bd_0/synth/bd_384c.v:638]
INFO: [Synth 8-6071] Mark debug on the nets applies keep_hierarchy on instance 'slot_0_w'. This will prevent further optimization [d:/Sem_6/AELD/Labs/Midsem_Prep/HP_only/HP_only.srcs/sources_1/bd/design_1/ip/design_1_system_ila_0/bd_0/synth/bd_384c.v:651]
INFO: [Synth 8-6071] Mark debug on the nets applies keep_hierarchy on instance 'slot_0_b'. This will prevent further optimization [d:/Sem_6/AELD/Labs/Midsem_Prep/HP_only/HP_only.srcs/sources_1/bd/design_1/ip/design_1_system_ila_0/bd_0/synth/bd_384c.v:642]
INFO: [Synth 8-6071] Mark debug on the nets applies keep_hierarchy on instance 'slot_0_ar'. This will prevent further optimization [d:/Sem_6/AELD/Labs/Midsem_Prep/HP_only/HP_only.srcs/sources_1/bd/design_1/ip/design_1_system_ila_0/bd_0/synth/bd_384c.v:634]
INFO: [Synth 8-6071] Mark debug on the nets applies keep_hierarchy on instance 'slot_0_r'. This will prevent further optimization [d:/Sem_6/AELD/Labs/Midsem_Prep/HP_only/HP_only.srcs/sources_1/bd/design_1/ip/design_1_system_ila_0/bd_0/synth/bd_384c.v:646]
INFO: [Synth 8-6071] Mark debug on the nets applies keep_hierarchy on instance 'slot_1_aw'. This will prevent further optimization [d:/Sem_6/AELD/Labs/Midsem_Prep/HP_only/HP_only.srcs/sources_1/bd/design_1/ip/design_1_system_ila_0/bd_0/synth/bd_384c.v:660]
INFO: [Synth 8-6071] Mark debug on the nets applies keep_hierarchy on instance 'slot_1_w'. This will prevent further optimization [d:/Sem_6/AELD/Labs/Midsem_Prep/HP_only/HP_only.srcs/sources_1/bd/design_1/ip/design_1_system_ila_0/bd_0/synth/bd_384c.v:673]
INFO: [Synth 8-6071] Mark debug on the nets applies keep_hierarchy on instance 'slot_1_b'. This will prevent further optimization [d:/Sem_6/AELD/Labs/Midsem_Prep/HP_only/HP_only.srcs/sources_1/bd/design_1/ip/design_1_system_ila_0/bd_0/synth/bd_384c.v:664]
INFO: [Synth 8-6071] Mark debug on the nets applies keep_hierarchy on instance 'slot_1_ar'. This will prevent further optimization [d:/Sem_6/AELD/Labs/Midsem_Prep/HP_only/HP_only.srcs/sources_1/bd/design_1/ip/design_1_system_ila_0/bd_0/synth/bd_384c.v:656]
INFO: [Synth 8-6071] Mark debug on the nets applies keep_hierarchy on instance 'slot_1_r'. This will prevent further optimization [d:/Sem_6/AELD/Labs/Midsem_Prep/HP_only/HP_only.srcs/sources_1/bd/design_1/ip/design_1_system_ila_0/bd_0/synth/bd_384c.v:668]
INFO: [Synth 8-6155] done synthesizing module 'bd_384c' (61#1) [d:/Sem_6/AELD/Labs/Midsem_Prep/HP_only/HP_only.srcs/sources_1/bd/design_1/ip/design_1_system_ila_0/bd_0/synth/bd_384c.v:10]
INFO: [Synth 8-6155] done synthesizing module 'design_1_system_ila_0' (62#1) [d:/Sem_6/AELD/Labs/Midsem_Prep/HP_only/HP_only.srcs/sources_1/bd/design_1/ip/design_1_system_ila_0/synth/design_1_system_ila_0.v:216]
WARNING: [Synth 8-3331] design xlconcat_v2_1_3_xlconcat__parameterized0 has unconnected port In3[0]
WARNING: [Synth 8-3331] design xlconcat_v2_1_3_xlconcat__parameterized0 has unconnected port In4[0]
WARNING: [Synth 8-3331] design xlconcat_v2_1_3_xlconcat__parameterized0 has unconnected port In5[0]
WARNING: [Synth 8-3331] design xlconcat_v2_1_3_xlconcat__parameterized0 has unconnected port In6[0]
WARNING: [Synth 8-3331] design xlconcat_v2_1_3_xlconcat__parameterized0 has unconnected port In7[0]
WARNING: [Synth 8-3331] design xlconcat_v2_1_3_xlconcat__parameterized0 has unconnected port In8[0]
WARNING: [Synth 8-3331] design xlconcat_v2_1_3_xlconcat__parameterized0 has unconnected port In9[0]
WARNING: [Synth 8-3331] design xlconcat_v2_1_3_xlconcat__parameterized0 has unconnected port In10[0]
WARNING: [Synth 8-3331] design xlconcat_v2_1_3_xlconcat__parameterized0 has unconnected port In11[0]
WARNING: [Synth 8-3331] design xlconcat_v2_1_3_xlconcat__parameterized0 has unconnected port In12[0]
WARNING: [Synth 8-3331] design xlconcat_v2_1_3_xlconcat__parameterized0 has unconnected port In13[0]
WARNING: [Synth 8-3331] design xlconcat_v2_1_3_xlconcat__parameterized0 has unconnected port In14[0]
WARNING: [Synth 8-3331] design xlconcat_v2_1_3_xlconcat__parameterized0 has unconnected port In15[0]
WARNING: [Synth 8-3331] design xlconcat_v2_1_3_xlconcat__parameterized0 has unconnected port In16[0]
WARNING: [Synth 8-3331] design xlconcat_v2_1_3_xlconcat__parameterized0 has unconnected port In17[0]
WARNING: [Synth 8-3331] design xlconcat_v2_1_3_xlconcat__parameterized0 has unconnected port In18[0]
WARNING: [Synth 8-3331] design xlconcat_v2_1_3_xlconcat__parameterized0 has unconnected port In19[0]
WARNING: [Synth 8-3331] design xlconcat_v2_1_3_xlconcat__parameterized0 has unconnected port In20[0]
WARNING: [Synth 8-3331] design xlconcat_v2_1_3_xlconcat__parameterized0 has unconnected port In21[0]
WARNING: [Synth 8-3331] design xlconcat_v2_1_3_xlconcat__parameterized0 has unconnected port In22[0]
WARNING: [Synth 8-3331] design xlconcat_v2_1_3_xlconcat__parameterized0 has unconnected port In23[0]
WARNING: [Synth 8-3331] design xlconcat_v2_1_3_xlconcat__parameterized0 has unconnected port In24[0]
WARNING: [Synth 8-3331] design xlconcat_v2_1_3_xlconcat__parameterized0 has unconnected port In25[0]
WARNING: [Synth 8-3331] design xlconcat_v2_1_3_xlconcat__parameterized0 has unconnected port In26[0]
WARNING: [Synth 8-3331] design xlconcat_v2_1_3_xlconcat__parameterized0 has unconnected port In27[0]
WARNING: [Synth 8-3331] design xlconcat_v2_1_3_xlconcat__parameterized0 has unconnected port In28[0]
WARNING: [Synth 8-3331] design xlconcat_v2_1_3_xlconcat__parameterized0 has unconnected port In29[0]
WARNING: [Synth 8-3331] design xlconcat_v2_1_3_xlconcat__parameterized0 has unconnected port In30[0]
WARNING: [Synth 8-3331] design xlconcat_v2_1_3_xlconcat__parameterized0 has unconnected port In31[0]
WARNING: [Synth 8-3331] design xlconcat_v2_1_3_xlconcat has unconnected port In2[0]
WARNING: [Synth 8-3331] design xlconcat_v2_1_3_xlconcat has unconnected port In3[0]
WARNING: [Synth 8-3331] design xlconcat_v2_1_3_xlconcat has unconnected port In4[0]
WARNING: [Synth 8-3331] design xlconcat_v2_1_3_xlconcat has unconnected port In5[0]
WARNING: [Synth 8-3331] design xlconcat_v2_1_3_xlconcat has unconnected port In6[0]
WARNING: [Synth 8-3331] design xlconcat_v2_1_3_xlconcat has unconnected port In7[0]
WARNING: [Synth 8-3331] design xlconcat_v2_1_3_xlconcat has unconnected port In8[0]
WARNING: [Synth 8-3331] design xlconcat_v2_1_3_xlconcat has unconnected port In9[0]
WARNING: [Synth 8-3331] design xlconcat_v2_1_3_xlconcat has unconnected port In10[0]
WARNING: [Synth 8-3331] design xlconcat_v2_1_3_xlconcat has unconnected port In11[0]
WARNING: [Synth 8-3331] design xlconcat_v2_1_3_xlconcat has unconnected port In12[0]
WARNING: [Synth 8-3331] design xlconcat_v2_1_3_xlconcat has unconnected port In13[0]
WARNING: [Synth 8-3331] design xlconcat_v2_1_3_xlconcat has unconnected port In14[0]
WARNING: [Synth 8-3331] design xlconcat_v2_1_3_xlconcat has unconnected port In15[0]
WARNING: [Synth 8-3331] design xlconcat_v2_1_3_xlconcat has unconnected port In16[0]
WARNING: [Synth 8-3331] design xlconcat_v2_1_3_xlconcat has unconnected port In17[0]
WARNING: [Synth 8-3331] design xlconcat_v2_1_3_xlconcat has unconnected port In18[0]
WARNING: [Synth 8-3331] design xlconcat_v2_1_3_xlconcat has unconnected port In19[0]
WARNING: [Synth 8-3331] design xlconcat_v2_1_3_xlconcat has unconnected port In20[0]
WARNING: [Synth 8-3331] design xlconcat_v2_1_3_xlconcat has unconnected port In21[0]
WARNING: [Synth 8-3331] design xlconcat_v2_1_3_xlconcat has unconnected port In22[0]
WARNING: [Synth 8-3331] design xlconcat_v2_1_3_xlconcat has unconnected port In23[0]
WARNING: [Synth 8-3331] design xlconcat_v2_1_3_xlconcat has unconnected port In24[0]
WARNING: [Synth 8-3331] design xlconcat_v2_1_3_xlconcat has unconnected port In25[0]
WARNING: [Synth 8-3331] design xlconcat_v2_1_3_xlconcat has unconnected port In26[0]
WARNING: [Synth 8-3331] design xlconcat_v2_1_3_xlconcat has unconnected port In27[0]
WARNING: [Synth 8-3331] design xlconcat_v2_1_3_xlconcat has unconnected port In28[0]
WARNING: [Synth 8-3331] design xlconcat_v2_1_3_xlconcat has unconnected port In29[0]
WARNING: [Synth 8-3331] design xlconcat_v2_1_3_xlconcat has unconnected port In30[0]
WARNING: [Synth 8-3331] design xlconcat_v2_1_3_xlconcat has unconnected port In31[0]
WARNING: [Synth 8-3331] design blk_mem_gen_v8_4_3_blk_mem_gen_prim_wrapper__parameterized13 has unconnected port SSRA
WARNING: [Synth 8-3331] design blk_mem_gen_v8_4_3_blk_mem_gen_prim_wrapper__parameterized13 has unconnected port REGCEA
WARNING: [Synth 8-3331] design blk_mem_gen_v8_4_3_blk_mem_gen_prim_wrapper__parameterized13 has unconnected port SSRB
WARNING: [Synth 8-3331] design blk_mem_gen_v8_4_3_blk_mem_gen_prim_wrapper__parameterized13 has unconnected port WEB[0]
WARNING: [Synth 8-3331] design blk_mem_gen_v8_4_3_blk_mem_gen_prim_wrapper__parameterized13 has unconnected port DINB[35]
WARNING: [Synth 8-3331] design blk_mem_gen_v8_4_3_blk_mem_gen_prim_wrapper__parameterized13 has unconnected port DINB[34]
WARNING: [Synth 8-3331] design blk_mem_gen_v8_4_3_blk_mem_gen_prim_wrapper__parameterized13 has unconnected port DINB[33]
WARNING: [Synth 8-3331] design blk_mem_gen_v8_4_3_blk_mem_gen_prim_wrapper__parameterized13 has unconnected port DINB[32]
WARNING: [Synth 8-3331] design blk_mem_gen_v8_4_3_blk_mem_gen_prim_wrapper__parameterized13 has unconnected port DINB[31]
WARNING: [Synth 8-3331] design blk_mem_gen_v8_4_3_blk_mem_gen_prim_wrapper__parameterized13 has unconnected port DINB[30]
WARNING: [Synth 8-3331] design blk_mem_gen_v8_4_3_blk_mem_gen_prim_wrapper__parameterized13 has unconnected port DINB[29]
WARNING: [Synth 8-3331] design blk_mem_gen_v8_4_3_blk_mem_gen_prim_wrapper__parameterized13 has unconnected port DINB[28]
WARNING: [Synth 8-3331] design blk_mem_gen_v8_4_3_blk_mem_gen_prim_wrapper__parameterized13 has unconnected port DINB[27]
WARNING: [Synth 8-3331] design blk_mem_gen_v8_4_3_blk_mem_gen_prim_wrapper__parameterized13 has unconnected port DINB[26]
WARNING: [Synth 8-3331] design blk_mem_gen_v8_4_3_blk_mem_gen_prim_wrapper__parameterized13 has unconnected port DINB[25]
WARNING: [Synth 8-3331] design blk_mem_gen_v8_4_3_blk_mem_gen_prim_wrapper__parameterized13 has unconnected port DINB[24]
WARNING: [Synth 8-3331] design blk_mem_gen_v8_4_3_blk_mem_gen_prim_wrapper__parameterized13 has unconnected port DINB[23]
WARNING: [Synth 8-3331] design blk_mem_gen_v8_4_3_blk_mem_gen_prim_wrapper__parameterized13 has unconnected port DINB[22]
WARNING: [Synth 8-3331] design blk_mem_gen_v8_4_3_blk_mem_gen_prim_wrapper__parameterized13 has unconnected port DINB[21]
WARNING: [Synth 8-3331] design blk_mem_gen_v8_4_3_blk_mem_gen_prim_wrapper__parameterized13 has unconnected port DINB[20]
WARNING: [Synth 8-3331] design blk_mem_gen_v8_4_3_blk_mem_gen_prim_wrapper__parameterized13 has unconnected port DINB[19]
WARNING: [Synth 8-3331] design blk_mem_gen_v8_4_3_blk_mem_gen_prim_wrapper__parameterized13 has unconnected port DINB[18]
WARNING: [Synth 8-3331] design blk_mem_gen_v8_4_3_blk_mem_gen_prim_wrapper__parameterized13 has unconnected port DINB[17]
WARNING: [Synth 8-3331] design blk_mem_gen_v8_4_3_blk_mem_gen_prim_wrapper__parameterized13 has unconnected port DINB[16]
WARNING: [Synth 8-3331] design blk_mem_gen_v8_4_3_blk_mem_gen_prim_wrapper__parameterized13 has unconnected port DINB[15]
WARNING: [Synth 8-3331] design blk_mem_gen_v8_4_3_blk_mem_gen_prim_wrapper__parameterized13 has unconnected port DINB[14]
WARNING: [Synth 8-3331] design blk_mem_gen_v8_4_3_blk_mem_gen_prim_wrapper__parameterized13 has unconnected port DINB[13]
WARNING: [Synth 8-3331] design blk_mem_gen_v8_4_3_blk_mem_gen_prim_wrapper__parameterized13 has unconnected port DINB[12]
WARNING: [Synth 8-3331] design blk_mem_gen_v8_4_3_blk_mem_gen_prim_wrapper__parameterized13 has unconnected port DINB[11]
WARNING: [Synth 8-3331] design blk_mem_gen_v8_4_3_blk_mem_gen_prim_wrapper__parameterized13 has unconnected port DINB[10]
WARNING: [Synth 8-3331] design blk_mem_gen_v8_4_3_blk_mem_gen_prim_wrapper__parameterized13 has unconnected port DINB[9]
WARNING: [Synth 8-3331] design blk_mem_gen_v8_4_3_blk_mem_gen_prim_wrapper__parameterized13 has unconnected port DINB[8]
WARNING: [Synth 8-3331] design blk_mem_gen_v8_4_3_blk_mem_gen_prim_wrapper__parameterized13 has unconnected port DINB[7]
WARNING: [Synth 8-3331] design blk_mem_gen_v8_4_3_blk_mem_gen_prim_wrapper__parameterized13 has unconnected port DINB[6]
WARNING: [Synth 8-3331] design blk_mem_gen_v8_4_3_blk_mem_gen_prim_wrapper__parameterized13 has unconnected port DINB[5]
WARNING: [Synth 8-3331] design blk_mem_gen_v8_4_3_blk_mem_gen_prim_wrapper__parameterized13 has unconnected port DINB[4]
WARNING: [Synth 8-3331] design blk_mem_gen_v8_4_3_blk_mem_gen_prim_wrapper__parameterized13 has unconnected port DINB[3]
WARNING: [Synth 8-3331] design blk_mem_gen_v8_4_3_blk_mem_gen_prim_wrapper__parameterized13 has unconnected port DINB[2]
WARNING: [Synth 8-3331] design blk_mem_gen_v8_4_3_blk_mem_gen_prim_wrapper__parameterized13 has unconnected port DINB[1]
WARNING: [Synth 8-3331] design blk_mem_gen_v8_4_3_blk_mem_gen_prim_wrapper__parameterized13 has unconnected port DINB[0]
WARNING: [Synth 8-3331] design blk_mem_gen_v8_4_3_blk_mem_gen_prim_wrapper__parameterized13 has unconnected port SLEEP
INFO: [Common 17-14] Message 'Synth 8-3331' appears 100 times and further instances of the messages will be disabled. Use the Tcl command set_msg_config to change the current settings.
---------------------------------------------------------------------------------
Finished RTL Elaboration : Time (s): cpu = 00:02:12 ; elapsed = 00:03:10 . Memory (MB): peak = 1452.891 ; gain = 729.480
---------------------------------------------------------------------------------

Report Check Netlist: 
+------+------------------+-------+---------+-------+------------------+
|      |Item              |Errors |Warnings |Status |Description       |
+------+------------------+-------+---------+-------+------------------+
|1     |multi_driven_nets |      0|        0|Passed |Multi driven nets |
+------+------------------+-------+---------+-------+------------------+
---------------------------------------------------------------------------------
Start Handling Custom Attributes
---------------------------------------------------------------------------------
---------------------------------------------------------------------------------
Finished Handling Custom Attributes : Time (s): cpu = 00:02:13 ; elapsed = 00:03:11 . Memory (MB): peak = 1452.891 ; gain = 729.480
---------------------------------------------------------------------------------
---------------------------------------------------------------------------------
Finished RTL Optimization Phase 1 : Time (s): cpu = 00:02:13 ; elapsed = 00:03:11 . Memory (MB): peak = 1452.891 ; gain = 729.480
---------------------------------------------------------------------------------
INFO: [Netlist 29-17] Analyzing 739 Unisim elements for replacement
INFO: [Netlist 29-28] Unisim Transformation completed in 0 CPU seconds
INFO: [Project 1-570] Preparing netlist for logic optimization

Processing XDC Constraints
Initializing timing engine
Parsing XDC File [d:/Sem_6/AELD/Labs/Midsem_Prep/HP_only/HP_only.srcs/sources_1/bd/design_1/ip/design_1_system_ila_0/design_1_system_ila_0_ooc.xdc] for cell 'inst'
Finished Parsing XDC File [d:/Sem_6/AELD/Labs/Midsem_Prep/HP_only/HP_only.srcs/sources_1/bd/design_1/ip/design_1_system_ila_0/design_1_system_ila_0_ooc.xdc] for cell 'inst'
Parsing XDC File [d:/Sem_6/AELD/Labs/Midsem_Prep/HP_only/HP_only.srcs/sources_1/bd/design_1/ip/design_1_system_ila_0/bd_0/ip/ip_0/ila_v6_2/constraints/ila.xdc] for cell 'inst/ila_lib/inst'
Finished Parsing XDC File [d:/Sem_6/AELD/Labs/Midsem_Prep/HP_only/HP_only.srcs/sources_1/bd/design_1/ip/design_1_system_ila_0/bd_0/ip/ip_0/ila_v6_2/constraints/ila.xdc] for cell 'inst/ila_lib/inst'
Parsing XDC File [D:/Sem_6/AELD/Labs/Midsem_Prep/HP_only/HP_only.runs/design_1_system_ila_0_synth_1/dont_touch.xdc]
Finished Parsing XDC File [D:/Sem_6/AELD/Labs/Midsem_Prep/HP_only/HP_only.runs/design_1_system_ila_0_synth_1/dont_touch.xdc]
INFO: [Project 1-236] Implementation specific constraints were found while reading constraint file [D:/Sem_6/AELD/Labs/Midsem_Prep/HP_only/HP_only.runs/design_1_system_ila_0_synth_1/dont_touch.xdc]. These constraints will be ignored for synthesis but will be used in implementation. Impacted constraints are listed in the file [.Xil/design_1_system_ila_0_propImpl.xdc].
Resolution: To avoid this warning, move constraints listed in [.Xil/design_1_system_ila_0_propImpl.xdc] to another XDC file and exclude this new file from synthesis with the used_in_synthesis property (File Properties dialog in GUI) and re-run elaboration/synthesis.
WARNING: [Constraints 18-5210] No constraints selected for write.
Resolution: This message can indicate that there are no constraints for the design, or it can indicate that the used_in flags are set such that the constraints are ignored. This later case is used when running synth_design to not write synthesis constraints to the resulting checkpoint. Instead, project constraints are read when the synthesized design is opened.
Completed Processing XDC Constraints

Netlist sorting complete. Time (s): cpu = 00:00:00 ; elapsed = 00:00:00.008 . Memory (MB): peak = 1452.891 ; gain = 0.000
INFO: [Project 1-111] Unisim Transformation Summary:
  A total of 537 instances were transformed.
  CFGLUT5 => CFGLUT5 (SRLC32E, SRL16E): 468 instances
  CFGLUT5 => SRLC32E: 69 instances

Constraint Validation Runtime : Time (s): cpu = 00:00:01 ; elapsed = 00:00:00.331 . Memory (MB): peak = 1452.891 ; gain = 0.000
---------------------------------------------------------------------------------
Finished Constraint Validation : Time (s): cpu = 00:02:27 ; elapsed = 00:03:26 . Memory (MB): peak = 1452.891 ; gain = 729.480
---------------------------------------------------------------------------------
---------------------------------------------------------------------------------
Start Loading Part and Timing Information
---------------------------------------------------------------------------------
Loading part: xc7z020clg484-1
---------------------------------------------------------------------------------
Finished Loading Part and Timing Information : Time (s): cpu = 00:02:27 ; elapsed = 00:03:26 . Memory (MB): peak = 1452.891 ; gain = 729.480
---------------------------------------------------------------------------------
---------------------------------------------------------------------------------
Start Applying 'set_property' XDC Constraints
---------------------------------------------------------------------------------
Applied set_property DONT_TOUCH = true for inst/ila_lib/inst. (constraint file  D:/Sem_6/AELD/Labs/Midsem_Prep/HP_only/HP_only.runs/design_1_system_ila_0_synth_1/dont_touch.xdc, line 51).
Applied set_property DONT_TOUCH = true for inst. (constraint file  auto generated constraint, line ).
Applied set_property DONT_TOUCH = true for inst/ila_lib. (constraint file  auto generated constraint, line ).
Applied set_property DONT_TOUCH = true for inst/g_inst. (constraint file  auto generated constraint, line ).
Applied set_property DONT_TOUCH = true for inst/slot_0_aw. (constraint file  auto generated constraint, line ).
Applied set_property DONT_TOUCH = true for inst/slot_0_w. (constraint file  auto generated constraint, line ).
Applied set_property DONT_TOUCH = true for inst/slot_0_b. (constraint file  auto generated constraint, line ).
Applied set_property DONT_TOUCH = true for inst/slot_0_ar. (constraint file  auto generated constraint, line ).
Applied set_property DONT_TOUCH = true for inst/slot_0_r. (constraint file  auto generated constraint, line ).
Applied set_property DONT_TOUCH = true for inst/slot_1_aw. (constraint file  auto generated constraint, line ).
Applied set_property DONT_TOUCH = true for inst/slot_1_w. (constraint file  auto generated constraint, line ).
Applied set_property DONT_TOUCH = true for inst/slot_1_b. (constraint file  auto generated constraint, line ).
Applied set_property DONT_TOUCH = true for inst/slot_1_ar. (constraint file  auto generated constraint, line ).
Applied set_property DONT_TOUCH = true for inst/slot_1_r. (constraint file  auto generated constraint, line ).
---------------------------------------------------------------------------------
Finished applying 'set_property' XDC Constraints : Time (s): cpu = 00:02:27 ; elapsed = 00:03:26 . Memory (MB): peak = 1452.891 ; gain = 729.480
---------------------------------------------------------------------------------
INFO: [Synth 8-802] inferred FSM for state register 'current_state_reg' in module 'xsdbs_v1_0_2_reg_p2s__parameterized65'
INFO: [Synth 8-802] inferred FSM for state register 'current_state_reg' in module 'xsdbs_v1_0_2_reg_p2s'
INFO: [Synth 8-802] inferred FSM for state register 'current_state_reg' in module 'xsdbs_v1_0_2_reg_p2s__parameterized0'
INFO: [Synth 8-802] inferred FSM for state register 'current_state_reg' in module 'xsdbs_v1_0_2_reg_p2s__parameterized1'
INFO: [Synth 8-802] inferred FSM for state register 'current_state_reg' in module 'xsdbs_v1_0_2_reg_p2s__parameterized2'
INFO: [Synth 8-802] inferred FSM for state register 'current_state_reg' in module 'xsdbs_v1_0_2_reg_p2s__parameterized3'
INFO: [Synth 8-802] inferred FSM for state register 'current_state_reg' in module 'xsdbs_v1_0_2_reg_p2s__parameterized4'
INFO: [Synth 8-802] inferred FSM for state register 'current_state_reg' in module 'xsdbs_v1_0_2_reg_p2s__parameterized5'
INFO: [Synth 8-802] inferred FSM for state register 'current_state_reg' in module 'xsdbs_v1_0_2_reg_p2s__parameterized6'
INFO: [Synth 8-802] inferred FSM for state register 'current_state_reg' in module 'xsdbs_v1_0_2_reg_p2s__parameterized7'
INFO: [Synth 8-802] inferred FSM for state register 'current_state_reg' in module 'xsdbs_v1_0_2_reg_p2s__parameterized8'
INFO: [Synth 8-802] inferred FSM for state register 'current_state_reg' in module 'xsdbs_v1_0_2_reg_p2s__parameterized9'
INFO: [Synth 8-802] inferred FSM for state register 'current_state_reg' in module 'xsdbs_v1_0_2_reg_p2s__parameterized10'
INFO: [Synth 8-802] inferred FSM for state register 'current_state_reg' in module 'xsdbs_v1_0_2_reg_p2s__parameterized11'
INFO: [Synth 8-802] inferred FSM for state register 'current_state_reg' in module 'xsdbs_v1_0_2_reg_p2s__parameterized12'
INFO: [Synth 8-802] inferred FSM for state register 'current_state_reg' in module 'xsdbs_v1_0_2_reg_p2s__parameterized13'
INFO: [Synth 8-802] inferred FSM for state register 'current_state_reg' in module 'xsdbs_v1_0_2_reg_p2s__parameterized14'
INFO: [Synth 8-802] inferred FSM for state register 'current_state_reg' in module 'xsdbs_v1_0_2_reg_p2s__parameterized15'
INFO: [Synth 8-802] inferred FSM for state register 'current_state_reg' in module 'xsdbs_v1_0_2_reg_p2s__parameterized16'
INFO: [Synth 8-802] inferred FSM for state register 'current_state_reg' in module 'xsdbs_v1_0_2_reg_p2s__parameterized17'
INFO: [Synth 8-802] inferred FSM for state register 'current_state_reg' in module 'xsdbs_v1_0_2_reg_p2s__parameterized18'
INFO: [Synth 8-802] inferred FSM for state register 'current_state_reg' in module 'xsdbs_v1_0_2_reg_p2s__parameterized19'
INFO: [Synth 8-802] inferred FSM for state register 'current_state_reg' in module 'xsdbs_v1_0_2_reg_p2s__parameterized20'
INFO: [Synth 8-802] inferred FSM for state register 'current_state_reg' in module 'xsdbs_v1_0_2_reg_p2s__parameterized21'
INFO: [Synth 8-802] inferred FSM for state register 'current_state_reg' in module 'xsdbs_v1_0_2_reg_p2s__parameterized22'
INFO: [Synth 8-802] inferred FSM for state register 'current_state_reg' in module 'xsdbs_v1_0_2_reg_p2s__parameterized23'
INFO: [Synth 8-802] inferred FSM for state register 'current_state_reg' in module 'xsdbs_v1_0_2_reg_p2s__parameterized24'
INFO: [Synth 8-802] inferred FSM for state register 'current_state_reg' in module 'xsdbs_v1_0_2_reg_p2s__parameterized25'
INFO: [Synth 8-802] inferred FSM for state register 'current_state_reg' in module 'xsdbs_v1_0_2_reg_p2s__parameterized26'
INFO: [Synth 8-802] inferred FSM for state register 'current_state_reg' in module 'xsdbs_v1_0_2_reg_p2s__parameterized27'
INFO: [Synth 8-802] inferred FSM for state register 'current_state_reg' in module 'xsdbs_v1_0_2_reg_p2s__parameterized28'
INFO: [Synth 8-802] inferred FSM for state register 'current_state_reg' in module 'xsdbs_v1_0_2_reg_p2s__parameterized29'
INFO: [Synth 8-802] inferred FSM for state register 'current_state_reg' in module 'xsdbs_v1_0_2_reg_p2s__parameterized30'
INFO: [Synth 8-802] inferred FSM for state register 'current_state_reg' in module 'xsdbs_v1_0_2_reg_p2s__parameterized31'
INFO: [Synth 8-802] inferred FSM for state register 'current_state_reg' in module 'xsdbs_v1_0_2_reg_p2s__parameterized32'
INFO: [Synth 8-802] inferred FSM for state register 'current_state_reg' in module 'xsdbs_v1_0_2_reg_p2s__parameterized33'
INFO: [Synth 8-802] inferred FSM for state register 'current_state_reg' in module 'xsdbs_v1_0_2_reg_p2s__parameterized34'
INFO: [Synth 8-802] inferred FSM for state register 'current_state_reg' in module 'xsdbs_v1_0_2_reg_p2s__parameterized35'
INFO: [Synth 8-802] inferred FSM for state register 'current_state_reg' in module 'xsdbs_v1_0_2_reg_p2s__parameterized36'
INFO: [Synth 8-802] inferred FSM for state register 'current_state_reg' in module 'xsdbs_v1_0_2_reg_p2s__parameterized37'
INFO: [Synth 8-802] inferred FSM for state register 'current_state_reg' in module 'xsdbs_v1_0_2_reg_p2s__parameterized38'
INFO: [Synth 8-802] inferred FSM for state register 'current_state_reg' in module 'xsdbs_v1_0_2_reg_p2s__parameterized39'
INFO: [Synth 8-802] inferred FSM for state register 'current_state_reg' in module 'xsdbs_v1_0_2_reg_p2s__parameterized40'
INFO: [Synth 8-802] inferred FSM for state register 'current_state_reg' in module 'xsdbs_v1_0_2_reg_p2s__parameterized41'
INFO: [Synth 8-802] inferred FSM for state register 'current_state_reg' in module 'xsdbs_v1_0_2_reg_p2s__parameterized42'
INFO: [Synth 8-802] inferred FSM for state register 'current_state_reg' in module 'xsdbs_v1_0_2_reg_p2s__parameterized43'
INFO: [Synth 8-802] inferred FSM for state register 'current_state_reg' in module 'xsdbs_v1_0_2_reg_p2s__parameterized44'
INFO: [Synth 8-802] inferred FSM for state register 'current_state_reg' in module 'xsdbs_v1_0_2_reg_p2s__parameterized45'
INFO: [Synth 8-802] inferred FSM for state register 'current_state_reg' in module 'xsdbs_v1_0_2_reg_p2s__parameterized46'
INFO: [Synth 8-802] inferred FSM for state register 'current_state_reg' in module 'xsdbs_v1_0_2_reg_p2s__parameterized47'
INFO: [Synth 8-802] inferred FSM for state register 'current_state_reg' in module 'xsdbs_v1_0_2_reg_p2s__parameterized48'
INFO: [Synth 8-802] inferred FSM for state register 'current_state_reg' in module 'xsdbs_v1_0_2_reg_p2s__parameterized49'
INFO: [Synth 8-802] inferred FSM for state register 'current_state_reg' in module 'xsdbs_v1_0_2_reg_p2s__parameterized50'
INFO: [Synth 8-802] inferred FSM for state register 'current_state_reg' in module 'xsdbs_v1_0_2_reg_p2s__parameterized51'
INFO: [Synth 8-802] inferred FSM for state register 'current_state_reg' in module 'xsdbs_v1_0_2_reg_p2s__parameterized52'
INFO: [Synth 8-802] inferred FSM for state register 'current_state_reg' in module 'xsdbs_v1_0_2_reg_p2s__parameterized53'
INFO: [Synth 8-802] inferred FSM for state register 'current_state_reg' in module 'xsdbs_v1_0_2_reg_p2s__parameterized54'
INFO: [Synth 8-802] inferred FSM for state register 'current_state_reg' in module 'xsdbs_v1_0_2_reg_p2s__parameterized55'
INFO: [Synth 8-802] inferred FSM for state register 'current_state_reg' in module 'xsdbs_v1_0_2_reg_p2s__parameterized56'
INFO: [Synth 8-802] inferred FSM for state register 'current_state_reg' in module 'xsdbs_v1_0_2_reg_p2s__parameterized57'
INFO: [Synth 8-802] inferred FSM for state register 'current_state_reg' in module 'xsdbs_v1_0_2_reg_p2s__parameterized58'
INFO: [Synth 8-802] inferred FSM for state register 'current_state_reg' in module 'xsdbs_v1_0_2_reg_p2s__parameterized59'
INFO: [Synth 8-802] inferred FSM for state register 'current_state_reg' in module 'xsdbs_v1_0_2_reg_p2s__parameterized60'
INFO: [Synth 8-802] inferred FSM for state register 'current_state_reg' in module 'xsdbs_v1_0_2_reg_p2s__parameterized61'
INFO: [Synth 8-802] inferred FSM for state register 'current_state_reg' in module 'xsdbs_v1_0_2_reg_p2s__parameterized62'
INFO: [Synth 8-802] inferred FSM for state register 'current_state_reg' in module 'xsdbs_v1_0_2_reg_p2s__parameterized63'
INFO: [Synth 8-802] inferred FSM for state register 'current_state_reg' in module 'xsdbs_v1_0_2_reg_p2s__parameterized64'
---------------------------------------------------------------------------------------------------
                   State |                     New Encoding |                Previous Encoding 
---------------------------------------------------------------------------------------------------
*
                    IDLE |                             0001 |                             0001
                     REG |                             0010 |                             0010
                     P2S |                             0100 |                             0100
                     S2P |                             1000 |                             1000
---------------------------------------------------------------------------------------------------
INFO: [Synth 8-3898] No Re-encoding of one hot register 'current_state_reg' in module 'xsdbs_v1_0_2_reg_p2s__parameterized65'
---------------------------------------------------------------------------------------------------
                   State |                     New Encoding |                Previous Encoding 
---------------------------------------------------------------------------------------------------
*
                    IDLE |                             0001 |                             0001
                     REG |                             0010 |                             0010
                     P2S |                             0100 |                             0100
                     S2P |                             1000 |                             1000
---------------------------------------------------------------------------------------------------
INFO: [Synth 8-3898] No Re-encoding of one hot register 'current_state_reg' in module 'xsdbs_v1_0_2_reg_p2s'
---------------------------------------------------------------------------------------------------
                   State |                     New Encoding |                Previous Encoding 
---------------------------------------------------------------------------------------------------
*
                    IDLE |                             0001 |                             0001
                     REG |                             0010 |                             0010
                     P2S |                             0100 |                             0100
                     S2P |                             1000 |                             1000
---------------------------------------------------------------------------------------------------
INFO: [Synth 8-3898] No Re-encoding of one hot register 'current_state_reg' in module 'xsdbs_v1_0_2_reg_p2s__parameterized0'
---------------------------------------------------------------------------------------------------
                   State |                     New Encoding |                Previous Encoding 
---------------------------------------------------------------------------------------------------
*
                    IDLE |                             0001 |                             0001
                     REG |                             0010 |                             0010
                     P2S |                             0100 |                             0100
                     S2P |                             1000 |                             1000
---------------------------------------------------------------------------------------------------
INFO: [Synth 8-3898] No Re-encoding of one hot register 'current_state_reg' in module 'xsdbs_v1_0_2_reg_p2s__parameterized1'
---------------------------------------------------------------------------------------------------
                   State |                     New Encoding |                Previous Encoding 
---------------------------------------------------------------------------------------------------
*
                    IDLE |                             0001 |                             0001
                     REG |                             0010 |                             0010
                     P2S |                             0100 |                             0100
                     S2P |                             1000 |                             1000
---------------------------------------------------------------------------------------------------
INFO: [Synth 8-3898] No Re-encoding of one hot register 'current_state_reg' in module 'xsdbs_v1_0_2_reg_p2s__parameterized2'
---------------------------------------------------------------------------------------------------
                   State |                     New Encoding |                Previous Encoding 
---------------------------------------------------------------------------------------------------
*
                    IDLE |                             0001 |                             0001
                     REG |                             0010 |                             0010
                     P2S |                             0100 |                             0100
                     S2P |                             1000 |                             1000
---------------------------------------------------------------------------------------------------
INFO: [Synth 8-3898] No Re-encoding of one hot register 'current_state_reg' in module 'xsdbs_v1_0_2_reg_p2s__parameterized3'
---------------------------------------------------------------------------------------------------
                   State |                     New Encoding |                Previous Encoding 
---------------------------------------------------------------------------------------------------
*
                    IDLE |                             0001 |                             0001
                     REG |                             0010 |                             0010
                     P2S |                             0100 |                             0100
                     S2P |                             1000 |                             1000
---------------------------------------------------------------------------------------------------
INFO: [Synth 8-3898] No Re-encoding of one hot register 'current_state_reg' in module 'xsdbs_v1_0_2_reg_p2s__parameterized4'
---------------------------------------------------------------------------------------------------
                   State |                     New Encoding |                Previous Encoding 
---------------------------------------------------------------------------------------------------
*
                    IDLE |                             0001 |                             0001
                     REG |                             0010 |                             0010
                     P2S |                             0100 |                             0100
                     S2P |                             1000 |                             1000
---------------------------------------------------------------------------------------------------
INFO: [Synth 8-3898] No Re-encoding of one hot register 'current_state_reg' in module 'xsdbs_v1_0_2_reg_p2s__parameterized5'
---------------------------------------------------------------------------------------------------
                   State |                     New Encoding |                Previous Encoding 
---------------------------------------------------------------------------------------------------
*
                    IDLE |                             0001 |                             0001
                     REG |                             0010 |                             0010
                     P2S |                             0100 |                             0100
                     S2P |                             1000 |                             1000
---------------------------------------------------------------------------------------------------
INFO: [Synth 8-3898] No Re-encoding of one hot register 'current_state_reg' in module 'xsdbs_v1_0_2_reg_p2s__parameterized6'
---------------------------------------------------------------------------------------------------
                   State |                     New Encoding |                Previous Encoding 
---------------------------------------------------------------------------------------------------
*
                    IDLE |                             0001 |                             0001
                     REG |                             0010 |                             0010
                     P2S |                             0100 |                             0100
                     S2P |                             1000 |                             1000
---------------------------------------------------------------------------------------------------
INFO: [Synth 8-3898] No Re-encoding of one hot register 'current_state_reg' in module 'xsdbs_v1_0_2_reg_p2s__parameterized7'
---------------------------------------------------------------------------------------------------
                   State |                     New Encoding |                Previous Encoding 
---------------------------------------------------------------------------------------------------
*
                    IDLE |                             0001 |                             0001
                     REG |                             0010 |                             0010
                     P2S |                             0100 |                             0100
                     S2P |                             1000 |                             1000
---------------------------------------------------------------------------------------------------
INFO: [Synth 8-3898] No Re-encoding of one hot register 'current_state_reg' in module 'xsdbs_v1_0_2_reg_p2s__parameterized8'
---------------------------------------------------------------------------------------------------
                   State |                     New Encoding |                Previous Encoding 
---------------------------------------------------------------------------------------------------
*
                    IDLE |                             0001 |                             0001
                     REG |                             0010 |                             0010
                     P2S |                             0100 |                             0100
                     S2P |                             1000 |                             1000
---------------------------------------------------------------------------------------------------
INFO: [Synth 8-3898] No Re-encoding of one hot register 'current_state_reg' in module 'xsdbs_v1_0_2_reg_p2s__parameterized9'
---------------------------------------------------------------------------------------------------
                   State |                     New Encoding |                Previous Encoding 
---------------------------------------------------------------------------------------------------
*
                    IDLE |                             0001 |                             0001
                     REG |                             0010 |                             0010
                     P2S |                             0100 |                             0100
                     S2P |                             1000 |                             1000
---------------------------------------------------------------------------------------------------
INFO: [Synth 8-3898] No Re-encoding of one hot register 'current_state_reg' in module 'xsdbs_v1_0_2_reg_p2s__parameterized10'
---------------------------------------------------------------------------------------------------
                   State |                     New Encoding |                Previous Encoding 
---------------------------------------------------------------------------------------------------
*
                    IDLE |                             0001 |                             0001
                     REG |                             0010 |                             0010
                     P2S |                             0100 |                             0100
                     S2P |                             1000 |                             1000
---------------------------------------------------------------------------------------------------
INFO: [Synth 8-3898] No Re-encoding of one hot register 'current_state_reg' in module 'xsdbs_v1_0_2_reg_p2s__parameterized11'
---------------------------------------------------------------------------------------------------
                   State |                     New Encoding |                Previous Encoding 
---------------------------------------------------------------------------------------------------
*
                    IDLE |                             0001 |                             0001
                     REG |                             0010 |                             0010
                     P2S |                             0100 |                             0100
                     S2P |                             1000 |                             1000
---------------------------------------------------------------------------------------------------
INFO: [Synth 8-3898] No Re-encoding of one hot register 'current_state_reg' in module 'xsdbs_v1_0_2_reg_p2s__parameterized12'
---------------------------------------------------------------------------------------------------
                   State |                     New Encoding |                Previous Encoding 
---------------------------------------------------------------------------------------------------
*
                    IDLE |                             0001 |                             0001
                     REG |                             0010 |                             0010
                     P2S |                             0100 |                             0100
                     S2P |                             1000 |                             1000
---------------------------------------------------------------------------------------------------
INFO: [Synth 8-3898] No Re-encoding of one hot register 'current_state_reg' in module 'xsdbs_v1_0_2_reg_p2s__parameterized13'
---------------------------------------------------------------------------------------------------
                   State |                     New Encoding |                Previous Encoding 
---------------------------------------------------------------------------------------------------
*
                    IDLE |                             0001 |                             0001
                     REG |                             0010 |                             0010
                     P2S |                             0100 |                             0100
                     S2P |                             1000 |                             1000
---------------------------------------------------------------------------------------------------
INFO: [Synth 8-3898] No Re-encoding of one hot register 'current_state_reg' in module 'xsdbs_v1_0_2_reg_p2s__parameterized14'
---------------------------------------------------------------------------------------------------
                   State |                     New Encoding |                Previous Encoding 
---------------------------------------------------------------------------------------------------
*
                    IDLE |                             0001 |                             0001
                     REG |                             0010 |                             0010
                     P2S |                             0100 |                             0100
                     S2P |                             1000 |                             1000
---------------------------------------------------------------------------------------------------
INFO: [Synth 8-3898] No Re-encoding of one hot register 'current_state_reg' in module 'xsdbs_v1_0_2_reg_p2s__parameterized15'
---------------------------------------------------------------------------------------------------
                   State |                     New Encoding |                Previous Encoding 
---------------------------------------------------------------------------------------------------
*
                    IDLE |                             0001 |                             0001
                     REG |                             0010 |                             0010
                     P2S |                             0100 |                             0100
                     S2P |                             1000 |                             1000
---------------------------------------------------------------------------------------------------
INFO: [Synth 8-3898] No Re-encoding of one hot register 'current_state_reg' in module 'xsdbs_v1_0_2_reg_p2s__parameterized16'
---------------------------------------------------------------------------------------------------
                   State |                     New Encoding |                Previous Encoding 
---------------------------------------------------------------------------------------------------
*
                    IDLE |                             0001 |                             0001
                     REG |                             0010 |                             0010
                     P2S |                             0100 |                             0100
                     S2P |                             1000 |                             1000
---------------------------------------------------------------------------------------------------
INFO: [Synth 8-3898] No Re-encoding of one hot register 'current_state_reg' in module 'xsdbs_v1_0_2_reg_p2s__parameterized17'
---------------------------------------------------------------------------------------------------
                   State |                     New Encoding |                Previous Encoding 
---------------------------------------------------------------------------------------------------
*
                    IDLE |                             0001 |                             0001
                     REG |                             0010 |                             0010
                     P2S |                             0100 |                             0100
                     S2P |                             1000 |                             1000
---------------------------------------------------------------------------------------------------
INFO: [Synth 8-3898] No Re-encoding of one hot register 'current_state_reg' in module 'xsdbs_v1_0_2_reg_p2s__parameterized18'
---------------------------------------------------------------------------------------------------
                   State |                     New Encoding |                Previous Encoding 
---------------------------------------------------------------------------------------------------
*
                    IDLE |                             0001 |                             0001
                     REG |                             0010 |                             0010
                     P2S |                             0100 |                             0100
                     S2P |                             1000 |                             1000
---------------------------------------------------------------------------------------------------
INFO: [Synth 8-3898] No Re-encoding of one hot register 'current_state_reg' in module 'xsdbs_v1_0_2_reg_p2s__parameterized19'
---------------------------------------------------------------------------------------------------
                   State |                     New Encoding |                Previous Encoding 
---------------------------------------------------------------------------------------------------
*
                    IDLE |                             0001 |                             0001
                     REG |                             0010 |                             0010
                     P2S |                             0100 |                             0100
                     S2P |                             1000 |                             1000
---------------------------------------------------------------------------------------------------
INFO: [Synth 8-3898] No Re-encoding of one hot register 'current_state_reg' in module 'xsdbs_v1_0_2_reg_p2s__parameterized20'
---------------------------------------------------------------------------------------------------
                   State |                     New Encoding |                Previous Encoding 
---------------------------------------------------------------------------------------------------
*
                    IDLE |                             0001 |                             0001
                     REG |                             0010 |                             0010
                     P2S |                             0100 |                             0100
                     S2P |                             1000 |                             1000
---------------------------------------------------------------------------------------------------
INFO: [Synth 8-3898] No Re-encoding of one hot register 'current_state_reg' in module 'xsdbs_v1_0_2_reg_p2s__parameterized21'
---------------------------------------------------------------------------------------------------
                   State |                     New Encoding |                Previous Encoding 
---------------------------------------------------------------------------------------------------
*
                    IDLE |                             0001 |                             0001
                     REG |                             0010 |                             0010
                     P2S |                             0100 |                             0100
                     S2P |                             1000 |                             1000
---------------------------------------------------------------------------------------------------
INFO: [Synth 8-3898] No Re-encoding of one hot register 'current_state_reg' in module 'xsdbs_v1_0_2_reg_p2s__parameterized22'
---------------------------------------------------------------------------------------------------
                   State |                     New Encoding |                Previous Encoding 
---------------------------------------------------------------------------------------------------
*
                    IDLE |                             0001 |                             0001
                     REG |                             0010 |                             0010
                     P2S |                             0100 |                             0100
                     S2P |                             1000 |                             1000
---------------------------------------------------------------------------------------------------
INFO: [Synth 8-3898] No Re-encoding of one hot register 'current_state_reg' in module 'xsdbs_v1_0_2_reg_p2s__parameterized23'
---------------------------------------------------------------------------------------------------
                   State |                     New Encoding |                Previous Encoding 
---------------------------------------------------------------------------------------------------
*
                    IDLE |                             0001 |                             0001
                     REG |                             0010 |                             0010
                     P2S |                             0100 |                             0100
                     S2P |                             1000 |                             1000
---------------------------------------------------------------------------------------------------
INFO: [Synth 8-3898] No Re-encoding of one hot register 'current_state_reg' in module 'xsdbs_v1_0_2_reg_p2s__parameterized24'
---------------------------------------------------------------------------------------------------
                   State |                     New Encoding |                Previous Encoding 
---------------------------------------------------------------------------------------------------
*
                    IDLE |                             0001 |                             0001
                     REG |                             0010 |                             0010
                     P2S |                             0100 |                             0100
                     S2P |                             1000 |                             1000
---------------------------------------------------------------------------------------------------
INFO: [Synth 8-3898] No Re-encoding of one hot register 'current_state_reg' in module 'xsdbs_v1_0_2_reg_p2s__parameterized25'
---------------------------------------------------------------------------------------------------
                   State |                     New Encoding |                Previous Encoding 
---------------------------------------------------------------------------------------------------
*
                    IDLE |                             0001 |                             0001
                     REG |                             0010 |                             0010
                     P2S |                             0100 |                             0100
                     S2P |                             1000 |                             1000
---------------------------------------------------------------------------------------------------
INFO: [Synth 8-3898] No Re-encoding of one hot register 'current_state_reg' in module 'xsdbs_v1_0_2_reg_p2s__parameterized26'
---------------------------------------------------------------------------------------------------
                   State |                     New Encoding |                Previous Encoding 
---------------------------------------------------------------------------------------------------
*
                    IDLE |                             0001 |                             0001
                     REG |                             0010 |                             0010
                     P2S |                             0100 |                             0100
                     S2P |                             1000 |                             1000
---------------------------------------------------------------------------------------------------
INFO: [Synth 8-3898] No Re-encoding of one hot register 'current_state_reg' in module 'xsdbs_v1_0_2_reg_p2s__parameterized27'
---------------------------------------------------------------------------------------------------
                   State |                     New Encoding |                Previous Encoding 
---------------------------------------------------------------------------------------------------
*
                    IDLE |                             0001 |                             0001
                     REG |                             0010 |                             0010
                     P2S |                             0100 |                             0100
                     S2P |                             1000 |                             1000
---------------------------------------------------------------------------------------------------
INFO: [Synth 8-3898] No Re-encoding of one hot register 'current_state_reg' in module 'xsdbs_v1_0_2_reg_p2s__parameterized28'
---------------------------------------------------------------------------------------------------
                   State |                     New Encoding |                Previous Encoding 
---------------------------------------------------------------------------------------------------
*
                    IDLE |                             0001 |                             0001
                     REG |                             0010 |                             0010
                     P2S |                             0100 |                             0100
                     S2P |                             1000 |                             1000
---------------------------------------------------------------------------------------------------
INFO: [Synth 8-3898] No Re-encoding of one hot register 'current_state_reg' in module 'xsdbs_v1_0_2_reg_p2s__parameterized29'
---------------------------------------------------------------------------------------------------
                   State |                     New Encoding |                Previous Encoding 
---------------------------------------------------------------------------------------------------
*
                    IDLE |                             0001 |                             0001
                     REG |                             0010 |                             0010
                     P2S |                             0100 |                             0100
                     S2P |                             1000 |                             1000
---------------------------------------------------------------------------------------------------
INFO: [Synth 8-3898] No Re-encoding of one hot register 'current_state_reg' in module 'xsdbs_v1_0_2_reg_p2s__parameterized30'
---------------------------------------------------------------------------------------------------
                   State |                     New Encoding |                Previous Encoding 
---------------------------------------------------------------------------------------------------
*
                    IDLE |                             0001 |                             0001
                     REG |                             0010 |                             0010
                     P2S |                             0100 |                             0100
                     S2P |                             1000 |                             1000
---------------------------------------------------------------------------------------------------
INFO: [Synth 8-3898] No Re-encoding of one hot register 'current_state_reg' in module 'xsdbs_v1_0_2_reg_p2s__parameterized31'
---------------------------------------------------------------------------------------------------
                   State |                     New Encoding |                Previous Encoding 
---------------------------------------------------------------------------------------------------
*
                    IDLE |                             0001 |                             0001
                     REG |                             0010 |                             0010
                     P2S |                             0100 |                             0100
                     S2P |                             1000 |                             1000
---------------------------------------------------------------------------------------------------
INFO: [Synth 8-3898] No Re-encoding of one hot register 'current_state_reg' in module 'xsdbs_v1_0_2_reg_p2s__parameterized32'
---------------------------------------------------------------------------------------------------
                   State |                     New Encoding |                Previous Encoding 
---------------------------------------------------------------------------------------------------
*
                    IDLE |                             0001 |                             0001
                     REG |                             0010 |                             0010
                     P2S |                             0100 |                             0100
                     S2P |                             1000 |                             1000
---------------------------------------------------------------------------------------------------
INFO: [Synth 8-3898] No Re-encoding of one hot register 'current_state_reg' in module 'xsdbs_v1_0_2_reg_p2s__parameterized33'
---------------------------------------------------------------------------------------------------
                   State |                     New Encoding |                Previous Encoding 
---------------------------------------------------------------------------------------------------
*
                    IDLE |                             0001 |                             0001
                     REG |                             0010 |                             0010
                     P2S |                             0100 |                             0100
                     S2P |                             1000 |                             1000
---------------------------------------------------------------------------------------------------
INFO: [Synth 8-3898] No Re-encoding of one hot register 'current_state_reg' in module 'xsdbs_v1_0_2_reg_p2s__parameterized34'
---------------------------------------------------------------------------------------------------
                   State |                     New Encoding |                Previous Encoding 
---------------------------------------------------------------------------------------------------
*
                    IDLE |                             0001 |                             0001
                     REG |                             0010 |                             0010
                     P2S |                             0100 |                             0100
                     S2P |                             1000 |                             1000
---------------------------------------------------------------------------------------------------
INFO: [Synth 8-3898] No Re-encoding of one hot register 'current_state_reg' in module 'xsdbs_v1_0_2_reg_p2s__parameterized35'
---------------------------------------------------------------------------------------------------
                   State |                     New Encoding |                Previous Encoding 
---------------------------------------------------------------------------------------------------
*
                    IDLE |                             0001 |                             0001
                     REG |                             0010 |                             0010
                     P2S |                             0100 |                             0100
                     S2P |                             1000 |                             1000
---------------------------------------------------------------------------------------------------
INFO: [Synth 8-3898] No Re-encoding of one hot register 'current_state_reg' in module 'xsdbs_v1_0_2_reg_p2s__parameterized36'
---------------------------------------------------------------------------------------------------
                   State |                     New Encoding |                Previous Encoding 
---------------------------------------------------------------------------------------------------
*
                    IDLE |                             0001 |                             0001
                     REG |                             0010 |                             0010
                     P2S |                             0100 |                             0100
                     S2P |                             1000 |                             1000
---------------------------------------------------------------------------------------------------
INFO: [Synth 8-3898] No Re-encoding of one hot register 'current_state_reg' in module 'xsdbs_v1_0_2_reg_p2s__parameterized37'
---------------------------------------------------------------------------------------------------
                   State |                     New Encoding |                Previous Encoding 
---------------------------------------------------------------------------------------------------
*
                    IDLE |                             0001 |                             0001
                     REG |                             0010 |                             0010
                     P2S |                             0100 |                             0100
                     S2P |                             1000 |                             1000
---------------------------------------------------------------------------------------------------
INFO: [Synth 8-3898] No Re-encoding of one hot register 'current_state_reg' in module 'xsdbs_v1_0_2_reg_p2s__parameterized38'
---------------------------------------------------------------------------------------------------
                   State |                     New Encoding |                Previous Encoding 
---------------------------------------------------------------------------------------------------
*
                    IDLE |                             0001 |                             0001
                     REG |                             0010 |                             0010
                     P2S |                             0100 |                             0100
                     S2P |                             1000 |                             1000
---------------------------------------------------------------------------------------------------
INFO: [Synth 8-3898] No Re-encoding of one hot register 'current_state_reg' in module 'xsdbs_v1_0_2_reg_p2s__parameterized39'
---------------------------------------------------------------------------------------------------
                   State |                     New Encoding |                Previous Encoding 
---------------------------------------------------------------------------------------------------
*
                    IDLE |                             0001 |                             0001
                     REG |                             0010 |                             0010
                     P2S |                             0100 |                             0100
                     S2P |                             1000 |                             1000
---------------------------------------------------------------------------------------------------
INFO: [Synth 8-3898] No Re-encoding of one hot register 'current_state_reg' in module 'xsdbs_v1_0_2_reg_p2s__parameterized40'
---------------------------------------------------------------------------------------------------
                   State |                     New Encoding |                Previous Encoding 
---------------------------------------------------------------------------------------------------
*
                    IDLE |                             0001 |                             0001
                     REG |                             0010 |                             0010
                     P2S |                             0100 |                             0100
                     S2P |                             1000 |                             1000
---------------------------------------------------------------------------------------------------
INFO: [Synth 8-3898] No Re-encoding of one hot register 'current_state_reg' in module 'xsdbs_v1_0_2_reg_p2s__parameterized41'
---------------------------------------------------------------------------------------------------
                   State |                     New Encoding |                Previous Encoding 
---------------------------------------------------------------------------------------------------
*
                    IDLE |                             0001 |                             0001
                     REG |                             0010 |                             0010
                     P2S |                             0100 |                             0100
                     S2P |                             1000 |                             1000
---------------------------------------------------------------------------------------------------
INFO: [Synth 8-3898] No Re-encoding of one hot register 'current_state_reg' in module 'xsdbs_v1_0_2_reg_p2s__parameterized42'
---------------------------------------------------------------------------------------------------
                   State |                     New Encoding |                Previous Encoding 
---------------------------------------------------------------------------------------------------
*
                    IDLE |                             0001 |                             0001
                     REG |                             0010 |                             0010
                     P2S |                             0100 |                             0100
                     S2P |                             1000 |                             1000
---------------------------------------------------------------------------------------------------
INFO: [Synth 8-3898] No Re-encoding of one hot register 'current_state_reg' in module 'xsdbs_v1_0_2_reg_p2s__parameterized43'
---------------------------------------------------------------------------------------------------
                   State |                     New Encoding |                Previous Encoding 
---------------------------------------------------------------------------------------------------
*
                    IDLE |                             0001 |                             0001
                     REG |                             0010 |                             0010
                     P2S |                             0100 |                             0100
                     S2P |                             1000 |                             1000
---------------------------------------------------------------------------------------------------
INFO: [Synth 8-3898] No Re-encoding of one hot register 'current_state_reg' in module 'xsdbs_v1_0_2_reg_p2s__parameterized44'
---------------------------------------------------------------------------------------------------
                   State |                     New Encoding |                Previous Encoding 
---------------------------------------------------------------------------------------------------
*
                    IDLE |                             0001 |                             0001
                     REG |                             0010 |                             0010
                     P2S |                             0100 |                             0100
                     S2P |                             1000 |                             1000
---------------------------------------------------------------------------------------------------
INFO: [Synth 8-3898] No Re-encoding of one hot register 'current_state_reg' in module 'xsdbs_v1_0_2_reg_p2s__parameterized45'
---------------------------------------------------------------------------------------------------
                   State |                     New Encoding |                Previous Encoding 
---------------------------------------------------------------------------------------------------
*
                    IDLE |                             0001 |                             0001
                     REG |                             0010 |                             0010
                     P2S |                             0100 |                             0100
                     S2P |                             1000 |                             1000
---------------------------------------------------------------------------------------------------
INFO: [Synth 8-3898] No Re-encoding of one hot register 'current_state_reg' in module 'xsdbs_v1_0_2_reg_p2s__parameterized46'
---------------------------------------------------------------------------------------------------
                   State |                     New Encoding |                Previous Encoding 
---------------------------------------------------------------------------------------------------
*
                    IDLE |                             0001 |                             0001
                     REG |                             0010 |                             0010
                     P2S |                             0100 |                             0100
                     S2P |                             1000 |                             1000
---------------------------------------------------------------------------------------------------
INFO: [Synth 8-3898] No Re-encoding of one hot register 'current_state_reg' in module 'xsdbs_v1_0_2_reg_p2s__parameterized47'
---------------------------------------------------------------------------------------------------
                   State |                     New Encoding |                Previous Encoding 
---------------------------------------------------------------------------------------------------
*
                    IDLE |                             0001 |                             0001
                     REG |                             0010 |                             0010
                     P2S |                             0100 |                             0100
                     S2P |                             1000 |                             1000
---------------------------------------------------------------------------------------------------
INFO: [Synth 8-3898] No Re-encoding of one hot register 'current_state_reg' in module 'xsdbs_v1_0_2_reg_p2s__parameterized48'
---------------------------------------------------------------------------------------------------
                   State |                     New Encoding |                Previous Encoding 
---------------------------------------------------------------------------------------------------
*
                    IDLE |                             0001 |                             0001
                     REG |                             0010 |                             0010
                     P2S |                             0100 |                             0100
                     S2P |                             1000 |                             1000
---------------------------------------------------------------------------------------------------
INFO: [Synth 8-3898] No Re-encoding of one hot register 'current_state_reg' in module 'xsdbs_v1_0_2_reg_p2s__parameterized49'
---------------------------------------------------------------------------------------------------
                   State |                     New Encoding |                Previous Encoding 
---------------------------------------------------------------------------------------------------
*
                    IDLE |                             0001 |                             0001
                     REG |                             0010 |                             0010
                     P2S |                             0100 |                             0100
                     S2P |                             1000 |                             1000
---------------------------------------------------------------------------------------------------
INFO: [Synth 8-3898] No Re-encoding of one hot register 'current_state_reg' in module 'xsdbs_v1_0_2_reg_p2s__parameterized50'
---------------------------------------------------------------------------------------------------
                   State |                     New Encoding |                Previous Encoding 
---------------------------------------------------------------------------------------------------
*
                    IDLE |                             0001 |                             0001
                     REG |                             0010 |                             0010
                     P2S |                             0100 |                             0100
                     S2P |                             1000 |                             1000
---------------------------------------------------------------------------------------------------
INFO: [Synth 8-3898] No Re-encoding of one hot register 'current_state_reg' in module 'xsdbs_v1_0_2_reg_p2s__parameterized51'
---------------------------------------------------------------------------------------------------
                   State |                     New Encoding |                Previous Encoding 
---------------------------------------------------------------------------------------------------
*
                    IDLE |                             0001 |                             0001
                     REG |                             0010 |                             0010
                     P2S |                             0100 |                             0100
                     S2P |                             1000 |                             1000
---------------------------------------------------------------------------------------------------
INFO: [Synth 8-3898] No Re-encoding of one hot register 'current_state_reg' in module 'xsdbs_v1_0_2_reg_p2s__parameterized52'
---------------------------------------------------------------------------------------------------
                   State |                     New Encoding |                Previous Encoding 
---------------------------------------------------------------------------------------------------
*
                    IDLE |                             0001 |                             0001
                     REG |                             0010 |                             0010
                     P2S |                             0100 |                             0100
                     S2P |                             1000 |                             1000
---------------------------------------------------------------------------------------------------
INFO: [Synth 8-3898] No Re-encoding of one hot register 'current_state_reg' in module 'xsdbs_v1_0_2_reg_p2s__parameterized53'
---------------------------------------------------------------------------------------------------
                   State |                     New Encoding |                Previous Encoding 
---------------------------------------------------------------------------------------------------
*
                    IDLE |                             0001 |                             0001
                     REG |                             0010 |                             0010
                     P2S |                             0100 |                             0100
                     S2P |                             1000 |                             1000
---------------------------------------------------------------------------------------------------
INFO: [Synth 8-3898] No Re-encoding of one hot register 'current_state_reg' in module 'xsdbs_v1_0_2_reg_p2s__parameterized54'
---------------------------------------------------------------------------------------------------
                   State |                     New Encoding |                Previous Encoding 
---------------------------------------------------------------------------------------------------
*
                    IDLE |                             0001 |                             0001
                     REG |                             0010 |                             0010
                     P2S |                             0100 |                             0100
                     S2P |                             1000 |                             1000
---------------------------------------------------------------------------------------------------
INFO: [Synth 8-3898] No Re-encoding of one hot register 'current_state_reg' in module 'xsdbs_v1_0_2_reg_p2s__parameterized55'
---------------------------------------------------------------------------------------------------
                   State |                     New Encoding |                Previous Encoding 
---------------------------------------------------------------------------------------------------
*
                    IDLE |                             0001 |                             0001
                     REG |                             0010 |                             0010
                     P2S |                             0100 |                             0100
                     S2P |                             1000 |                             1000
---------------------------------------------------------------------------------------------------
INFO: [Synth 8-3898] No Re-encoding of one hot register 'current_state_reg' in module 'xsdbs_v1_0_2_reg_p2s__parameterized56'
---------------------------------------------------------------------------------------------------
                   State |                     New Encoding |                Previous Encoding 
---------------------------------------------------------------------------------------------------
*
                    IDLE |                             0001 |                             0001
                     REG |                             0010 |                             0010
                     P2S |                             0100 |                             0100
                     S2P |                             1000 |                             1000
---------------------------------------------------------------------------------------------------
INFO: [Synth 8-3898] No Re-encoding of one hot register 'current_state_reg' in module 'xsdbs_v1_0_2_reg_p2s__parameterized57'
---------------------------------------------------------------------------------------------------
                   State |                     New Encoding |                Previous Encoding 
---------------------------------------------------------------------------------------------------
*
                    IDLE |                             0001 |                             0001
                     REG |                             0010 |                             0010
                     P2S |                             0100 |                             0100
                     S2P |                             1000 |                             1000
---------------------------------------------------------------------------------------------------
INFO: [Synth 8-3898] No Re-encoding of one hot register 'current_state_reg' in module 'xsdbs_v1_0_2_reg_p2s__parameterized58'
---------------------------------------------------------------------------------------------------
                   State |                     New Encoding |                Previous Encoding 
---------------------------------------------------------------------------------------------------
*
                    IDLE |                             0001 |                             0001
                     REG |                             0010 |                             0010
                     P2S |                             0100 |                             0100
                     S2P |                             1000 |                             1000
---------------------------------------------------------------------------------------------------
INFO: [Synth 8-3898] No Re-encoding of one hot register 'current_state_reg' in module 'xsdbs_v1_0_2_reg_p2s__parameterized59'
---------------------------------------------------------------------------------------------------
                   State |                     New Encoding |                Previous Encoding 
---------------------------------------------------------------------------------------------------
*
                    IDLE |                             0001 |                             0001
                     REG |                             0010 |                             0010
                     P2S |                             0100 |                             0100
                     S2P |                             1000 |                             1000
---------------------------------------------------------------------------------------------------
INFO: [Synth 8-3898] No Re-encoding of one hot register 'current_state_reg' in module 'xsdbs_v1_0_2_reg_p2s__parameterized60'
---------------------------------------------------------------------------------------------------
                   State |                     New Encoding |                Previous Encoding 
---------------------------------------------------------------------------------------------------
*
                    IDLE |                             0001 |                             0001
                     REG |                             0010 |                             0010
                     P2S |                             0100 |                             0100
                     S2P |                             1000 |                             1000
---------------------------------------------------------------------------------------------------
INFO: [Synth 8-3898] No Re-encoding of one hot register 'current_state_reg' in module 'xsdbs_v1_0_2_reg_p2s__parameterized61'
---------------------------------------------------------------------------------------------------
                   State |                     New Encoding |                Previous Encoding 
---------------------------------------------------------------------------------------------------
*
                    IDLE |                             0001 |                             0001
                     REG |                             0010 |                             0010
                     P2S |                             0100 |                             0100
                     S2P |                             1000 |                             1000
---------------------------------------------------------------------------------------------------
INFO: [Synth 8-3898] No Re-encoding of one hot register 'current_state_reg' in module 'xsdbs_v1_0_2_reg_p2s__parameterized62'
---------------------------------------------------------------------------------------------------
                   State |                     New Encoding |                Previous Encoding 
---------------------------------------------------------------------------------------------------
*
                    IDLE |                             0001 |                             0001
                     REG |                             0010 |                             0010
                     P2S |                             0100 |                             0100
                     S2P |                             1000 |                             1000
---------------------------------------------------------------------------------------------------
INFO: [Synth 8-3898] No Re-encoding of one hot register 'current_state_reg' in module 'xsdbs_v1_0_2_reg_p2s__parameterized63'
---------------------------------------------------------------------------------------------------
                   State |                     New Encoding |                Previous Encoding 
---------------------------------------------------------------------------------------------------
*
                    IDLE |                             0001 |                             0001
                     REG |                             0010 |                             0010
                     P2S |                             0100 |                             0100
                     S2P |                             1000 |                             1000
---------------------------------------------------------------------------------------------------
INFO: [Synth 8-3898] No Re-encoding of one hot register 'current_state_reg' in module 'xsdbs_v1_0_2_reg_p2s__parameterized64'
---------------------------------------------------------------------------------
Finished RTL Optimization Phase 2 : Time (s): cpu = 00:02:33 ; elapsed = 00:03:32 . Memory (MB): peak = 1452.891 ; gain = 729.480
---------------------------------------------------------------------------------

Report RTL Partitions: 
+-+--------------+------------+----------+
| |RTL Partition |Replication |Instances |
+-+--------------+------------+----------+
+-+--------------+------------+----------+
---------------------------------------------------------------------------------
Start RTL Component Statistics 
---------------------------------------------------------------------------------
Detailed RTL Component Info : 
+---Adders : 
	   2 Input     10 Bit       Adders := 3     
	   2 Input      9 Bit       Adders := 1     
	   2 Input      7 Bit       Adders := 2     
	   2 Input      6 Bit       Adders := 2     
	   2 Input      4 Bit       Adders := 67    
	   2 Input      2 Bit       Adders := 12    
+---XORs : 
	   2 Input     13 Bit         XORs := 81    
	   2 Input      1 Bit         XORs := 4     
+---Registers : 
	             1024 Bit    Registers := 2     
	              544 Bit    Registers := 1     
	              528 Bit    Registers := 9     
	              128 Bit    Registers := 1     
	               65 Bit    Registers := 1     
	               64 Bit    Registers := 4     
	               33 Bit    Registers := 2     
	               32 Bit    Registers := 12    
	               17 Bit    Registers := 2     
	               16 Bit    Registers := 329   
	               12 Bit    Registers := 14    
	               10 Bit    Registers := 9     
	                9 Bit    Registers := 1     
	                8 Bit    Registers := 2     
	                7 Bit    Registers := 4     
	                6 Bit    Registers := 3     
	                4 Bit    Registers := 95    
	                3 Bit    Registers := 24    
	                2 Bit    Registers := 65    
	                1 Bit    Registers := 421   
+---Muxes : 
	   2 Input    528 Bit        Muxes := 1     
	   2 Input     16 Bit        Muxes := 76    
	   4 Input     16 Bit        Muxes := 1     
	   3 Input     16 Bit        Muxes := 1     
	   8 Input     16 Bit        Muxes := 1     
	   2 Input     15 Bit        Muxes := 67    
	   3 Input     13 Bit        Muxes := 1     
	   8 Input     10 Bit        Muxes := 1     
	   3 Input      7 Bit        Muxes := 1     
	   8 Input      7 Bit        Muxes := 1     
	   2 Input      6 Bit        Muxes := 4     
	   8 Input      6 Bit        Muxes := 1     
	   2 Input      5 Bit        Muxes := 2     
	   5 Input      4 Bit        Muxes := 67    
	   2 Input      4 Bit        Muxes := 202   
	   2 Input      3 Bit        Muxes := 67    
	  10 Input      3 Bit        Muxes := 1     
	   2 Input      2 Bit        Muxes := 23    
	   2 Input      1 Bit        Muxes := 381   
	   3 Input      1 Bit        Muxes := 67    
	   9 Input      1 Bit        Muxes := 1     
	   4 Input      1 Bit        Muxes := 1     
	   8 Input      1 Bit        Muxes := 5     
---------------------------------------------------------------------------------
Finished RTL Component Statistics 
---------------------------------------------------------------------------------
---------------------------------------------------------------------------------
Start RTL Hierarchical Component Statistics 
---------------------------------------------------------------------------------
Hierarchical RTL Component report 
Module gigantic_mux_v1_0_1_cntr 
Detailed RTL Component Info : 
+---Adders : 
	   2 Input      2 Bit       Adders := 4     
+---Registers : 
	                2 Bit    Registers := 4     
+---Muxes : 
	   2 Input      2 Bit        Muxes := 6     
	   2 Input      1 Bit        Muxes := 2     
Module gigantic_mux_v1_0_1_cntr__parameterized0 
Detailed RTL Component Info : 
+---Adders : 
	   2 Input      2 Bit       Adders := 8     
+---Registers : 
	               12 Bit    Registers := 4     
	                2 Bit    Registers := 4     
+---Muxes : 
	   2 Input      2 Bit        Muxes := 12    
	   2 Input      1 Bit        Muxes := 4     
Module xsdbs_v1_0_2_xsdbs 
Detailed RTL Component Info : 
+---Registers : 
	              128 Bit    Registers := 1     
	               17 Bit    Registers := 1     
	               16 Bit    Registers := 4     
	                1 Bit    Registers := 4     
+---Muxes : 
	   2 Input     16 Bit        Muxes := 1     
Module xsdbs_v1_0_2_reg_stat 
Detailed RTL Component Info : 
+---Registers : 
	               16 Bit    Registers := 1     
Module xsdbs_v1_0_2_reg_ctl 
Detailed RTL Component Info : 
+---Registers : 
	               16 Bit    Registers := 1     
Module xsdbs_v1_0_2_reg__parameterized139 
Detailed RTL Component Info : 
+---XORs : 
	   2 Input     13 Bit         XORs := 1     
Module xsdbs_v1_0_2_reg_ctl__parameterized0 
Detailed RTL Component Info : 
+---Registers : 
	               16 Bit    Registers := 1     
Module xsdbs_v1_0_2_reg__parameterized140 
Detailed RTL Component Info : 
+---XORs : 
	   2 Input     13 Bit         XORs := 1     
Module xsdbs_v1_0_2_reg__parameterized154 
Detailed RTL Component Info : 
+---XORs : 
	   2 Input     13 Bit         XORs := 1     
Module xsdbs_v1_0_2_reg__parameterized155 
Detailed RTL Component Info : 
+---XORs : 
	   2 Input     13 Bit         XORs := 1     
Module xsdbs_v1_0_2_reg__parameterized156 
Detailed RTL Component Info : 
+---XORs : 
	   2 Input     13 Bit         XORs := 1     
Module xsdbs_v1_0_2_reg__parameterized157 
Detailed RTL Component Info : 
+---XORs : 
	   2 Input     13 Bit         XORs := 1     
Module xsdbs_v1_0_2_reg__parameterized158 
Detailed RTL Component Info : 
+---XORs : 
	   2 Input     13 Bit         XORs := 1     
Module xsdbs_v1_0_2_reg_ctl__parameterized1 
Detailed RTL Component Info : 
+---Registers : 
	               16 Bit    Registers := 1     
Module xsdbs_v1_0_2_reg__parameterized159 
Detailed RTL Component Info : 
+---XORs : 
	   2 Input     13 Bit         XORs := 1     
Module xsdbs_v1_0_2_reg__parameterized160 
Detailed RTL Component Info : 
+---XORs : 
	   2 Input     13 Bit         XORs := 1     
Module xsdbs_v1_0_2_reg__parameterized161 
Detailed RTL Component Info : 
+---XORs : 
	   2 Input     13 Bit         XORs := 1     
Module xsdbs_v1_0_2_reg__parameterized162 
Detailed RTL Component Info : 
+---XORs : 
	   2 Input     13 Bit         XORs := 1     
Module xsdbs_v1_0_2_reg__parameterized163 
Detailed RTL Component Info : 
+---XORs : 
	   2 Input     13 Bit         XORs := 1     
Module xsdbs_v1_0_2_reg__parameterized164 
Detailed RTL Component Info : 
+---XORs : 
	   2 Input     13 Bit         XORs := 1     
Module xsdbs_v1_0_2_reg__parameterized165 
Detailed RTL Component Info : 
+---XORs : 
	   2 Input     13 Bit         XORs := 1     
Module xsdbs_v1_0_2_reg_p2s__parameterized65 
Detailed RTL Component Info : 
+---Adders : 
	   2 Input      4 Bit       Adders := 1     
+---XORs : 
	   2 Input     13 Bit         XORs := 1     
+---Registers : 
	               16 Bit    Registers := 2     
	                4 Bit    Registers := 1     
	                1 Bit    Registers := 3     
+---Muxes : 
	   2 Input     16 Bit        Muxes := 1     
	   2 Input     15 Bit        Muxes := 1     
	   5 Input      4 Bit        Muxes := 1     
	   2 Input      4 Bit        Muxes := 3     
	   2 Input      3 Bit        Muxes := 1     
	   2 Input      1 Bit        Muxes := 5     
	   3 Input      1 Bit        Muxes := 1     
Module xsdbs_v1_0_2_reg_stream 
Detailed RTL Component Info : 
+---Registers : 
	                1 Bit    Registers := 1     
Module xsdbs_v1_0_2_reg_p2s 
Detailed RTL Component Info : 
+---Adders : 
	   2 Input      4 Bit       Adders := 1     
+---XORs : 
	   2 Input     13 Bit         XORs := 1     
+---Registers : 
	               16 Bit    Registers := 2     
	                4 Bit    Registers := 1     
	                1 Bit    Registers := 3     
+---Muxes : 
	   2 Input     16 Bit        Muxes := 1     
	   2 Input     15 Bit        Muxes := 1     
	   5 Input      4 Bit        Muxes := 1     
	   2 Input      4 Bit        Muxes := 3     
	   2 Input      3 Bit        Muxes := 1     
	   2 Input      1 Bit        Muxes := 5     
	   3 Input      1 Bit        Muxes := 1     
Module xsdbs_v1_0_2_reg_p2s__parameterized0 
Detailed RTL Component Info : 
+---Adders : 
	   2 Input      4 Bit       Adders := 1     
+---XORs : 
	   2 Input     13 Bit         XORs := 1     
+---Registers : 
	               16 Bit    Registers := 2     
	                4 Bit    Registers := 1     
	                1 Bit    Registers := 3     
+---Muxes : 
	   2 Input     16 Bit        Muxes := 1     
	   2 Input     15 Bit        Muxes := 1     
	   5 Input      4 Bit        Muxes := 1     
	   2 Input      4 Bit        Muxes := 3     
	   2 Input      3 Bit        Muxes := 1     
	   2 Input      1 Bit        Muxes := 5     
	   3 Input      1 Bit        Muxes := 1     
Module xsdbs_v1_0_2_reg_p2s__parameterized1 
Detailed RTL Component Info : 
+---Adders : 
	   2 Input      4 Bit       Adders := 1     
+---XORs : 
	   2 Input     13 Bit         XORs := 1     
+---Registers : 
	               16 Bit    Registers := 2     
	                4 Bit    Registers := 1     
	                1 Bit    Registers := 3     
+---Muxes : 
	   2 Input     16 Bit        Muxes := 1     
	   2 Input     15 Bit        Muxes := 1     
	   5 Input      4 Bit        Muxes := 1     
	   2 Input      4 Bit        Muxes := 3     
	   2 Input      3 Bit        Muxes := 1     
	   2 Input      1 Bit        Muxes := 5     
	   3 Input      1 Bit        Muxes := 1     
Module xsdbs_v1_0_2_reg_p2s__parameterized2 
Detailed RTL Component Info : 
+---Adders : 
	   2 Input      4 Bit       Adders := 1     
+---XORs : 
	   2 Input     13 Bit         XORs := 1     
+---Registers : 
	               16 Bit    Registers := 2     
	                4 Bit    Registers := 1     
	                1 Bit    Registers := 3     
+---Muxes : 
	   2 Input     16 Bit        Muxes := 1     
	   2 Input     15 Bit        Muxes := 1     
	   5 Input      4 Bit        Muxes := 1     
	   2 Input      4 Bit        Muxes := 3     
	   2 Input      3 Bit        Muxes := 1     
	   2 Input      1 Bit        Muxes := 5     
	   3 Input      1 Bit        Muxes := 1     
Module xsdbs_v1_0_2_reg_p2s__parameterized3 
Detailed RTL Component Info : 
+---Adders : 
	   2 Input      4 Bit       Adders := 1     
+---XORs : 
	   2 Input     13 Bit         XORs := 1     
+---Registers : 
	               16 Bit    Registers := 2     
	                4 Bit    Registers := 1     
	                1 Bit    Registers := 3     
+---Muxes : 
	   2 Input     16 Bit        Muxes := 1     
	   2 Input     15 Bit        Muxes := 1     
	   5 Input      4 Bit        Muxes := 1     
	   2 Input      4 Bit        Muxes := 3     
	   2 Input      3 Bit        Muxes := 1     
	   2 Input      1 Bit        Muxes := 5     
	   3 Input      1 Bit        Muxes := 1     
Module xsdbs_v1_0_2_reg_p2s__parameterized4 
Detailed RTL Component Info : 
+---Adders : 
	   2 Input      4 Bit       Adders := 1     
+---XORs : 
	   2 Input     13 Bit         XORs := 1     
+---Registers : 
	               16 Bit    Registers := 2     
	                4 Bit    Registers := 1     
	                1 Bit    Registers := 3     
+---Muxes : 
	   2 Input     16 Bit        Muxes := 1     
	   2 Input     15 Bit        Muxes := 1     
	   5 Input      4 Bit        Muxes := 1     
	   2 Input      4 Bit        Muxes := 3     
	   2 Input      3 Bit        Muxes := 1     
	   2 Input      1 Bit        Muxes := 5     
	   3 Input      1 Bit        Muxes := 1     
Module xsdbs_v1_0_2_reg_p2s__parameterized5 
Detailed RTL Component Info : 
+---Adders : 
	   2 Input      4 Bit       Adders := 1     
+---XORs : 
	   2 Input     13 Bit         XORs := 1     
+---Registers : 
	               16 Bit    Registers := 2     
	                4 Bit    Registers := 1     
	                1 Bit    Registers := 3     
+---Muxes : 
	   2 Input     16 Bit        Muxes := 1     
	   2 Input     15 Bit        Muxes := 1     
	   5 Input      4 Bit        Muxes := 1     
	   2 Input      4 Bit        Muxes := 3     
	   2 Input      3 Bit        Muxes := 1     
	   2 Input      1 Bit        Muxes := 5     
	   3 Input      1 Bit        Muxes := 1     
Module xsdbs_v1_0_2_reg_p2s__parameterized6 
Detailed RTL Component Info : 
+---Adders : 
	   2 Input      4 Bit       Adders := 1     
+---XORs : 
	   2 Input     13 Bit         XORs := 1     
+---Registers : 
	               16 Bit    Registers := 2     
	                4 Bit    Registers := 1     
	                1 Bit    Registers := 3     
+---Muxes : 
	   2 Input     16 Bit        Muxes := 1     
	   2 Input     15 Bit        Muxes := 1     
	   5 Input      4 Bit        Muxes := 1     
	   2 Input      4 Bit        Muxes := 3     
	   2 Input      3 Bit        Muxes := 1     
	   2 Input      1 Bit        Muxes := 5     
	   3 Input      1 Bit        Muxes := 1     
Module xsdbs_v1_0_2_reg_p2s__parameterized7 
Detailed RTL Component Info : 
+---Adders : 
	   2 Input      4 Bit       Adders := 1     
+---XORs : 
	   2 Input     13 Bit         XORs := 1     
+---Registers : 
	               16 Bit    Registers := 2     
	                4 Bit    Registers := 1     
	                1 Bit    Registers := 3     
+---Muxes : 
	   2 Input     16 Bit        Muxes := 1     
	   2 Input     15 Bit        Muxes := 1     
	   5 Input      4 Bit        Muxes := 1     
	   2 Input      4 Bit        Muxes := 3     
	   2 Input      3 Bit        Muxes := 1     
	   2 Input      1 Bit        Muxes := 5     
	   3 Input      1 Bit        Muxes := 1     
Module xsdbs_v1_0_2_reg_p2s__parameterized8 
Detailed RTL Component Info : 
+---Adders : 
	   2 Input      4 Bit       Adders := 1     
+---XORs : 
	   2 Input     13 Bit         XORs := 1     
+---Registers : 
	               16 Bit    Registers := 2     
	                4 Bit    Registers := 1     
	                1 Bit    Registers := 3     
+---Muxes : 
	   2 Input     16 Bit        Muxes := 1     
	   2 Input     15 Bit        Muxes := 1     
	   5 Input      4 Bit        Muxes := 1     
	   2 Input      4 Bit        Muxes := 3     
	   2 Input      3 Bit        Muxes := 1     
	   2 Input      1 Bit        Muxes := 5     
	   3 Input      1 Bit        Muxes := 1     
Module xsdbs_v1_0_2_reg_p2s__parameterized9 
Detailed RTL Component Info : 
+---Adders : 
	   2 Input      4 Bit       Adders := 1     
+---XORs : 
	   2 Input     13 Bit         XORs := 1     
+---Registers : 
	               16 Bit    Registers := 2     
	                4 Bit    Registers := 1     
	                1 Bit    Registers := 3     
+---Muxes : 
	   2 Input     16 Bit        Muxes := 1     
	   2 Input     15 Bit        Muxes := 1     
	   5 Input      4 Bit        Muxes := 1     
	   2 Input      4 Bit        Muxes := 3     
	   2 Input      3 Bit        Muxes := 1     
	   2 Input      1 Bit        Muxes := 5     
	   3 Input      1 Bit        Muxes := 1     
Module xsdbs_v1_0_2_reg_p2s__parameterized10 
Detailed RTL Component Info : 
+---Adders : 
	   2 Input      4 Bit       Adders := 1     
+---XORs : 
	   2 Input     13 Bit         XORs := 1     
+---Registers : 
	               16 Bit    Registers := 2     
	                4 Bit    Registers := 1     
	                1 Bit    Registers := 3     
+---Muxes : 
	   2 Input     16 Bit        Muxes := 1     
	   2 Input     15 Bit        Muxes := 1     
	   5 Input      4 Bit        Muxes := 1     
	   2 Input      4 Bit        Muxes := 3     
	   2 Input      3 Bit        Muxes := 1     
	   2 Input      1 Bit        Muxes := 5     
	   3 Input      1 Bit        Muxes := 1     
Module xsdbs_v1_0_2_reg_p2s__parameterized11 
Detailed RTL Component Info : 
+---Adders : 
	   2 Input      4 Bit       Adders := 1     
+---XORs : 
	   2 Input     13 Bit         XORs := 1     
+---Registers : 
	               16 Bit    Registers := 2     
	                4 Bit    Registers := 1     
	                1 Bit    Registers := 3     
+---Muxes : 
	   2 Input     16 Bit        Muxes := 1     
	   2 Input     15 Bit        Muxes := 1     
	   5 Input      4 Bit        Muxes := 1     
	   2 Input      4 Bit        Muxes := 3     
	   2 Input      3 Bit        Muxes := 1     
	   2 Input      1 Bit        Muxes := 5     
	   3 Input      1 Bit        Muxes := 1     
Module xsdbs_v1_0_2_reg_p2s__parameterized12 
Detailed RTL Component Info : 
+---Adders : 
	   2 Input      4 Bit       Adders := 1     
+---XORs : 
	   2 Input     13 Bit         XORs := 1     
+---Registers : 
	               16 Bit    Registers := 2     
	                4 Bit    Registers := 1     
	                1 Bit    Registers := 3     
+---Muxes : 
	   2 Input     16 Bit        Muxes := 1     
	   2 Input     15 Bit        Muxes := 1     
	   5 Input      4 Bit        Muxes := 1     
	   2 Input      4 Bit        Muxes := 3     
	   2 Input      3 Bit        Muxes := 1     
	   2 Input      1 Bit        Muxes := 5     
	   3 Input      1 Bit        Muxes := 1     
Module xsdbs_v1_0_2_reg_p2s__parameterized13 
Detailed RTL Component Info : 
+---Adders : 
	   2 Input      4 Bit       Adders := 1     
+---XORs : 
	   2 Input     13 Bit         XORs := 1     
+---Registers : 
	               16 Bit    Registers := 2     
	                4 Bit    Registers := 1     
	                1 Bit    Registers := 3     
+---Muxes : 
	   2 Input     16 Bit        Muxes := 1     
	   2 Input     15 Bit        Muxes := 1     
	   5 Input      4 Bit        Muxes := 1     
	   2 Input      4 Bit        Muxes := 3     
	   2 Input      3 Bit        Muxes := 1     
	   2 Input      1 Bit        Muxes := 5     
	   3 Input      1 Bit        Muxes := 1     
Module xsdbs_v1_0_2_reg_p2s__parameterized14 
Detailed RTL Component Info : 
+---Adders : 
	   2 Input      4 Bit       Adders := 1     
+---XORs : 
	   2 Input     13 Bit         XORs := 1     
+---Registers : 
	               16 Bit    Registers := 2     
	                4 Bit    Registers := 1     
	                1 Bit    Registers := 3     
+---Muxes : 
	   2 Input     16 Bit        Muxes := 1     
	   2 Input     15 Bit        Muxes := 1     
	   5 Input      4 Bit        Muxes := 1     
	   2 Input      4 Bit        Muxes := 3     
	   2 Input      3 Bit        Muxes := 1     
	   2 Input      1 Bit        Muxes := 5     
	   3 Input      1 Bit        Muxes := 1     
Module xsdbs_v1_0_2_reg_p2s__parameterized15 
Detailed RTL Component Info : 
+---Adders : 
	   2 Input      4 Bit       Adders := 1     
+---XORs : 
	   2 Input     13 Bit         XORs := 1     
+---Registers : 
	               16 Bit    Registers := 2     
	                4 Bit    Registers := 1     
	                1 Bit    Registers := 3     
+---Muxes : 
	   2 Input     16 Bit        Muxes := 1     
	   2 Input     15 Bit        Muxes := 1     
	   5 Input      4 Bit        Muxes := 1     
	   2 Input      4 Bit        Muxes := 3     
	   2 Input      3 Bit        Muxes := 1     
	   2 Input      1 Bit        Muxes := 5     
	   3 Input      1 Bit        Muxes := 1     
Module xsdbs_v1_0_2_reg_p2s__parameterized16 
Detailed RTL Component Info : 
+---Adders : 
	   2 Input      4 Bit       Adders := 1     
+---XORs : 
	   2 Input     13 Bit         XORs := 1     
+---Registers : 
	               16 Bit    Registers := 2     
	                4 Bit    Registers := 1     
	                1 Bit    Registers := 3     
+---Muxes : 
	   2 Input     16 Bit        Muxes := 1     
	   2 Input     15 Bit        Muxes := 1     
	   5 Input      4 Bit        Muxes := 1     
	   2 Input      4 Bit        Muxes := 3     
	   2 Input      3 Bit        Muxes := 1     
	   2 Input      1 Bit        Muxes := 5     
	   3 Input      1 Bit        Muxes := 1     
Module xsdbs_v1_0_2_reg_p2s__parameterized17 
Detailed RTL Component Info : 
+---Adders : 
	   2 Input      4 Bit       Adders := 1     
+---XORs : 
	   2 Input     13 Bit         XORs := 1     
+---Registers : 
	               16 Bit    Registers := 2     
	                4 Bit    Registers := 1     
	                1 Bit    Registers := 3     
+---Muxes : 
	   2 Input     16 Bit        Muxes := 1     
	   2 Input     15 Bit        Muxes := 1     
	   5 Input      4 Bit        Muxes := 1     
	   2 Input      4 Bit        Muxes := 3     
	   2 Input      3 Bit        Muxes := 1     
	   2 Input      1 Bit        Muxes := 5     
	   3 Input      1 Bit        Muxes := 1     
Module xsdbs_v1_0_2_reg_p2s__parameterized18 
Detailed RTL Component Info : 
+---Adders : 
	   2 Input      4 Bit       Adders := 1     
+---XORs : 
	   2 Input     13 Bit         XORs := 1     
+---Registers : 
	               16 Bit    Registers := 2     
	                4 Bit    Registers := 1     
	                1 Bit    Registers := 3     
+---Muxes : 
	   2 Input     16 Bit        Muxes := 1     
	   2 Input     15 Bit        Muxes := 1     
	   5 Input      4 Bit        Muxes := 1     
	   2 Input      4 Bit        Muxes := 3     
	   2 Input      3 Bit        Muxes := 1     
	   2 Input      1 Bit        Muxes := 5     
	   3 Input      1 Bit        Muxes := 1     
Module xsdbs_v1_0_2_reg_p2s__parameterized19 
Detailed RTL Component Info : 
+---Adders : 
	   2 Input      4 Bit       Adders := 1     
+---XORs : 
	   2 Input     13 Bit         XORs := 1     
+---Registers : 
	               16 Bit    Registers := 2     
	                4 Bit    Registers := 1     
	                1 Bit    Registers := 3     
+---Muxes : 
	   2 Input     16 Bit        Muxes := 1     
	   2 Input     15 Bit        Muxes := 1     
	   5 Input      4 Bit        Muxes := 1     
	   2 Input      4 Bit        Muxes := 3     
	   2 Input      3 Bit        Muxes := 1     
	   2 Input      1 Bit        Muxes := 5     
	   3 Input      1 Bit        Muxes := 1     
Module xsdbs_v1_0_2_reg_p2s__parameterized20 
Detailed RTL Component Info : 
+---Adders : 
	   2 Input      4 Bit       Adders := 1     
+---XORs : 
	   2 Input     13 Bit         XORs := 1     
+---Registers : 
	               16 Bit    Registers := 2     
	                4 Bit    Registers := 1     
	                1 Bit    Registers := 3     
+---Muxes : 
	   2 Input     16 Bit        Muxes := 1     
	   2 Input     15 Bit        Muxes := 1     
	   5 Input      4 Bit        Muxes := 1     
	   2 Input      4 Bit        Muxes := 3     
	   2 Input      3 Bit        Muxes := 1     
	   2 Input      1 Bit        Muxes := 5     
	   3 Input      1 Bit        Muxes := 1     
Module xsdbs_v1_0_2_reg_p2s__parameterized21 
Detailed RTL Component Info : 
+---Adders : 
	   2 Input      4 Bit       Adders := 1     
+---XORs : 
	   2 Input     13 Bit         XORs := 1     
+---Registers : 
	               16 Bit    Registers := 2     
	                4 Bit    Registers := 1     
	                1 Bit    Registers := 3     
+---Muxes : 
	   2 Input     16 Bit        Muxes := 1     
	   2 Input     15 Bit        Muxes := 1     
	   5 Input      4 Bit        Muxes := 1     
	   2 Input      4 Bit        Muxes := 3     
	   2 Input      3 Bit        Muxes := 1     
	   2 Input      1 Bit        Muxes := 5     
	   3 Input      1 Bit        Muxes := 1     
Module xsdbs_v1_0_2_reg_p2s__parameterized22 
Detailed RTL Component Info : 
+---Adders : 
	   2 Input      4 Bit       Adders := 1     
+---XORs : 
	   2 Input     13 Bit         XORs := 1     
+---Registers : 
	               16 Bit    Registers := 2     
	                4 Bit    Registers := 1     
	                1 Bit    Registers := 3     
+---Muxes : 
	   2 Input     16 Bit        Muxes := 1     
	   2 Input     15 Bit        Muxes := 1     
	   5 Input      4 Bit        Muxes := 1     
	   2 Input      4 Bit        Muxes := 3     
	   2 Input      3 Bit        Muxes := 1     
	   2 Input      1 Bit        Muxes := 5     
	   3 Input      1 Bit        Muxes := 1     
Module xsdbs_v1_0_2_reg_p2s__parameterized23 
Detailed RTL Component Info : 
+---Adders : 
	   2 Input      4 Bit       Adders := 1     
+---XORs : 
	   2 Input     13 Bit         XORs := 1     
+---Registers : 
	               16 Bit    Registers := 2     
	                4 Bit    Registers := 1     
	                1 Bit    Registers := 3     
+---Muxes : 
	   2 Input     16 Bit        Muxes := 1     
	   2 Input     15 Bit        Muxes := 1     
	   5 Input      4 Bit        Muxes := 1     
	   2 Input      4 Bit        Muxes := 3     
	   2 Input      3 Bit        Muxes := 1     
	   2 Input      1 Bit        Muxes := 5     
	   3 Input      1 Bit        Muxes := 1     
Module xsdbs_v1_0_2_reg_p2s__parameterized24 
Detailed RTL Component Info : 
+---Adders : 
	   2 Input      4 Bit       Adders := 1     
+---XORs : 
	   2 Input     13 Bit         XORs := 1     
+---Registers : 
	               16 Bit    Registers := 2     
	                4 Bit    Registers := 1     
	                1 Bit    Registers := 3     
+---Muxes : 
	   2 Input     16 Bit        Muxes := 1     
	   2 Input     15 Bit        Muxes := 1     
	   5 Input      4 Bit        Muxes := 1     
	   2 Input      4 Bit        Muxes := 3     
	   2 Input      3 Bit        Muxes := 1     
	   2 Input      1 Bit        Muxes := 5     
	   3 Input      1 Bit        Muxes := 1     
Module xsdbs_v1_0_2_reg_p2s__parameterized25 
Detailed RTL Component Info : 
+---Adders : 
	   2 Input      4 Bit       Adders := 1     
+---XORs : 
	   2 Input     13 Bit         XORs := 1     
+---Registers : 
	               16 Bit    Registers := 2     
	                4 Bit    Registers := 1     
	                1 Bit    Registers := 3     
+---Muxes : 
	   2 Input     16 Bit        Muxes := 1     
	   2 Input     15 Bit        Muxes := 1     
	   5 Input      4 Bit        Muxes := 1     
	   2 Input      4 Bit        Muxes := 3     
	   2 Input      3 Bit        Muxes := 1     
	   2 Input      1 Bit        Muxes := 5     
	   3 Input      1 Bit        Muxes := 1     
Module xsdbs_v1_0_2_reg_p2s__parameterized26 
Detailed RTL Component Info : 
+---Adders : 
	   2 Input      4 Bit       Adders := 1     
+---XORs : 
	   2 Input     13 Bit         XORs := 1     
+---Registers : 
	               16 Bit    Registers := 2     
	                4 Bit    Registers := 1     
	                1 Bit    Registers := 3     
+---Muxes : 
	   2 Input     16 Bit        Muxes := 1     
	   2 Input     15 Bit        Muxes := 1     
	   5 Input      4 Bit        Muxes := 1     
	   2 Input      4 Bit        Muxes := 3     
	   2 Input      3 Bit        Muxes := 1     
	   2 Input      1 Bit        Muxes := 5     
	   3 Input      1 Bit        Muxes := 1     
Module xsdbs_v1_0_2_reg_p2s__parameterized27 
Detailed RTL Component Info : 
+---Adders : 
	   2 Input      4 Bit       Adders := 1     
+---XORs : 
	   2 Input     13 Bit         XORs := 1     
+---Registers : 
	               16 Bit    Registers := 2     
	                4 Bit    Registers := 1     
	                1 Bit    Registers := 3     
+---Muxes : 
	   2 Input     16 Bit        Muxes := 1     
	   2 Input     15 Bit        Muxes := 1     
	   5 Input      4 Bit        Muxes := 1     
	   2 Input      4 Bit        Muxes := 3     
	   2 Input      3 Bit        Muxes := 1     
	   2 Input      1 Bit        Muxes := 5     
	   3 Input      1 Bit        Muxes := 1     
Module xsdbs_v1_0_2_reg_p2s__parameterized28 
Detailed RTL Component Info : 
+---Adders : 
	   2 Input      4 Bit       Adders := 1     
+---XORs : 
	   2 Input     13 Bit         XORs := 1     
+---Registers : 
	               16 Bit    Registers := 2     
	                4 Bit    Registers := 1     
	                1 Bit    Registers := 3     
+---Muxes : 
	   2 Input     16 Bit        Muxes := 1     
	   2 Input     15 Bit        Muxes := 1     
	   5 Input      4 Bit        Muxes := 1     
	   2 Input      4 Bit        Muxes := 3     
	   2 Input      3 Bit        Muxes := 1     
	   2 Input      1 Bit        Muxes := 5     
	   3 Input      1 Bit        Muxes := 1     
Module xsdbs_v1_0_2_reg_p2s__parameterized29 
Detailed RTL Component Info : 
+---Adders : 
	   2 Input      4 Bit       Adders := 1     
+---XORs : 
	   2 Input     13 Bit         XORs := 1     
+---Registers : 
	               16 Bit    Registers := 2     
	                4 Bit    Registers := 1     
	                1 Bit    Registers := 3     
+---Muxes : 
	   2 Input     16 Bit        Muxes := 1     
	   2 Input     15 Bit        Muxes := 1     
	   5 Input      4 Bit        Muxes := 1     
	   2 Input      4 Bit        Muxes := 3     
	   2 Input      3 Bit        Muxes := 1     
	   2 Input      1 Bit        Muxes := 5     
	   3 Input      1 Bit        Muxes := 1     
Module xsdbs_v1_0_2_reg_p2s__parameterized30 
Detailed RTL Component Info : 
+---Adders : 
	   2 Input      4 Bit       Adders := 1     
+---XORs : 
	   2 Input     13 Bit         XORs := 1     
+---Registers : 
	               16 Bit    Registers := 2     
	                4 Bit    Registers := 1     
	                1 Bit    Registers := 3     
+---Muxes : 
	   2 Input     16 Bit        Muxes := 1     
	   2 Input     15 Bit        Muxes := 1     
	   5 Input      4 Bit        Muxes := 1     
	   2 Input      4 Bit        Muxes := 3     
	   2 Input      3 Bit        Muxes := 1     
	   2 Input      1 Bit        Muxes := 5     
	   3 Input      1 Bit        Muxes := 1     
Module xsdbs_v1_0_2_reg_p2s__parameterized31 
Detailed RTL Component Info : 
+---Adders : 
	   2 Input      4 Bit       Adders := 1     
+---XORs : 
	   2 Input     13 Bit         XORs := 1     
+---Registers : 
	               16 Bit    Registers := 2     
	                4 Bit    Registers := 1     
	                1 Bit    Registers := 3     
+---Muxes : 
	   2 Input     16 Bit        Muxes := 1     
	   2 Input     15 Bit        Muxes := 1     
	   5 Input      4 Bit        Muxes := 1     
	   2 Input      4 Bit        Muxes := 3     
	   2 Input      3 Bit        Muxes := 1     
	   2 Input      1 Bit        Muxes := 5     
	   3 Input      1 Bit        Muxes := 1     
Module xsdbs_v1_0_2_reg_p2s__parameterized32 
Detailed RTL Component Info : 
+---Adders : 
	   2 Input      4 Bit       Adders := 1     
+---XORs : 
	   2 Input     13 Bit         XORs := 1     
+---Registers : 
	               16 Bit    Registers := 2     
	                4 Bit    Registers := 1     
	                1 Bit    Registers := 3     
+---Muxes : 
	   2 Input     16 Bit        Muxes := 1     
	   2 Input     15 Bit        Muxes := 1     
	   5 Input      4 Bit        Muxes := 1     
	   2 Input      4 Bit        Muxes := 3     
	   2 Input      3 Bit        Muxes := 1     
	   2 Input      1 Bit        Muxes := 5     
	   3 Input      1 Bit        Muxes := 1     
Module xsdbs_v1_0_2_reg_p2s__parameterized33 
Detailed RTL Component Info : 
+---Adders : 
	   2 Input      4 Bit       Adders := 1     
+---XORs : 
	   2 Input     13 Bit         XORs := 1     
+---Registers : 
	               16 Bit    Registers := 2     
	                4 Bit    Registers := 1     
	                1 Bit    Registers := 3     
+---Muxes : 
	   2 Input     16 Bit        Muxes := 1     
	   2 Input     15 Bit        Muxes := 1     
	   5 Input      4 Bit        Muxes := 1     
	   2 Input      4 Bit        Muxes := 3     
	   2 Input      3 Bit        Muxes := 1     
	   2 Input      1 Bit        Muxes := 5     
	   3 Input      1 Bit        Muxes := 1     
Module xsdbs_v1_0_2_reg_p2s__parameterized34 
Detailed RTL Component Info : 
+---Adders : 
	   2 Input      4 Bit       Adders := 1     
+---XORs : 
	   2 Input     13 Bit         XORs := 1     
+---Registers : 
	               16 Bit    Registers := 2     
	                4 Bit    Registers := 1     
	                1 Bit    Registers := 3     
+---Muxes : 
	   2 Input     16 Bit        Muxes := 1     
	   2 Input     15 Bit        Muxes := 1     
	   5 Input      4 Bit        Muxes := 1     
	   2 Input      4 Bit        Muxes := 3     
	   2 Input      3 Bit        Muxes := 1     
	   2 Input      1 Bit        Muxes := 5     
	   3 Input      1 Bit        Muxes := 1     
Module xsdbs_v1_0_2_reg_p2s__parameterized35 
Detailed RTL Component Info : 
+---Adders : 
	   2 Input      4 Bit       Adders := 1     
+---XORs : 
	   2 Input     13 Bit         XORs := 1     
+---Registers : 
	               16 Bit    Registers := 2     
	                4 Bit    Registers := 1     
	                1 Bit    Registers := 3     
+---Muxes : 
	   2 Input     16 Bit        Muxes := 1     
	   2 Input     15 Bit        Muxes := 1     
	   5 Input      4 Bit        Muxes := 1     
	   2 Input      4 Bit        Muxes := 3     
	   2 Input      3 Bit        Muxes := 1     
	   2 Input      1 Bit        Muxes := 5     
	   3 Input      1 Bit        Muxes := 1     
Module xsdbs_v1_0_2_reg_p2s__parameterized36 
Detailed RTL Component Info : 
+---Adders : 
	   2 Input      4 Bit       Adders := 1     
+---XORs : 
	   2 Input     13 Bit         XORs := 1     
+---Registers : 
	               16 Bit    Registers := 2     
	                4 Bit    Registers := 1     
	                1 Bit    Registers := 3     
+---Muxes : 
	   2 Input     16 Bit        Muxes := 1     
	   2 Input     15 Bit        Muxes := 1     
	   5 Input      4 Bit        Muxes := 1     
	   2 Input      4 Bit        Muxes := 3     
	   2 Input      3 Bit        Muxes := 1     
	   2 Input      1 Bit        Muxes := 5     
	   3 Input      1 Bit        Muxes := 1     
Module xsdbs_v1_0_2_reg_p2s__parameterized37 
Detailed RTL Component Info : 
+---Adders : 
	   2 Input      4 Bit       Adders := 1     
+---XORs : 
	   2 Input     13 Bit         XORs := 1     
+---Registers : 
	               16 Bit    Registers := 2     
	                4 Bit    Registers := 1     
	                1 Bit    Registers := 3     
+---Muxes : 
	   2 Input     16 Bit        Muxes := 1     
	   2 Input     15 Bit        Muxes := 1     
	   5 Input      4 Bit        Muxes := 1     
	   2 Input      4 Bit        Muxes := 3     
	   2 Input      3 Bit        Muxes := 1     
	   2 Input      1 Bit        Muxes := 5     
	   3 Input      1 Bit        Muxes := 1     
Module xsdbs_v1_0_2_reg_p2s__parameterized38 
Detailed RTL Component Info : 
+---Adders : 
	   2 Input      4 Bit       Adders := 1     
+---XORs : 
	   2 Input     13 Bit         XORs := 1     
+---Registers : 
	               16 Bit    Registers := 2     
	                4 Bit    Registers := 1     
	                1 Bit    Registers := 3     
+---Muxes : 
	   2 Input     16 Bit        Muxes := 1     
	   2 Input     15 Bit        Muxes := 1     
	   5 Input      4 Bit        Muxes := 1     
	   2 Input      4 Bit        Muxes := 3     
	   2 Input      3 Bit        Muxes := 1     
	   2 Input      1 Bit        Muxes := 5     
	   3 Input      1 Bit        Muxes := 1     
Module xsdbs_v1_0_2_reg_p2s__parameterized39 
Detailed RTL Component Info : 
+---Adders : 
	   2 Input      4 Bit       Adders := 1     
+---XORs : 
	   2 Input     13 Bit         XORs := 1     
+---Registers : 
	               16 Bit    Registers := 2     
	                4 Bit    Registers := 1     
	                1 Bit    Registers := 3     
+---Muxes : 
	   2 Input     16 Bit        Muxes := 1     
	   2 Input     15 Bit        Muxes := 1     
	   5 Input      4 Bit        Muxes := 1     
	   2 Input      4 Bit        Muxes := 3     
	   2 Input      3 Bit        Muxes := 1     
	   2 Input      1 Bit        Muxes := 5     
	   3 Input      1 Bit        Muxes := 1     
Module xsdbs_v1_0_2_reg_p2s__parameterized40 
Detailed RTL Component Info : 
+---Adders : 
	   2 Input      4 Bit       Adders := 1     
+---XORs : 
	   2 Input     13 Bit         XORs := 1     
+---Registers : 
	               16 Bit    Registers := 2     
	                4 Bit    Registers := 1     
	                1 Bit    Registers := 3     
+---Muxes : 
	   2 Input     16 Bit        Muxes := 1     
	   2 Input     15 Bit        Muxes := 1     
	   5 Input      4 Bit        Muxes := 1     
	   2 Input      4 Bit        Muxes := 3     
	   2 Input      3 Bit        Muxes := 1     
	   2 Input      1 Bit        Muxes := 5     
	   3 Input      1 Bit        Muxes := 1     
Module xsdbs_v1_0_2_reg_p2s__parameterized41 
Detailed RTL Component Info : 
+---Adders : 
	   2 Input      4 Bit       Adders := 1     
+---XORs : 
	   2 Input     13 Bit         XORs := 1     
+---Registers : 
	               16 Bit    Registers := 2     
	                4 Bit    Registers := 1     
	                1 Bit    Registers := 3     
+---Muxes : 
	   2 Input     16 Bit        Muxes := 1     
	   2 Input     15 Bit        Muxes := 1     
	   5 Input      4 Bit        Muxes := 1     
	   2 Input      4 Bit        Muxes := 3     
	   2 Input      3 Bit        Muxes := 1     
	   2 Input      1 Bit        Muxes := 5     
	   3 Input      1 Bit        Muxes := 1     
Module xsdbs_v1_0_2_reg_p2s__parameterized42 
Detailed RTL Component Info : 
+---Adders : 
	   2 Input      4 Bit       Adders := 1     
+---XORs : 
	   2 Input     13 Bit         XORs := 1     
+---Registers : 
	               16 Bit    Registers := 2     
	                4 Bit    Registers := 1     
	                1 Bit    Registers := 3     
+---Muxes : 
	   2 Input     16 Bit        Muxes := 1     
	   2 Input     15 Bit        Muxes := 1     
	   5 Input      4 Bit        Muxes := 1     
	   2 Input      4 Bit        Muxes := 3     
	   2 Input      3 Bit        Muxes := 1     
	   2 Input      1 Bit        Muxes := 5     
	   3 Input      1 Bit        Muxes := 1     
Module xsdbs_v1_0_2_reg_p2s__parameterized43 
Detailed RTL Component Info : 
+---Adders : 
	   2 Input      4 Bit       Adders := 1     
+---XORs : 
	   2 Input     13 Bit         XORs := 1     
+---Registers : 
	               16 Bit    Registers := 2     
	                4 Bit    Registers := 1     
	                1 Bit    Registers := 3     
+---Muxes : 
	   2 Input     16 Bit        Muxes := 1     
	   2 Input     15 Bit        Muxes := 1     
	   5 Input      4 Bit        Muxes := 1     
	   2 Input      4 Bit        Muxes := 3     
	   2 Input      3 Bit        Muxes := 1     
	   2 Input      1 Bit        Muxes := 5     
	   3 Input      1 Bit        Muxes := 1     
Module xsdbs_v1_0_2_reg_p2s__parameterized44 
Detailed RTL Component Info : 
+---Adders : 
	   2 Input      4 Bit       Adders := 1     
+---XORs : 
	   2 Input     13 Bit         XORs := 1     
+---Registers : 
	               16 Bit    Registers := 2     
	                4 Bit    Registers := 1     
	                1 Bit    Registers := 3     
+---Muxes : 
	   2 Input     16 Bit        Muxes := 1     
	   2 Input     15 Bit        Muxes := 1     
	   5 Input      4 Bit        Muxes := 1     
	   2 Input      4 Bit        Muxes := 3     
	   2 Input      3 Bit        Muxes := 1     
	   2 Input      1 Bit        Muxes := 5     
	   3 Input      1 Bit        Muxes := 1     
Module xsdbs_v1_0_2_reg_p2s__parameterized45 
Detailed RTL Component Info : 
+---Adders : 
	   2 Input      4 Bit       Adders := 1     
+---XORs : 
	   2 Input     13 Bit         XORs := 1     
+---Registers : 
	               16 Bit    Registers := 2     
	                4 Bit    Registers := 1     
	                1 Bit    Registers := 3     
+---Muxes : 
	   2 Input     16 Bit        Muxes := 1     
	   2 Input     15 Bit        Muxes := 1     
	   5 Input      4 Bit        Muxes := 1     
	   2 Input      4 Bit        Muxes := 3     
	   2 Input      3 Bit        Muxes := 1     
	   2 Input      1 Bit        Muxes := 5     
	   3 Input      1 Bit        Muxes := 1     
Module xsdbs_v1_0_2_reg_p2s__parameterized46 
Detailed RTL Component Info : 
+---Adders : 
	   2 Input      4 Bit       Adders := 1     
+---XORs : 
	   2 Input     13 Bit         XORs := 1     
+---Registers : 
	               16 Bit    Registers := 2     
	                4 Bit    Registers := 1     
	                1 Bit    Registers := 3     
+---Muxes : 
	   2 Input     16 Bit        Muxes := 1     
	   2 Input     15 Bit        Muxes := 1     
	   5 Input      4 Bit        Muxes := 1     
	   2 Input      4 Bit        Muxes := 3     
	   2 Input      3 Bit        Muxes := 1     
	   2 Input      1 Bit        Muxes := 5     
	   3 Input      1 Bit        Muxes := 1     
Module xsdbs_v1_0_2_reg_p2s__parameterized47 
Detailed RTL Component Info : 
+---Adders : 
	   2 Input      4 Bit       Adders := 1     
+---XORs : 
	   2 Input     13 Bit         XORs := 1     
+---Registers : 
	               16 Bit    Registers := 2     
	                4 Bit    Registers := 1     
	                1 Bit    Registers := 3     
+---Muxes : 
	   2 Input     16 Bit        Muxes := 1     
	   2 Input     15 Bit        Muxes := 1     
	   5 Input      4 Bit        Muxes := 1     
	   2 Input      4 Bit        Muxes := 3     
	   2 Input      3 Bit        Muxes := 1     
	   2 Input      1 Bit        Muxes := 5     
	   3 Input      1 Bit        Muxes := 1     
Module xsdbs_v1_0_2_reg_p2s__parameterized48 
Detailed RTL Component Info : 
+---Adders : 
	   2 Input      4 Bit       Adders := 1     
+---XORs : 
	   2 Input     13 Bit         XORs := 1     
+---Registers : 
	               16 Bit    Registers := 2     
	                4 Bit    Registers := 1     
	                1 Bit    Registers := 3     
+---Muxes : 
	   2 Input     16 Bit        Muxes := 1     
	   2 Input     15 Bit        Muxes := 1     
	   5 Input      4 Bit        Muxes := 1     
	   2 Input      4 Bit        Muxes := 3     
	   2 Input      3 Bit        Muxes := 1     
	   2 Input      1 Bit        Muxes := 5     
	   3 Input      1 Bit        Muxes := 1     
Module xsdbs_v1_0_2_reg_p2s__parameterized49 
Detailed RTL Component Info : 
+---Adders : 
	   2 Input      4 Bit       Adders := 1     
+---XORs : 
	   2 Input     13 Bit         XORs := 1     
+---Registers : 
	               16 Bit    Registers := 2     
	                4 Bit    Registers := 1     
	                1 Bit    Registers := 3     
+---Muxes : 
	   2 Input     16 Bit        Muxes := 1     
	   2 Input     15 Bit        Muxes := 1     
	   5 Input      4 Bit        Muxes := 1     
	   2 Input      4 Bit        Muxes := 3     
	   2 Input      3 Bit        Muxes := 1     
	   2 Input      1 Bit        Muxes := 5     
	   3 Input      1 Bit        Muxes := 1     
Module xsdbs_v1_0_2_reg_p2s__parameterized50 
Detailed RTL Component Info : 
+---Adders : 
	   2 Input      4 Bit       Adders := 1     
+---XORs : 
	   2 Input     13 Bit         XORs := 1     
+---Registers : 
	               16 Bit    Registers := 2     
	                4 Bit    Registers := 1     
	                1 Bit    Registers := 3     
+---Muxes : 
	   2 Input     16 Bit        Muxes := 1     
	   2 Input     15 Bit        Muxes := 1     
	   5 Input      4 Bit        Muxes := 1     
	   2 Input      4 Bit        Muxes := 3     
	   2 Input      3 Bit        Muxes := 1     
	   2 Input      1 Bit        Muxes := 5     
	   3 Input      1 Bit        Muxes := 1     
Module xsdbs_v1_0_2_reg_p2s__parameterized51 
Detailed RTL Component Info : 
+---Adders : 
	   2 Input      4 Bit       Adders := 1     
+---XORs : 
	   2 Input     13 Bit         XORs := 1     
+---Registers : 
	               16 Bit    Registers := 2     
	                4 Bit    Registers := 1     
	                1 Bit    Registers := 3     
+---Muxes : 
	   2 Input     16 Bit        Muxes := 1     
	   2 Input     15 Bit        Muxes := 1     
	   5 Input      4 Bit        Muxes := 1     
	   2 Input      4 Bit        Muxes := 3     
	   2 Input      3 Bit        Muxes := 1     
	   2 Input      1 Bit        Muxes := 5     
	   3 Input      1 Bit        Muxes := 1     
Module xsdbs_v1_0_2_reg_p2s__parameterized52 
Detailed RTL Component Info : 
+---Adders : 
	   2 Input      4 Bit       Adders := 1     
+---XORs : 
	   2 Input     13 Bit         XORs := 1     
+---Registers : 
	               16 Bit    Registers := 2     
	                4 Bit    Registers := 1     
	                1 Bit    Registers := 3     
+---Muxes : 
	   2 Input     16 Bit        Muxes := 1     
	   2 Input     15 Bit        Muxes := 1     
	   5 Input      4 Bit        Muxes := 1     
	   2 Input      4 Bit        Muxes := 3     
	   2 Input      3 Bit        Muxes := 1     
	   2 Input      1 Bit        Muxes := 5     
	   3 Input      1 Bit        Muxes := 1     
Module xsdbs_v1_0_2_reg_p2s__parameterized53 
Detailed RTL Component Info : 
+---Adders : 
	   2 Input      4 Bit       Adders := 1     
+---XORs : 
	   2 Input     13 Bit         XORs := 1     
+---Registers : 
	               16 Bit    Registers := 2     
	                4 Bit    Registers := 1     
	                1 Bit    Registers := 3     
+---Muxes : 
	   2 Input     16 Bit        Muxes := 1     
	   2 Input     15 Bit        Muxes := 1     
	   5 Input      4 Bit        Muxes := 1     
	   2 Input      4 Bit        Muxes := 3     
	   2 Input      3 Bit        Muxes := 1     
	   2 Input      1 Bit        Muxes := 5     
	   3 Input      1 Bit        Muxes := 1     
Module xsdbs_v1_0_2_reg_p2s__parameterized54 
Detailed RTL Component Info : 
+---Adders : 
	   2 Input      4 Bit       Adders := 1     
+---XORs : 
	   2 Input     13 Bit         XORs := 1     
+---Registers : 
	               16 Bit    Registers := 2     
	                4 Bit    Registers := 1     
	                1 Bit    Registers := 3     
+---Muxes : 
	   2 Input     16 Bit        Muxes := 1     
	   2 Input     15 Bit        Muxes := 1     
	   5 Input      4 Bit        Muxes := 1     
	   2 Input      4 Bit        Muxes := 3     
	   2 Input      3 Bit        Muxes := 1     
	   2 Input      1 Bit        Muxes := 5     
	   3 Input      1 Bit        Muxes := 1     
Module xsdbs_v1_0_2_reg_p2s__parameterized55 
Detailed RTL Component Info : 
+---Adders : 
	   2 Input      4 Bit       Adders := 1     
+---XORs : 
	   2 Input     13 Bit         XORs := 1     
+---Registers : 
	               16 Bit    Registers := 2     
	                4 Bit    Registers := 1     
	                1 Bit    Registers := 3     
+---Muxes : 
	   2 Input     16 Bit        Muxes := 1     
	   2 Input     15 Bit        Muxes := 1     
	   5 Input      4 Bit        Muxes := 1     
	   2 Input      4 Bit        Muxes := 3     
	   2 Input      3 Bit        Muxes := 1     
	   2 Input      1 Bit        Muxes := 5     
	   3 Input      1 Bit        Muxes := 1     
Module xsdbs_v1_0_2_reg_p2s__parameterized56 
Detailed RTL Component Info : 
+---Adders : 
	   2 Input      4 Bit       Adders := 1     
+---XORs : 
	   2 Input     13 Bit         XORs := 1     
+---Registers : 
	               16 Bit    Registers := 2     
	                4 Bit    Registers := 1     
	                1 Bit    Registers := 3     
+---Muxes : 
	   2 Input     16 Bit        Muxes := 1     
	   2 Input     15 Bit        Muxes := 1     
	   5 Input      4 Bit        Muxes := 1     
	   2 Input      4 Bit        Muxes := 3     
	   2 Input      3 Bit        Muxes := 1     
	   2 Input      1 Bit        Muxes := 5     
	   3 Input      1 Bit        Muxes := 1     
Module xsdbs_v1_0_2_reg_p2s__parameterized57 
Detailed RTL Component Info : 
+---Adders : 
	   2 Input      4 Bit       Adders := 1     
+---XORs : 
	   2 Input     13 Bit         XORs := 1     
+---Registers : 
	               16 Bit    Registers := 2     
	                4 Bit    Registers := 1     
	                1 Bit    Registers := 3     
+---Muxes : 
	   2 Input     16 Bit        Muxes := 1     
	   2 Input     15 Bit        Muxes := 1     
	   5 Input      4 Bit        Muxes := 1     
	   2 Input      4 Bit        Muxes := 3     
	   2 Input      3 Bit        Muxes := 1     
	   2 Input      1 Bit        Muxes := 5     
	   3 Input      1 Bit        Muxes := 1     
Module xsdbs_v1_0_2_reg_p2s__parameterized58 
Detailed RTL Component Info : 
+---Adders : 
	   2 Input      4 Bit       Adders := 1     
+---XORs : 
	   2 Input     13 Bit         XORs := 1     
+---Registers : 
	               16 Bit    Registers := 2     
	                4 Bit    Registers := 1     
	                1 Bit    Registers := 3     
+---Muxes : 
	   2 Input     16 Bit        Muxes := 1     
	   2 Input     15 Bit        Muxes := 1     
	   5 Input      4 Bit        Muxes := 1     
	   2 Input      4 Bit        Muxes := 3     
	   2 Input      3 Bit        Muxes := 1     
	   2 Input      1 Bit        Muxes := 5     
	   3 Input      1 Bit        Muxes := 1     
Module xsdbs_v1_0_2_reg_p2s__parameterized59 
Detailed RTL Component Info : 
+---Adders : 
	   2 Input      4 Bit       Adders := 1     
+---XORs : 
	   2 Input     13 Bit         XORs := 1     
+---Registers : 
	               16 Bit    Registers := 2     
	                4 Bit    Registers := 1     
	                1 Bit    Registers := 3     
+---Muxes : 
	   2 Input     16 Bit        Muxes := 1     
	   2 Input     15 Bit        Muxes := 1     
	   5 Input      4 Bit        Muxes := 1     
	   2 Input      4 Bit        Muxes := 3     
	   2 Input      3 Bit        Muxes := 1     
	   2 Input      1 Bit        Muxes := 5     
	   3 Input      1 Bit        Muxes := 1     
Module xsdbs_v1_0_2_reg_p2s__parameterized60 
Detailed RTL Component Info : 
+---Adders : 
	   2 Input      4 Bit       Adders := 1     
+---XORs : 
	   2 Input     13 Bit         XORs := 1     
+---Registers : 
	               16 Bit    Registers := 2     
	                4 Bit    Registers := 1     
	                1 Bit    Registers := 3     
+---Muxes : 
	   2 Input     16 Bit        Muxes := 1     
	   2 Input     15 Bit        Muxes := 1     
	   5 Input      4 Bit        Muxes := 1     
	   2 Input      4 Bit        Muxes := 3     
	   2 Input      3 Bit        Muxes := 1     
	   2 Input      1 Bit        Muxes := 5     
	   3 Input      1 Bit        Muxes := 1     
Module xsdbs_v1_0_2_reg_p2s__parameterized61 
Detailed RTL Component Info : 
+---Adders : 
	   2 Input      4 Bit       Adders := 1     
+---XORs : 
	   2 Input     13 Bit         XORs := 1     
+---Registers : 
	               16 Bit    Registers := 2     
	                4 Bit    Registers := 1     
	                1 Bit    Registers := 3     
+---Muxes : 
	   2 Input     16 Bit        Muxes := 1     
	   2 Input     15 Bit        Muxes := 1     
	   5 Input      4 Bit        Muxes := 1     
	   2 Input      4 Bit        Muxes := 3     
	   2 Input      3 Bit        Muxes := 1     
	   2 Input      1 Bit        Muxes := 5     
	   3 Input      1 Bit        Muxes := 1     
Module xsdbs_v1_0_2_reg_p2s__parameterized62 
Detailed RTL Component Info : 
+---Adders : 
	   2 Input      4 Bit       Adders := 1     
+---XORs : 
	   2 Input     13 Bit         XORs := 1     
+---Registers : 
	               16 Bit    Registers := 2     
	                4 Bit    Registers := 1     
	                1 Bit    Registers := 3     
+---Muxes : 
	   2 Input     16 Bit        Muxes := 1     
	   2 Input     15 Bit        Muxes := 1     
	   5 Input      4 Bit        Muxes := 1     
	   2 Input      4 Bit        Muxes := 3     
	   2 Input      3 Bit        Muxes := 1     
	   2 Input      1 Bit        Muxes := 5     
	   3 Input      1 Bit        Muxes := 1     
Module xsdbs_v1_0_2_reg_p2s__parameterized63 
Detailed RTL Component Info : 
+---Adders : 
	   2 Input      4 Bit       Adders := 1     
+---XORs : 
	   2 Input     13 Bit         XORs := 1     
+---Registers : 
	               16 Bit    Registers := 2     
	                4 Bit    Registers := 1     
	                1 Bit    Registers := 3     
+---Muxes : 
	   2 Input     16 Bit        Muxes := 1     
	   2 Input     15 Bit        Muxes := 1     
	   5 Input      4 Bit        Muxes := 1     
	   2 Input      4 Bit        Muxes := 3     
	   2 Input      3 Bit        Muxes := 1     
	   2 Input      1 Bit        Muxes := 5     
	   3 Input      1 Bit        Muxes := 1     
Module xsdbs_v1_0_2_reg_p2s__parameterized64 
Detailed RTL Component Info : 
+---Adders : 
	   2 Input      4 Bit       Adders := 1     
+---XORs : 
	   2 Input     13 Bit         XORs := 1     
+---Registers : 
	               16 Bit    Registers := 2     
	                4 Bit    Registers := 1     
	                1 Bit    Registers := 3     
+---Muxes : 
	   2 Input     16 Bit        Muxes := 1     
	   2 Input     15 Bit        Muxes := 1     
	   5 Input      4 Bit        Muxes := 1     
	   2 Input      4 Bit        Muxes := 3     
	   2 Input      3 Bit        Muxes := 1     
	   2 Input      1 Bit        Muxes := 5     
	   3 Input      1 Bit        Muxes := 1     
Module ila_v6_2_9_ila_register 
Detailed RTL Component Info : 
+---Adders : 
	   2 Input      9 Bit       Adders := 1     
	   2 Input      7 Bit       Adders := 2     
	   2 Input      6 Bit       Adders := 1     
+---Registers : 
	             1024 Bit    Registers := 2     
	               17 Bit    Registers := 1     
	               16 Bit    Registers := 12    
	                9 Bit    Registers := 1     
	                7 Bit    Registers := 2     
	                6 Bit    Registers := 1     
	                1 Bit    Registers := 31    
+---Muxes : 
	   2 Input     16 Bit        Muxes := 8     
	   4 Input     16 Bit        Muxes := 1     
	   3 Input     16 Bit        Muxes := 1     
	   8 Input     16 Bit        Muxes := 1     
	   3 Input     13 Bit        Muxes := 1     
	   2 Input      6 Bit        Muxes := 4     
	   2 Input      5 Bit        Muxes := 2     
	  10 Input      3 Bit        Muxes := 1     
	   2 Input      1 Bit        Muxes := 13    
	   9 Input      1 Bit        Muxes := 1     
Module ltlib_v1_0_0_all_typeA_slice__parameterized0 
Detailed RTL Component Info : 
+---Registers : 
	                1 Bit    Registers := 1     
Module ltlib_v1_0_0_allx_typeA__parameterized0 
Detailed RTL Component Info : 
+---Registers : 
	                2 Bit    Registers := 2     
Module ltlib_v1_0_0_match__parameterized0 
Detailed RTL Component Info : 
+---Registers : 
	                1 Bit    Registers := 1     
Module ltlib_v1_0_0_allx_typeA__parameterized1 
Detailed RTL Component Info : 
+---Registers : 
	               32 Bit    Registers := 2     
Module ltlib_v1_0_0_match__parameterized1 
Detailed RTL Component Info : 
+---Registers : 
	                1 Bit    Registers := 1     
Module ltlib_v1_0_0_allx_typeA__parameterized2 
Detailed RTL Component Info : 
+---Registers : 
	                4 Bit    Registers := 2     
Module ltlib_v1_0_0_match__parameterized2 
Detailed RTL Component Info : 
+---Registers : 
	                1 Bit    Registers := 1     
Module ltlib_v1_0_0_allx_typeA__parameterized3 
Detailed RTL Component Info : 
+---Registers : 
	                3 Bit    Registers := 2     
Module ltlib_v1_0_0_match__parameterized3 
Detailed RTL Component Info : 
+---Registers : 
	                1 Bit    Registers := 1     
Module ltlib_v1_0_0_allx_typeA__parameterized4 
Detailed RTL Component Info : 
+---Registers : 
	               64 Bit    Registers := 2     
Module ltlib_v1_0_0_match__parameterized4 
Detailed RTL Component Info : 
+---Registers : 
	                1 Bit    Registers := 1     
Module ltlib_v1_0_0_allx_typeA__parameterized5 
Detailed RTL Component Info : 
+---Registers : 
	                8 Bit    Registers := 2     
Module ltlib_v1_0_0_match__parameterized5 
Detailed RTL Component Info : 
+---Registers : 
	                1 Bit    Registers := 1     
Module ltlib_v1_0_0_allx_typeA__parameterized6 
Detailed RTL Component Info : 
+---Registers : 
	               12 Bit    Registers := 2     
Module ltlib_v1_0_0_match__parameterized6 
Detailed RTL Component Info : 
+---Registers : 
	                1 Bit    Registers := 1     
Module ltlib_v1_0_0_allx_typeA 
Detailed RTL Component Info : 
+---Registers : 
	               65 Bit    Registers := 1     
Module ltlib_v1_0_0_match 
Detailed RTL Component Info : 
+---Registers : 
	                1 Bit    Registers := 1     
Module ila_v6_2_9_ila_trigger 
Detailed RTL Component Info : 
+---Registers : 
	                1 Bit    Registers := 3     
Module ltlib_v1_0_0_async_edge_xfer 
Detailed RTL Component Info : 
+---XORs : 
	   2 Input      1 Bit         XORs := 1     
+---Registers : 
	                1 Bit    Registers := 5     
Module ltlib_v1_0_0_rising_edge_detection 
Detailed RTL Component Info : 
+---Registers : 
	                2 Bit    Registers := 1     
	                1 Bit    Registers := 1     
+---Muxes : 
	   2 Input      2 Bit        Muxes := 2     
Module ila_v6_2_9_ila_reset_ctrl 
Detailed RTL Component Info : 
+---Registers : 
	                6 Bit    Registers := 1     
	                1 Bit    Registers := 2     
Module ltlib_v1_0_0_cfglut7 
Detailed RTL Component Info : 
+---Registers : 
	                1 Bit    Registers := 1     
+---Muxes : 
	   2 Input      1 Bit        Muxes := 3     
Module ltlib_v1_0_0_cfglut6 
Detailed RTL Component Info : 
+---Muxes : 
	   2 Input      1 Bit        Muxes := 1     
Module ltlib_v1_0_0_allx_typeA_nodelay 
Detailed RTL Component Info : 
+---Registers : 
	               10 Bit    Registers := 1     
Module ila_v6_2_9_ila_cap_sample_counter 
Detailed RTL Component Info : 
+---Adders : 
	   2 Input     10 Bit       Adders := 1     
+---Registers : 
	               10 Bit    Registers := 1     
Module ila_v6_2_9_ila_cap_window_counter 
Detailed RTL Component Info : 
+---Adders : 
	   2 Input     10 Bit       Adders := 1     
+---Registers : 
	               10 Bit    Registers := 1     
Module ila_v6_2_9_ila_cap_addrgen 
Detailed RTL Component Info : 
+---Registers : 
	               33 Bit    Registers := 2     
	               16 Bit    Registers := 1     
	               10 Bit    Registers := 3     
	                1 Bit    Registers := 2     
+---Muxes : 
	   2 Input      1 Bit        Muxes := 10    
Module ltlib_v1_0_0_cfglut6__parameterized0 
Detailed RTL Component Info : 
+---Registers : 
	                1 Bit    Registers := 1     
+---Muxes : 
	   2 Input      1 Bit        Muxes := 1     
Module ila_v6_2_9_ila_cap_ctrl_legacy 
Detailed RTL Component Info : 
+---Registers : 
	                1 Bit    Registers := 3     
+---Muxes : 
	   2 Input      1 Bit        Muxes := 1     
	   4 Input      1 Bit        Muxes := 1     
Module ltlib_v1_0_0_generic_memrd 
Detailed RTL Component Info : 
+---Adders : 
	   2 Input     10 Bit       Adders := 1     
	   2 Input      6 Bit       Adders := 1     
+---Registers : 
	              544 Bit    Registers := 1     
	               10 Bit    Registers := 1     
	                7 Bit    Registers := 1     
	                6 Bit    Registers := 1     
	                4 Bit    Registers := 2     
	                1 Bit    Registers := 3     
+---Muxes : 
	   8 Input     10 Bit        Muxes := 1     
	   3 Input      7 Bit        Muxes := 1     
	   8 Input      7 Bit        Muxes := 1     
	   8 Input      6 Bit        Muxes := 1     
	   2 Input      4 Bit        Muxes := 1     
	   2 Input      2 Bit        Muxes := 1     
	   8 Input      1 Bit        Muxes := 5     
Module ila_v6_2_9_ila_core 
Detailed RTL Component Info : 
+---Registers : 
	              528 Bit    Registers := 9     
	               16 Bit    Registers := 2     
	                7 Bit    Registers := 1     
	                2 Bit    Registers := 3     
	                1 Bit    Registers := 8     
+---Muxes : 
	   2 Input    528 Bit        Muxes := 1     
	   2 Input      1 Bit        Muxes := 7     
Module ila_v6_2_9_ila 
Detailed RTL Component Info : 
+---Registers : 
	                1 Bit    Registers := 6     
---------------------------------------------------------------------------------
Finished RTL Hierarchical Component Statistics
---------------------------------------------------------------------------------
---------------------------------------------------------------------------------
Start Part Resource Summary
---------------------------------------------------------------------------------
Part Resources:
DSPs: 220 (col length:60)
BRAMs: 280 (col length: RAMB18 60 RAMB36 30)
---------------------------------------------------------------------------------
Finished Part Resource Summary
---------------------------------------------------------------------------------
---------------------------------------------------------------------------------
Start Cross Boundary and Area Optimization
---------------------------------------------------------------------------------
Warning: Parallel synthesis criteria is not met 
INFO: [Synth 8-3886] merging instance 'inst/g_inst/inst/SLOT_0.inst_slot0/AXI4_WIDTH_ID.r_active_id_reg[0][0]' (FDRE) to 'inst/g_inst/inst/SLOT_0.inst_slot0/AXI4_WIDTH_ID.r_active_id_reg[0][-1]'
INFO: [Synth 8-3333] propagating constant 0 across sequential element (inst/g_inst/\inst/SLOT_0.inst_slot0 /\AXI4_WIDTH_ID.r_active_id_reg[0][-1] )
INFO: [Synth 8-3886] merging instance 'inst/g_inst/inst/SLOT_0.inst_slot0/AXI4_WIDTH_ID.w_active_id_reg[0][0]' (FDRE) to 'inst/g_inst/inst/SLOT_0.inst_slot0/AXI4_WIDTH_ID.w_active_id_reg[0][-1]'
INFO: [Synth 8-3333] propagating constant 0 across sequential element (inst/g_inst/\inst/SLOT_0.inst_slot0 /\AXI4_WIDTH_ID.w_active_id_reg[0][-1] )
INFO: [Synth 8-3333] propagating constant 0 across sequential element (inst/ila_lib/inst/\ila_core_inst/u_ila_regs /\shift_reg1_reg[1008] )
INFO: [Synth 8-3333] propagating constant 0 across sequential element (inst/ila_lib/inst/\ila_core_inst/u_ila_regs /\shift_reg0_reg[1008] )
INFO: [Synth 8-3333] propagating constant 0 across sequential element (inst/ila_lib/inst/\ila_core_inst/u_ila_regs /\shift_reg1_reg[1009] )
INFO: [Synth 8-3333] propagating constant 0 across sequential element (inst/ila_lib/inst/\ila_core_inst/u_ila_regs /\shift_reg0_reg[1009] )
INFO: [Synth 8-3333] propagating constant 0 across sequential element (inst/ila_lib/inst/\ila_core_inst/u_ila_regs /\shift_reg1_reg[1010] )
INFO: [Synth 8-3333] propagating constant 0 across sequential element (inst/ila_lib/inst/\ila_core_inst/u_ila_regs /\shift_reg0_reg[1010] )
INFO: [Synth 8-3333] propagating constant 0 across sequential element (inst/ila_lib/inst/\ila_core_inst/u_ila_regs /\shift_reg1_reg[1011] )
INFO: [Synth 8-3333] propagating constant 0 across sequential element (inst/ila_lib/inst/\ila_core_inst/u_ila_regs /\shift_reg0_reg[1011] )
INFO: [Synth 8-3333] propagating constant 0 across sequential element (inst/ila_lib/inst/\ila_core_inst/u_ila_regs /\shift_reg1_reg[1012] )
INFO: [Synth 8-3333] propagating constant 0 across sequential element (inst/ila_lib/inst/\ila_core_inst/u_ila_regs /\shift_reg0_reg[1012] )
INFO: [Synth 8-3333] propagating constant 0 across sequential element (inst/ila_lib/inst/\ila_core_inst/u_ila_regs /\shift_reg1_reg[1013] )
INFO: [Synth 8-3333] propagating constant 0 across sequential element (inst/ila_lib/inst/\ila_core_inst/u_ila_regs /\shift_reg0_reg[1013] )
INFO: [Synth 8-3333] propagating constant 0 across sequential element (inst/ila_lib/inst/\ila_core_inst/u_ila_regs /\shift_reg1_reg[1014] )
INFO: [Synth 8-3333] propagating constant 0 across sequential element (inst/ila_lib/inst/\ila_core_inst/u_ila_regs /\shift_reg0_reg[1014] )
INFO: [Synth 8-3333] propagating constant 0 across sequential element (inst/ila_lib/inst/\ila_core_inst/u_ila_regs /\shift_reg1_reg[1015] )
INFO: [Synth 8-3333] propagating constant 0 across sequential element (inst/ila_lib/inst/\ila_core_inst/u_ila_regs /\shift_reg0_reg[1015] )
INFO: [Synth 8-3333] propagating constant 0 across sequential element (inst/ila_lib/inst/\ila_core_inst/u_ila_regs /\shift_reg1_reg[1016] )
INFO: [Synth 8-3333] propagating constant 0 across sequential element (inst/ila_lib/inst/\ila_core_inst/u_ila_regs /\shift_reg0_reg[1016] )
INFO: [Synth 8-3333] propagating constant 0 across sequential element (inst/ila_lib/inst/\ila_core_inst/u_ila_regs /\shift_reg1_reg[1017] )
INFO: [Synth 8-3333] propagating constant 0 across sequential element (inst/ila_lib/inst/\ila_core_inst/u_ila_regs /\shift_reg0_reg[1017] )
INFO: [Synth 8-3333] propagating constant 0 across sequential element (inst/ila_lib/inst/\ila_core_inst/u_ila_regs /\shift_reg1_reg[1018] )
INFO: [Synth 8-3333] propagating constant 0 across sequential element (inst/ila_lib/inst/\ila_core_inst/u_ila_regs /\shift_reg0_reg[1018] )
INFO: [Synth 8-3333] propagating constant 0 across sequential element (inst/ila_lib/inst/\ila_core_inst/u_ila_regs /\shift_reg1_reg[1019] )
INFO: [Synth 8-3333] propagating constant 0 across sequential element (inst/ila_lib/inst/\ila_core_inst/u_ila_regs /\shift_reg0_reg[1019] )
INFO: [Synth 8-3333] propagating constant 0 across sequential element (inst/ila_lib/inst/\ila_core_inst/u_ila_regs /\shift_reg1_reg[1020] )
INFO: [Synth 8-3333] propagating constant 0 across sequential element (inst/ila_lib/inst/\ila_core_inst/u_ila_regs /\shift_reg0_reg[1020] )
INFO: [Synth 8-3333] propagating constant 0 across sequential element (inst/ila_lib/inst/\ila_core_inst/u_ila_regs /\shift_reg1_reg[1021] )
INFO: [Synth 8-3333] propagating constant 0 across sequential element (inst/ila_lib/inst/\ila_core_inst/u_ila_regs /\shift_reg0_reg[1021] )
INFO: [Synth 8-3333] propagating constant 0 across sequential element (inst/ila_lib/inst/\ila_core_inst/u_ila_regs /\shift_reg1_reg[1022] )
INFO: [Synth 8-3333] propagating constant 0 across sequential element (inst/ila_lib/inst/\ila_core_inst/u_ila_regs /\shift_reg0_reg[1022] )
INFO: [Synth 8-3333] propagating constant 0 across sequential element (inst/ila_lib/inst/\ila_core_inst/u_ila_regs /\shift_reg1_reg[1023] )
INFO: [Synth 8-3333] propagating constant 0 across sequential element (inst/ila_lib/inst/\ila_core_inst/u_ila_regs /\shift_reg0_reg[1023] )
INFO: [Synth 8-3333] propagating constant 0 across sequential element (inst/ila_lib/inst/\ila_core_inst/u_trig/shift_cap_strg_qual_reg )
INFO: [Synth 8-3886] merging instance 'inst/ila_lib/inst/ila_core_inst/u_ila_regs/slaveRegDo_ff8_reg[0]' (FDRE) to 'inst/ila_lib/inst/ila_core_inst/u_ila_regs/slaveRegDo_ff8_reg[10]'
INFO: [Synth 8-3333] propagating constant 1 across sequential element (inst/ila_lib/inst/\ila_core_inst/u_ila_regs /\slaveRegDo_ff7_reg[0] )
INFO: [Synth 8-3333] propagating constant 0 across sequential element (inst/ila_lib/inst/\ila_core_inst/u_ila_regs /\reg_88f/I_EN_STAT_EQ1.U_STAT/xsdb_reg_reg[0] )
INFO: [Synth 8-3333] propagating constant 0 across sequential element (inst/ila_lib/inst/\ila_core_inst/u_ila_regs /\reg_892/I_EN_STAT_EQ1.U_STAT/xsdb_reg_reg[0] )
INFO: [Synth 8-3333] propagating constant 0 across sequential element (inst/ila_lib/inst/\ila_core_inst/u_ila_regs /\reg_887/I_EN_STAT_EQ1.U_STAT/xsdb_reg_reg[0] )
INFO: [Synth 8-3333] propagating constant 1 across sequential element (inst/ila_lib/inst/\ila_core_inst/u_ila_regs /\N_DDR_MODE_MU1.MU_STATUS[63].mu_tpid_reg/I_EN_STAT_EQ1.U_STAT/xsdb_reg_reg[0] )
INFO: [Synth 8-3333] propagating constant 0 across sequential element (inst/ila_lib/inst/\ila_core_inst/u_ila_regs /\N_DDR_MODE_MU1.MU_STATUS[62].mu_tpid_reg/I_EN_STAT_EQ1.U_STAT/xsdb_reg_reg[0] )
INFO: [Synth 8-3333] propagating constant 1 across sequential element (inst/ila_lib/inst/\ila_core_inst/u_ila_regs /\N_DDR_MODE_MU1.MU_STATUS[61].mu_tpid_reg/I_EN_STAT_EQ1.U_STAT/xsdb_reg_reg[0] )
INFO: [Synth 8-3333] propagating constant 0 across sequential element (inst/ila_lib/inst/\ila_core_inst/u_ila_regs /\N_DDR_MODE_MU1.MU_STATUS[60].mu_tpid_reg/I_EN_STAT_EQ1.U_STAT/xsdb_reg_reg[0] )
INFO: [Synth 8-3333] propagating constant 1 across sequential element (inst/ila_lib/inst/\ila_core_inst/u_ila_regs /\N_DDR_MODE_MU1.MU_STATUS[59].mu_tpid_reg/I_EN_STAT_EQ1.U_STAT/xsdb_reg_reg[0] )
INFO: [Synth 8-3333] propagating constant 0 across sequential element (inst/ila_lib/inst/\ila_core_inst/u_ila_regs /\N_DDR_MODE_MU1.MU_STATUS[58].mu_tpid_reg/I_EN_STAT_EQ1.U_STAT/xsdb_reg_reg[0] )
INFO: [Synth 8-3333] propagating constant 1 across sequential element (inst/ila_lib/inst/\ila_core_inst/u_ila_regs /\N_DDR_MODE_MU1.MU_STATUS[57].mu_tpid_reg/I_EN_STAT_EQ1.U_STAT/xsdb_reg_reg[0] )
INFO: [Synth 8-3333] propagating constant 0 across sequential element (inst/ila_lib/inst/\ila_core_inst/u_ila_regs /\N_DDR_MODE_MU1.MU_STATUS[56].mu_tpid_reg/I_EN_STAT_EQ1.U_STAT/xsdb_reg_reg[0] )
INFO: [Synth 8-3333] propagating constant 1 across sequential element (inst/ila_lib/inst/\ila_core_inst/u_ila_regs /\N_DDR_MODE_MU1.MU_STATUS[55].mu_tpid_reg/I_EN_STAT_EQ1.U_STAT/xsdb_reg_reg[0] )
INFO: [Synth 8-3333] propagating constant 0 across sequential element (inst/ila_lib/inst/\ila_core_inst/u_ila_regs /\N_DDR_MODE_MU1.MU_STATUS[54].mu_tpid_reg/I_EN_STAT_EQ1.U_STAT/xsdb_reg_reg[0] )
INFO: [Synth 8-3333] propagating constant 1 across sequential element (inst/ila_lib/inst/\ila_core_inst/u_ila_regs /\N_DDR_MODE_MU1.MU_STATUS[53].mu_tpid_reg/I_EN_STAT_EQ1.U_STAT/xsdb_reg_reg[0] )
INFO: [Synth 8-3333] propagating constant 0 across sequential element (inst/ila_lib/inst/\ila_core_inst/u_ila_regs /\N_DDR_MODE_MU1.MU_STATUS[52].mu_tpid_reg/I_EN_STAT_EQ1.U_STAT/xsdb_reg_reg[0] )
INFO: [Synth 8-3333] propagating constant 1 across sequential element (inst/ila_lib/inst/\ila_core_inst/u_ila_regs /\N_DDR_MODE_MU1.MU_STATUS[51].mu_tpid_reg/I_EN_STAT_EQ1.U_STAT/xsdb_reg_reg[0] )
INFO: [Synth 8-3333] propagating constant 0 across sequential element (inst/ila_lib/inst/\ila_core_inst/u_ila_regs /\N_DDR_MODE_MU1.MU_STATUS[50].mu_tpid_reg/I_EN_STAT_EQ1.U_STAT/xsdb_reg_reg[0] )
INFO: [Synth 8-3333] propagating constant 1 across sequential element (inst/ila_lib/inst/\ila_core_inst/u_ila_regs /\N_DDR_MODE_MU1.MU_STATUS[49].mu_tpid_reg/I_EN_STAT_EQ1.U_STAT/xsdb_reg_reg[0] )
INFO: [Synth 8-3333] propagating constant 0 across sequential element (inst/ila_lib/inst/\ila_core_inst/u_ila_regs /\N_DDR_MODE_MU1.MU_STATUS[48].mu_tpid_reg/I_EN_STAT_EQ1.U_STAT/xsdb_reg_reg[0] )
INFO: [Synth 8-3333] propagating constant 1 across sequential element (inst/ila_lib/inst/\ila_core_inst/u_ila_regs /\N_DDR_MODE_MU1.MU_STATUS[47].mu_tpid_reg/I_EN_STAT_EQ1.U_STAT/xsdb_reg_reg[0] )
INFO: [Synth 8-3333] propagating constant 0 across sequential element (inst/ila_lib/inst/\ila_core_inst/u_ila_regs /\N_DDR_MODE_MU1.MU_STATUS[46].mu_tpid_reg/I_EN_STAT_EQ1.U_STAT/xsdb_reg_reg[0] )
INFO: [Synth 8-3333] propagating constant 1 across sequential element (inst/ila_lib/inst/\ila_core_inst/u_ila_regs /\N_DDR_MODE_MU1.MU_STATUS[45].mu_tpid_reg/I_EN_STAT_EQ1.U_STAT/xsdb_reg_reg[0] )
INFO: [Synth 8-3333] propagating constant 0 across sequential element (inst/ila_lib/inst/\ila_core_inst/u_ila_regs /\N_DDR_MODE_MU1.MU_STATUS[44].mu_tpid_reg/I_EN_STAT_EQ1.U_STAT/xsdb_reg_reg[0] )
INFO: [Synth 8-3333] propagating constant 1 across sequential element (inst/ila_lib/inst/\ila_core_inst/u_ila_regs /\N_DDR_MODE_MU1.MU_STATUS[43].mu_tpid_reg/I_EN_STAT_EQ1.U_STAT/xsdb_reg_reg[0] )
INFO: [Synth 8-3333] propagating constant 0 across sequential element (inst/ila_lib/inst/\ila_core_inst/u_ila_regs /\N_DDR_MODE_MU1.MU_STATUS[42].mu_tpid_reg/I_EN_STAT_EQ1.U_STAT/xsdb_reg_reg[0] )
INFO: [Synth 8-3333] propagating constant 1 across sequential element (inst/ila_lib/inst/\ila_core_inst/u_ila_regs /\N_DDR_MODE_MU1.MU_STATUS[41].mu_tpid_reg/I_EN_STAT_EQ1.U_STAT/xsdb_reg_reg[0] )
INFO: [Synth 8-3333] propagating constant 0 across sequential element (inst/ila_lib/inst/\ila_core_inst/u_ila_regs /\N_DDR_MODE_MU1.MU_STATUS[40].mu_tpid_reg/I_EN_STAT_EQ1.U_STAT/xsdb_reg_reg[0] )
INFO: [Synth 8-3333] propagating constant 1 across sequential element (inst/ila_lib/inst/\ila_core_inst/u_ila_regs /\N_DDR_MODE_MU1.MU_STATUS[39].mu_tpid_reg/I_EN_STAT_EQ1.U_STAT/xsdb_reg_reg[0] )
INFO: [Synth 8-3333] propagating constant 0 across sequential element (inst/ila_lib/inst/\ila_core_inst/u_ila_regs /\N_DDR_MODE_MU1.MU_STATUS[38].mu_tpid_reg/I_EN_STAT_EQ1.U_STAT/xsdb_reg_reg[0] )
INFO: [Synth 8-3333] propagating constant 1 across sequential element (inst/ila_lib/inst/\ila_core_inst/u_ila_regs /\N_DDR_MODE_MU1.MU_STATUS[37].mu_tpid_reg/I_EN_STAT_EQ1.U_STAT/xsdb_reg_reg[0] )
INFO: [Synth 8-3333] propagating constant 0 across sequential element (inst/ila_lib/inst/\ila_core_inst/u_ila_regs /\N_DDR_MODE_MU1.MU_STATUS[36].mu_tpid_reg/I_EN_STAT_EQ1.U_STAT/xsdb_reg_reg[0] )
INFO: [Synth 8-3333] propagating constant 1 across sequential element (inst/ila_lib/inst/\ila_core_inst/u_ila_regs /\N_DDR_MODE_MU1.MU_STATUS[35].mu_tpid_reg/I_EN_STAT_EQ1.U_STAT/xsdb_reg_reg[0] )
INFO: [Synth 8-3333] propagating constant 0 across sequential element (inst/ila_lib/inst/\ila_core_inst/u_ila_regs /\N_DDR_MODE_MU1.MU_STATUS[34].mu_tpid_reg/I_EN_STAT_EQ1.U_STAT/xsdb_reg_reg[0] )
INFO: [Synth 8-3333] propagating constant 1 across sequential element (inst/ila_lib/inst/\ila_core_inst/u_ila_regs /\N_DDR_MODE_MU1.MU_STATUS[33].mu_tpid_reg/I_EN_STAT_EQ1.U_STAT/xsdb_reg_reg[0] )
INFO: [Synth 8-3333] propagating constant 1 across sequential element (inst/ila_lib/inst/\ila_core_inst/u_ila_regs /\N_DDR_MODE_MU1.MU_STATUS[31].mu_tpid_reg/I_EN_STAT_EQ1.U_STAT/xsdb_reg_reg[0] )
INFO: [Synth 8-3333] propagating constant 0 across sequential element (inst/ila_lib/inst/\ila_core_inst/u_ila_regs /\N_DDR_MODE_MU1.MU_STATUS[30].mu_tpid_reg/I_EN_STAT_EQ1.U_STAT/xsdb_reg_reg[0] )
INFO: [Synth 8-3333] propagating constant 1 across sequential element (inst/ila_lib/inst/\ila_core_inst/u_ila_regs /\N_DDR_MODE_MU1.MU_STATUS[29].mu_tpid_reg/I_EN_STAT_EQ1.U_STAT/xsdb_reg_reg[0] )
INFO: [Synth 8-3333] propagating constant 0 across sequential element (inst/ila_lib/inst/\ila_core_inst/u_ila_regs /\N_DDR_MODE_MU1.MU_STATUS[28].mu_tpid_reg/I_EN_STAT_EQ1.U_STAT/xsdb_reg_reg[0] )
INFO: [Synth 8-3333] propagating constant 1 across sequential element (inst/ila_lib/inst/\ila_core_inst/u_ila_regs /\N_DDR_MODE_MU1.MU_STATUS[27].mu_tpid_reg/I_EN_STAT_EQ1.U_STAT/xsdb_reg_reg[0] )
INFO: [Synth 8-3333] propagating constant 0 across sequential element (inst/ila_lib/inst/\ila_core_inst/u_ila_regs /\N_DDR_MODE_MU1.MU_STATUS[26].mu_tpid_reg/I_EN_STAT_EQ1.U_STAT/xsdb_reg_reg[0] )
INFO: [Synth 8-3333] propagating constant 1 across sequential element (inst/ila_lib/inst/\ila_core_inst/u_ila_regs /\N_DDR_MODE_MU1.MU_STATUS[25].mu_tpid_reg/I_EN_STAT_EQ1.U_STAT/xsdb_reg_reg[0] )
INFO: [Synth 8-3333] propagating constant 0 across sequential element (inst/ila_lib/inst/\ila_core_inst/u_ila_regs /\N_DDR_MODE_MU1.MU_STATUS[24].mu_tpid_reg/I_EN_STAT_EQ1.U_STAT/xsdb_reg_reg[0] )
INFO: [Synth 8-3333] propagating constant 1 across sequential element (inst/ila_lib/inst/\ila_core_inst/u_ila_regs /\N_DDR_MODE_MU1.MU_STATUS[23].mu_tpid_reg/I_EN_STAT_EQ1.U_STAT/xsdb_reg_reg[0] )
INFO: [Synth 8-3333] propagating constant 0 across sequential element (inst/ila_lib/inst/\ila_core_inst/u_ila_regs /\N_DDR_MODE_MU1.MU_STATUS[22].mu_tpid_reg/I_EN_STAT_EQ1.U_STAT/xsdb_reg_reg[0] )
INFO: [Synth 8-3333] propagating constant 1 across sequential element (inst/ila_lib/inst/\ila_core_inst/u_ila_regs /\N_DDR_MODE_MU1.MU_STATUS[21].mu_tpid_reg/I_EN_STAT_EQ1.U_STAT/xsdb_reg_reg[0] )
INFO: [Synth 8-3333] propagating constant 0 across sequential element (inst/ila_lib/inst/\ila_core_inst/u_ila_regs /\N_DDR_MODE_MU1.MU_STATUS[64].mu_tpid_reg/I_EN_STAT_EQ1.U_STAT/xsdb_reg_reg[0] )
INFO: [Synth 8-3333] propagating constant 0 across sequential element (inst/ila_lib/inst/\ila_core_inst/u_ila_regs /\N_DDR_MODE_MU1.MU_STATUS[20].mu_tpid_reg/I_EN_STAT_EQ1.U_STAT/xsdb_reg_reg[0] )
INFO: [Synth 8-3333] propagating constant 1 across sequential element (inst/ila_lib/inst/\ila_core_inst/u_ila_regs /\N_DDR_MODE_MU1.MU_STATUS[19].mu_tpid_reg/I_EN_STAT_EQ1.U_STAT/xsdb_reg_reg[0] )
INFO: [Synth 8-3333] propagating constant 0 across sequential element (inst/ila_lib/inst/\ila_core_inst/u_ila_regs /\N_DDR_MODE_MU1.MU_STATUS[18].mu_tpid_reg/I_EN_STAT_EQ1.U_STAT/xsdb_reg_reg[0] )
INFO: [Synth 8-3333] propagating constant 1 across sequential element (inst/ila_lib/inst/\ila_core_inst/u_ila_regs /\N_DDR_MODE_MU1.MU_STATUS[17].mu_tpid_reg/I_EN_STAT_EQ1.U_STAT/xsdb_reg_reg[0] )
INFO: [Synth 8-3333] propagating constant 0 across sequential element (inst/ila_lib/inst/\ila_core_inst/u_ila_regs /\N_DDR_MODE_MU1.MU_STATUS[16].mu_tpid_reg/I_EN_STAT_EQ1.U_STAT/xsdb_reg_reg[0] )
INFO: [Synth 8-3333] propagating constant 1 across sequential element (inst/ila_lib/inst/\ila_core_inst/u_ila_regs /\N_DDR_MODE_MU1.MU_STATUS[15].mu_tpid_reg/I_EN_STAT_EQ1.U_STAT/xsdb_reg_reg[0] )
INFO: [Synth 8-3333] propagating constant 0 across sequential element (inst/ila_lib/inst/\ila_core_inst/u_ila_regs /\N_DDR_MODE_MU1.MU_STATUS[14].mu_tpid_reg/I_EN_STAT_EQ1.U_STAT/xsdb_reg_reg[0] )
INFO: [Synth 8-3333] propagating constant 1 across sequential element (inst/ila_lib/inst/\ila_core_inst/u_ila_regs /\N_DDR_MODE_MU1.MU_STATUS[5].mu_tpid_reg/I_EN_STAT_EQ1.U_STAT/xsdb_reg_reg[0] )
INFO: [Synth 8-3333] propagating constant 1 across sequential element (inst/ila_lib/inst/\ila_core_inst/u_ila_regs /\N_DDR_MODE_MU1.MU_STATUS[3].mu_tpid_reg/I_EN_STAT_EQ1.U_STAT/xsdb_reg_reg[0] )
INFO: [Synth 8-3333] propagating constant 0 across sequential element (inst/ila_lib/inst/\ila_core_inst/u_ila_regs /\N_DDR_MODE_MU1.MU_STATUS[4].mu_tpid_reg/I_EN_STAT_EQ1.U_STAT/xsdb_reg_reg[0] )
INFO: [Synth 8-3333] propagating constant 0 across sequential element (inst/ila_lib/inst/\ila_core_inst/u_ila_regs /\N_DDR_MODE_MU1.MU_STATUS[2].mu_tpid_reg/I_EN_STAT_EQ1.U_STAT/xsdb_reg_reg[0] )
INFO: [Synth 8-3333] propagating constant 0 across sequential element (inst/ila_lib/inst/\ila_core_inst/u_ila_regs /\N_DDR_MODE_MU1.MU_STATUS[32].mu_tpid_reg/I_EN_STAT_EQ1.U_STAT/xsdb_reg_reg[0] )
INFO: [Synth 8-3333] propagating constant 1 across sequential element (inst/ila_lib/inst/\ila_core_inst/u_ila_regs /\N_DDR_MODE_MU1.MU_STATUS[13].mu_tpid_reg/I_EN_STAT_EQ1.U_STAT/xsdb_reg_reg[0] )
INFO: [Synth 8-3333] propagating constant 0 across sequential element (inst/ila_lib/inst/\ila_core_inst/u_ila_regs /\N_DDR_MODE_MU1.MU_STATUS[12].mu_tpid_reg/I_EN_STAT_EQ1.U_STAT/xsdb_reg_reg[0] )
INFO: [Synth 8-3333] propagating constant 1 across sequential element (inst/ila_lib/inst/\ila_core_inst/u_ila_regs /\N_DDR_MODE_MU1.MU_STATUS[11].mu_tpid_reg/I_EN_STAT_EQ1.U_STAT/xsdb_reg_reg[0] )
INFO: [Synth 8-3333] propagating constant 0 across sequential element (inst/ila_lib/inst/\ila_core_inst/u_ila_regs /\N_DDR_MODE_MU1.MU_STATUS[10].mu_tpid_reg/I_EN_STAT_EQ1.U_STAT/xsdb_reg_reg[0] )
INFO: [Synth 8-3333] propagating constant 1 across sequential element (inst/ila_lib/inst/\ila_core_inst/u_ila_regs /\N_DDR_MODE_MU1.MU_STATUS[9].mu_tpid_reg/I_EN_STAT_EQ1.U_STAT/xsdb_reg_reg[0] )
INFO: [Synth 8-3333] propagating constant 0 across sequential element (inst/ila_lib/inst/\ila_core_inst/u_ila_regs /\N_DDR_MODE_MU1.MU_STATUS[8].mu_tpid_reg/I_EN_STAT_EQ1.U_STAT/xsdb_reg_reg[0] )
INFO: [Common 17-14] Message 'Synth 8-3333' appears 100 times and further instances of the messages will be disabled. Use the Tcl command set_msg_config to change the current settings.
INFO: [Synth 8-3886] merging instance 'inst/ila_lib/inst/ila_core_inst/u_ila_regs/slaveRegDo_ff8_reg[1]' (FDRE) to 'inst/ila_lib/inst/ila_core_inst/u_ila_regs/slaveRegDo_ff8_reg[3]'
INFO: [Synth 8-3886] merging instance 'inst/ila_lib/inst/ila_core_inst/u_ila_regs/slaveRegDo_ff8_reg[2]' (FDRE) to 'inst/ila_lib/inst/ila_core_inst/u_ila_regs/slaveRegDo_ff8_reg[10]'
INFO: [Synth 8-3886] merging instance 'inst/ila_lib/inst/ila_core_inst/u_ila_regs/slaveRegDo_ff8_reg[3]' (FDRE) to 'inst/ila_lib/inst/ila_core_inst/u_ila_regs/slaveRegDo_ff8_reg[9]'
INFO: [Synth 8-3886] merging instance 'inst/ila_lib/inst/ila_core_inst/u_ila_regs/slaveRegDo_ff8_reg[4]' (FDRE) to 'inst/ila_lib/inst/ila_core_inst/u_ila_regs/slaveRegDo_ff8_reg[10]'
INFO: [Synth 8-3886] merging instance 'inst/ila_lib/inst/ila_core_inst/u_ila_regs/slaveRegDo_ff8_reg[5]' (FDRE) to 'inst/ila_lib/inst/ila_core_inst/u_ila_regs/slaveRegDo_ff8_reg[10]'
INFO: [Synth 8-3886] merging instance 'inst/ila_lib/inst/ila_core_inst/u_ila_regs/slaveRegDo_ff8_reg[6]' (FDRE) to 'inst/ila_lib/inst/ila_core_inst/u_ila_regs/slaveRegDo_ff8_reg[10]'
INFO: [Synth 8-3886] merging instance 'inst/ila_lib/inst/ila_core_inst/u_ila_regs/slaveRegDo_ff8_reg[7]' (FDRE) to 'inst/ila_lib/inst/ila_core_inst/u_ila_regs/slaveRegDo_ff8_reg[10]'
INFO: [Synth 8-3886] merging instance 'inst/ila_lib/inst/ila_core_inst/u_ila_regs/slaveRegDo_ff8_reg[9]' (FDRE) to 'inst/ila_lib/inst/ila_core_inst/u_ila_regs/slaveRegDo_ff8_reg[11]'
INFO: [Synth 8-3886] merging instance 'inst/ila_lib/inst/ila_core_inst/u_ila_regs/slaveRegDo_ff8_reg[11]' (FDRE) to 'inst/ila_lib/inst/ila_core_inst/u_ila_regs/slaveRegDo_ff8_reg[12]'
INFO: [Synth 8-3886] merging instance 'inst/ila_lib/inst/ila_core_inst/u_ila_regs/slaveRegDo_ff8_reg[13]' (FDSE) to 'inst/ila_lib/inst/ila_core_inst/u_ila_regs/slaveRegDo_ff8_reg[15]'
INFO: [Synth 8-3886] merging instance 'inst/ila_lib/inst/ila_core_inst/u_ila_regs/slaveRegDo_ff8_reg[14]' (FDSE) to 'inst/ila_lib/inst/ila_core_inst/u_ila_regs/slaveRegDo_ff8_reg[15]'
INFO: [Synth 8-3886] merging instance 'inst/ila_lib/inst/ila_core_inst/u_ila_regs/shift_reg1_reg[64]' (FDSE) to 'inst/ila_lib/inst/ila_core_inst/u_ila_regs/shift_reg1_reg[49]'
INFO: [Synth 8-3886] merging instance 'inst/ila_lib/inst/ila_core_inst/u_ila_regs/shift_reg0_reg[64]' (FDSE) to 'inst/ila_lib/inst/ila_core_inst/u_ila_regs/shift_reg0_reg[49]'
INFO: [Synth 8-3886] merging instance 'inst/ila_lib/inst/ila_core_inst/u_ila_regs/shift_reg1_reg[48]' (FDSE) to 'inst/ila_lib/inst/ila_core_inst/u_ila_regs/shift_reg1_reg[33]'
INFO: [Synth 8-3886] merging instance 'inst/ila_lib/inst/ila_core_inst/u_ila_regs/shift_reg0_reg[48]' (FDSE) to 'inst/ila_lib/inst/ila_core_inst/u_ila_regs/shift_reg0_reg[33]'
INFO: [Synth 8-3886] merging instance 'inst/ila_lib/inst/ila_core_inst/u_ila_regs/shift_reg1_reg[49]' (FDSE) to 'inst/ila_lib/inst/ila_core_inst/u_ila_regs/shift_reg1_reg[50]'
INFO: [Synth 8-3886] merging instance 'inst/ila_lib/inst/ila_core_inst/u_ila_regs/shift_reg0_reg[49]' (FDSE) to 'inst/ila_lib/inst/ila_core_inst/u_ila_regs/shift_reg0_reg[50]'
INFO: [Synth 8-3886] merging instance 'inst/ila_lib/inst/ila_core_inst/u_ila_regs/shift_reg1_reg[50]' (FDSE) to 'inst/ila_lib/inst/ila_core_inst/u_ila_regs/shift_reg1_reg[51]'
INFO: [Synth 8-3886] merging instance 'inst/ila_lib/inst/ila_core_inst/u_ila_regs/shift_reg0_reg[50]' (FDSE) to 'inst/ila_lib/inst/ila_core_inst/u_ila_regs/shift_reg0_reg[51]'
INFO: [Synth 8-3886] merging instance 'inst/ila_lib/inst/ila_core_inst/u_ila_regs/shift_reg1_reg[51]' (FDSE) to 'inst/ila_lib/inst/ila_core_inst/u_ila_regs/shift_reg1_reg[52]'
INFO: [Synth 8-3886] merging instance 'inst/ila_lib/inst/ila_core_inst/u_ila_regs/shift_reg0_reg[51]' (FDSE) to 'inst/ila_lib/inst/ila_core_inst/u_ila_regs/shift_reg0_reg[52]'
INFO: [Synth 8-3886] merging instance 'inst/ila_lib/inst/ila_core_inst/u_ila_regs/shift_reg1_reg[52]' (FDSE) to 'inst/ila_lib/inst/ila_core_inst/u_ila_regs/shift_reg1_reg[53]'
INFO: [Synth 8-3886] merging instance 'inst/ila_lib/inst/ila_core_inst/u_ila_regs/shift_reg0_reg[52]' (FDSE) to 'inst/ila_lib/inst/ila_core_inst/u_ila_regs/shift_reg0_reg[53]'
INFO: [Synth 8-3886] merging instance 'inst/ila_lib/inst/ila_core_inst/u_ila_regs/shift_reg1_reg[53]' (FDSE) to 'inst/ila_lib/inst/ila_core_inst/u_ila_regs/shift_reg1_reg[54]'
INFO: [Synth 8-3886] merging instance 'inst/ila_lib/inst/ila_core_inst/u_ila_regs/shift_reg0_reg[53]' (FDSE) to 'inst/ila_lib/inst/ila_core_inst/u_ila_regs/shift_reg0_reg[54]'
INFO: [Synth 8-3886] merging instance 'inst/ila_lib/inst/ila_core_inst/u_ila_regs/shift_reg1_reg[54]' (FDSE) to 'inst/ila_lib/inst/ila_core_inst/u_ila_regs/shift_reg1_reg[55]'
INFO: [Synth 8-3886] merging instance 'inst/ila_lib/inst/ila_core_inst/u_ila_regs/shift_reg0_reg[54]' (FDSE) to 'inst/ila_lib/inst/ila_core_inst/u_ila_regs/shift_reg0_reg[55]'
INFO: [Synth 8-3886] merging instance 'inst/ila_lib/inst/ila_core_inst/u_ila_regs/shift_reg1_reg[55]' (FDSE) to 'inst/ila_lib/inst/ila_core_inst/u_ila_regs/shift_reg1_reg[56]'
INFO: [Synth 8-3886] merging instance 'inst/ila_lib/inst/ila_core_inst/u_ila_regs/shift_reg0_reg[55]' (FDSE) to 'inst/ila_lib/inst/ila_core_inst/u_ila_regs/shift_reg0_reg[56]'
INFO: [Synth 8-3886] merging instance 'inst/ila_lib/inst/ila_core_inst/u_ila_regs/shift_reg1_reg[56]' (FDSE) to 'inst/ila_lib/inst/ila_core_inst/u_ila_regs/shift_reg1_reg[57]'
INFO: [Synth 8-3886] merging instance 'inst/ila_lib/inst/ila_core_inst/u_ila_regs/shift_reg0_reg[56]' (FDSE) to 'inst/ila_lib/inst/ila_core_inst/u_ila_regs/shift_reg0_reg[57]'
INFO: [Synth 8-3886] merging instance 'inst/ila_lib/inst/ila_core_inst/u_ila_regs/shift_reg1_reg[57]' (FDSE) to 'inst/ila_lib/inst/ila_core_inst/u_ila_regs/shift_reg1_reg[58]'
INFO: [Synth 8-3886] merging instance 'inst/ila_lib/inst/ila_core_inst/u_ila_regs/shift_reg0_reg[57]' (FDSE) to 'inst/ila_lib/inst/ila_core_inst/u_ila_regs/shift_reg0_reg[58]'
INFO: [Synth 8-3886] merging instance 'inst/ila_lib/inst/ila_core_inst/u_ila_regs/shift_reg1_reg[58]' (FDSE) to 'inst/ila_lib/inst/ila_core_inst/u_ila_regs/shift_reg1_reg[59]'
INFO: [Synth 8-3886] merging instance 'inst/ila_lib/inst/ila_core_inst/u_ila_regs/shift_reg0_reg[58]' (FDSE) to 'inst/ila_lib/inst/ila_core_inst/u_ila_regs/shift_reg0_reg[59]'
INFO: [Synth 8-3886] merging instance 'inst/ila_lib/inst/ila_core_inst/u_ila_regs/shift_reg1_reg[59]' (FDSE) to 'inst/ila_lib/inst/ila_core_inst/u_ila_regs/shift_reg1_reg[60]'
INFO: [Synth 8-3886] merging instance 'inst/ila_lib/inst/ila_core_inst/u_ila_regs/shift_reg0_reg[59]' (FDSE) to 'inst/ila_lib/inst/ila_core_inst/u_ila_regs/shift_reg0_reg[60]'
INFO: [Synth 8-3886] merging instance 'inst/ila_lib/inst/ila_core_inst/u_ila_regs/shift_reg1_reg[60]' (FDSE) to 'inst/ila_lib/inst/ila_core_inst/u_ila_regs/shift_reg1_reg[61]'
INFO: [Synth 8-3886] merging instance 'inst/ila_lib/inst/ila_core_inst/u_ila_regs/shift_reg0_reg[60]' (FDSE) to 'inst/ila_lib/inst/ila_core_inst/u_ila_regs/shift_reg0_reg[61]'
INFO: [Synth 8-3886] merging instance 'inst/ila_lib/inst/ila_core_inst/u_ila_regs/shift_reg1_reg[61]' (FDSE) to 'inst/ila_lib/inst/ila_core_inst/u_ila_regs/shift_reg1_reg[62]'
INFO: [Synth 8-3886] merging instance 'inst/ila_lib/inst/ila_core_inst/u_ila_regs/shift_reg0_reg[61]' (FDSE) to 'inst/ila_lib/inst/ila_core_inst/u_ila_regs/shift_reg0_reg[62]'
INFO: [Synth 8-3886] merging instance 'inst/ila_lib/inst/ila_core_inst/u_ila_regs/shift_reg1_reg[62]' (FDSE) to 'inst/ila_lib/inst/ila_core_inst/u_ila_regs/shift_reg1_reg[63]'
INFO: [Synth 8-3886] merging instance 'inst/ila_lib/inst/ila_core_inst/u_ila_regs/shift_reg0_reg[62]' (FDSE) to 'inst/ila_lib/inst/ila_core_inst/u_ila_regs/shift_reg0_reg[63]'
INFO: [Synth 8-3886] merging instance 'inst/ila_lib/inst/ila_core_inst/u_ila_regs/shift_reg1_reg[32]' (FDSE) to 'inst/ila_lib/inst/ila_core_inst/u_ila_regs/shift_reg1_reg[17]'
INFO: [Synth 8-3886] merging instance 'inst/ila_lib/inst/ila_core_inst/u_ila_regs/shift_reg0_reg[32]' (FDSE) to 'inst/ila_lib/inst/ila_core_inst/u_ila_regs/shift_reg0_reg[17]'
INFO: [Synth 8-3886] merging instance 'inst/ila_lib/inst/ila_core_inst/u_ila_regs/shift_reg1_reg[33]' (FDSE) to 'inst/ila_lib/inst/ila_core_inst/u_ila_regs/shift_reg1_reg[34]'
INFO: [Synth 8-3886] merging instance 'inst/ila_lib/inst/ila_core_inst/u_ila_regs/shift_reg0_reg[33]' (FDSE) to 'inst/ila_lib/inst/ila_core_inst/u_ila_regs/shift_reg0_reg[34]'
INFO: [Synth 8-3886] merging instance 'inst/ila_lib/inst/ila_core_inst/u_ila_regs/shift_reg1_reg[34]' (FDSE) to 'inst/ila_lib/inst/ila_core_inst/u_ila_regs/shift_reg1_reg[35]'
INFO: [Synth 8-3886] merging instance 'inst/ila_lib/inst/ila_core_inst/u_ila_regs/shift_reg0_reg[34]' (FDSE) to 'inst/ila_lib/inst/ila_core_inst/u_ila_regs/shift_reg0_reg[35]'
INFO: [Synth 8-3886] merging instance 'inst/ila_lib/inst/ila_core_inst/u_ila_regs/shift_reg1_reg[35]' (FDSE) to 'inst/ila_lib/inst/ila_core_inst/u_ila_regs/shift_reg1_reg[36]'
INFO: [Synth 8-3886] merging instance 'inst/ila_lib/inst/ila_core_inst/u_ila_regs/shift_reg0_reg[35]' (FDSE) to 'inst/ila_lib/inst/ila_core_inst/u_ila_regs/shift_reg0_reg[36]'
INFO: [Synth 8-3886] merging instance 'inst/ila_lib/inst/ila_core_inst/u_ila_regs/shift_reg1_reg[36]' (FDSE) to 'inst/ila_lib/inst/ila_core_inst/u_ila_regs/shift_reg1_reg[37]'
INFO: [Synth 8-3886] merging instance 'inst/ila_lib/inst/ila_core_inst/u_ila_regs/shift_reg0_reg[36]' (FDSE) to 'inst/ila_lib/inst/ila_core_inst/u_ila_regs/shift_reg0_reg[37]'
INFO: [Synth 8-3886] merging instance 'inst/ila_lib/inst/ila_core_inst/u_ila_regs/shift_reg1_reg[37]' (FDSE) to 'inst/ila_lib/inst/ila_core_inst/u_ila_regs/shift_reg1_reg[38]'
INFO: [Synth 8-3886] merging instance 'inst/ila_lib/inst/ila_core_inst/u_ila_regs/shift_reg0_reg[37]' (FDSE) to 'inst/ila_lib/inst/ila_core_inst/u_ila_regs/shift_reg0_reg[38]'
INFO: [Synth 8-3886] merging instance 'inst/ila_lib/inst/ila_core_inst/u_ila_regs/shift_reg1_reg[38]' (FDSE) to 'inst/ila_lib/inst/ila_core_inst/u_ila_regs/shift_reg1_reg[39]'
INFO: [Synth 8-3886] merging instance 'inst/ila_lib/inst/ila_core_inst/u_ila_regs/shift_reg0_reg[38]' (FDSE) to 'inst/ila_lib/inst/ila_core_inst/u_ila_regs/shift_reg0_reg[39]'
INFO: [Synth 8-3886] merging instance 'inst/ila_lib/inst/ila_core_inst/u_ila_regs/shift_reg1_reg[39]' (FDSE) to 'inst/ila_lib/inst/ila_core_inst/u_ila_regs/shift_reg1_reg[40]'
INFO: [Synth 8-3886] merging instance 'inst/ila_lib/inst/ila_core_inst/u_ila_regs/shift_reg0_reg[39]' (FDSE) to 'inst/ila_lib/inst/ila_core_inst/u_ila_regs/shift_reg0_reg[40]'
INFO: [Synth 8-3886] merging instance 'inst/ila_lib/inst/ila_core_inst/u_ila_regs/shift_reg1_reg[40]' (FDSE) to 'inst/ila_lib/inst/ila_core_inst/u_ila_regs/shift_reg1_reg[41]'
INFO: [Synth 8-3886] merging instance 'inst/ila_lib/inst/ila_core_inst/u_ila_regs/shift_reg0_reg[40]' (FDSE) to 'inst/ila_lib/inst/ila_core_inst/u_ila_regs/shift_reg0_reg[41]'
INFO: [Synth 8-3886] merging instance 'inst/ila_lib/inst/ila_core_inst/u_ila_regs/shift_reg1_reg[41]' (FDSE) to 'inst/ila_lib/inst/ila_core_inst/u_ila_regs/shift_reg1_reg[42]'
INFO: [Synth 8-3886] merging instance 'inst/ila_lib/inst/ila_core_inst/u_ila_regs/shift_reg0_reg[41]' (FDSE) to 'inst/ila_lib/inst/ila_core_inst/u_ila_regs/shift_reg0_reg[42]'
INFO: [Synth 8-3886] merging instance 'inst/ila_lib/inst/ila_core_inst/u_ila_regs/shift_reg1_reg[42]' (FDSE) to 'inst/ila_lib/inst/ila_core_inst/u_ila_regs/shift_reg1_reg[43]'
INFO: [Synth 8-3886] merging instance 'inst/ila_lib/inst/ila_core_inst/u_ila_regs/shift_reg0_reg[42]' (FDSE) to 'inst/ila_lib/inst/ila_core_inst/u_ila_regs/shift_reg0_reg[43]'
INFO: [Synth 8-3886] merging instance 'inst/ila_lib/inst/ila_core_inst/u_ila_regs/shift_reg1_reg[43]' (FDSE) to 'inst/ila_lib/inst/ila_core_inst/u_ila_regs/shift_reg1_reg[44]'
INFO: [Synth 8-3886] merging instance 'inst/ila_lib/inst/ila_core_inst/u_ila_regs/shift_reg0_reg[43]' (FDSE) to 'inst/ila_lib/inst/ila_core_inst/u_ila_regs/shift_reg0_reg[44]'
INFO: [Synth 8-3886] merging instance 'inst/ila_lib/inst/ila_core_inst/u_ila_regs/shift_reg1_reg[44]' (FDSE) to 'inst/ila_lib/inst/ila_core_inst/u_ila_regs/shift_reg1_reg[45]'
INFO: [Synth 8-3886] merging instance 'inst/ila_lib/inst/ila_core_inst/u_ila_regs/shift_reg0_reg[44]' (FDSE) to 'inst/ila_lib/inst/ila_core_inst/u_ila_regs/shift_reg0_reg[45]'
INFO: [Synth 8-3886] merging instance 'inst/ila_lib/inst/ila_core_inst/u_ila_regs/shift_reg1_reg[45]' (FDSE) to 'inst/ila_lib/inst/ila_core_inst/u_ila_regs/shift_reg1_reg[46]'
INFO: [Synth 8-3886] merging instance 'inst/ila_lib/inst/ila_core_inst/u_ila_regs/shift_reg0_reg[45]' (FDSE) to 'inst/ila_lib/inst/ila_core_inst/u_ila_regs/shift_reg0_reg[46]'
INFO: [Synth 8-3886] merging instance 'inst/ila_lib/inst/ila_core_inst/u_ila_regs/shift_reg1_reg[46]' (FDSE) to 'inst/ila_lib/inst/ila_core_inst/u_ila_regs/shift_reg1_reg[47]'
INFO: [Synth 8-3886] merging instance 'inst/ila_lib/inst/ila_core_inst/u_ila_regs/shift_reg0_reg[46]' (FDSE) to 'inst/ila_lib/inst/ila_core_inst/u_ila_regs/shift_reg0_reg[47]'
INFO: [Synth 8-3886] merging instance 'inst/ila_lib/inst/ila_core_inst/u_ila_regs/shift_reg1_reg[16]' (FDSE) to 'inst/ila_lib/inst/ila_core_inst/u_ila_regs/shift_reg1_reg[1]'
INFO: [Synth 8-3886] merging instance 'inst/ila_lib/inst/ila_core_inst/u_ila_regs/shift_reg0_reg[16]' (FDSE) to 'inst/ila_lib/inst/ila_core_inst/u_ila_regs/shift_reg0_reg[1]'
INFO: [Synth 8-3886] merging instance 'inst/ila_lib/inst/ila_core_inst/u_ila_regs/shift_reg1_reg[17]' (FDSE) to 'inst/ila_lib/inst/ila_core_inst/u_ila_regs/shift_reg1_reg[18]'
INFO: [Synth 8-3886] merging instance 'inst/ila_lib/inst/ila_core_inst/u_ila_regs/shift_reg0_reg[17]' (FDSE) to 'inst/ila_lib/inst/ila_core_inst/u_ila_regs/shift_reg0_reg[18]'
INFO: [Synth 8-3886] merging instance 'inst/ila_lib/inst/ila_core_inst/u_ila_regs/shift_reg1_reg[18]' (FDSE) to 'inst/ila_lib/inst/ila_core_inst/u_ila_regs/shift_reg1_reg[19]'
INFO: [Synth 8-3886] merging instance 'inst/ila_lib/inst/ila_core_inst/u_ila_regs/shift_reg0_reg[18]' (FDSE) to 'inst/ila_lib/inst/ila_core_inst/u_ila_regs/shift_reg0_reg[19]'
INFO: [Synth 8-3886] merging instance 'inst/ila_lib/inst/ila_core_inst/u_ila_regs/shift_reg1_reg[19]' (FDSE) to 'inst/ila_lib/inst/ila_core_inst/u_ila_regs/shift_reg1_reg[20]'
INFO: [Synth 8-3886] merging instance 'inst/ila_lib/inst/ila_core_inst/u_ila_regs/shift_reg0_reg[19]' (FDSE) to 'inst/ila_lib/inst/ila_core_inst/u_ila_regs/shift_reg0_reg[20]'
INFO: [Synth 8-3886] merging instance 'inst/ila_lib/inst/ila_core_inst/u_ila_regs/shift_reg1_reg[20]' (FDSE) to 'inst/ila_lib/inst/ila_core_inst/u_ila_regs/shift_reg1_reg[21]'
INFO: [Synth 8-3886] merging instance 'inst/ila_lib/inst/ila_core_inst/u_ila_regs/shift_reg0_reg[20]' (FDSE) to 'inst/ila_lib/inst/ila_core_inst/u_ila_regs/shift_reg0_reg[21]'
INFO: [Synth 8-3886] merging instance 'inst/ila_lib/inst/ila_core_inst/u_ila_regs/shift_reg1_reg[21]' (FDSE) to 'inst/ila_lib/inst/ila_core_inst/u_ila_regs/shift_reg1_reg[22]'
INFO: [Synth 8-3886] merging instance 'inst/ila_lib/inst/ila_core_inst/u_ila_regs/shift_reg0_reg[21]' (FDSE) to 'inst/ila_lib/inst/ila_core_inst/u_ila_regs/shift_reg0_reg[22]'
INFO: [Synth 8-3886] merging instance 'inst/ila_lib/inst/ila_core_inst/u_ila_regs/shift_reg1_reg[22]' (FDSE) to 'inst/ila_lib/inst/ila_core_inst/u_ila_regs/shift_reg1_reg[23]'
INFO: [Synth 8-3886] merging instance 'inst/ila_lib/inst/ila_core_inst/u_ila_regs/shift_reg0_reg[22]' (FDSE) to 'inst/ila_lib/inst/ila_core_inst/u_ila_regs/shift_reg0_reg[23]'
INFO: [Synth 8-3886] merging instance 'inst/ila_lib/inst/ila_core_inst/u_ila_regs/shift_reg1_reg[23]' (FDSE) to 'inst/ila_lib/inst/ila_core_inst/u_ila_regs/shift_reg1_reg[24]'
INFO: [Synth 8-3886] merging instance 'inst/ila_lib/inst/ila_core_inst/u_ila_regs/shift_reg0_reg[23]' (FDSE) to 'inst/ila_lib/inst/ila_core_inst/u_ila_regs/shift_reg0_reg[24]'
INFO: [Synth 8-3886] merging instance 'inst/ila_lib/inst/ila_core_inst/u_ila_regs/shift_reg1_reg[24]' (FDSE) to 'inst/ila_lib/inst/ila_core_inst/u_ila_regs/shift_reg1_reg[25]'
INFO: [Synth 8-3886] merging instance 'inst/ila_lib/inst/ila_core_inst/u_ila_regs/shift_reg0_reg[24]' (FDSE) to 'inst/ila_lib/inst/ila_core_inst/u_ila_regs/shift_reg0_reg[25]'
INFO: [Synth 8-3886] merging instance 'inst/ila_lib/inst/ila_core_inst/u_ila_regs/shift_reg1_reg[25]' (FDSE) to 'inst/ila_lib/inst/ila_core_inst/u_ila_regs/shift_reg1_reg[26]'
INFO: [Synth 8-3886] merging instance 'inst/ila_lib/inst/ila_core_inst/u_ila_regs/shift_reg0_reg[25]' (FDSE) to 'inst/ila_lib/inst/ila_core_inst/u_ila_regs/shift_reg0_reg[26]'
INFO: [Synth 8-3886] merging instance 'inst/ila_lib/inst/ila_core_inst/u_ila_regs/shift_reg1_reg[26]' (FDSE) to 'inst/ila_lib/inst/ila_core_inst/u_ila_regs/shift_reg1_reg[27]'
INFO: [Synth 8-3886] merging instance 'inst/ila_lib/inst/ila_core_inst/u_ila_regs/shift_reg0_reg[26]' (FDSE) to 'inst/ila_lib/inst/ila_core_inst/u_ila_regs/shift_reg0_reg[27]'
INFO: [Synth 8-3886] merging instance 'inst/ila_lib/inst/ila_core_inst/u_ila_regs/shift_reg1_reg[27]' (FDSE) to 'inst/ila_lib/inst/ila_core_inst/u_ila_regs/shift_reg1_reg[28]'
INFO: [Synth 8-3886] merging instance 'inst/ila_lib/inst/ila_core_inst/u_ila_regs/shift_reg0_reg[27]' (FDSE) to 'inst/ila_lib/inst/ila_core_inst/u_ila_regs/shift_reg0_reg[28]'
INFO: [Common 17-14] Message 'Synth 8-3886' appears 100 times and further instances of the messages will be disabled. Use the Tcl command set_msg_config to change the current settings.
---------------------------------------------------------------------------------
Finished Cross Boundary and Area Optimization : Time (s): cpu = 00:02:57 ; elapsed = 00:03:58 . Memory (MB): peak = 1452.891 ; gain = 729.480
---------------------------------------------------------------------------------

Report RTL Partitions: 
+-+--------------+------------+----------+
| |RTL Partition |Replication |Instances |
+-+--------------+------------+----------+
+-+--------------+------------+----------+
---------------------------------------------------------------------------------
Start Applying XDC Timing Constraints
---------------------------------------------------------------------------------
---------------------------------------------------------------------------------
Finished Applying XDC Timing Constraints : Time (s): cpu = 00:03:05 ; elapsed = 00:04:07 . Memory (MB): peak = 1452.891 ; gain = 729.480
---------------------------------------------------------------------------------
---------------------------------------------------------------------------------
Start Timing Optimization
---------------------------------------------------------------------------------
---------------------------------------------------------------------------------
Finished Timing Optimization : Time (s): cpu = 00:03:07 ; elapsed = 00:04:09 . Memory (MB): peak = 1452.891 ; gain = 729.480
---------------------------------------------------------------------------------

Report RTL Partitions: 
+-+--------------+------------+----------+
| |RTL Partition |Replication |Instances |
+-+--------------+------------+----------+
+-+--------------+------------+----------+
---------------------------------------------------------------------------------
Start Technology Mapping
---------------------------------------------------------------------------------
---------------------------------------------------------------------------------
Finished Technology Mapping : Time (s): cpu = 00:03:11 ; elapsed = 00:04:13 . Memory (MB): peak = 1452.891 ; gain = 729.480
---------------------------------------------------------------------------------

Report RTL Partitions: 
+-+--------------+------------+----------+
| |RTL Partition |Replication |Instances |
+-+--------------+------------+----------+
+-+--------------+------------+----------+
---------------------------------------------------------------------------------
Start IO Insertion
---------------------------------------------------------------------------------
---------------------------------------------------------------------------------
Start Flattening Before IO Insertion
---------------------------------------------------------------------------------
---------------------------------------------------------------------------------
Finished Flattening Before IO Insertion
---------------------------------------------------------------------------------
---------------------------------------------------------------------------------
Start Final Netlist Cleanup
---------------------------------------------------------------------------------
---------------------------------------------------------------------------------
Finished Final Netlist Cleanup
---------------------------------------------------------------------------------
INFO: [Synth 8-3295] tying undriven pin dummy_inferred:in0 to constant 0
INFO: [Synth 8-3295] tying undriven pin inst:sl_iport0[36] to constant 0
INFO: [Synth 8-3295] tying undriven pin inst:sl_iport0[35] to constant 0
INFO: [Synth 8-3295] tying undriven pin inst:sl_iport0[34] to constant 0
INFO: [Synth 8-3295] tying undriven pin inst:sl_iport0[33] to constant 0
INFO: [Synth 8-3295] tying undriven pin inst:sl_iport0[32] to constant 0
INFO: [Synth 8-3295] tying undriven pin inst:sl_iport0[31] to constant 0
INFO: [Synth 8-3295] tying undriven pin inst:sl_iport0[30] to constant 0
INFO: [Synth 8-3295] tying undriven pin inst:sl_iport0[29] to constant 0
INFO: [Synth 8-3295] tying undriven pin inst:sl_iport0[28] to constant 0
INFO: [Synth 8-3295] tying undriven pin inst:sl_iport0[27] to constant 0
INFO: [Synth 8-3295] tying undriven pin inst:sl_iport0[26] to constant 0
INFO: [Synth 8-3295] tying undriven pin inst:sl_iport0[25] to constant 0
INFO: [Synth 8-3295] tying undriven pin inst:sl_iport0[24] to constant 0
INFO: [Synth 8-3295] tying undriven pin inst:sl_iport0[23] to constant 0
INFO: [Synth 8-3295] tying undriven pin inst:sl_iport0[22] to constant 0
INFO: [Synth 8-3295] tying undriven pin inst:sl_iport0[21] to constant 0
INFO: [Synth 8-3295] tying undriven pin inst:sl_iport0[20] to constant 0
INFO: [Synth 8-3295] tying undriven pin inst:sl_iport0[19] to constant 0
INFO: [Synth 8-3295] tying undriven pin inst:sl_iport0[18] to constant 0
INFO: [Synth 8-3295] tying undriven pin inst:sl_iport0[17] to constant 0
INFO: [Synth 8-3295] tying undriven pin inst:sl_iport0[16] to constant 0
INFO: [Synth 8-3295] tying undriven pin inst:sl_iport0[15] to constant 0
INFO: [Synth 8-3295] tying undriven pin inst:sl_iport0[14] to constant 0
INFO: [Synth 8-3295] tying undriven pin inst:sl_iport0[13] to constant 0
INFO: [Synth 8-3295] tying undriven pin inst:sl_iport0[12] to constant 0
INFO: [Synth 8-3295] tying undriven pin inst:sl_iport0[11] to constant 0
INFO: [Synth 8-3295] tying undriven pin inst:sl_iport0[10] to constant 0
INFO: [Synth 8-3295] tying undriven pin inst:sl_iport0[9] to constant 0
INFO: [Synth 8-3295] tying undriven pin inst:sl_iport0[8] to constant 0
INFO: [Synth 8-3295] tying undriven pin inst:sl_iport0[7] to constant 0
INFO: [Synth 8-3295] tying undriven pin inst:sl_iport0[6] to constant 0
INFO: [Synth 8-3295] tying undriven pin inst:sl_iport0[5] to constant 0
INFO: [Synth 8-3295] tying undriven pin inst:sl_iport0[4] to constant 0
INFO: [Synth 8-3295] tying undriven pin inst:sl_iport0[3] to constant 0
INFO: [Synth 8-3295] tying undriven pin inst:sl_iport0[2] to constant 0
INFO: [Synth 8-3295] tying undriven pin inst:sl_iport0[1] to constant 0
INFO: [Synth 8-3295] tying undriven pin inst:sl_iport0[0] to constant 0
---------------------------------------------------------------------------------
Finished IO Insertion : Time (s): cpu = 00:03:12 ; elapsed = 00:04:15 . Memory (MB): peak = 1452.891 ; gain = 729.480
---------------------------------------------------------------------------------

Report Check Netlist: 
+------+------------------+-------+---------+-------+------------------+
|      |Item              |Errors |Warnings |Status |Description       |
+------+------------------+-------+---------+-------+------------------+
|1     |multi_driven_nets |      0|        0|Passed |Multi driven nets |
+------+------------------+-------+---------+-------+------------------+
---------------------------------------------------------------------------------
Start Renaming Generated Instances
---------------------------------------------------------------------------------
---------------------------------------------------------------------------------
Finished Renaming Generated Instances : Time (s): cpu = 00:03:12 ; elapsed = 00:04:15 . Memory (MB): peak = 1452.891 ; gain = 729.480
---------------------------------------------------------------------------------

Report RTL Partitions: 
+-+--------------+------------+----------+
| |RTL Partition |Replication |Instances |
+-+--------------+------------+----------+
+-+--------------+------------+----------+
---------------------------------------------------------------------------------
Start Rebuilding User Hierarchy
---------------------------------------------------------------------------------
---------------------------------------------------------------------------------
Finished Rebuilding User Hierarchy : Time (s): cpu = 00:03:13 ; elapsed = 00:04:16 . Memory (MB): peak = 1452.891 ; gain = 729.480
---------------------------------------------------------------------------------
---------------------------------------------------------------------------------
Start Renaming Generated Ports
---------------------------------------------------------------------------------
---------------------------------------------------------------------------------
Finished Renaming Generated Ports : Time (s): cpu = 00:03:13 ; elapsed = 00:04:16 . Memory (MB): peak = 1452.891 ; gain = 729.480
---------------------------------------------------------------------------------
---------------------------------------------------------------------------------
Start Handling Custom Attributes
---------------------------------------------------------------------------------
---------------------------------------------------------------------------------
Finished Handling Custom Attributes : Time (s): cpu = 00:03:14 ; elapsed = 00:04:16 . Memory (MB): peak = 1452.891 ; gain = 729.480
---------------------------------------------------------------------------------
---------------------------------------------------------------------------------
Start Renaming Generated Nets
---------------------------------------------------------------------------------
---------------------------------------------------------------------------------
Finished Renaming Generated Nets : Time (s): cpu = 00:03:14 ; elapsed = 00:04:16 . Memory (MB): peak = 1452.891 ; gain = 729.480
---------------------------------------------------------------------------------
---------------------------------------------------------------------------------
Start ROM, RAM, DSP and Shift Register Reporting
---------------------------------------------------------------------------------

Static Shift Register Report:
+---------------+----------------------------------------------------------------------------------+--------+-------+--------------+--------------------+-------------------+--------+---------+
|Module Name    | RTL Name                                                                         | Length | Width | Reset Signal | Pull out first Reg | Pull out last Reg | SRL16E | SRLC32E | 
+---------------+----------------------------------------------------------------------------------+--------+-------+--------------+--------------------+-------------------+--------+---------+
|ila_v6_2_9_ila | ila_core_inst/u_ila_regs/adv_rb_drdy4_reg                                        | 5      | 1     | NO           | NO                 | YES               | 1      | 0       | 
|ila_v6_2_9_ila | ila_core_inst/shifted_data_in_reg[8][527]                                        | 9      | 528   | NO           | NO                 | YES               | 528    | 0       | 
|ila_v6_2_9_ila | ila_core_inst/xsdb_memory_read_inst/multiple_read_latency.read_enable_out_reg[3] | 4      | 1     | NO           | NO                 | YES               | 1      | 0       | 
|ila_v6_2_9_ila | ila_core_inst/xsdb_memory_read_inst/multiple_enable_latency.enable_out_reg[3]    | 4      | 1     | NO           | NO                 | YES               | 1      | 0       | 
+---------------+----------------------------------------------------------------------------------+--------+-------+--------------+--------------------+-------------------+--------+---------+

---------------------------------------------------------------------------------
Finished ROM, RAM, DSP and Shift Register Reporting
---------------------------------------------------------------------------------
---------------------------------------------------------------------------------
Start Writing Synthesis Report
---------------------------------------------------------------------------------

Report BlackBoxes: 
+-+--------------+----------+
| |BlackBox name |Instances |
+-+--------------+----------+
+-+--------------+----------+

Report Cell Usage: 
+------+---------+------+
|      |Cell     |Count |
+------+---------+------+
|1     |CARRY4   |   194|
|2     |CFGLUT5  |   537|
|3     |LUT1     |    97|
|4     |LUT2     |   132|
|5     |LUT3     |   243|
|6     |LUT4     |   599|
|7     |LUT5     |   211|
|8     |LUT6     |  1958|
|9     |MUXF7    |   228|
|10    |MUXF8    |   101|
|11    |RAMB18E1 |     2|
|12    |RAMB36E1 |    14|
|13    |SRL16E   |   532|
|14    |SRLC16E  |     2|
|15    |SRLC32E  |    17|
|16    |FDRE     |  6186|
|17    |FDSE     |    24|
+------+---------+------+

Report Instance Areas: 
+------+----------------------------------------------------------------------------+-------------------------------------------------------------+------+
|      |Instance                                                                    |Module                                                       |Cells |
+------+----------------------------------------------------------------------------+-------------------------------------------------------------+------+
|1     |top                                                                         |                                                             | 11077|
|2     |  inst                                                                      |bd_384c                                                      | 11077|
|3     |    g_inst                                                                  |bd_384c_g_inst_0                                             |   142|
|4     |      inst                                                                  |bd_384c_g_inst_0_gigantic_mux                                |   142|
|5     |        \SLOT_0.inst_slot0                                                  |gigantic_mux_v1_0_1_cntr                                     |    14|
|6     |        \SLOT_1.inst_slot0                                                  |gigantic_mux_v1_0_1_cntr__parameterized0                     |   128|
|7     |    ila_lib                                                                 |bd_384c_ila_lib_0                                            | 10935|
|8     |      inst                                                                  |ila_v6_2_9_ila                                               | 10935|
|9     |        ila_core_inst                                                       |ila_v6_2_9_ila_core                                          | 10928|
|10    |          ila_trace_memory_inst                                             |ila_v6_2_9_ila_trace_memory                                  |    16|
|11    |            \SUBCORE_RAM.BLK_MEM_GEN[0].trace_block_memory                  |blk_mem_gen_v8_4_3                                           |    15|
|12    |              inst_blk_mem_gen                                              |blk_mem_gen_v8_4_3_synth                                     |    15|
|13    |                \gnbram.gnativebmg.native_blk_mem_gen                       |blk_mem_gen_v8_4_3_blk_mem_gen_top                           |    15|
|14    |                  \valid.cstr                                               |blk_mem_gen_v8_4_3_blk_mem_gen_generic_cstr                  |    15|
|15    |                    \ramloop[0].ram.r                                       |blk_mem_gen_v8_4_3_blk_mem_gen_prim_width                    |     1|
|16    |                      \prim_noinit.ram                                      |blk_mem_gen_v8_4_3_blk_mem_gen_prim_wrapper                  |     1|
|17    |                    \ramloop[10].ram.r                                      |blk_mem_gen_v8_4_3_blk_mem_gen_prim_width__parameterized9    |     1|
|18    |                      \prim_noinit.ram                                      |blk_mem_gen_v8_4_3_blk_mem_gen_prim_wrapper__parameterized9  |     1|
|19    |                    \ramloop[11].ram.r                                      |blk_mem_gen_v8_4_3_blk_mem_gen_prim_width__parameterized10   |     1|
|20    |                      \prim_noinit.ram                                      |blk_mem_gen_v8_4_3_blk_mem_gen_prim_wrapper__parameterized10 |     1|
|21    |                    \ramloop[12].ram.r                                      |blk_mem_gen_v8_4_3_blk_mem_gen_prim_width__parameterized11   |     1|
|22    |                      \prim_noinit.ram                                      |blk_mem_gen_v8_4_3_blk_mem_gen_prim_wrapper__parameterized11 |     1|
|23    |                    \ramloop[13].ram.r                                      |blk_mem_gen_v8_4_3_blk_mem_gen_prim_width__parameterized12   |     1|
|24    |                      \prim_noinit.ram                                      |blk_mem_gen_v8_4_3_blk_mem_gen_prim_wrapper__parameterized12 |     1|
|25    |                    \ramloop[14].ram.r                                      |blk_mem_gen_v8_4_3_blk_mem_gen_prim_width__parameterized13   |     1|
|26    |                      \prim_noinit.ram                                      |blk_mem_gen_v8_4_3_blk_mem_gen_prim_wrapper__parameterized13 |     1|
|27    |                    \ramloop[1].ram.r                                       |blk_mem_gen_v8_4_3_blk_mem_gen_prim_width__parameterized0    |     1|
|28    |                      \prim_noinit.ram                                      |blk_mem_gen_v8_4_3_blk_mem_gen_prim_wrapper__parameterized0  |     1|
|29    |                    \ramloop[2].ram.r                                       |blk_mem_gen_v8_4_3_blk_mem_gen_prim_width__parameterized1    |     1|
|30    |                      \prim_noinit.ram                                      |blk_mem_gen_v8_4_3_blk_mem_gen_prim_wrapper__parameterized1  |     1|
|31    |                    \ramloop[3].ram.r                                       |blk_mem_gen_v8_4_3_blk_mem_gen_prim_width__parameterized2    |     1|
|32    |                      \prim_noinit.ram                                      |blk_mem_gen_v8_4_3_blk_mem_gen_prim_wrapper__parameterized2  |     1|
|33    |                    \ramloop[4].ram.r                                       |blk_mem_gen_v8_4_3_blk_mem_gen_prim_width__parameterized3    |     1|
|34    |                      \prim_noinit.ram                                      |blk_mem_gen_v8_4_3_blk_mem_gen_prim_wrapper__parameterized3  |     1|
|35    |                    \ramloop[5].ram.r                                       |blk_mem_gen_v8_4_3_blk_mem_gen_prim_width__parameterized4    |     1|
|36    |                      \prim_noinit.ram                                      |blk_mem_gen_v8_4_3_blk_mem_gen_prim_wrapper__parameterized4  |     1|
|37    |                    \ramloop[6].ram.r                                       |blk_mem_gen_v8_4_3_blk_mem_gen_prim_width__parameterized5    |     1|
|38    |                      \prim_noinit.ram                                      |blk_mem_gen_v8_4_3_blk_mem_gen_prim_wrapper__parameterized5  |     1|
|39    |                    \ramloop[7].ram.r                                       |blk_mem_gen_v8_4_3_blk_mem_gen_prim_width__parameterized6    |     1|
|40    |                      \prim_noinit.ram                                      |blk_mem_gen_v8_4_3_blk_mem_gen_prim_wrapper__parameterized6  |     1|
|41    |                    \ramloop[8].ram.r                                       |blk_mem_gen_v8_4_3_blk_mem_gen_prim_width__parameterized7    |     1|
|42    |                      \prim_noinit.ram                                      |blk_mem_gen_v8_4_3_blk_mem_gen_prim_wrapper__parameterized7  |     1|
|43    |                    \ramloop[9].ram.r                                       |blk_mem_gen_v8_4_3_blk_mem_gen_prim_width__parameterized8    |     1|
|44    |                      \prim_noinit.ram                                      |blk_mem_gen_v8_4_3_blk_mem_gen_prim_wrapper__parameterized8  |     1|
|45    |            \SUBCORE_RAM.trace_block_memory                                 |blk_mem_gen_v8_4_3__parameterized0                           |     1|
|46    |              inst_blk_mem_gen                                              |blk_mem_gen_v8_4_3_synth__parameterized0                     |     1|
|47    |                \gnbram.gnativebmg.native_blk_mem_gen                       |blk_mem_gen_v8_4_3_blk_mem_gen_top__parameterized0           |     1|
|48    |                  \valid.cstr                                               |blk_mem_gen_v8_4_3_blk_mem_gen_generic_cstr__parameterized0  |     1|
|49    |                    \ramloop[0].ram.r                                       |blk_mem_gen_v8_4_3_blk_mem_gen_prim_width__parameterized14   |     1|
|50    |                      \prim_noinit.ram                                      |blk_mem_gen_v8_4_3_blk_mem_gen_prim_wrapper__parameterized14 |     1|
|51    |          u_ila_cap_ctrl                                                    |ila_v6_2_9_ila_cap_ctrl_legacy                               |   277|
|52    |            U_CDONE                                                         |ltlib_v1_0_0_cfglut6__parameterized0                         |     5|
|53    |            U_NS0                                                           |ltlib_v1_0_0_cfglut7                                         |     6|
|54    |            U_NS1                                                           |ltlib_v1_0_0_cfglut7_307                                     |     7|
|55    |            u_cap_addrgen                                                   |ila_v6_2_9_ila_cap_addrgen                                   |   255|
|56    |              U_CMPRESET                                                    |ltlib_v1_0_0_cfglut6                                         |     3|
|57    |              u_cap_sample_counter                                          |ila_v6_2_9_ila_cap_sample_counter                            |    61|
|58    |                U_SCE                                                       |ltlib_v1_0_0_cfglut4_314                                     |     1|
|59    |                U_SCMPCE                                                    |ltlib_v1_0_0_cfglut5_315                                     |     1|
|60    |                U_SCRST                                                     |ltlib_v1_0_0_cfglut6_316                                     |     5|
|61    |                u_scnt_cmp                                                  |ltlib_v1_0_0_match_nodelay_317                               |    22|
|62    |                  \allx_typeA_match_detection.ltlib_v1_0_0_allx_typeA_inst  |ltlib_v1_0_0_allx_typeA_nodelay_318                          |    22|
|63    |                    DUT                                                     |ltlib_v1_0_0_all_typeA__parameterized4_319                   |    12|
|64    |                      \I_WHOLE_SLICE.G_SLICE_IDX[0].U_ALL_SRL_SLICE         |ltlib_v1_0_0_all_typeA_slice__parameterized1_320             |     5|
|65    |                      \I_WHOLE_SLICE.G_SLICE_IDX[1].U_ALL_SRL_SLICE         |ltlib_v1_0_0_all_typeA_slice__parameterized2_321             |     5|
|66    |              u_cap_window_counter                                          |ila_v6_2_9_ila_cap_window_counter                            |    60|
|67    |                U_WCE                                                       |ltlib_v1_0_0_cfglut4                                         |     1|
|68    |                U_WHCMPCE                                                   |ltlib_v1_0_0_cfglut5                                         |     1|
|69    |                U_WLCMPCE                                                   |ltlib_v1_0_0_cfglut5_308                                     |     1|
|70    |                u_wcnt_hcmp                                                 |ltlib_v1_0_0_match_nodelay                                   |    12|
|71    |                  \allx_typeA_match_detection.ltlib_v1_0_0_allx_typeA_inst  |ltlib_v1_0_0_allx_typeA_nodelay_310                          |    12|
|72    |                    DUT                                                     |ltlib_v1_0_0_all_typeA__parameterized4_311                   |    12|
|73    |                      \I_WHOLE_SLICE.G_SLICE_IDX[0].U_ALL_SRL_SLICE         |ltlib_v1_0_0_all_typeA_slice__parameterized1_312             |     5|
|74    |                      \I_WHOLE_SLICE.G_SLICE_IDX[1].U_ALL_SRL_SLICE         |ltlib_v1_0_0_all_typeA_slice__parameterized2_313             |     5|
|75    |                u_wcnt_lcmp                                                 |ltlib_v1_0_0_match_nodelay_309                               |    22|
|76    |                  \allx_typeA_match_detection.ltlib_v1_0_0_allx_typeA_inst  |ltlib_v1_0_0_allx_typeA_nodelay                              |    22|
|77    |                    DUT                                                     |ltlib_v1_0_0_all_typeA__parameterized4                       |    12|
|78    |                      \I_WHOLE_SLICE.G_SLICE_IDX[0].U_ALL_SRL_SLICE         |ltlib_v1_0_0_all_typeA_slice__parameterized1                 |     5|
|79    |                      \I_WHOLE_SLICE.G_SLICE_IDX[1].U_ALL_SRL_SLICE         |ltlib_v1_0_0_all_typeA_slice__parameterized2                 |     5|
|80    |          u_ila_regs                                                        |ila_v6_2_9_ila_register                                      |  6650|
|81    |            U_XSDB_SLAVE                                                    |xsdbs_v1_0_2_xsdbs                                           |   302|
|82    |            reg_890                                                         |xsdbs_v1_0_2_reg__parameterized172                           |    16|
|83    |              \I_EN_STAT_EQ1.U_STAT                                         |xsdbs_v1_0_2_reg_stat_306                                    |    16|
|84    |            \MU_SRL[0].mu_srl_reg                                           |xsdbs_v1_0_2_reg_p2s                                         |    74|
|85    |            \MU_SRL[10].mu_srl_reg                                          |xsdbs_v1_0_2_reg_p2s__parameterized9                         |    74|
|86    |            \MU_SRL[11].mu_srl_reg                                          |xsdbs_v1_0_2_reg_p2s__parameterized10                        |   106|
|87    |            \MU_SRL[12].mu_srl_reg                                          |xsdbs_v1_0_2_reg_p2s__parameterized11                        |    74|
|88    |            \MU_SRL[13].mu_srl_reg                                          |xsdbs_v1_0_2_reg_p2s__parameterized12                        |    74|
|89    |            \MU_SRL[14].mu_srl_reg                                          |xsdbs_v1_0_2_reg_p2s__parameterized13                        |    74|
|90    |            \MU_SRL[15].mu_srl_reg                                          |xsdbs_v1_0_2_reg_p2s__parameterized14                        |    90|
|91    |            \MU_SRL[16].mu_srl_reg                                          |xsdbs_v1_0_2_reg_p2s__parameterized15                        |    74|
|92    |            \MU_SRL[17].mu_srl_reg                                          |xsdbs_v1_0_2_reg_p2s__parameterized16                        |    74|
|93    |            \MU_SRL[18].mu_srl_reg                                          |xsdbs_v1_0_2_reg_p2s__parameterized17                        |    74|
|94    |            \MU_SRL[19].mu_srl_reg                                          |xsdbs_v1_0_2_reg_p2s__parameterized18                        |   122|
|95    |            \MU_SRL[1].mu_srl_reg                                           |xsdbs_v1_0_2_reg_p2s__parameterized0                         |    74|
|96    |            \MU_SRL[20].mu_srl_reg                                          |xsdbs_v1_0_2_reg_p2s__parameterized19                        |    74|
|97    |            \MU_SRL[21].mu_srl_reg                                          |xsdbs_v1_0_2_reg_p2s__parameterized20                        |    74|
|98    |            \MU_SRL[22].mu_srl_reg                                          |xsdbs_v1_0_2_reg_p2s__parameterized21                        |    74|
|99    |            \MU_SRL[23].mu_srl_reg                                          |xsdbs_v1_0_2_reg_p2s__parameterized22                        |    90|
|100   |            \MU_SRL[24].mu_srl_reg                                          |xsdbs_v1_0_2_reg_p2s__parameterized23                        |    74|
|101   |            \MU_SRL[25].mu_srl_reg                                          |xsdbs_v1_0_2_reg_p2s__parameterized24                        |    74|
|102   |            \MU_SRL[26].mu_srl_reg                                          |xsdbs_v1_0_2_reg_p2s__parameterized25                        |    74|
|103   |            \MU_SRL[27].mu_srl_reg                                          |xsdbs_v1_0_2_reg_p2s__parameterized26                        |   106|
|104   |            \MU_SRL[28].mu_srl_reg                                          |xsdbs_v1_0_2_reg_p2s__parameterized27                        |    74|
|105   |            \MU_SRL[29].mu_srl_reg                                          |xsdbs_v1_0_2_reg_p2s__parameterized28                        |    74|
|106   |            \MU_SRL[2].mu_srl_reg                                           |xsdbs_v1_0_2_reg_p2s__parameterized1                         |    74|
|107   |            \MU_SRL[30].mu_srl_reg                                          |xsdbs_v1_0_2_reg_p2s__parameterized29                        |    74|
|108   |            \MU_SRL[31].mu_srl_reg                                          |xsdbs_v1_0_2_reg_p2s__parameterized30                        |    90|
|109   |            \MU_SRL[32].mu_srl_reg                                          |xsdbs_v1_0_2_reg_p2s__parameterized31                        |    74|
|110   |            \MU_SRL[33].mu_srl_reg                                          |xsdbs_v1_0_2_reg_p2s__parameterized32                        |    74|
|111   |            \MU_SRL[34].mu_srl_reg                                          |xsdbs_v1_0_2_reg_p2s__parameterized33                        |    74|
|112   |            \MU_SRL[35].mu_srl_reg                                          |xsdbs_v1_0_2_reg_p2s__parameterized34                        |   122|
|113   |            \MU_SRL[36].mu_srl_reg                                          |xsdbs_v1_0_2_reg_p2s__parameterized35                        |    74|
|114   |            \MU_SRL[37].mu_srl_reg                                          |xsdbs_v1_0_2_reg_p2s__parameterized36                        |    74|
|115   |            \MU_SRL[38].mu_srl_reg                                          |xsdbs_v1_0_2_reg_p2s__parameterized37                        |    74|
|116   |            \MU_SRL[39].mu_srl_reg                                          |xsdbs_v1_0_2_reg_p2s__parameterized38                        |    90|
|117   |            \MU_SRL[3].mu_srl_reg                                           |xsdbs_v1_0_2_reg_p2s__parameterized2                         |   122|
|118   |            \MU_SRL[40].mu_srl_reg                                          |xsdbs_v1_0_2_reg_p2s__parameterized39                        |    74|
|119   |            \MU_SRL[41].mu_srl_reg                                          |xsdbs_v1_0_2_reg_p2s__parameterized40                        |    74|
|120   |            \MU_SRL[42].mu_srl_reg                                          |xsdbs_v1_0_2_reg_p2s__parameterized41                        |    74|
|121   |            \MU_SRL[43].mu_srl_reg                                          |xsdbs_v1_0_2_reg_p2s__parameterized42                        |   106|
|122   |            \MU_SRL[44].mu_srl_reg                                          |xsdbs_v1_0_2_reg_p2s__parameterized43                        |    74|
|123   |            \MU_SRL[45].mu_srl_reg                                          |xsdbs_v1_0_2_reg_p2s__parameterized44                        |    74|
|124   |            \MU_SRL[46].mu_srl_reg                                          |xsdbs_v1_0_2_reg_p2s__parameterized45                        |    74|
|125   |            \MU_SRL[47].mu_srl_reg                                          |xsdbs_v1_0_2_reg_p2s__parameterized46                        |    90|
|126   |            \MU_SRL[48].mu_srl_reg                                          |xsdbs_v1_0_2_reg_p2s__parameterized47                        |    74|
|127   |            \MU_SRL[49].mu_srl_reg                                          |xsdbs_v1_0_2_reg_p2s__parameterized48                        |    74|
|128   |            \MU_SRL[4].mu_srl_reg                                           |xsdbs_v1_0_2_reg_p2s__parameterized3                         |    74|
|129   |            \MU_SRL[50].mu_srl_reg                                          |xsdbs_v1_0_2_reg_p2s__parameterized49                        |    74|
|130   |            \MU_SRL[51].mu_srl_reg                                          |xsdbs_v1_0_2_reg_p2s__parameterized50                        |   138|
|131   |            \MU_SRL[52].mu_srl_reg                                          |xsdbs_v1_0_2_reg_p2s__parameterized51                        |    74|
|132   |            \MU_SRL[53].mu_srl_reg                                          |xsdbs_v1_0_2_reg_p2s__parameterized52                        |    74|
|133   |            \MU_SRL[54].mu_srl_reg                                          |xsdbs_v1_0_2_reg_p2s__parameterized53                        |    74|
|134   |            \MU_SRL[55].mu_srl_reg                                          |xsdbs_v1_0_2_reg_p2s__parameterized54                        |    90|
|135   |            \MU_SRL[56].mu_srl_reg                                          |xsdbs_v1_0_2_reg_p2s__parameterized55                        |    74|
|136   |            \MU_SRL[57].mu_srl_reg                                          |xsdbs_v1_0_2_reg_p2s__parameterized56                        |    74|
|137   |            \MU_SRL[58].mu_srl_reg                                          |xsdbs_v1_0_2_reg_p2s__parameterized57                        |    74|
|138   |            \MU_SRL[59].mu_srl_reg                                          |xsdbs_v1_0_2_reg_p2s__parameterized58                        |   106|
|139   |            \MU_SRL[5].mu_srl_reg                                           |xsdbs_v1_0_2_reg_p2s__parameterized4                         |    74|
|140   |            \MU_SRL[60].mu_srl_reg                                          |xsdbs_v1_0_2_reg_p2s__parameterized59                        |    74|
|141   |            \MU_SRL[61].mu_srl_reg                                          |xsdbs_v1_0_2_reg_p2s__parameterized60                        |    74|
|142   |            \MU_SRL[62].mu_srl_reg                                          |xsdbs_v1_0_2_reg_p2s__parameterized61                        |    74|
|143   |            \MU_SRL[63].mu_srl_reg                                          |xsdbs_v1_0_2_reg_p2s__parameterized62                        |    90|
|144   |            \MU_SRL[64].mu_srl_reg                                          |xsdbs_v1_0_2_reg_p2s__parameterized63                        |    90|
|145   |            \MU_SRL[6].mu_srl_reg                                           |xsdbs_v1_0_2_reg_p2s__parameterized5                         |    74|
|146   |            \MU_SRL[7].mu_srl_reg                                           |xsdbs_v1_0_2_reg_p2s__parameterized6                         |    90|
|147   |            \MU_SRL[8].mu_srl_reg                                           |xsdbs_v1_0_2_reg_p2s__parameterized7                         |    74|
|148   |            \MU_SRL[9].mu_srl_reg                                           |xsdbs_v1_0_2_reg_p2s__parameterized8                         |    74|
|149   |            \TC_SRL[0].tc_srl_reg                                           |xsdbs_v1_0_2_reg_p2s__parameterized64                        |    76|
|150   |            reg_15                                                          |xsdbs_v1_0_2_reg__parameterized154                           |    49|
|151   |              \I_EN_CTL_EQ1.U_CTL                                           |xsdbs_v1_0_2_reg_ctl_305                                     |    49|
|152   |            reg_16                                                          |xsdbs_v1_0_2_reg__parameterized155                           |    17|
|153   |              \I_EN_CTL_EQ1.U_CTL                                           |xsdbs_v1_0_2_reg_ctl_304                                     |    17|
|154   |            reg_17                                                          |xsdbs_v1_0_2_reg__parameterized156                           |    19|
|155   |              \I_EN_CTL_EQ1.U_CTL                                           |xsdbs_v1_0_2_reg_ctl_303                                     |    19|
|156   |            reg_18                                                          |xsdbs_v1_0_2_reg__parameterized157                           |    33|
|157   |              \I_EN_CTL_EQ1.U_CTL                                           |xsdbs_v1_0_2_reg_ctl_302                                     |    33|
|158   |            reg_19                                                          |xsdbs_v1_0_2_reg__parameterized158                           |    18|
|159   |              \I_EN_CTL_EQ1.U_CTL                                           |xsdbs_v1_0_2_reg_ctl_301                                     |    18|
|160   |            reg_1a                                                          |xsdbs_v1_0_2_reg__parameterized159                           |    19|
|161   |              \I_EN_CTL_EQ1.U_CTL                                           |xsdbs_v1_0_2_reg_ctl__parameterized1_300                     |    19|
|162   |            reg_6                                                           |xsdbs_v1_0_2_reg__parameterized139                           |    29|
|163   |              \I_EN_CTL_EQ1.U_CTL                                           |xsdbs_v1_0_2_reg_ctl_299                                     |    29|
|164   |            reg_7                                                           |xsdbs_v1_0_2_reg__parameterized140                           |    41|
|165   |              \I_EN_CTL_EQ1.U_CTL                                           |xsdbs_v1_0_2_reg_ctl__parameterized0                         |    41|
|166   |            reg_8                                                           |xsdbs_v1_0_2_reg__parameterized141                           |     5|
|167   |              \I_EN_STAT_EQ1.U_STAT                                         |xsdbs_v1_0_2_reg_stat_298                                    |     5|
|168   |            reg_80                                                          |xsdbs_v1_0_2_reg__parameterized160                           |    17|
|169   |              \I_EN_CTL_EQ1.U_CTL                                           |xsdbs_v1_0_2_reg_ctl__parameterized1_297                     |    17|
|170   |            reg_81                                                          |xsdbs_v1_0_2_reg__parameterized161                           |    17|
|171   |              \I_EN_CTL_EQ1.U_CTL                                           |xsdbs_v1_0_2_reg_ctl_296                                     |    17|
|172   |            reg_82                                                          |xsdbs_v1_0_2_reg__parameterized162                           |    17|
|173   |              \I_EN_CTL_EQ1.U_CTL                                           |xsdbs_v1_0_2_reg_ctl__parameterized1                         |    17|
|174   |            reg_83                                                          |xsdbs_v1_0_2_reg__parameterized163                           |    34|
|175   |              \I_EN_CTL_EQ1.U_CTL                                           |xsdbs_v1_0_2_reg_ctl_295                                     |    34|
|176   |            reg_84                                                          |xsdbs_v1_0_2_reg__parameterized164                           |    69|
|177   |              \I_EN_CTL_EQ1.U_CTL                                           |xsdbs_v1_0_2_reg_ctl_294                                     |    69|
|178   |            reg_85                                                          |xsdbs_v1_0_2_reg__parameterized165                           |    22|
|179   |              \I_EN_CTL_EQ1.U_CTL                                           |xsdbs_v1_0_2_reg_ctl_293                                     |    22|
|180   |            reg_887                                                         |xsdbs_v1_0_2_reg__parameterized167                           |     4|
|181   |              \I_EN_STAT_EQ1.U_STAT                                         |xsdbs_v1_0_2_reg_stat_292                                    |     4|
|182   |            reg_88d                                                         |xsdbs_v1_0_2_reg__parameterized169                           |     8|
|183   |              \I_EN_STAT_EQ1.U_STAT                                         |xsdbs_v1_0_2_reg_stat_291                                    |     8|
|184   |            reg_9                                                           |xsdbs_v1_0_2_reg__parameterized142                           |    20|
|185   |              \I_EN_STAT_EQ1.U_STAT                                         |xsdbs_v1_0_2_reg_stat_290                                    |    20|
|186   |            reg_srl_fff                                                     |xsdbs_v1_0_2_reg_p2s__parameterized65                        |    95|
|187   |            reg_stream_ffd                                                  |xsdbs_v1_0_2_reg_stream                                      |    19|
|188   |              \I_EN_CTL_EQ1.U_CTL                                           |xsdbs_v1_0_2_reg_ctl                                         |    19|
|189   |            reg_stream_ffe                                                  |xsdbs_v1_0_2_reg_stream__parameterized0                      |    38|
|190   |              \I_EN_STAT_EQ1.U_STAT                                         |xsdbs_v1_0_2_reg_stat                                        |    38|
|191   |          u_ila_reset_ctrl                                                  |ila_v6_2_9_ila_reset_ctrl                                    |    47|
|192   |            arm_detection_inst                                              |ltlib_v1_0_0_rising_edge_detection                           |     5|
|193   |            \asyncrounous_transfer.arm_in_transfer_inst                     |ltlib_v1_0_0_async_edge_xfer                                 |     7|
|194   |            \asyncrounous_transfer.arm_out_transfer_inst                    |ltlib_v1_0_0_async_edge_xfer_286                             |     6|
|195   |            \asyncrounous_transfer.halt_in_transfer_inst                    |ltlib_v1_0_0_async_edge_xfer_287                             |     7|
|196   |            \asyncrounous_transfer.halt_out_transfer_inst                   |ltlib_v1_0_0_async_edge_xfer_288                             |     6|
|197   |            halt_detection_inst                                             |ltlib_v1_0_0_rising_edge_detection_289                       |     6|
|198   |          u_trig                                                            |ila_v6_2_9_ila_trigger                                       |  1942|
|199   |            \N_DDR_TC.N_DDR_TC_INST[0].U_TC                                 |ltlib_v1_0_0_match                                           |   115|
|200   |              \allx_typeA_match_detection.ltlib_v1_0_0_allx_typeA_inst      |ltlib_v1_0_0_allx_typeA                                      |   113|
|201   |                DUT                                                         |ltlib_v1_0_0_all_typeA                                       |    48|
|202   |                  \I_WHOLE_SLICE.G_SLICE_IDX[0].U_ALL_SRL_SLICE             |ltlib_v1_0_0_all_typeA_slice_277                             |     5|
|203   |                  \I_WHOLE_SLICE.G_SLICE_IDX[1].U_ALL_SRL_SLICE             |ltlib_v1_0_0_all_typeA_slice_278                             |     5|
|204   |                  \I_WHOLE_SLICE.G_SLICE_IDX[2].U_ALL_SRL_SLICE             |ltlib_v1_0_0_all_typeA_slice_279                             |     5|
|205   |                  \I_WHOLE_SLICE.G_SLICE_IDX[3].U_ALL_SRL_SLICE             |ltlib_v1_0_0_all_typeA_slice_280                             |     5|
|206   |                  \I_WHOLE_SLICE.G_SLICE_IDX[4].U_ALL_SRL_SLICE             |ltlib_v1_0_0_all_typeA_slice_281                             |     5|
|207   |                  \I_WHOLE_SLICE.G_SLICE_IDX[5].U_ALL_SRL_SLICE             |ltlib_v1_0_0_all_typeA_slice_282                             |     5|
|208   |                  \I_WHOLE_SLICE.G_SLICE_IDX[6].U_ALL_SRL_SLICE             |ltlib_v1_0_0_all_typeA_slice_283                             |     5|
|209   |                  \I_WHOLE_SLICE.G_SLICE_IDX[7].U_ALL_SRL_SLICE             |ltlib_v1_0_0_all_typeA_slice_284                             |     5|
|210   |                  \I_WHOLE_SLICE.G_SLICE_IDX[8].U_ALL_SRL_SLICE             |ltlib_v1_0_0_all_typeA_slice__parameterized0_285             |     6|
|211   |            U_TM                                                            |ila_v6_2_9_ila_trig_match                                    |  1826|
|212   |              \N_DDR_MODE.G_NMU[0].U_M                                      |ltlib_v1_0_0_match__parameterized0                           |    13|
|213   |                \allx_typeA_match_detection.ltlib_v1_0_0_allx_typeA_inst    |ltlib_v1_0_0_allx_typeA__parameterized0_274                  |    12|
|214   |                  DUT                                                       |ltlib_v1_0_0_all_typeA__parameterized0_275                   |     8|
|215   |                    \I_WHOLE_SLICE.G_SLICE_IDX[0].U_ALL_SRL_SLICE           |ltlib_v1_0_0_all_typeA_slice__parameterized0_276             |     6|
|216   |              \N_DDR_MODE.G_NMU[10].U_M                                     |ltlib_v1_0_0_match__parameterized1                           |    88|
|217   |                \allx_typeA_match_detection.ltlib_v1_0_0_allx_typeA_inst    |ltlib_v1_0_0_allx_typeA__parameterized1_268                  |    87|
|218   |                  DUT                                                       |ltlib_v1_0_0_all_typeA__parameterized1_269                   |    23|
|219   |                    \I_WHOLE_SLICE.G_SLICE_IDX[0].U_ALL_SRL_SLICE           |ltlib_v1_0_0_all_typeA_slice_270                             |     5|
|220   |                    \I_WHOLE_SLICE.G_SLICE_IDX[1].U_ALL_SRL_SLICE           |ltlib_v1_0_0_all_typeA_slice_271                             |     5|
|221   |                    \I_WHOLE_SLICE.G_SLICE_IDX[2].U_ALL_SRL_SLICE           |ltlib_v1_0_0_all_typeA_slice_272                             |     5|
|222   |                    \I_WHOLE_SLICE.G_SLICE_IDX[3].U_ALL_SRL_SLICE           |ltlib_v1_0_0_all_typeA_slice__parameterized0_273             |     6|
|223   |              \N_DDR_MODE.G_NMU[11].U_M                                     |ltlib_v1_0_0_match__parameterized0_0                         |    13|
|224   |                \allx_typeA_match_detection.ltlib_v1_0_0_allx_typeA_inst    |ltlib_v1_0_0_allx_typeA__parameterized0_265                  |    12|
|225   |                  DUT                                                       |ltlib_v1_0_0_all_typeA__parameterized0_266                   |     8|
|226   |                    \I_WHOLE_SLICE.G_SLICE_IDX[0].U_ALL_SRL_SLICE           |ltlib_v1_0_0_all_typeA_slice__parameterized0_267             |     6|
|227   |              \N_DDR_MODE.G_NMU[12].U_M                                     |ltlib_v1_0_0_match__parameterized2                           |    17|
|228   |                \allx_typeA_match_detection.ltlib_v1_0_0_allx_typeA_inst    |ltlib_v1_0_0_allx_typeA__parameterized2_262                  |    16|
|229   |                  DUT                                                       |ltlib_v1_0_0_all_typeA__parameterized0_263                   |     8|
|230   |                    \I_WHOLE_SLICE.G_SLICE_IDX[0].U_ALL_SRL_SLICE           |ltlib_v1_0_0_all_typeA_slice__parameterized0_264             |     6|
|231   |              \N_DDR_MODE.G_NMU[13].U_M                                     |ltlib_v1_0_0_match__parameterized2_1                         |    17|
|232   |                \allx_typeA_match_detection.ltlib_v1_0_0_allx_typeA_inst    |ltlib_v1_0_0_allx_typeA__parameterized2_259                  |    16|
|233   |                  DUT                                                       |ltlib_v1_0_0_all_typeA__parameterized0_260                   |     8|
|234   |                    \I_WHOLE_SLICE.G_SLICE_IDX[0].U_ALL_SRL_SLICE           |ltlib_v1_0_0_all_typeA_slice__parameterized0_261             |     6|
|235   |              \N_DDR_MODE.G_NMU[14].U_M                                     |ltlib_v1_0_0_match__parameterized0_2                         |    13|
|236   |                \allx_typeA_match_detection.ltlib_v1_0_0_allx_typeA_inst    |ltlib_v1_0_0_allx_typeA__parameterized0_256                  |    12|
|237   |                  DUT                                                       |ltlib_v1_0_0_all_typeA__parameterized0_257                   |     8|
|238   |                    \I_WHOLE_SLICE.G_SLICE_IDX[0].U_ALL_SRL_SLICE           |ltlib_v1_0_0_all_typeA_slice__parameterized0_258             |     6|
|239   |              \N_DDR_MODE.G_NMU[15].U_M                                     |ltlib_v1_0_0_match__parameterized3                           |    15|
|240   |                \allx_typeA_match_detection.ltlib_v1_0_0_allx_typeA_inst    |ltlib_v1_0_0_allx_typeA__parameterized3_253                  |    14|
|241   |                  DUT                                                       |ltlib_v1_0_0_all_typeA__parameterized0_254                   |     8|
|242   |                    \I_WHOLE_SLICE.G_SLICE_IDX[0].U_ALL_SRL_SLICE           |ltlib_v1_0_0_all_typeA_slice__parameterized0_255             |     6|
|243   |              \N_DDR_MODE.G_NMU[16].U_M                                     |ltlib_v1_0_0_match__parameterized2_3                         |    17|
|244   |                \allx_typeA_match_detection.ltlib_v1_0_0_allx_typeA_inst    |ltlib_v1_0_0_allx_typeA__parameterized2_250                  |    16|
|245   |                  DUT                                                       |ltlib_v1_0_0_all_typeA__parameterized0_251                   |     8|
|246   |                    \I_WHOLE_SLICE.G_SLICE_IDX[0].U_ALL_SRL_SLICE           |ltlib_v1_0_0_all_typeA_slice__parameterized0_252             |     6|
|247   |              \N_DDR_MODE.G_NMU[17].U_M                                     |ltlib_v1_0_0_match__parameterized3_4                         |    15|
|248   |                \allx_typeA_match_detection.ltlib_v1_0_0_allx_typeA_inst    |ltlib_v1_0_0_allx_typeA__parameterized3_247                  |    14|
|249   |                  DUT                                                       |ltlib_v1_0_0_all_typeA__parameterized0_248                   |     8|
|250   |                    \I_WHOLE_SLICE.G_SLICE_IDX[0].U_ALL_SRL_SLICE           |ltlib_v1_0_0_all_typeA_slice__parameterized0_249             |     6|
|251   |              \N_DDR_MODE.G_NMU[18].U_M                                     |ltlib_v1_0_0_match__parameterized0_5                         |    13|
|252   |                \allx_typeA_match_detection.ltlib_v1_0_0_allx_typeA_inst    |ltlib_v1_0_0_allx_typeA__parameterized0_244                  |    12|
|253   |                  DUT                                                       |ltlib_v1_0_0_all_typeA__parameterized0_245                   |     8|
|254   |                    \I_WHOLE_SLICE.G_SLICE_IDX[0].U_ALL_SRL_SLICE           |ltlib_v1_0_0_all_typeA_slice__parameterized0_246             |     6|
|255   |              \N_DDR_MODE.G_NMU[19].U_M                                     |ltlib_v1_0_0_match__parameterized0_6                         |    13|
|256   |                \allx_typeA_match_detection.ltlib_v1_0_0_allx_typeA_inst    |ltlib_v1_0_0_allx_typeA__parameterized0_241                  |    12|
|257   |                  DUT                                                       |ltlib_v1_0_0_all_typeA__parameterized0_242                   |     8|
|258   |                    \I_WHOLE_SLICE.G_SLICE_IDX[0].U_ALL_SRL_SLICE           |ltlib_v1_0_0_all_typeA_slice__parameterized0_243             |     6|
|259   |              \N_DDR_MODE.G_NMU[1].U_M                                      |ltlib_v1_0_0_match__parameterized1_7                         |    88|
|260   |                \allx_typeA_match_detection.ltlib_v1_0_0_allx_typeA_inst    |ltlib_v1_0_0_allx_typeA__parameterized1_235                  |    87|
|261   |                  DUT                                                       |ltlib_v1_0_0_all_typeA__parameterized1_236                   |    23|
|262   |                    \I_WHOLE_SLICE.G_SLICE_IDX[0].U_ALL_SRL_SLICE           |ltlib_v1_0_0_all_typeA_slice_237                             |     5|
|263   |                    \I_WHOLE_SLICE.G_SLICE_IDX[1].U_ALL_SRL_SLICE           |ltlib_v1_0_0_all_typeA_slice_238                             |     5|
|264   |                    \I_WHOLE_SLICE.G_SLICE_IDX[2].U_ALL_SRL_SLICE           |ltlib_v1_0_0_all_typeA_slice_239                             |     5|
|265   |                    \I_WHOLE_SLICE.G_SLICE_IDX[3].U_ALL_SRL_SLICE           |ltlib_v1_0_0_all_typeA_slice__parameterized0_240             |     6|
|266   |              \N_DDR_MODE.G_NMU[20].U_M                                     |ltlib_v1_0_0_match__parameterized0_8                         |    13|
|267   |                \allx_typeA_match_detection.ltlib_v1_0_0_allx_typeA_inst    |ltlib_v1_0_0_allx_typeA__parameterized0_232                  |    12|
|268   |                  DUT                                                       |ltlib_v1_0_0_all_typeA__parameterized0_233                   |     8|
|269   |                    \I_WHOLE_SLICE.G_SLICE_IDX[0].U_ALL_SRL_SLICE           |ltlib_v1_0_0_all_typeA_slice__parameterized0_234             |     6|
|270   |              \N_DDR_MODE.G_NMU[21].U_M                                     |ltlib_v1_0_0_match__parameterized4                           |   172|
|271   |                \allx_typeA_match_detection.ltlib_v1_0_0_allx_typeA_inst    |ltlib_v1_0_0_allx_typeA__parameterized4_222                  |   171|
|272   |                  DUT                                                       |ltlib_v1_0_0_all_typeA__parameterized2_223                   |    43|
|273   |                    \I_WHOLE_SLICE.G_SLICE_IDX[0].U_ALL_SRL_SLICE           |ltlib_v1_0_0_all_typeA_slice_224                             |     5|
|274   |                    \I_WHOLE_SLICE.G_SLICE_IDX[1].U_ALL_SRL_SLICE           |ltlib_v1_0_0_all_typeA_slice_225                             |     5|
|275   |                    \I_WHOLE_SLICE.G_SLICE_IDX[2].U_ALL_SRL_SLICE           |ltlib_v1_0_0_all_typeA_slice_226                             |     5|
|276   |                    \I_WHOLE_SLICE.G_SLICE_IDX[3].U_ALL_SRL_SLICE           |ltlib_v1_0_0_all_typeA_slice_227                             |     5|
|277   |                    \I_WHOLE_SLICE.G_SLICE_IDX[4].U_ALL_SRL_SLICE           |ltlib_v1_0_0_all_typeA_slice_228                             |     5|
|278   |                    \I_WHOLE_SLICE.G_SLICE_IDX[5].U_ALL_SRL_SLICE           |ltlib_v1_0_0_all_typeA_slice_229                             |     5|
|279   |                    \I_WHOLE_SLICE.G_SLICE_IDX[6].U_ALL_SRL_SLICE           |ltlib_v1_0_0_all_typeA_slice_230                             |     5|
|280   |                    \I_WHOLE_SLICE.G_SLICE_IDX[7].U_ALL_SRL_SLICE           |ltlib_v1_0_0_all_typeA_slice__parameterized0_231             |     6|
|281   |              \N_DDR_MODE.G_NMU[22].U_M                                     |ltlib_v1_0_0_match__parameterized0_9                         |    13|
|282   |                \allx_typeA_match_detection.ltlib_v1_0_0_allx_typeA_inst    |ltlib_v1_0_0_allx_typeA__parameterized0_219                  |    12|
|283   |                  DUT                                                       |ltlib_v1_0_0_all_typeA__parameterized0_220                   |     8|
|284   |                    \I_WHOLE_SLICE.G_SLICE_IDX[0].U_ALL_SRL_SLICE           |ltlib_v1_0_0_all_typeA_slice__parameterized0_221             |     6|
|285   |              \N_DDR_MODE.G_NMU[23].U_M                                     |ltlib_v1_0_0_match__parameterized4_10                        |   172|
|286   |                \allx_typeA_match_detection.ltlib_v1_0_0_allx_typeA_inst    |ltlib_v1_0_0_allx_typeA__parameterized4                      |   171|
|287   |                  DUT                                                       |ltlib_v1_0_0_all_typeA__parameterized2                       |    43|
|288   |                    \I_WHOLE_SLICE.G_SLICE_IDX[0].U_ALL_SRL_SLICE           |ltlib_v1_0_0_all_typeA_slice_211                             |     5|
|289   |                    \I_WHOLE_SLICE.G_SLICE_IDX[1].U_ALL_SRL_SLICE           |ltlib_v1_0_0_all_typeA_slice_212                             |     5|
|290   |                    \I_WHOLE_SLICE.G_SLICE_IDX[2].U_ALL_SRL_SLICE           |ltlib_v1_0_0_all_typeA_slice_213                             |     5|
|291   |                    \I_WHOLE_SLICE.G_SLICE_IDX[3].U_ALL_SRL_SLICE           |ltlib_v1_0_0_all_typeA_slice_214                             |     5|
|292   |                    \I_WHOLE_SLICE.G_SLICE_IDX[4].U_ALL_SRL_SLICE           |ltlib_v1_0_0_all_typeA_slice_215                             |     5|
|293   |                    \I_WHOLE_SLICE.G_SLICE_IDX[5].U_ALL_SRL_SLICE           |ltlib_v1_0_0_all_typeA_slice_216                             |     5|
|294   |                    \I_WHOLE_SLICE.G_SLICE_IDX[6].U_ALL_SRL_SLICE           |ltlib_v1_0_0_all_typeA_slice_217                             |     5|
|295   |                    \I_WHOLE_SLICE.G_SLICE_IDX[7].U_ALL_SRL_SLICE           |ltlib_v1_0_0_all_typeA_slice__parameterized0_218             |     6|
|296   |              \N_DDR_MODE.G_NMU[24].U_M                                     |ltlib_v1_0_0_match__parameterized5                           |    25|
|297   |                \allx_typeA_match_detection.ltlib_v1_0_0_allx_typeA_inst    |ltlib_v1_0_0_allx_typeA__parameterized5                      |    24|
|298   |                  DUT                                                       |ltlib_v1_0_0_all_typeA__parameterized0_209                   |     8|
|299   |                    \I_WHOLE_SLICE.G_SLICE_IDX[0].U_ALL_SRL_SLICE           |ltlib_v1_0_0_all_typeA_slice__parameterized0_210             |     6|
|300   |              \N_DDR_MODE.G_NMU[25].U_M                                     |ltlib_v1_0_0_match__parameterized0_11                        |    13|
|301   |                \allx_typeA_match_detection.ltlib_v1_0_0_allx_typeA_inst    |ltlib_v1_0_0_allx_typeA__parameterized0_206                  |    12|
|302   |                  DUT                                                       |ltlib_v1_0_0_all_typeA__parameterized0_207                   |     8|
|303   |                    \I_WHOLE_SLICE.G_SLICE_IDX[0].U_ALL_SRL_SLICE           |ltlib_v1_0_0_all_typeA_slice__parameterized0_208             |     6|
|304   |              \N_DDR_MODE.G_NMU[26].U_M                                     |ltlib_v1_0_0_match__parameterized3_12                        |    15|
|305   |                \allx_typeA_match_detection.ltlib_v1_0_0_allx_typeA_inst    |ltlib_v1_0_0_allx_typeA__parameterized3_203                  |    14|
|306   |                  DUT                                                       |ltlib_v1_0_0_all_typeA__parameterized0_204                   |     8|
|307   |                    \I_WHOLE_SLICE.G_SLICE_IDX[0].U_ALL_SRL_SLICE           |ltlib_v1_0_0_all_typeA_slice__parameterized0_205             |     6|
|308   |              \N_DDR_MODE.G_NMU[27].U_M                                     |ltlib_v1_0_0_match__parameterized0_13                        |    13|
|309   |                \allx_typeA_match_detection.ltlib_v1_0_0_allx_typeA_inst    |ltlib_v1_0_0_allx_typeA__parameterized0_200                  |    12|
|310   |                  DUT                                                       |ltlib_v1_0_0_all_typeA__parameterized0_201                   |     8|
|311   |                    \I_WHOLE_SLICE.G_SLICE_IDX[0].U_ALL_SRL_SLICE           |ltlib_v1_0_0_all_typeA_slice__parameterized0_202             |     6|
|312   |              \N_DDR_MODE.G_NMU[28].U_M                                     |ltlib_v1_0_0_match__parameterized0_14                        |    13|
|313   |                \allx_typeA_match_detection.ltlib_v1_0_0_allx_typeA_inst    |ltlib_v1_0_0_allx_typeA__parameterized0_197                  |    12|
|314   |                  DUT                                                       |ltlib_v1_0_0_all_typeA__parameterized0_198                   |     8|
|315   |                    \I_WHOLE_SLICE.G_SLICE_IDX[0].U_ALL_SRL_SLICE           |ltlib_v1_0_0_all_typeA_slice__parameterized0_199             |     6|
|316   |              \N_DDR_MODE.G_NMU[29].U_M                                     |ltlib_v1_0_0_match__parameterized3_15                        |    15|
|317   |                \allx_typeA_match_detection.ltlib_v1_0_0_allx_typeA_inst    |ltlib_v1_0_0_allx_typeA__parameterized3_194                  |    14|
|318   |                  DUT                                                       |ltlib_v1_0_0_all_typeA__parameterized0_195                   |     8|
|319   |                    \I_WHOLE_SLICE.G_SLICE_IDX[0].U_ALL_SRL_SLICE           |ltlib_v1_0_0_all_typeA_slice__parameterized0_196             |     6|
|320   |              \N_DDR_MODE.G_NMU[2].U_M                                      |ltlib_v1_0_0_match__parameterized0_16                        |    13|
|321   |                \allx_typeA_match_detection.ltlib_v1_0_0_allx_typeA_inst    |ltlib_v1_0_0_allx_typeA__parameterized0_191                  |    12|
|322   |                  DUT                                                       |ltlib_v1_0_0_all_typeA__parameterized0_192                   |     8|
|323   |                    \I_WHOLE_SLICE.G_SLICE_IDX[0].U_ALL_SRL_SLICE           |ltlib_v1_0_0_all_typeA_slice__parameterized0_193             |     6|
|324   |              \N_DDR_MODE.G_NMU[30].U_M                                     |ltlib_v1_0_0_match__parameterized0_17                        |    13|
|325   |                \allx_typeA_match_detection.ltlib_v1_0_0_allx_typeA_inst    |ltlib_v1_0_0_allx_typeA__parameterized0_188                  |    12|
|326   |                  DUT                                                       |ltlib_v1_0_0_all_typeA__parameterized0_189                   |     8|
|327   |                    \I_WHOLE_SLICE.G_SLICE_IDX[0].U_ALL_SRL_SLICE           |ltlib_v1_0_0_all_typeA_slice__parameterized0_190             |     6|
|328   |              \N_DDR_MODE.G_NMU[31].U_M                                     |ltlib_v1_0_0_match__parameterized1_18                        |    88|
|329   |                \allx_typeA_match_detection.ltlib_v1_0_0_allx_typeA_inst    |ltlib_v1_0_0_allx_typeA__parameterized1_182                  |    87|
|330   |                  DUT                                                       |ltlib_v1_0_0_all_typeA__parameterized1_183                   |    23|
|331   |                    \I_WHOLE_SLICE.G_SLICE_IDX[0].U_ALL_SRL_SLICE           |ltlib_v1_0_0_all_typeA_slice_184                             |     5|
|332   |                    \I_WHOLE_SLICE.G_SLICE_IDX[1].U_ALL_SRL_SLICE           |ltlib_v1_0_0_all_typeA_slice_185                             |     5|
|333   |                    \I_WHOLE_SLICE.G_SLICE_IDX[2].U_ALL_SRL_SLICE           |ltlib_v1_0_0_all_typeA_slice_186                             |     5|
|334   |                    \I_WHOLE_SLICE.G_SLICE_IDX[3].U_ALL_SRL_SLICE           |ltlib_v1_0_0_all_typeA_slice__parameterized0_187             |     6|
|335   |              \N_DDR_MODE.G_NMU[32].U_M                                     |ltlib_v1_0_0_match__parameterized0_19                        |    13|
|336   |                \allx_typeA_match_detection.ltlib_v1_0_0_allx_typeA_inst    |ltlib_v1_0_0_allx_typeA__parameterized0_179                  |    12|
|337   |                  DUT                                                       |ltlib_v1_0_0_all_typeA__parameterized0_180                   |     8|
|338   |                    \I_WHOLE_SLICE.G_SLICE_IDX[0].U_ALL_SRL_SLICE           |ltlib_v1_0_0_all_typeA_slice__parameterized0_181             |     6|
|339   |              \N_DDR_MODE.G_NMU[33].U_M                                     |ltlib_v1_0_0_match__parameterized2_20                        |    17|
|340   |                \allx_typeA_match_detection.ltlib_v1_0_0_allx_typeA_inst    |ltlib_v1_0_0_allx_typeA__parameterized2_176                  |    16|
|341   |                  DUT                                                       |ltlib_v1_0_0_all_typeA__parameterized0_177                   |     8|
|342   |                    \I_WHOLE_SLICE.G_SLICE_IDX[0].U_ALL_SRL_SLICE           |ltlib_v1_0_0_all_typeA_slice__parameterized0_178             |     6|
|343   |              \N_DDR_MODE.G_NMU[34].U_M                                     |ltlib_v1_0_0_match__parameterized6                           |    38|
|344   |                \allx_typeA_match_detection.ltlib_v1_0_0_allx_typeA_inst    |ltlib_v1_0_0_allx_typeA__parameterized6_172                  |    37|
|345   |                  DUT                                                       |ltlib_v1_0_0_all_typeA__parameterized3_173                   |    13|
|346   |                    \I_WHOLE_SLICE.G_SLICE_IDX[0].U_ALL_SRL_SLICE           |ltlib_v1_0_0_all_typeA_slice_174                             |     5|
|347   |                    \I_WHOLE_SLICE.G_SLICE_IDX[1].U_ALL_SRL_SLICE           |ltlib_v1_0_0_all_typeA_slice__parameterized0_175             |     6|
|348   |              \N_DDR_MODE.G_NMU[35].U_M                                     |ltlib_v1_0_0_match__parameterized2_21                        |    17|
|349   |                \allx_typeA_match_detection.ltlib_v1_0_0_allx_typeA_inst    |ltlib_v1_0_0_allx_typeA__parameterized2_169                  |    16|
|350   |                  DUT                                                       |ltlib_v1_0_0_all_typeA__parameterized0_170                   |     8|
|351   |                    \I_WHOLE_SLICE.G_SLICE_IDX[0].U_ALL_SRL_SLICE           |ltlib_v1_0_0_all_typeA_slice__parameterized0_171             |     6|
|352   |              \N_DDR_MODE.G_NMU[36].U_M                                     |ltlib_v1_0_0_match__parameterized0_22                        |    13|
|353   |                \allx_typeA_match_detection.ltlib_v1_0_0_allx_typeA_inst    |ltlib_v1_0_0_allx_typeA__parameterized0_166                  |    12|
|354   |                  DUT                                                       |ltlib_v1_0_0_all_typeA__parameterized0_167                   |     8|
|355   |                    \I_WHOLE_SLICE.G_SLICE_IDX[0].U_ALL_SRL_SLICE           |ltlib_v1_0_0_all_typeA_slice__parameterized0_168             |     6|
|356   |              \N_DDR_MODE.G_NMU[37].U_M                                     |ltlib_v1_0_0_match__parameterized3_23                        |    15|
|357   |                \allx_typeA_match_detection.ltlib_v1_0_0_allx_typeA_inst    |ltlib_v1_0_0_allx_typeA__parameterized3_163                  |    14|
|358   |                  DUT                                                       |ltlib_v1_0_0_all_typeA__parameterized0_164                   |     8|
|359   |                    \I_WHOLE_SLICE.G_SLICE_IDX[0].U_ALL_SRL_SLICE           |ltlib_v1_0_0_all_typeA_slice__parameterized0_165             |     6|
|360   |              \N_DDR_MODE.G_NMU[38].U_M                                     |ltlib_v1_0_0_match__parameterized2_24                        |    17|
|361   |                \allx_typeA_match_detection.ltlib_v1_0_0_allx_typeA_inst    |ltlib_v1_0_0_allx_typeA__parameterized2_160                  |    16|
|362   |                  DUT                                                       |ltlib_v1_0_0_all_typeA__parameterized0_161                   |     8|
|363   |                    \I_WHOLE_SLICE.G_SLICE_IDX[0].U_ALL_SRL_SLICE           |ltlib_v1_0_0_all_typeA_slice__parameterized0_162             |     6|
|364   |              \N_DDR_MODE.G_NMU[39].U_M                                     |ltlib_v1_0_0_match__parameterized3_25                        |    15|
|365   |                \allx_typeA_match_detection.ltlib_v1_0_0_allx_typeA_inst    |ltlib_v1_0_0_allx_typeA__parameterized3_157                  |    14|
|366   |                  DUT                                                       |ltlib_v1_0_0_all_typeA__parameterized0_158                   |     8|
|367   |                    \I_WHOLE_SLICE.G_SLICE_IDX[0].U_ALL_SRL_SLICE           |ltlib_v1_0_0_all_typeA_slice__parameterized0_159             |     6|
|368   |              \N_DDR_MODE.G_NMU[3].U_M                                      |ltlib_v1_0_0_match__parameterized2_26                        |    17|
|369   |                \allx_typeA_match_detection.ltlib_v1_0_0_allx_typeA_inst    |ltlib_v1_0_0_allx_typeA__parameterized2_154                  |    16|
|370   |                  DUT                                                       |ltlib_v1_0_0_all_typeA__parameterized0_155                   |     8|
|371   |                    \I_WHOLE_SLICE.G_SLICE_IDX[0].U_ALL_SRL_SLICE           |ltlib_v1_0_0_all_typeA_slice__parameterized0_156             |     6|
|372   |              \N_DDR_MODE.G_NMU[40].U_M                                     |ltlib_v1_0_0_match__parameterized0_27                        |    13|
|373   |                \allx_typeA_match_detection.ltlib_v1_0_0_allx_typeA_inst    |ltlib_v1_0_0_allx_typeA__parameterized0_151                  |    12|
|374   |                  DUT                                                       |ltlib_v1_0_0_all_typeA__parameterized0_152                   |     8|
|375   |                    \I_WHOLE_SLICE.G_SLICE_IDX[0].U_ALL_SRL_SLICE           |ltlib_v1_0_0_all_typeA_slice__parameterized0_153             |     6|
|376   |              \N_DDR_MODE.G_NMU[41].U_M                                     |ltlib_v1_0_0_match__parameterized1_28                        |    88|
|377   |                \allx_typeA_match_detection.ltlib_v1_0_0_allx_typeA_inst    |ltlib_v1_0_0_allx_typeA__parameterized1_145                  |    87|
|378   |                  DUT                                                       |ltlib_v1_0_0_all_typeA__parameterized1_146                   |    23|
|379   |                    \I_WHOLE_SLICE.G_SLICE_IDX[0].U_ALL_SRL_SLICE           |ltlib_v1_0_0_all_typeA_slice_147                             |     5|
|380   |                    \I_WHOLE_SLICE.G_SLICE_IDX[1].U_ALL_SRL_SLICE           |ltlib_v1_0_0_all_typeA_slice_148                             |     5|
|381   |                    \I_WHOLE_SLICE.G_SLICE_IDX[2].U_ALL_SRL_SLICE           |ltlib_v1_0_0_all_typeA_slice_149                             |     5|
|382   |                    \I_WHOLE_SLICE.G_SLICE_IDX[3].U_ALL_SRL_SLICE           |ltlib_v1_0_0_all_typeA_slice__parameterized0_150             |     6|
|383   |              \N_DDR_MODE.G_NMU[42].U_M                                     |ltlib_v1_0_0_match__parameterized0_29                        |    13|
|384   |                \allx_typeA_match_detection.ltlib_v1_0_0_allx_typeA_inst    |ltlib_v1_0_0_allx_typeA__parameterized0_142                  |    12|
|385   |                  DUT                                                       |ltlib_v1_0_0_all_typeA__parameterized0_143                   |     8|
|386   |                    \I_WHOLE_SLICE.G_SLICE_IDX[0].U_ALL_SRL_SLICE           |ltlib_v1_0_0_all_typeA_slice__parameterized0_144             |     6|
|387   |              \N_DDR_MODE.G_NMU[43].U_M                                     |ltlib_v1_0_0_match__parameterized2_30                        |    17|
|388   |                \allx_typeA_match_detection.ltlib_v1_0_0_allx_typeA_inst    |ltlib_v1_0_0_allx_typeA__parameterized2_139                  |    16|
|389   |                  DUT                                                       |ltlib_v1_0_0_all_typeA__parameterized0_140                   |     8|
|390   |                    \I_WHOLE_SLICE.G_SLICE_IDX[0].U_ALL_SRL_SLICE           |ltlib_v1_0_0_all_typeA_slice__parameterized0_141             |     6|
|391   |              \N_DDR_MODE.G_NMU[44].U_M                                     |ltlib_v1_0_0_match__parameterized6_31                        |    38|
|392   |                \allx_typeA_match_detection.ltlib_v1_0_0_allx_typeA_inst    |ltlib_v1_0_0_allx_typeA__parameterized6_135                  |    37|
|393   |                  DUT                                                       |ltlib_v1_0_0_all_typeA__parameterized3_136                   |    13|
|394   |                    \I_WHOLE_SLICE.G_SLICE_IDX[0].U_ALL_SRL_SLICE           |ltlib_v1_0_0_all_typeA_slice_137                             |     5|
|395   |                    \I_WHOLE_SLICE.G_SLICE_IDX[1].U_ALL_SRL_SLICE           |ltlib_v1_0_0_all_typeA_slice__parameterized0_138             |     6|
|396   |              \N_DDR_MODE.G_NMU[45].U_M                                     |ltlib_v1_0_0_match__parameterized2_32                        |    17|
|397   |                \allx_typeA_match_detection.ltlib_v1_0_0_allx_typeA_inst    |ltlib_v1_0_0_allx_typeA__parameterized2_132                  |    16|
|398   |                  DUT                                                       |ltlib_v1_0_0_all_typeA__parameterized0_133                   |     8|
|399   |                    \I_WHOLE_SLICE.G_SLICE_IDX[0].U_ALL_SRL_SLICE           |ltlib_v1_0_0_all_typeA_slice__parameterized0_134             |     6|
|400   |              \N_DDR_MODE.G_NMU[46].U_M                                     |ltlib_v1_0_0_match__parameterized0_33                        |    13|
|401   |                \allx_typeA_match_detection.ltlib_v1_0_0_allx_typeA_inst    |ltlib_v1_0_0_allx_typeA__parameterized0_129                  |    12|
|402   |                  DUT                                                       |ltlib_v1_0_0_all_typeA__parameterized0_130                   |     8|
|403   |                    \I_WHOLE_SLICE.G_SLICE_IDX[0].U_ALL_SRL_SLICE           |ltlib_v1_0_0_all_typeA_slice__parameterized0_131             |     6|
|404   |              \N_DDR_MODE.G_NMU[47].U_M                                     |ltlib_v1_0_0_match__parameterized3_34                        |    15|
|405   |                \allx_typeA_match_detection.ltlib_v1_0_0_allx_typeA_inst    |ltlib_v1_0_0_allx_typeA__parameterized3_126                  |    14|
|406   |                  DUT                                                       |ltlib_v1_0_0_all_typeA__parameterized0_127                   |     8|
|407   |                    \I_WHOLE_SLICE.G_SLICE_IDX[0].U_ALL_SRL_SLICE           |ltlib_v1_0_0_all_typeA_slice__parameterized0_128             |     6|
|408   |              \N_DDR_MODE.G_NMU[48].U_M                                     |ltlib_v1_0_0_match__parameterized2_35                        |    17|
|409   |                \allx_typeA_match_detection.ltlib_v1_0_0_allx_typeA_inst    |ltlib_v1_0_0_allx_typeA__parameterized2_123                  |    16|
|410   |                  DUT                                                       |ltlib_v1_0_0_all_typeA__parameterized0_124                   |     8|
|411   |                    \I_WHOLE_SLICE.G_SLICE_IDX[0].U_ALL_SRL_SLICE           |ltlib_v1_0_0_all_typeA_slice__parameterized0_125             |     6|
|412   |              \N_DDR_MODE.G_NMU[49].U_M                                     |ltlib_v1_0_0_match__parameterized3_36                        |    15|
|413   |                \allx_typeA_match_detection.ltlib_v1_0_0_allx_typeA_inst    |ltlib_v1_0_0_allx_typeA__parameterized3_120                  |    14|
|414   |                  DUT                                                       |ltlib_v1_0_0_all_typeA__parameterized0_121                   |     8|
|415   |                    \I_WHOLE_SLICE.G_SLICE_IDX[0].U_ALL_SRL_SLICE           |ltlib_v1_0_0_all_typeA_slice__parameterized0_122             |     6|
|416   |              \N_DDR_MODE.G_NMU[4].U_M                                      |ltlib_v1_0_0_match__parameterized2_37                        |    17|
|417   |                \allx_typeA_match_detection.ltlib_v1_0_0_allx_typeA_inst    |ltlib_v1_0_0_allx_typeA__parameterized2_117                  |    16|
|418   |                  DUT                                                       |ltlib_v1_0_0_all_typeA__parameterized0_118                   |     8|
|419   |                    \I_WHOLE_SLICE.G_SLICE_IDX[0].U_ALL_SRL_SLICE           |ltlib_v1_0_0_all_typeA_slice__parameterized0_119             |     6|
|420   |              \N_DDR_MODE.G_NMU[50].U_M                                     |ltlib_v1_0_0_match__parameterized0_38                        |    13|
|421   |                \allx_typeA_match_detection.ltlib_v1_0_0_allx_typeA_inst    |ltlib_v1_0_0_allx_typeA__parameterized0_114                  |    12|
|422   |                  DUT                                                       |ltlib_v1_0_0_all_typeA__parameterized0_115                   |     8|
|423   |                    \I_WHOLE_SLICE.G_SLICE_IDX[0].U_ALL_SRL_SLICE           |ltlib_v1_0_0_all_typeA_slice__parameterized0_116             |     6|
|424   |              \N_DDR_MODE.G_NMU[51].U_M                                     |ltlib_v1_0_0_match__parameterized6_39                        |    38|
|425   |                \allx_typeA_match_detection.ltlib_v1_0_0_allx_typeA_inst    |ltlib_v1_0_0_allx_typeA__parameterized6_110                  |    37|
|426   |                  DUT                                                       |ltlib_v1_0_0_all_typeA__parameterized3_111                   |    13|
|427   |                    \I_WHOLE_SLICE.G_SLICE_IDX[0].U_ALL_SRL_SLICE           |ltlib_v1_0_0_all_typeA_slice_112                             |     5|
|428   |                    \I_WHOLE_SLICE.G_SLICE_IDX[1].U_ALL_SRL_SLICE           |ltlib_v1_0_0_all_typeA_slice__parameterized0_113             |     6|
|429   |              \N_DDR_MODE.G_NMU[52].U_M                                     |ltlib_v1_0_0_match__parameterized0_40                        |    13|
|430   |                \allx_typeA_match_detection.ltlib_v1_0_0_allx_typeA_inst    |ltlib_v1_0_0_allx_typeA__parameterized0_107                  |    12|
|431   |                  DUT                                                       |ltlib_v1_0_0_all_typeA__parameterized0_108                   |     8|
|432   |                    \I_WHOLE_SLICE.G_SLICE_IDX[0].U_ALL_SRL_SLICE           |ltlib_v1_0_0_all_typeA_slice__parameterized0_109             |     6|
|433   |              \N_DDR_MODE.G_NMU[53].U_M                                     |ltlib_v1_0_0_match__parameterized0_41                        |    13|
|434   |                \allx_typeA_match_detection.ltlib_v1_0_0_allx_typeA_inst    |ltlib_v1_0_0_allx_typeA__parameterized0_104                  |    12|
|435   |                  DUT                                                       |ltlib_v1_0_0_all_typeA__parameterized0_105                   |     8|
|436   |                    \I_WHOLE_SLICE.G_SLICE_IDX[0].U_ALL_SRL_SLICE           |ltlib_v1_0_0_all_typeA_slice__parameterized0_106             |     6|
|437   |              \N_DDR_MODE.G_NMU[54].U_M                                     |ltlib_v1_0_0_match__parameterized1_42                        |    88|
|438   |                \allx_typeA_match_detection.ltlib_v1_0_0_allx_typeA_inst    |ltlib_v1_0_0_allx_typeA__parameterized1_98                   |    87|
|439   |                  DUT                                                       |ltlib_v1_0_0_all_typeA__parameterized1_99                    |    23|
|440   |                    \I_WHOLE_SLICE.G_SLICE_IDX[0].U_ALL_SRL_SLICE           |ltlib_v1_0_0_all_typeA_slice_100                             |     5|
|441   |                    \I_WHOLE_SLICE.G_SLICE_IDX[1].U_ALL_SRL_SLICE           |ltlib_v1_0_0_all_typeA_slice_101                             |     5|
|442   |                    \I_WHOLE_SLICE.G_SLICE_IDX[2].U_ALL_SRL_SLICE           |ltlib_v1_0_0_all_typeA_slice_102                             |     5|
|443   |                    \I_WHOLE_SLICE.G_SLICE_IDX[3].U_ALL_SRL_SLICE           |ltlib_v1_0_0_all_typeA_slice__parameterized0_103             |     6|
|444   |              \N_DDR_MODE.G_NMU[55].U_M                                     |ltlib_v1_0_0_match__parameterized6_43                        |    38|
|445   |                \allx_typeA_match_detection.ltlib_v1_0_0_allx_typeA_inst    |ltlib_v1_0_0_allx_typeA__parameterized6_94                   |    37|
|446   |                  DUT                                                       |ltlib_v1_0_0_all_typeA__parameterized3_95                    |    13|
|447   |                    \I_WHOLE_SLICE.G_SLICE_IDX[0].U_ALL_SRL_SLICE           |ltlib_v1_0_0_all_typeA_slice_96                              |     5|
|448   |                    \I_WHOLE_SLICE.G_SLICE_IDX[1].U_ALL_SRL_SLICE           |ltlib_v1_0_0_all_typeA_slice__parameterized0_97              |     6|
|449   |              \N_DDR_MODE.G_NMU[56].U_M                                     |ltlib_v1_0_0_match__parameterized0_44                        |    13|
|450   |                \allx_typeA_match_detection.ltlib_v1_0_0_allx_typeA_inst    |ltlib_v1_0_0_allx_typeA__parameterized0_91                   |    12|
|451   |                  DUT                                                       |ltlib_v1_0_0_all_typeA__parameterized0_92                    |     8|
|452   |                    \I_WHOLE_SLICE.G_SLICE_IDX[0].U_ALL_SRL_SLICE           |ltlib_v1_0_0_all_typeA_slice__parameterized0_93              |     6|
|453   |              \N_DDR_MODE.G_NMU[57].U_M                                     |ltlib_v1_0_0_match__parameterized1_45                        |    88|
|454   |                \allx_typeA_match_detection.ltlib_v1_0_0_allx_typeA_inst    |ltlib_v1_0_0_allx_typeA__parameterized1                      |    87|
|455   |                  DUT                                                       |ltlib_v1_0_0_all_typeA__parameterized1                       |    23|
|456   |                    \I_WHOLE_SLICE.G_SLICE_IDX[0].U_ALL_SRL_SLICE           |ltlib_v1_0_0_all_typeA_slice_87                              |     5|
|457   |                    \I_WHOLE_SLICE.G_SLICE_IDX[1].U_ALL_SRL_SLICE           |ltlib_v1_0_0_all_typeA_slice_88                              |     5|
|458   |                    \I_WHOLE_SLICE.G_SLICE_IDX[2].U_ALL_SRL_SLICE           |ltlib_v1_0_0_all_typeA_slice_89                              |     5|
|459   |                    \I_WHOLE_SLICE.G_SLICE_IDX[3].U_ALL_SRL_SLICE           |ltlib_v1_0_0_all_typeA_slice__parameterized0_90              |     6|
|460   |              \N_DDR_MODE.G_NMU[58].U_M                                     |ltlib_v1_0_0_match__parameterized6_46                        |    38|
|461   |                \allx_typeA_match_detection.ltlib_v1_0_0_allx_typeA_inst    |ltlib_v1_0_0_allx_typeA__parameterized6                      |    37|
|462   |                  DUT                                                       |ltlib_v1_0_0_all_typeA__parameterized3                       |    13|
|463   |                    \I_WHOLE_SLICE.G_SLICE_IDX[0].U_ALL_SRL_SLICE           |ltlib_v1_0_0_all_typeA_slice                                 |     5|
|464   |                    \I_WHOLE_SLICE.G_SLICE_IDX[1].U_ALL_SRL_SLICE           |ltlib_v1_0_0_all_typeA_slice__parameterized0_86              |     6|
|465   |              \N_DDR_MODE.G_NMU[59].U_M                                     |ltlib_v1_0_0_match__parameterized2_47                        |    17|
|466   |                \allx_typeA_match_detection.ltlib_v1_0_0_allx_typeA_inst    |ltlib_v1_0_0_allx_typeA__parameterized2_83                   |    16|
|467   |                  DUT                                                       |ltlib_v1_0_0_all_typeA__parameterized0_84                    |     8|
|468   |                    \I_WHOLE_SLICE.G_SLICE_IDX[0].U_ALL_SRL_SLICE           |ltlib_v1_0_0_all_typeA_slice__parameterized0_85              |     6|
|469   |              \N_DDR_MODE.G_NMU[5].U_M                                      |ltlib_v1_0_0_match__parameterized0_48                        |    13|
|470   |                \allx_typeA_match_detection.ltlib_v1_0_0_allx_typeA_inst    |ltlib_v1_0_0_allx_typeA__parameterized0_80                   |    12|
|471   |                  DUT                                                       |ltlib_v1_0_0_all_typeA__parameterized0_81                    |     8|
|472   |                    \I_WHOLE_SLICE.G_SLICE_IDX[0].U_ALL_SRL_SLICE           |ltlib_v1_0_0_all_typeA_slice__parameterized0_82              |     6|
|473   |              \N_DDR_MODE.G_NMU[60].U_M                                     |ltlib_v1_0_0_match__parameterized0_49                        |    13|
|474   |                \allx_typeA_match_detection.ltlib_v1_0_0_allx_typeA_inst    |ltlib_v1_0_0_allx_typeA__parameterized0_77                   |    12|
|475   |                  DUT                                                       |ltlib_v1_0_0_all_typeA__parameterized0_78                    |     8|
|476   |                    \I_WHOLE_SLICE.G_SLICE_IDX[0].U_ALL_SRL_SLICE           |ltlib_v1_0_0_all_typeA_slice__parameterized0_79              |     6|
|477   |              \N_DDR_MODE.G_NMU[61].U_M                                     |ltlib_v1_0_0_match__parameterized3_50                        |    15|
|478   |                \allx_typeA_match_detection.ltlib_v1_0_0_allx_typeA_inst    |ltlib_v1_0_0_allx_typeA__parameterized3_74                   |    14|
|479   |                  DUT                                                       |ltlib_v1_0_0_all_typeA__parameterized0_75                    |     8|
|480   |                    \I_WHOLE_SLICE.G_SLICE_IDX[0].U_ALL_SRL_SLICE           |ltlib_v1_0_0_all_typeA_slice__parameterized0_76              |     6|
|481   |              \N_DDR_MODE.G_NMU[62].U_M                                     |ltlib_v1_0_0_match__parameterized0_51                        |    13|
|482   |                \allx_typeA_match_detection.ltlib_v1_0_0_allx_typeA_inst    |ltlib_v1_0_0_allx_typeA__parameterized0_71                   |    12|
|483   |                  DUT                                                       |ltlib_v1_0_0_all_typeA__parameterized0_72                    |     8|
|484   |                    \I_WHOLE_SLICE.G_SLICE_IDX[0].U_ALL_SRL_SLICE           |ltlib_v1_0_0_all_typeA_slice__parameterized0_73              |     6|
|485   |              \N_DDR_MODE.G_NMU[63].U_M                                     |ltlib_v1_0_0_match__parameterized0_52                        |    13|
|486   |                \allx_typeA_match_detection.ltlib_v1_0_0_allx_typeA_inst    |ltlib_v1_0_0_allx_typeA__parameterized0_68                   |    12|
|487   |                  DUT                                                       |ltlib_v1_0_0_all_typeA__parameterized0_69                    |     8|
|488   |                    \I_WHOLE_SLICE.G_SLICE_IDX[0].U_ALL_SRL_SLICE           |ltlib_v1_0_0_all_typeA_slice__parameterized0_70              |     6|
|489   |              \N_DDR_MODE.G_NMU[64].U_M                                     |ltlib_v1_0_0_match__parameterized3_53                        |    15|
|490   |                \allx_typeA_match_detection.ltlib_v1_0_0_allx_typeA_inst    |ltlib_v1_0_0_allx_typeA__parameterized3_65                   |    14|
|491   |                  DUT                                                       |ltlib_v1_0_0_all_typeA__parameterized0_66                    |     8|
|492   |                    \I_WHOLE_SLICE.G_SLICE_IDX[0].U_ALL_SRL_SLICE           |ltlib_v1_0_0_all_typeA_slice__parameterized0_67              |     6|
|493   |              \N_DDR_MODE.G_NMU[6].U_M                                      |ltlib_v1_0_0_match__parameterized3_54                        |    15|
|494   |                \allx_typeA_match_detection.ltlib_v1_0_0_allx_typeA_inst    |ltlib_v1_0_0_allx_typeA__parameterized3_62                   |    14|
|495   |                  DUT                                                       |ltlib_v1_0_0_all_typeA__parameterized0_63                    |     8|
|496   |                    \I_WHOLE_SLICE.G_SLICE_IDX[0].U_ALL_SRL_SLICE           |ltlib_v1_0_0_all_typeA_slice__parameterized0_64              |     6|
|497   |              \N_DDR_MODE.G_NMU[7].U_M                                      |ltlib_v1_0_0_match__parameterized2_55                        |    17|
|498   |                \allx_typeA_match_detection.ltlib_v1_0_0_allx_typeA_inst    |ltlib_v1_0_0_allx_typeA__parameterized2                      |    16|
|499   |                  DUT                                                       |ltlib_v1_0_0_all_typeA__parameterized0_60                    |     8|
|500   |                    \I_WHOLE_SLICE.G_SLICE_IDX[0].U_ALL_SRL_SLICE           |ltlib_v1_0_0_all_typeA_slice__parameterized0_61              |     6|
|501   |              \N_DDR_MODE.G_NMU[8].U_M                                      |ltlib_v1_0_0_match__parameterized3_56                        |    15|
|502   |                \allx_typeA_match_detection.ltlib_v1_0_0_allx_typeA_inst    |ltlib_v1_0_0_allx_typeA__parameterized3                      |    14|
|503   |                  DUT                                                       |ltlib_v1_0_0_all_typeA__parameterized0_58                    |     8|
|504   |                    \I_WHOLE_SLICE.G_SLICE_IDX[0].U_ALL_SRL_SLICE           |ltlib_v1_0_0_all_typeA_slice__parameterized0_59              |     6|
|505   |              \N_DDR_MODE.G_NMU[9].U_M                                      |ltlib_v1_0_0_match__parameterized0_57                        |    13|
|506   |                \allx_typeA_match_detection.ltlib_v1_0_0_allx_typeA_inst    |ltlib_v1_0_0_allx_typeA__parameterized0                      |    12|
|507   |                  DUT                                                       |ltlib_v1_0_0_all_typeA__parameterized0                       |     8|
|508   |                    \I_WHOLE_SLICE.G_SLICE_IDX[0].U_ALL_SRL_SLICE           |ltlib_v1_0_0_all_typeA_slice__parameterized0                 |     6|
|509   |          xsdb_memory_read_inst                                             |ltlib_v1_0_0_generic_memrd                                   |   835|
|510   |    slot_0_ar                                                               |bd_384c_slot_0_ar_0                                          |     0|
|511   |    slot_0_aw                                                               |bd_384c_slot_0_aw_0                                          |     0|
|512   |    slot_0_b                                                                |bd_384c_slot_0_b_0                                           |     0|
|513   |    slot_0_r                                                                |bd_384c_slot_0_r_0                                           |     0|
|514   |    slot_0_w                                                                |bd_384c_slot_0_w_0                                           |     0|
|515   |    slot_1_ar                                                               |bd_384c_slot_1_ar_0                                          |     0|
|516   |    slot_1_aw                                                               |bd_384c_slot_1_aw_0                                          |     0|
|517   |    slot_1_b                                                                |bd_384c_slot_1_b_0                                           |     0|
|518   |    slot_1_r                                                                |bd_384c_slot_1_r_0                                           |     0|
|519   |    slot_1_w                                                                |bd_384c_slot_1_w_0                                           |     0|
+------+----------------------------------------------------------------------------+-------------------------------------------------------------+------+
---------------------------------------------------------------------------------
Finished Writing Synthesis Report : Time (s): cpu = 00:03:14 ; elapsed = 00:04:16 . Memory (MB): peak = 1452.891 ; gain = 729.480
---------------------------------------------------------------------------------
Synthesis finished with 0 errors, 0 critical warnings and 1108 warnings.
Synthesis Optimization Runtime : Time (s): cpu = 00:00:50 ; elapsed = 00:04:05 . Memory (MB): peak = 1452.891 ; gain = 729.480
Synthesis Optimization Complete : Time (s): cpu = 00:03:14 ; elapsed = 00:04:16 . Memory (MB): peak = 1452.891 ; gain = 729.480
INFO: [Project 1-571] Translating synthesized netlist
INFO: [Netlist 29-17] Analyzing 1076 Unisim elements for replacement
INFO: [Netlist 29-28] Unisim Transformation completed in 1 CPU seconds
INFO: [Project 1-570] Preparing netlist for logic optimization
INFO: [Opt 31-138] Pushed 0 inverter(s) to 0 load pin(s).
Netlist sorting complete. Time (s): cpu = 00:00:00 ; elapsed = 00:00:00.006 . Memory (MB): peak = 1452.891 ; gain = 0.000
INFO: [Project 1-111] Unisim Transformation Summary:
  A total of 537 instances were transformed.
  CFGLUT5 => CFGLUT5 (SRLC32E, SRL16E): 468 instances
  CFGLUT5 => SRLC32E: 69 instances

INFO: [Common 17-83] Releasing license: Synthesis
448 Infos, 202 Warnings, 0 Critical Warnings and 0 Errors encountered.
synth_design completed successfully
synth_design: Time (s): cpu = 00:03:25 ; elapsed = 00:04:42 . Memory (MB): peak = 1452.891 ; gain = 994.410
Netlist sorting complete. Time (s): cpu = 00:00:00 ; elapsed = 00:00:00.005 . Memory (MB): peak = 1452.891 ; gain = 0.000
WARNING: [Constraints 18-5210] No constraints selected for write.
Resolution: This message can indicate that there are no constraints for the design, or it can indicate that the used_in flags are set such that the constraints are ignored. This later case is used when running synth_design to not write synthesis constraints to the resulting checkpoint. Instead, project constraints are read when the synthesized design is opened.
INFO: [Common 17-1381] The checkpoint 'D:/Sem_6/AELD/Labs/Midsem_Prep/HP_only/HP_only.runs/design_1_system_ila_0_synth_1/design_1_system_ila_0.dcp' has been generated.
WARNING: [Common 17-576] 'use_project_ipc' is deprecated. This option is deprecated and no longer used.
INFO: [Coretcl 2-1648] Added synthesis output to IP cache for IP design_1_system_ila_0, cache-ID = 516b792b616d29f2
INFO: [Coretcl 2-1174] Renamed 518 cell refs.
Netlist sorting complete. Time (s): cpu = 00:00:00 ; elapsed = 00:00:00.007 . Memory (MB): peak = 1452.891 ; gain = 0.000
WARNING: [Constraints 18-5210] No constraints selected for write.
Resolution: This message can indicate that there are no constraints for the design, or it can indicate that the used_in flags are set such that the constraints are ignored. This later case is used when running synth_design to not write synthesis constraints to the resulting checkpoint. Instead, project constraints are read when the synthesized design is opened.
INFO: [Common 17-1381] The checkpoint 'D:/Sem_6/AELD/Labs/Midsem_Prep/HP_only/HP_only.runs/design_1_system_ila_0_synth_1/design_1_system_ila_0.dcp' has been generated.
INFO: [runtcl-4] Executing : report_utilization -file design_1_system_ila_0_utilization_synth.rpt -pb design_1_system_ila_0_utilization_synth.pb
INFO: [Common 17-206] Exiting Vivado at Sun Feb 23 09:41:29 2025...
