

================================================================
== Vivado HLS Report for 'matmul_MM_SP'
================================================================
* Date:           Mon Apr  7 22:09:54 2025

* Version:        2019.1 (Build 2552052 on Fri May 24 15:28:33 MDT 2019)
* Project:        Lab_8_HLS
* Solution:       solution4
* Product family: zynq
* Target device:  xc7z020-clg484-1


================================================================
== Performance Estimates
================================================================
+ Timing (ns): 
    * Summary: 
    +--------+-------+----------+------------+
    |  Clock | Target| Estimated| Uncertainty|
    +--------+-------+----------+------------+
    |ap_clk  |  10.00|     8.750|        1.25|
    +--------+-------+----------+------------+

+ Latency (clock cycles): 
    * Summary: 
    +-----+-----+-----+-----+---------+
    |  Latency  |  Interval | Pipeline|
    | min | max | min | max |   Type  |
    +-----+-----+-----+-----+---------+
    |  451|  451|  451|  451|   none  |
    +-----+-----+-----+-----+---------+

    + Detail: 
        * Instance: 
        N/A

        * Loop: 
        +-------------------------------------+-----+-----+----------+-----------+-----------+------+----------+
        |                                     |  Latency  | Iteration|  Initiation Interval  | Trip |          |
        |              Loop Name              | min | max |  Latency |  achieved |   target  | Count| Pipelined|
        +-------------------------------------+-----+-----+----------+-----------+-----------+------+----------+
        |- memcpy.Inarray_AB.Matrix_In        |  129|  129|         3|          1|          1|   128|    yes   |
        |- loop1_A1_loop2_A2                  |   64|   64|         2|          1|          1|    64|    yes   |
        |- loop1_B1_loop2_B2                  |   64|   64|         2|          1|          1|    64|    yes   |
        |- loop1_row_loop2_col                |  108|  108|        46|          1|          1|    64|    yes   |
        |- memcpy.Matrix_C_HW.Outarray_C.gep  |   65|   65|         3|          1|          1|    64|    yes   |
        +-------------------------------------+-----+-----+----------+-----------+-----------+------+----------+

============================================================
+ Verbose Summary: Synthesis Manager
============================================================
InlineROM: 1
ExposeGlobal: 0
============================================================
+ Verbose Summary: CDFG Model
============================================================
IsTopModel: 1
ResetActiveHigh: 1
IsCombinational: 0
IsDatapathOnly: 0
HasWiredReturn: 1
HasMFsm: 0
HasVarLatency: 1
IsPipeline: 0
IsRtlPipelined: 0
IsInstanceOverlapped: 0
IsDontTouch: 0
HasImplIP: 0
IsGatedGlobalClock: 0

+ Individual pipeline summary: 
  * Pipeline-0: initiation interval (II) = 1, depth = 3
  * Pipeline-1: initiation interval (II) = 1, depth = 2
  * Pipeline-2: initiation interval (II) = 1, depth = 2
  * Pipeline-3: initiation interval (II) = 1, depth = 46
  * Pipeline-4: initiation interval (II) = 1, depth = 3


============================================================
+ Verbose Summary: Schedule
============================================================
* Number of FSM states : 73
* Pipeline : 5
  Pipeline-0 : II = 1, D = 3, States = { 9 10 11 }
  Pipeline-1 : II = 1, D = 2, States = { 13 14 }
  Pipeline-2 : II = 1, D = 2, States = { 16 17 }
  Pipeline-3 : II = 1, D = 46, States = { 19 20 21 22 23 24 25 26 27 28 29 30 31 32 33 34 35 36 37 38 39 40 41 42 43 44 45 46 47 48 49 50 51 52 53 54 55 56 57 58 59 60 61 62 63 64 }
  Pipeline-4 : II = 1, D = 3, States = { 66 67 68 }
* Dataflow Pipeline: 0

* FSM state transitions: 
1 --> 2 
2 --> 3 
3 --> 4 
4 --> 5 
5 --> 6 
6 --> 7 
7 --> 8 
8 --> 9 
9 --> 12 10 
10 --> 11 
11 --> 9 
12 --> 13 
13 --> 15 14 
14 --> 13 
15 --> 16 
16 --> 18 17 
17 --> 16 
18 --> 19 
19 --> 65 20 
20 --> 21 
21 --> 22 
22 --> 23 
23 --> 24 
24 --> 25 
25 --> 26 
26 --> 27 
27 --> 28 
28 --> 29 
29 --> 30 
30 --> 31 
31 --> 32 
32 --> 33 
33 --> 34 
34 --> 35 
35 --> 36 
36 --> 37 
37 --> 38 
38 --> 39 
39 --> 40 
40 --> 41 
41 --> 42 
42 --> 43 
43 --> 44 
44 --> 45 
45 --> 46 
46 --> 47 
47 --> 48 
48 --> 49 
49 --> 50 
50 --> 51 
51 --> 52 
52 --> 53 
53 --> 54 
54 --> 55 
55 --> 56 
56 --> 57 
57 --> 58 
58 --> 59 
59 --> 60 
60 --> 61 
61 --> 62 
62 --> 63 
63 --> 64 
64 --> 19 
65 --> 66 
66 --> 69 67 
67 --> 68 
68 --> 66 
69 --> 70 
70 --> 71 
71 --> 72 
72 --> 73 
73 --> 

* FSM state operations: 

State 1 <SV = 0> <Delay = 1.00>
ST_1 : Operation 74 [1/1] (1.00ns)   --->   "%Matrix_C_HW_read = call i32 @_ssdm_op_Read.s_axilite.i32(i32 %Matrix_C_HW)"   --->   Operation 74 'read' 'Matrix_C_HW_read' <Predicate = true> <Delay = 1.00> <Core = "s_axilite">   --->   Core 10 's_axilite' <Latency = 0> <II = 1> <Delay = 1.00> <Adapter> <Opcode : 'read' 'write'>
ST_1 : Operation 75 [1/1] (1.00ns)   --->   "%Matrix_In_read = call i32 @_ssdm_op_Read.s_axilite.i32(i32 %Matrix_In)"   --->   Operation 75 'read' 'Matrix_In_read' <Predicate = true> <Delay = 1.00> <Core = "s_axilite">   --->   Core 10 's_axilite' <Latency = 0> <II = 1> <Delay = 1.00> <Adapter> <Opcode : 'read' 'write'>
ST_1 : Operation 76 [1/1] (0.00ns)   --->   "%Matrix_C_HW3 = call i30 @_ssdm_op_PartSelect.i30.i32.i32.i32(i32 %Matrix_C_HW_read, i32 2, i32 31)"   --->   Operation 76 'partselect' 'Matrix_C_HW3' <Predicate = true> <Delay = 0.00>
ST_1 : Operation 77 [1/1] (0.00ns)   --->   "%Matrix_In1 = call i30 @_ssdm_op_PartSelect.i30.i32.i32.i32(i32 %Matrix_In_read, i32 2, i32 31)"   --->   Operation 77 'partselect' 'Matrix_In1' <Predicate = true> <Delay = 0.00>
ST_1 : Operation 78 [1/1] (0.00ns)   --->   "%Inarray_AB = alloca [128 x float], align 16" [Lab_7_MM_HLS/matrixmul.cpp:143]   --->   Operation 78 'alloca' 'Inarray_AB' <Predicate = true> <Delay = 0.00> <Core = "RAM">   --->   Core 37 'RAM' <Latency = 1> <II = 1> <Delay = 3.25> <Storage> <Opcode : 'load' 'store'> <Ports = 2> <Width = 32> <Depth = 64> <RAM>
ST_1 : Operation 79 [1/1] (0.00ns)   --->   "%Outarray_C = alloca [64 x float], align 16" [Lab_7_MM_HLS/matrixmul.cpp:144]   --->   Operation 79 'alloca' 'Outarray_C' <Predicate = true> <Delay = 0.00> <Core = "RAM">   --->   Core 37 'RAM' <Latency = 1> <II = 1> <Delay = 3.25> <Storage> <Opcode : 'load' 'store'> <Ports = 2> <Width = 32> <Depth = 64> <RAM>
ST_1 : Operation 80 [1/1] (0.00ns)   --->   "%In_A_0 = alloca [8 x float], align 4" [Lab_7_MM_HLS/matrixmul.cpp:146]   --->   Operation 80 'alloca' 'In_A_0' <Predicate = true> <Delay = 0.00> <Core = "RAM">   --->   Core 37 'RAM' <Latency = 1> <II = 1> <Delay = 3.25> <Storage> <Opcode : 'load' 'store'> <Ports = 2> <Width = 32> <Depth = 64> <RAM>
ST_1 : Operation 81 [1/1] (0.00ns)   --->   "%In_A_1 = alloca [8 x float], align 4" [Lab_7_MM_HLS/matrixmul.cpp:146]   --->   Operation 81 'alloca' 'In_A_1' <Predicate = true> <Delay = 0.00> <Core = "RAM">   --->   Core 37 'RAM' <Latency = 1> <II = 1> <Delay = 3.25> <Storage> <Opcode : 'load' 'store'> <Ports = 2> <Width = 32> <Depth = 64> <RAM>
ST_1 : Operation 82 [1/1] (0.00ns)   --->   "%In_A_2 = alloca [8 x float], align 4" [Lab_7_MM_HLS/matrixmul.cpp:146]   --->   Operation 82 'alloca' 'In_A_2' <Predicate = true> <Delay = 0.00> <Core = "RAM">   --->   Core 37 'RAM' <Latency = 1> <II = 1> <Delay = 3.25> <Storage> <Opcode : 'load' 'store'> <Ports = 2> <Width = 32> <Depth = 64> <RAM>
ST_1 : Operation 83 [1/1] (0.00ns)   --->   "%In_A_3 = alloca [8 x float], align 4" [Lab_7_MM_HLS/matrixmul.cpp:146]   --->   Operation 83 'alloca' 'In_A_3' <Predicate = true> <Delay = 0.00> <Core = "RAM">   --->   Core 37 'RAM' <Latency = 1> <II = 1> <Delay = 3.25> <Storage> <Opcode : 'load' 'store'> <Ports = 2> <Width = 32> <Depth = 64> <RAM>
ST_1 : Operation 84 [1/1] (0.00ns)   --->   "%In_A_4 = alloca [8 x float], align 4" [Lab_7_MM_HLS/matrixmul.cpp:146]   --->   Operation 84 'alloca' 'In_A_4' <Predicate = true> <Delay = 0.00> <Core = "RAM">   --->   Core 37 'RAM' <Latency = 1> <II = 1> <Delay = 3.25> <Storage> <Opcode : 'load' 'store'> <Ports = 2> <Width = 32> <Depth = 64> <RAM>
ST_1 : Operation 85 [1/1] (0.00ns)   --->   "%In_A_5 = alloca [8 x float], align 4" [Lab_7_MM_HLS/matrixmul.cpp:146]   --->   Operation 85 'alloca' 'In_A_5' <Predicate = true> <Delay = 0.00> <Core = "RAM">   --->   Core 37 'RAM' <Latency = 1> <II = 1> <Delay = 3.25> <Storage> <Opcode : 'load' 'store'> <Ports = 2> <Width = 32> <Depth = 64> <RAM>
ST_1 : Operation 86 [1/1] (0.00ns)   --->   "%In_A_6 = alloca [8 x float], align 4" [Lab_7_MM_HLS/matrixmul.cpp:146]   --->   Operation 86 'alloca' 'In_A_6' <Predicate = true> <Delay = 0.00> <Core = "RAM">   --->   Core 37 'RAM' <Latency = 1> <II = 1> <Delay = 3.25> <Storage> <Opcode : 'load' 'store'> <Ports = 2> <Width = 32> <Depth = 64> <RAM>
ST_1 : Operation 87 [1/1] (0.00ns)   --->   "%In_A_7 = alloca [8 x float], align 4" [Lab_7_MM_HLS/matrixmul.cpp:146]   --->   Operation 87 'alloca' 'In_A_7' <Predicate = true> <Delay = 0.00> <Core = "RAM">   --->   Core 37 'RAM' <Latency = 1> <II = 1> <Delay = 3.25> <Storage> <Opcode : 'load' 'store'> <Ports = 2> <Width = 32> <Depth = 64> <RAM>
ST_1 : Operation 88 [1/1] (0.00ns)   --->   "%In_B_0 = alloca [8 x float], align 4" [Lab_7_MM_HLS/matrixmul.cpp:148]   --->   Operation 88 'alloca' 'In_B_0' <Predicate = true> <Delay = 0.00> <Core = "RAM">   --->   Core 37 'RAM' <Latency = 1> <II = 1> <Delay = 3.25> <Storage> <Opcode : 'load' 'store'> <Ports = 2> <Width = 32> <Depth = 64> <RAM>
ST_1 : Operation 89 [1/1] (0.00ns)   --->   "%In_B_1 = alloca [8 x float], align 4" [Lab_7_MM_HLS/matrixmul.cpp:148]   --->   Operation 89 'alloca' 'In_B_1' <Predicate = true> <Delay = 0.00> <Core = "RAM">   --->   Core 37 'RAM' <Latency = 1> <II = 1> <Delay = 3.25> <Storage> <Opcode : 'load' 'store'> <Ports = 2> <Width = 32> <Depth = 64> <RAM>
ST_1 : Operation 90 [1/1] (0.00ns)   --->   "%In_B_2 = alloca [8 x float], align 4" [Lab_7_MM_HLS/matrixmul.cpp:148]   --->   Operation 90 'alloca' 'In_B_2' <Predicate = true> <Delay = 0.00> <Core = "RAM">   --->   Core 37 'RAM' <Latency = 1> <II = 1> <Delay = 3.25> <Storage> <Opcode : 'load' 'store'> <Ports = 2> <Width = 32> <Depth = 64> <RAM>
ST_1 : Operation 91 [1/1] (0.00ns)   --->   "%In_B_3 = alloca [8 x float], align 4" [Lab_7_MM_HLS/matrixmul.cpp:148]   --->   Operation 91 'alloca' 'In_B_3' <Predicate = true> <Delay = 0.00> <Core = "RAM">   --->   Core 37 'RAM' <Latency = 1> <II = 1> <Delay = 3.25> <Storage> <Opcode : 'load' 'store'> <Ports = 2> <Width = 32> <Depth = 64> <RAM>
ST_1 : Operation 92 [1/1] (0.00ns)   --->   "%In_B_4 = alloca [8 x float], align 4" [Lab_7_MM_HLS/matrixmul.cpp:148]   --->   Operation 92 'alloca' 'In_B_4' <Predicate = true> <Delay = 0.00> <Core = "RAM">   --->   Core 37 'RAM' <Latency = 1> <II = 1> <Delay = 3.25> <Storage> <Opcode : 'load' 'store'> <Ports = 2> <Width = 32> <Depth = 64> <RAM>
ST_1 : Operation 93 [1/1] (0.00ns)   --->   "%In_B_5 = alloca [8 x float], align 4" [Lab_7_MM_HLS/matrixmul.cpp:148]   --->   Operation 93 'alloca' 'In_B_5' <Predicate = true> <Delay = 0.00> <Core = "RAM">   --->   Core 37 'RAM' <Latency = 1> <II = 1> <Delay = 3.25> <Storage> <Opcode : 'load' 'store'> <Ports = 2> <Width = 32> <Depth = 64> <RAM>
ST_1 : Operation 94 [1/1] (0.00ns)   --->   "%In_B_6 = alloca [8 x float], align 4" [Lab_7_MM_HLS/matrixmul.cpp:148]   --->   Operation 94 'alloca' 'In_B_6' <Predicate = true> <Delay = 0.00> <Core = "RAM">   --->   Core 37 'RAM' <Latency = 1> <II = 1> <Delay = 3.25> <Storage> <Opcode : 'load' 'store'> <Ports = 2> <Width = 32> <Depth = 64> <RAM>
ST_1 : Operation 95 [1/1] (0.00ns)   --->   "%In_B_7 = alloca [8 x float], align 4" [Lab_7_MM_HLS/matrixmul.cpp:148]   --->   Operation 95 'alloca' 'In_B_7' <Predicate = true> <Delay = 0.00> <Core = "RAM">   --->   Core 37 'RAM' <Latency = 1> <II = 1> <Delay = 3.25> <Storage> <Opcode : 'load' 'store'> <Ports = 2> <Width = 32> <Depth = 64> <RAM>

State 2 <SV = 1> <Delay = 8.75>
ST_2 : Operation 96 [1/1] (0.00ns)   --->   "%empty_5 = zext i30 %Matrix_In1 to i64"   --->   Operation 96 'zext' 'empty_5' <Predicate = true> <Delay = 0.00>
ST_2 : Operation 97 [1/1] (0.00ns)   --->   "%gmem_addr_1 = getelementptr float* %gmem, i64 %empty_5"   --->   Operation 97 'getelementptr' 'gmem_addr_1' <Predicate = true> <Delay = 0.00>
ST_2 : Operation 98 [7/7] (8.75ns)   --->   "%gmem_addr_1_rd_req = call i1 @_ssdm_op_ReadReq.m_axi.floatP(float* %gmem_addr_1, i32 128)" [Lab_7_MM_HLS/matrixmul.cpp:154]   --->   Operation 98 'readreq' 'gmem_addr_1_rd_req' <Predicate = true> <Delay = 8.75> <Core = "m_axi">   --->   Core 9 'm_axi' <Latency = 6> <II = 1> <Delay = 1.00> <Adapter> <Opcode : 'read' 'write' 'readreq' 'writereq' 'writeresp'>

State 3 <SV = 2> <Delay = 8.75>
ST_3 : Operation 99 [6/7] (8.75ns)   --->   "%gmem_addr_1_rd_req = call i1 @_ssdm_op_ReadReq.m_axi.floatP(float* %gmem_addr_1, i32 128)" [Lab_7_MM_HLS/matrixmul.cpp:154]   --->   Operation 99 'readreq' 'gmem_addr_1_rd_req' <Predicate = true> <Delay = 8.75> <Core = "m_axi">   --->   Core 9 'm_axi' <Latency = 6> <II = 1> <Delay = 1.00> <Adapter> <Opcode : 'read' 'write' 'readreq' 'writereq' 'writeresp'>

State 4 <SV = 3> <Delay = 8.75>
ST_4 : Operation 100 [5/7] (8.75ns)   --->   "%gmem_addr_1_rd_req = call i1 @_ssdm_op_ReadReq.m_axi.floatP(float* %gmem_addr_1, i32 128)" [Lab_7_MM_HLS/matrixmul.cpp:154]   --->   Operation 100 'readreq' 'gmem_addr_1_rd_req' <Predicate = true> <Delay = 8.75> <Core = "m_axi">   --->   Core 9 'm_axi' <Latency = 6> <II = 1> <Delay = 1.00> <Adapter> <Opcode : 'read' 'write' 'readreq' 'writereq' 'writeresp'>

State 5 <SV = 4> <Delay = 8.75>
ST_5 : Operation 101 [4/7] (8.75ns)   --->   "%gmem_addr_1_rd_req = call i1 @_ssdm_op_ReadReq.m_axi.floatP(float* %gmem_addr_1, i32 128)" [Lab_7_MM_HLS/matrixmul.cpp:154]   --->   Operation 101 'readreq' 'gmem_addr_1_rd_req' <Predicate = true> <Delay = 8.75> <Core = "m_axi">   --->   Core 9 'm_axi' <Latency = 6> <II = 1> <Delay = 1.00> <Adapter> <Opcode : 'read' 'write' 'readreq' 'writereq' 'writeresp'>

State 6 <SV = 5> <Delay = 8.75>
ST_6 : Operation 102 [3/7] (8.75ns)   --->   "%gmem_addr_1_rd_req = call i1 @_ssdm_op_ReadReq.m_axi.floatP(float* %gmem_addr_1, i32 128)" [Lab_7_MM_HLS/matrixmul.cpp:154]   --->   Operation 102 'readreq' 'gmem_addr_1_rd_req' <Predicate = true> <Delay = 8.75> <Core = "m_axi">   --->   Core 9 'm_axi' <Latency = 6> <II = 1> <Delay = 1.00> <Adapter> <Opcode : 'read' 'write' 'readreq' 'writereq' 'writeresp'>

State 7 <SV = 6> <Delay = 8.75>
ST_7 : Operation 103 [2/7] (8.75ns)   --->   "%gmem_addr_1_rd_req = call i1 @_ssdm_op_ReadReq.m_axi.floatP(float* %gmem_addr_1, i32 128)" [Lab_7_MM_HLS/matrixmul.cpp:154]   --->   Operation 103 'readreq' 'gmem_addr_1_rd_req' <Predicate = true> <Delay = 8.75> <Core = "m_axi">   --->   Core 9 'm_axi' <Latency = 6> <II = 1> <Delay = 1.00> <Adapter> <Opcode : 'read' 'write' 'readreq' 'writereq' 'writeresp'>

State 8 <SV = 7> <Delay = 8.75>
ST_8 : Operation 104 [1/1] (0.00ns)   --->   "%empty = zext i30 %Matrix_C_HW3 to i64"   --->   Operation 104 'zext' 'empty' <Predicate = true> <Delay = 0.00>
ST_8 : Operation 105 [1/1] (0.00ns)   --->   "%gmem_addr = getelementptr float* %gmem, i64 %empty"   --->   Operation 105 'getelementptr' 'gmem_addr' <Predicate = true> <Delay = 0.00>
ST_8 : Operation 106 [1/1] (0.00ns)   --->   "call void (...)* @_ssdm_op_SpecBitsMap(float* %gmem), !map !10"   --->   Operation 106 'specbitsmap' <Predicate = true> <Delay = 0.00>
ST_8 : Operation 107 [1/1] (0.00ns)   --->   "call void (...)* @_ssdm_op_SpecTopModule([13 x i8]* @matmul_MM_SP_str) nounwind"   --->   Operation 107 'spectopmodule' <Predicate = true> <Delay = 0.00>
ST_8 : Operation 108 [1/1] (0.00ns)   --->   "call void (...)* @_ssdm_op_SpecInterface(i32 0, [10 x i8]* @p_str, i32 0, i32 0, [1 x i8]* @p_str1, i32 0, i32 0, [1 x i8]* @p_str1, [1 x i8]* @p_str1, [1 x i8]* @p_str1, i32 0, i32 0, i32 0, i32 0, [1 x i8]* @p_str1, [1 x i8]* @p_str1) nounwind" [Lab_7_MM_HLS/matrixmul.cpp:134]   --->   Operation 108 'specinterface' <Predicate = true> <Delay = 0.00>
ST_8 : Operation 109 [1/1] (0.00ns)   --->   "call void (...)* @_ssdm_op_SpecInterface(i32 %Matrix_C_HW, [10 x i8]* @mode1, i32 0, i32 0, [1 x i8]* @p_str1, i32 0, i32 64, [1 x i8]* @bundle2, [6 x i8]* @p_str4, [1 x i8]* @p_str1, i32 16, i32 16, i32 16, i32 16, [1 x i8]* @p_str1, [1 x i8]* @p_str1) nounwind" [Lab_7_MM_HLS/matrixmul.cpp:137]   --->   Operation 109 'specinterface' <Predicate = true> <Delay = 0.00>
ST_8 : Operation 110 [1/1] (0.00ns)   --->   "call void (...)* @_ssdm_op_SpecInterface(float* %gmem, [6 x i8]* @p_str2, i32 0, i32 0, [1 x i8]* @p_str1, i32 0, i32 128, [5 x i8]* @p_str3, [6 x i8]* @p_str4, [1 x i8]* @p_str1, i32 16, i32 16, i32 16, i32 16, [1 x i8]* @p_str1, [1 x i8]* @p_str1) nounwind" [Lab_7_MM_HLS/matrixmul.cpp:138]   --->   Operation 110 'specinterface' <Predicate = true> <Delay = 0.00>
ST_8 : Operation 111 [1/1] (0.00ns)   --->   "call void (...)* @_ssdm_op_SpecInterface(i32 %Matrix_In, [10 x i8]* @mode, i32 0, i32 0, [1 x i8]* @p_str1, i32 0, i32 128, [1 x i8]* @bundle, [6 x i8]* @p_str4, [1 x i8]* @p_str1, i32 16, i32 16, i32 16, i32 16, [1 x i8]* @p_str1, [1 x i8]* @p_str1) nounwind" [Lab_7_MM_HLS/matrixmul.cpp:138]   --->   Operation 111 'specinterface' <Predicate = true> <Delay = 0.00>
ST_8 : Operation 112 [1/7] (8.75ns)   --->   "%gmem_addr_1_rd_req = call i1 @_ssdm_op_ReadReq.m_axi.floatP(float* %gmem_addr_1, i32 128)" [Lab_7_MM_HLS/matrixmul.cpp:154]   --->   Operation 112 'readreq' 'gmem_addr_1_rd_req' <Predicate = true> <Delay = 8.75> <Core = "m_axi">   --->   Core 9 'm_axi' <Latency = 6> <II = 1> <Delay = 1.00> <Adapter> <Opcode : 'read' 'write' 'readreq' 'writereq' 'writeresp'>
ST_8 : Operation 113 [1/1] (1.76ns)   --->   "br label %burst.rd.header" [Lab_7_MM_HLS/matrixmul.cpp:154]   --->   Operation 113 'br' <Predicate = true> <Delay = 1.76>

State 9 <SV = 8> <Delay = 1.91>
ST_9 : Operation 114 [1/1] (0.00ns)   --->   "%phi_ln154 = phi i8 [ 0, %0 ], [ %add_ln154, %burstread.region ]" [Lab_7_MM_HLS/matrixmul.cpp:154]   --->   Operation 114 'phi' 'phi_ln154' <Predicate = true> <Delay = 0.00>
ST_9 : Operation 115 [1/1] (1.55ns)   --->   "%icmp_ln154 = icmp eq i8 %phi_ln154, -128" [Lab_7_MM_HLS/matrixmul.cpp:154]   --->   Operation 115 'icmp' 'icmp_ln154' <Predicate = true> <Delay = 1.55> <Core = "Cmp">   --->   Core 25 'Cmp' <Latency = 0> <II = 1> <Delay = 1.48> <FuncUnit> <Opcode : 'icmp'> <InPorts = 2> <OutPorts = 1>
ST_9 : Operation 116 [1/1] (0.00ns)   --->   "%empty_6 = call i32 (...)* @_ssdm_op_SpecLoopTripCount(i64 128, i64 128, i64 128) nounwind"   --->   Operation 116 'speclooptripcount' 'empty_6' <Predicate = true> <Delay = 0.00>
ST_9 : Operation 117 [1/1] (1.91ns)   --->   "%add_ln154 = add i8 %phi_ln154, 1" [Lab_7_MM_HLS/matrixmul.cpp:154]   --->   Operation 117 'add' 'add_ln154' <Predicate = true> <Delay = 1.91> <Core = "AddSub">   --->   Core 14 'AddSub' <Latency = 0> <II = 1> <Delay = 1.87> <FuncUnit> <Opcode : 'add' 'sub'> <InPorts = 2> <OutPorts = 1>
ST_9 : Operation 118 [1/1] (0.00ns)   --->   "br i1 %icmp_ln154, label %burst.rd.end.preheader.preheader, label %burstread.region" [Lab_7_MM_HLS/matrixmul.cpp:154]   --->   Operation 118 'br' <Predicate = true> <Delay = 0.00>

State 10 <SV = 9> <Delay = 8.75>
ST_10 : Operation 119 [1/1] (8.75ns)   --->   "%gmem_addr_1_read = call float @_ssdm_op_Read.m_axi.floatP(float* %gmem_addr_1)" [Lab_7_MM_HLS/matrixmul.cpp:154]   --->   Operation 119 'read' 'gmem_addr_1_read' <Predicate = (!icmp_ln154)> <Delay = 8.75> <Core = "m_axi">   --->   Core 9 'm_axi' <Latency = 6> <II = 1> <Delay = 1.00> <Adapter> <Opcode : 'read' 'write' 'readreq' 'writereq' 'writeresp'>

State 11 <SV = 10> <Delay = 3.25>
ST_11 : Operation 120 [1/1] (0.00ns)   --->   "%burstread_rbegin = call i32 (...)* @_ssdm_op_SpecRegionBegin([17 x i8]* @burstread_OC_region_s) nounwind" [Lab_7_MM_HLS/matrixmul.cpp:154]   --->   Operation 120 'specregionbegin' 'burstread_rbegin' <Predicate = (!icmp_ln154)> <Delay = 0.00>
ST_11 : Operation 121 [1/1] (0.00ns)   --->   "call void (...)* @_ssdm_op_SpecPipeline(i32 1, i32 1, i32 1, i32 0, [1 x i8]* @p_str13)" [Lab_7_MM_HLS/matrixmul.cpp:154]   --->   Operation 121 'specpipeline' <Predicate = (!icmp_ln154)> <Delay = 0.00>
ST_11 : Operation 122 [1/1] (0.00ns)   --->   "call void (...)* @_ssdm_op_SpecLoopName([28 x i8]* @memcpy_OC_Inarray_AB)" [Lab_7_MM_HLS/matrixmul.cpp:154]   --->   Operation 122 'specloopname' <Predicate = (!icmp_ln154)> <Delay = 0.00>
ST_11 : Operation 123 [1/1] (0.00ns)   --->   "%zext_ln154 = zext i8 %phi_ln154 to i64" [Lab_7_MM_HLS/matrixmul.cpp:154]   --->   Operation 123 'zext' 'zext_ln154' <Predicate = (!icmp_ln154)> <Delay = 0.00>
ST_11 : Operation 124 [1/1] (0.00ns)   --->   "%Inarray_AB_addr = getelementptr [128 x float]* %Inarray_AB, i64 0, i64 %zext_ln154" [Lab_7_MM_HLS/matrixmul.cpp:154]   --->   Operation 124 'getelementptr' 'Inarray_AB_addr' <Predicate = (!icmp_ln154)> <Delay = 0.00>
ST_11 : Operation 125 [1/1] (3.25ns)   --->   "store float %gmem_addr_1_read, float* %Inarray_AB_addr, align 4" [Lab_7_MM_HLS/matrixmul.cpp:154]   --->   Operation 125 'store' <Predicate = (!icmp_ln154)> <Delay = 3.25> <Core = "RAM">   --->   Core 37 'RAM' <Latency = 1> <II = 1> <Delay = 3.25> <Storage> <Opcode : 'load' 'store'> <Ports = 2> <Width = 32> <Depth = 64> <RAM>
ST_11 : Operation 126 [1/1] (0.00ns)   --->   "%burstread_rend = call i32 (...)* @_ssdm_op_SpecRegionEnd([17 x i8]* @burstread_OC_region_s, i32 %burstread_rbegin) nounwind" [Lab_7_MM_HLS/matrixmul.cpp:154]   --->   Operation 126 'specregionend' 'burstread_rend' <Predicate = (!icmp_ln154)> <Delay = 0.00>
ST_11 : Operation 127 [1/1] (0.00ns)   --->   "br label %burst.rd.header" [Lab_7_MM_HLS/matrixmul.cpp:154]   --->   Operation 127 'br' <Predicate = (!icmp_ln154)> <Delay = 0.00>

State 12 <SV = 9> <Delay = 1.76>
ST_12 : Operation 128 [1/1] (1.76ns)   --->   "br label %burst.rd.end.preheader" [Lab_7_MM_HLS/matrixmul.cpp:158]   --->   Operation 128 'br' <Predicate = true> <Delay = 1.76>

State 13 <SV = 10> <Delay = 6.11>
ST_13 : Operation 129 [1/1] (0.00ns)   --->   "%indvar_flatten = phi i7 [ %add_ln158, %loop2_A2_end ], [ 0, %burst.rd.end.preheader.preheader ]" [Lab_7_MM_HLS/matrixmul.cpp:158]   --->   Operation 129 'phi' 'indvar_flatten' <Predicate = true> <Delay = 0.00>
ST_13 : Operation 130 [1/1] (0.00ns)   --->   "%row_0 = phi i4 [ %select_ln159_2, %loop2_A2_end ], [ 0, %burst.rd.end.preheader.preheader ]" [Lab_7_MM_HLS/matrixmul.cpp:159]   --->   Operation 130 'phi' 'row_0' <Predicate = true> <Delay = 0.00>
ST_13 : Operation 131 [1/1] (0.00ns)   --->   "%ind_0 = phi i7 [ %select_ln158, %loop2_A2_end ], [ 0, %burst.rd.end.preheader.preheader ]" [Lab_7_MM_HLS/matrixmul.cpp:158]   --->   Operation 131 'phi' 'ind_0' <Predicate = true> <Delay = 0.00>
ST_13 : Operation 132 [1/1] (0.00ns)   --->   "%col_0 = phi i4 [ %col, %loop2_A2_end ], [ 0, %burst.rd.end.preheader.preheader ]"   --->   Operation 132 'phi' 'col_0' <Predicate = true> <Delay = 0.00>
ST_13 : Operation 133 [1/1] (0.00ns)   --->   "%ind_1 = phi i7 [ %add_ln162, %loop2_A2_end ], [ 0, %burst.rd.end.preheader.preheader ]" [Lab_7_MM_HLS/matrixmul.cpp:162]   --->   Operation 133 'phi' 'ind_1' <Predicate = true> <Delay = 0.00>
ST_13 : Operation 134 [1/1] (1.48ns)   --->   "%icmp_ln158 = icmp eq i7 %indvar_flatten, -64" [Lab_7_MM_HLS/matrixmul.cpp:158]   --->   Operation 134 'icmp' 'icmp_ln158' <Predicate = true> <Delay = 1.48> <Core = "Cmp">   --->   Core 25 'Cmp' <Latency = 0> <II = 1> <Delay = 1.48> <FuncUnit> <Opcode : 'icmp'> <InPorts = 2> <OutPorts = 1>
ST_13 : Operation 135 [1/1] (1.87ns)   --->   "%add_ln158 = add i7 %indvar_flatten, 1" [Lab_7_MM_HLS/matrixmul.cpp:158]   --->   Operation 135 'add' 'add_ln158' <Predicate = true> <Delay = 1.87> <Core = "AddSub">   --->   Core 14 'AddSub' <Latency = 0> <II = 1> <Delay = 1.87> <FuncUnit> <Opcode : 'add' 'sub'> <InPorts = 2> <OutPorts = 1>
ST_13 : Operation 136 [1/1] (0.00ns)   --->   "br i1 %icmp_ln158, label %.preheader1.preheader.preheader, label %loop2_A2_begin" [Lab_7_MM_HLS/matrixmul.cpp:158]   --->   Operation 136 'br' <Predicate = true> <Delay = 0.00>
ST_13 : Operation 137 [1/1] (1.30ns)   --->   "%icmp_ln159 = icmp eq i4 %col_0, -8" [Lab_7_MM_HLS/matrixmul.cpp:159]   --->   Operation 137 'icmp' 'icmp_ln159' <Predicate = (!icmp_ln158)> <Delay = 1.30> <Core = "Cmp">   --->   Core 25 'Cmp' <Latency = 0> <II = 1> <Delay = 1.48> <FuncUnit> <Opcode : 'icmp'> <InPorts = 2> <OutPorts = 1>
ST_13 : Operation 138 [1/1] (1.02ns)   --->   "%select_ln159 = select i1 %icmp_ln159, i4 0, i4 %col_0" [Lab_7_MM_HLS/matrixmul.cpp:159]   --->   Operation 138 'select' 'select_ln159' <Predicate = (!icmp_ln158)> <Delay = 1.02> <Core = "Sel">   --->   Core 26 'Sel' <Latency = 0> <II = 1> <Delay = 0.99> <FuncUnit> <Opcode : 'select'> <InPorts = 3> <OutPorts = 1>
ST_13 : Operation 139 [1/1] (1.87ns)   --->   "%add_ln159 = add i7 8, %ind_0" [Lab_7_MM_HLS/matrixmul.cpp:159]   --->   Operation 139 'add' 'add_ln159' <Predicate = (!icmp_ln158)> <Delay = 1.87> <Core = "AddSub">   --->   Core 14 'AddSub' <Latency = 0> <II = 1> <Delay = 1.87> <FuncUnit> <Opcode : 'add' 'sub'> <InPorts = 2> <OutPorts = 1>
ST_13 : Operation 140 [1/1] (0.99ns)   --->   "%select_ln159_1 = select i1 %icmp_ln159, i7 %add_ln159, i7 %ind_1" [Lab_7_MM_HLS/matrixmul.cpp:159]   --->   Operation 140 'select' 'select_ln159_1' <Predicate = (!icmp_ln158)> <Delay = 0.99> <Core = "Sel">   --->   Core 26 'Sel' <Latency = 0> <II = 1> <Delay = 0.99> <FuncUnit> <Opcode : 'select'> <InPorts = 3> <OutPorts = 1>
ST_13 : Operation 141 [1/1] (1.73ns)   --->   "%add_ln158_1 = add i4 1, %row_0" [Lab_7_MM_HLS/matrixmul.cpp:158]   --->   Operation 141 'add' 'add_ln158_1' <Predicate = (!icmp_ln158)> <Delay = 1.73> <Core = "AddSub">   --->   Core 14 'AddSub' <Latency = 0> <II = 1> <Delay = 1.87> <FuncUnit> <Opcode : 'add' 'sub'> <InPorts = 2> <OutPorts = 1>
ST_13 : Operation 142 [1/1] (1.02ns)   --->   "%select_ln159_2 = select i1 %icmp_ln159, i4 %add_ln158_1, i4 %row_0" [Lab_7_MM_HLS/matrixmul.cpp:159]   --->   Operation 142 'select' 'select_ln159_2' <Predicate = (!icmp_ln158)> <Delay = 1.02> <Core = "Sel">   --->   Core 26 'Sel' <Latency = 0> <II = 1> <Delay = 0.99> <FuncUnit> <Opcode : 'select'> <InPorts = 3> <OutPorts = 1>
ST_13 : Operation 143 [1/1] (0.99ns)   --->   "%select_ln158 = select i1 %icmp_ln159, i7 %add_ln159, i7 %ind_0" [Lab_7_MM_HLS/matrixmul.cpp:158]   --->   Operation 143 'select' 'select_ln158' <Predicate = (!icmp_ln158)> <Delay = 0.99> <Core = "Sel">   --->   Core 26 'Sel' <Latency = 0> <II = 1> <Delay = 0.99> <FuncUnit> <Opcode : 'select'> <InPorts = 3> <OutPorts = 1>
ST_13 : Operation 144 [1/1] (0.00ns)   --->   "%tmp_s = call i32 (...)* @_ssdm_op_SpecRegionBegin([9 x i8]* @p_str7) nounwind" [Lab_7_MM_HLS/matrixmul.cpp:159]   --->   Operation 144 'specregionbegin' 'tmp_s' <Predicate = (!icmp_ln158)> <Delay = 0.00>
ST_13 : Operation 145 [1/1] (0.00ns)   --->   "%zext_ln161 = zext i7 %select_ln159_1 to i64" [Lab_7_MM_HLS/matrixmul.cpp:161]   --->   Operation 145 'zext' 'zext_ln161' <Predicate = (!icmp_ln158)> <Delay = 0.00>
ST_13 : Operation 146 [1/1] (0.00ns)   --->   "%Inarray_AB_addr_1 = getelementptr inbounds [128 x float]* %Inarray_AB, i64 0, i64 %zext_ln161" [Lab_7_MM_HLS/matrixmul.cpp:161]   --->   Operation 146 'getelementptr' 'Inarray_AB_addr_1' <Predicate = (!icmp_ln158)> <Delay = 0.00>
ST_13 : Operation 147 [2/2] (3.25ns)   --->   "%Inarray_AB_load = load float* %Inarray_AB_addr_1, align 4" [Lab_7_MM_HLS/matrixmul.cpp:161]   --->   Operation 147 'load' 'Inarray_AB_load' <Predicate = (!icmp_ln158)> <Delay = 3.25> <Core = "RAM">   --->   Core 37 'RAM' <Latency = 1> <II = 1> <Delay = 3.25> <Storage> <Opcode : 'load' 'store'> <Ports = 2> <Width = 32> <Depth = 64> <RAM>
ST_13 : Operation 148 [1/1] (0.00ns)   --->   "%trunc_ln161 = trunc i4 %select_ln159 to i3" [Lab_7_MM_HLS/matrixmul.cpp:161]   --->   Operation 148 'trunc' 'trunc_ln161' <Predicate = (!icmp_ln158)> <Delay = 0.00>
ST_13 : Operation 149 [1/1] (1.36ns)   --->   "switch i3 %trunc_ln161, label %branch7 [
    i3 0, label %branch0
    i3 1, label %branch1
    i3 2, label %branch2
    i3 3, label %branch3
    i3 -4, label %branch4
    i3 -3, label %branch5
    i3 -2, label %branch6
  ]" [Lab_7_MM_HLS/matrixmul.cpp:161]   --->   Operation 149 'switch' <Predicate = (!icmp_ln158)> <Delay = 1.36>
ST_13 : Operation 150 [1/1] (1.87ns)   --->   "%add_ln162 = add i7 %select_ln159_1, 1" [Lab_7_MM_HLS/matrixmul.cpp:162]   --->   Operation 150 'add' 'add_ln162' <Predicate = (!icmp_ln158)> <Delay = 1.87> <Core = "AddSub">   --->   Core 14 'AddSub' <Latency = 0> <II = 1> <Delay = 1.87> <FuncUnit> <Opcode : 'add' 'sub'> <InPorts = 2> <OutPorts = 1>
ST_13 : Operation 151 [1/1] (0.00ns)   --->   "%empty_7 = call i32 (...)* @_ssdm_op_SpecRegionEnd([9 x i8]* @p_str7, i32 %tmp_s) nounwind" [Lab_7_MM_HLS/matrixmul.cpp:164]   --->   Operation 151 'specregionend' 'empty_7' <Predicate = (!icmp_ln158)> <Delay = 0.00>
ST_13 : Operation 152 [1/1] (1.73ns)   --->   "%col = add i4 %select_ln159, 1" [Lab_7_MM_HLS/matrixmul.cpp:159]   --->   Operation 152 'add' 'col' <Predicate = (!icmp_ln158)> <Delay = 1.73> <Core = "AddSub">   --->   Core 14 'AddSub' <Latency = 0> <II = 1> <Delay = 1.87> <FuncUnit> <Opcode : 'add' 'sub'> <InPorts = 2> <OutPorts = 1>
ST_13 : Operation 153 [1/1] (0.00ns)   --->   "br label %burst.rd.end.preheader"   --->   Operation 153 'br' <Predicate = (!icmp_ln158)> <Delay = 0.00>

State 14 <SV = 11> <Delay = 5.57>
ST_14 : Operation 154 [1/1] (0.00ns)   --->   "call void (...)* @_ssdm_op_SpecLoopName([18 x i8]* @loop1_A1_loop2_A2_st)"   --->   Operation 154 'specloopname' <Predicate = (!icmp_ln158)> <Delay = 0.00>
ST_14 : Operation 155 [1/1] (0.00ns)   --->   "%empty_8 = call i32 (...)* @_ssdm_op_SpecLoopTripCount(i64 64, i64 64, i64 64) nounwind"   --->   Operation 155 'speclooptripcount' 'empty_8' <Predicate = (!icmp_ln158)> <Delay = 0.00>
ST_14 : Operation 156 [1/1] (0.00ns)   --->   "%zext_ln159 = zext i4 %select_ln159_2 to i64" [Lab_7_MM_HLS/matrixmul.cpp:159]   --->   Operation 156 'zext' 'zext_ln159' <Predicate = (!icmp_ln158)> <Delay = 0.00>
ST_14 : Operation 157 [1/1] (0.00ns)   --->   "call void (...)* @_ssdm_op_SpecLoopName([9 x i8]* @p_str7) nounwind" [Lab_7_MM_HLS/matrixmul.cpp:159]   --->   Operation 157 'specloopname' <Predicate = (!icmp_ln158)> <Delay = 0.00>
ST_14 : Operation 158 [1/1] (0.00ns)   --->   "call void (...)* @_ssdm_op_SpecPipeline(i32 -1, i32 1, i32 1, i32 0, [1 x i8]* @p_str1) nounwind" [Lab_7_MM_HLS/matrixmul.cpp:160]   --->   Operation 158 'specpipeline' <Predicate = (!icmp_ln158)> <Delay = 0.00>
ST_14 : Operation 159 [1/2] (3.25ns)   --->   "%Inarray_AB_load = load float* %Inarray_AB_addr_1, align 4" [Lab_7_MM_HLS/matrixmul.cpp:161]   --->   Operation 159 'load' 'Inarray_AB_load' <Predicate = (!icmp_ln158)> <Delay = 3.25> <Core = "RAM">   --->   Core 37 'RAM' <Latency = 1> <II = 1> <Delay = 3.25> <Storage> <Opcode : 'load' 'store'> <Ports = 2> <Width = 32> <Depth = 64> <RAM>
ST_14 : Operation 160 [1/1] (0.00ns)   --->   "%In_A_6_addr = getelementptr [8 x float]* %In_A_6, i64 0, i64 %zext_ln159" [Lab_7_MM_HLS/matrixmul.cpp:161]   --->   Operation 160 'getelementptr' 'In_A_6_addr' <Predicate = (trunc_ln161 == 6)> <Delay = 0.00>
ST_14 : Operation 161 [1/1] (2.32ns)   --->   "store float %Inarray_AB_load, float* %In_A_6_addr, align 4" [Lab_7_MM_HLS/matrixmul.cpp:161]   --->   Operation 161 'store' <Predicate = (trunc_ln161 == 6)> <Delay = 2.32> <Core = "RAM">   --->   Core 37 'RAM' <Latency = 1> <II = 1> <Delay = 3.25> <Storage> <Opcode : 'load' 'store'> <Ports = 2> <Width = 32> <Depth = 64> <RAM>
ST_14 : Operation 162 [1/1] (0.00ns)   --->   "br label %loop2_A2_end" [Lab_7_MM_HLS/matrixmul.cpp:161]   --->   Operation 162 'br' <Predicate = (trunc_ln161 == 6)> <Delay = 0.00>
ST_14 : Operation 163 [1/1] (0.00ns)   --->   "%In_A_5_addr = getelementptr [8 x float]* %In_A_5, i64 0, i64 %zext_ln159" [Lab_7_MM_HLS/matrixmul.cpp:161]   --->   Operation 163 'getelementptr' 'In_A_5_addr' <Predicate = (trunc_ln161 == 5)> <Delay = 0.00>
ST_14 : Operation 164 [1/1] (2.32ns)   --->   "store float %Inarray_AB_load, float* %In_A_5_addr, align 4" [Lab_7_MM_HLS/matrixmul.cpp:161]   --->   Operation 164 'store' <Predicate = (trunc_ln161 == 5)> <Delay = 2.32> <Core = "RAM">   --->   Core 37 'RAM' <Latency = 1> <II = 1> <Delay = 3.25> <Storage> <Opcode : 'load' 'store'> <Ports = 2> <Width = 32> <Depth = 64> <RAM>
ST_14 : Operation 165 [1/1] (0.00ns)   --->   "br label %loop2_A2_end" [Lab_7_MM_HLS/matrixmul.cpp:161]   --->   Operation 165 'br' <Predicate = (trunc_ln161 == 5)> <Delay = 0.00>
ST_14 : Operation 166 [1/1] (0.00ns)   --->   "%In_A_4_addr = getelementptr [8 x float]* %In_A_4, i64 0, i64 %zext_ln159" [Lab_7_MM_HLS/matrixmul.cpp:161]   --->   Operation 166 'getelementptr' 'In_A_4_addr' <Predicate = (trunc_ln161 == 4)> <Delay = 0.00>
ST_14 : Operation 167 [1/1] (2.32ns)   --->   "store float %Inarray_AB_load, float* %In_A_4_addr, align 4" [Lab_7_MM_HLS/matrixmul.cpp:161]   --->   Operation 167 'store' <Predicate = (trunc_ln161 == 4)> <Delay = 2.32> <Core = "RAM">   --->   Core 37 'RAM' <Latency = 1> <II = 1> <Delay = 3.25> <Storage> <Opcode : 'load' 'store'> <Ports = 2> <Width = 32> <Depth = 64> <RAM>
ST_14 : Operation 168 [1/1] (0.00ns)   --->   "br label %loop2_A2_end" [Lab_7_MM_HLS/matrixmul.cpp:161]   --->   Operation 168 'br' <Predicate = (trunc_ln161 == 4)> <Delay = 0.00>
ST_14 : Operation 169 [1/1] (0.00ns)   --->   "%In_A_3_addr = getelementptr [8 x float]* %In_A_3, i64 0, i64 %zext_ln159" [Lab_7_MM_HLS/matrixmul.cpp:161]   --->   Operation 169 'getelementptr' 'In_A_3_addr' <Predicate = (trunc_ln161 == 3)> <Delay = 0.00>
ST_14 : Operation 170 [1/1] (2.32ns)   --->   "store float %Inarray_AB_load, float* %In_A_3_addr, align 4" [Lab_7_MM_HLS/matrixmul.cpp:161]   --->   Operation 170 'store' <Predicate = (trunc_ln161 == 3)> <Delay = 2.32> <Core = "RAM">   --->   Core 37 'RAM' <Latency = 1> <II = 1> <Delay = 3.25> <Storage> <Opcode : 'load' 'store'> <Ports = 2> <Width = 32> <Depth = 64> <RAM>
ST_14 : Operation 171 [1/1] (0.00ns)   --->   "br label %loop2_A2_end" [Lab_7_MM_HLS/matrixmul.cpp:161]   --->   Operation 171 'br' <Predicate = (trunc_ln161 == 3)> <Delay = 0.00>
ST_14 : Operation 172 [1/1] (0.00ns)   --->   "%In_A_2_addr = getelementptr [8 x float]* %In_A_2, i64 0, i64 %zext_ln159" [Lab_7_MM_HLS/matrixmul.cpp:161]   --->   Operation 172 'getelementptr' 'In_A_2_addr' <Predicate = (trunc_ln161 == 2)> <Delay = 0.00>
ST_14 : Operation 173 [1/1] (2.32ns)   --->   "store float %Inarray_AB_load, float* %In_A_2_addr, align 4" [Lab_7_MM_HLS/matrixmul.cpp:161]   --->   Operation 173 'store' <Predicate = (trunc_ln161 == 2)> <Delay = 2.32> <Core = "RAM">   --->   Core 37 'RAM' <Latency = 1> <II = 1> <Delay = 3.25> <Storage> <Opcode : 'load' 'store'> <Ports = 2> <Width = 32> <Depth = 64> <RAM>
ST_14 : Operation 174 [1/1] (0.00ns)   --->   "br label %loop2_A2_end" [Lab_7_MM_HLS/matrixmul.cpp:161]   --->   Operation 174 'br' <Predicate = (trunc_ln161 == 2)> <Delay = 0.00>
ST_14 : Operation 175 [1/1] (0.00ns)   --->   "%In_A_1_addr = getelementptr [8 x float]* %In_A_1, i64 0, i64 %zext_ln159" [Lab_7_MM_HLS/matrixmul.cpp:161]   --->   Operation 175 'getelementptr' 'In_A_1_addr' <Predicate = (trunc_ln161 == 1)> <Delay = 0.00>
ST_14 : Operation 176 [1/1] (2.32ns)   --->   "store float %Inarray_AB_load, float* %In_A_1_addr, align 4" [Lab_7_MM_HLS/matrixmul.cpp:161]   --->   Operation 176 'store' <Predicate = (trunc_ln161 == 1)> <Delay = 2.32> <Core = "RAM">   --->   Core 37 'RAM' <Latency = 1> <II = 1> <Delay = 3.25> <Storage> <Opcode : 'load' 'store'> <Ports = 2> <Width = 32> <Depth = 64> <RAM>
ST_14 : Operation 177 [1/1] (0.00ns)   --->   "br label %loop2_A2_end" [Lab_7_MM_HLS/matrixmul.cpp:161]   --->   Operation 177 'br' <Predicate = (trunc_ln161 == 1)> <Delay = 0.00>
ST_14 : Operation 178 [1/1] (0.00ns)   --->   "%In_A_0_addr = getelementptr [8 x float]* %In_A_0, i64 0, i64 %zext_ln159" [Lab_7_MM_HLS/matrixmul.cpp:161]   --->   Operation 178 'getelementptr' 'In_A_0_addr' <Predicate = (trunc_ln161 == 0)> <Delay = 0.00>
ST_14 : Operation 179 [1/1] (2.32ns)   --->   "store float %Inarray_AB_load, float* %In_A_0_addr, align 4" [Lab_7_MM_HLS/matrixmul.cpp:161]   --->   Operation 179 'store' <Predicate = (trunc_ln161 == 0)> <Delay = 2.32> <Core = "RAM">   --->   Core 37 'RAM' <Latency = 1> <II = 1> <Delay = 3.25> <Storage> <Opcode : 'load' 'store'> <Ports = 2> <Width = 32> <Depth = 64> <RAM>
ST_14 : Operation 180 [1/1] (0.00ns)   --->   "br label %loop2_A2_end" [Lab_7_MM_HLS/matrixmul.cpp:161]   --->   Operation 180 'br' <Predicate = (trunc_ln161 == 0)> <Delay = 0.00>
ST_14 : Operation 181 [1/1] (0.00ns)   --->   "%In_A_7_addr = getelementptr [8 x float]* %In_A_7, i64 0, i64 %zext_ln159" [Lab_7_MM_HLS/matrixmul.cpp:161]   --->   Operation 181 'getelementptr' 'In_A_7_addr' <Predicate = (trunc_ln161 == 7)> <Delay = 0.00>
ST_14 : Operation 182 [1/1] (2.32ns)   --->   "store float %Inarray_AB_load, float* %In_A_7_addr, align 4" [Lab_7_MM_HLS/matrixmul.cpp:161]   --->   Operation 182 'store' <Predicate = (trunc_ln161 == 7)> <Delay = 2.32> <Core = "RAM">   --->   Core 37 'RAM' <Latency = 1> <II = 1> <Delay = 3.25> <Storage> <Opcode : 'load' 'store'> <Ports = 2> <Width = 32> <Depth = 64> <RAM>
ST_14 : Operation 183 [1/1] (0.00ns)   --->   "br label %loop2_A2_end" [Lab_7_MM_HLS/matrixmul.cpp:161]   --->   Operation 183 'br' <Predicate = (trunc_ln161 == 7)> <Delay = 0.00>

State 15 <SV = 11> <Delay = 1.76>
ST_15 : Operation 184 [1/1] (1.76ns)   --->   "br label %.preheader1.preheader" [Lab_7_MM_HLS/matrixmul.cpp:167]   --->   Operation 184 'br' <Predicate = true> <Delay = 1.76>

State 16 <SV = 12> <Delay = 6.41>
ST_16 : Operation 185 [1/1] (0.00ns)   --->   "%indvar_flatten19 = phi i7 [ %add_ln167, %loop2_B2_end ], [ 0, %.preheader1.preheader.preheader ]" [Lab_7_MM_HLS/matrixmul.cpp:167]   --->   Operation 185 'phi' 'indvar_flatten19' <Predicate = true> <Delay = 0.00>
ST_16 : Operation 186 [1/1] (0.00ns)   --->   "%row_1 = phi i4 [ %select_ln162_2, %loop2_B2_end ], [ 0, %.preheader1.preheader.preheader ]" [Lab_7_MM_HLS/matrixmul.cpp:162]   --->   Operation 186 'phi' 'row_1' <Predicate = true> <Delay = 0.00>
ST_16 : Operation 187 [1/1] (0.00ns)   --->   "%ind_2 = phi i8 [ %select_ln167, %loop2_B2_end ], [ 64, %.preheader1.preheader.preheader ]" [Lab_7_MM_HLS/matrixmul.cpp:167]   --->   Operation 187 'phi' 'ind_2' <Predicate = true> <Delay = 0.00>
ST_16 : Operation 188 [1/1] (0.00ns)   --->   "%col_1 = phi i4 [ %col_4, %loop2_B2_end ], [ 0, %.preheader1.preheader.preheader ]"   --->   Operation 188 'phi' 'col_1' <Predicate = true> <Delay = 0.00>
ST_16 : Operation 189 [1/1] (0.00ns)   --->   "%ind_3 = phi i8 [ %ind, %loop2_B2_end ], [ 64, %.preheader1.preheader.preheader ]"   --->   Operation 189 'phi' 'ind_3' <Predicate = true> <Delay = 0.00>
ST_16 : Operation 190 [1/1] (1.48ns)   --->   "%icmp_ln167 = icmp eq i7 %indvar_flatten19, -64" [Lab_7_MM_HLS/matrixmul.cpp:167]   --->   Operation 190 'icmp' 'icmp_ln167' <Predicate = true> <Delay = 1.48> <Core = "Cmp">   --->   Core 25 'Cmp' <Latency = 0> <II = 1> <Delay = 1.48> <FuncUnit> <Opcode : 'icmp'> <InPorts = 2> <OutPorts = 1>
ST_16 : Operation 191 [1/1] (1.87ns)   --->   "%add_ln167 = add i7 %indvar_flatten19, 1" [Lab_7_MM_HLS/matrixmul.cpp:167]   --->   Operation 191 'add' 'add_ln167' <Predicate = true> <Delay = 1.87> <Core = "AddSub">   --->   Core 14 'AddSub' <Latency = 0> <II = 1> <Delay = 1.87> <FuncUnit> <Opcode : 'add' 'sub'> <InPorts = 2> <OutPorts = 1>
ST_16 : Operation 192 [1/1] (0.00ns)   --->   "br i1 %icmp_ln167, label %.preheader.preheader.preheader, label %loop2_B2_begin" [Lab_7_MM_HLS/matrixmul.cpp:167]   --->   Operation 192 'br' <Predicate = true> <Delay = 0.00>
ST_16 : Operation 193 [1/1] (1.30ns)   --->   "%icmp_ln168 = icmp eq i4 %col_1, -8" [Lab_7_MM_HLS/matrixmul.cpp:168]   --->   Operation 193 'icmp' 'icmp_ln168' <Predicate = (!icmp_ln167)> <Delay = 1.30> <Core = "Cmp">   --->   Core 25 'Cmp' <Latency = 0> <II = 1> <Delay = 1.48> <FuncUnit> <Opcode : 'icmp'> <InPorts = 2> <OutPorts = 1>
ST_16 : Operation 194 [1/1] (1.02ns)   --->   "%select_ln162 = select i1 %icmp_ln168, i4 0, i4 %col_1" [Lab_7_MM_HLS/matrixmul.cpp:162]   --->   Operation 194 'select' 'select_ln162' <Predicate = (!icmp_ln167)> <Delay = 1.02> <Core = "Sel">   --->   Core 26 'Sel' <Latency = 0> <II = 1> <Delay = 0.99> <FuncUnit> <Opcode : 'select'> <InPorts = 3> <OutPorts = 1>
ST_16 : Operation 195 [1/1] (1.91ns)   --->   "%add_ln162_1 = add i8 8, %ind_2" [Lab_7_MM_HLS/matrixmul.cpp:162]   --->   Operation 195 'add' 'add_ln162_1' <Predicate = (!icmp_ln167)> <Delay = 1.91> <Core = "AddSub">   --->   Core 14 'AddSub' <Latency = 0> <II = 1> <Delay = 1.87> <FuncUnit> <Opcode : 'add' 'sub'> <InPorts = 2> <OutPorts = 1>
ST_16 : Operation 196 [1/1] (1.24ns)   --->   "%select_ln162_1 = select i1 %icmp_ln168, i8 %add_ln162_1, i8 %ind_3" [Lab_7_MM_HLS/matrixmul.cpp:162]   --->   Operation 196 'select' 'select_ln162_1' <Predicate = (!icmp_ln167)> <Delay = 1.24> <Core = "Sel">   --->   Core 26 'Sel' <Latency = 0> <II = 1> <Delay = 0.99> <FuncUnit> <Opcode : 'select'> <InPorts = 3> <OutPorts = 1>
ST_16 : Operation 197 [1/1] (1.73ns)   --->   "%add_ln167_1 = add i4 1, %row_1" [Lab_7_MM_HLS/matrixmul.cpp:167]   --->   Operation 197 'add' 'add_ln167_1' <Predicate = (!icmp_ln167)> <Delay = 1.73> <Core = "AddSub">   --->   Core 14 'AddSub' <Latency = 0> <II = 1> <Delay = 1.87> <FuncUnit> <Opcode : 'add' 'sub'> <InPorts = 2> <OutPorts = 1>
ST_16 : Operation 198 [1/1] (1.02ns)   --->   "%select_ln162_2 = select i1 %icmp_ln168, i4 %add_ln167_1, i4 %row_1" [Lab_7_MM_HLS/matrixmul.cpp:162]   --->   Operation 198 'select' 'select_ln162_2' <Predicate = (!icmp_ln167)> <Delay = 1.02> <Core = "Sel">   --->   Core 26 'Sel' <Latency = 0> <II = 1> <Delay = 0.99> <FuncUnit> <Opcode : 'select'> <InPorts = 3> <OutPorts = 1>
ST_16 : Operation 199 [1/1] (0.00ns)   --->   "%trunc_ln162 = trunc i4 %select_ln162_2 to i3" [Lab_7_MM_HLS/matrixmul.cpp:162]   --->   Operation 199 'trunc' 'trunc_ln162' <Predicate = (!icmp_ln167)> <Delay = 0.00>
ST_16 : Operation 200 [1/1] (1.24ns)   --->   "%select_ln167 = select i1 %icmp_ln168, i8 %add_ln162_1, i8 %ind_2" [Lab_7_MM_HLS/matrixmul.cpp:167]   --->   Operation 200 'select' 'select_ln167' <Predicate = (!icmp_ln167)> <Delay = 1.24> <Core = "Sel">   --->   Core 26 'Sel' <Latency = 0> <II = 1> <Delay = 0.99> <FuncUnit> <Opcode : 'select'> <InPorts = 3> <OutPorts = 1>
ST_16 : Operation 201 [1/1] (0.00ns)   --->   "%tmp_8 = call i32 (...)* @_ssdm_op_SpecRegionBegin([9 x i8]* @p_str9) nounwind" [Lab_7_MM_HLS/matrixmul.cpp:168]   --->   Operation 201 'specregionbegin' 'tmp_8' <Predicate = (!icmp_ln167)> <Delay = 0.00>
ST_16 : Operation 202 [1/1] (0.00ns)   --->   "%zext_ln170 = zext i8 %select_ln162_1 to i64" [Lab_7_MM_HLS/matrixmul.cpp:170]   --->   Operation 202 'zext' 'zext_ln170' <Predicate = (!icmp_ln167)> <Delay = 0.00>
ST_16 : Operation 203 [1/1] (0.00ns)   --->   "%Inarray_AB_addr_2 = getelementptr inbounds [128 x float]* %Inarray_AB, i64 0, i64 %zext_ln170" [Lab_7_MM_HLS/matrixmul.cpp:170]   --->   Operation 203 'getelementptr' 'Inarray_AB_addr_2' <Predicate = (!icmp_ln167)> <Delay = 0.00>
ST_16 : Operation 204 [2/2] (3.25ns)   --->   "%Inarray_AB_load_1 = load float* %Inarray_AB_addr_2, align 4" [Lab_7_MM_HLS/matrixmul.cpp:170]   --->   Operation 204 'load' 'Inarray_AB_load_1' <Predicate = (!icmp_ln167)> <Delay = 3.25> <Core = "RAM">   --->   Core 37 'RAM' <Latency = 1> <II = 1> <Delay = 3.25> <Storage> <Opcode : 'load' 'store'> <Ports = 2> <Width = 32> <Depth = 64> <RAM>
ST_16 : Operation 205 [1/1] (1.36ns)   --->   "switch i3 %trunc_ln162, label %branch15 [
    i3 0, label %branch8
    i3 1, label %branch9
    i3 2, label %branch10
    i3 3, label %branch11
    i3 -4, label %branch12
    i3 -3, label %branch13
    i3 -2, label %branch14
  ]" [Lab_7_MM_HLS/matrixmul.cpp:170]   --->   Operation 205 'switch' <Predicate = (!icmp_ln167)> <Delay = 1.36>
ST_16 : Operation 206 [1/1] (1.91ns)   --->   "%ind = add i8 %select_ln162_1, 1" [Lab_7_MM_HLS/matrixmul.cpp:171]   --->   Operation 206 'add' 'ind' <Predicate = (!icmp_ln167)> <Delay = 1.91> <Core = "AddSub">   --->   Core 14 'AddSub' <Latency = 0> <II = 1> <Delay = 1.87> <FuncUnit> <Opcode : 'add' 'sub'> <InPorts = 2> <OutPorts = 1>
ST_16 : Operation 207 [1/1] (0.00ns)   --->   "%empty_9 = call i32 (...)* @_ssdm_op_SpecRegionEnd([9 x i8]* @p_str9, i32 %tmp_8) nounwind" [Lab_7_MM_HLS/matrixmul.cpp:173]   --->   Operation 207 'specregionend' 'empty_9' <Predicate = (!icmp_ln167)> <Delay = 0.00>
ST_16 : Operation 208 [1/1] (1.73ns)   --->   "%col_4 = add i4 %select_ln162, 1" [Lab_7_MM_HLS/matrixmul.cpp:168]   --->   Operation 208 'add' 'col_4' <Predicate = (!icmp_ln167)> <Delay = 1.73> <Core = "AddSub">   --->   Core 14 'AddSub' <Latency = 0> <II = 1> <Delay = 1.87> <FuncUnit> <Opcode : 'add' 'sub'> <InPorts = 2> <OutPorts = 1>
ST_16 : Operation 209 [1/1] (0.00ns)   --->   "br label %.preheader1.preheader"   --->   Operation 209 'br' <Predicate = (!icmp_ln167)> <Delay = 0.00>

State 17 <SV = 13> <Delay = 5.57>
ST_17 : Operation 210 [1/1] (0.00ns)   --->   "call void (...)* @_ssdm_op_SpecLoopName([18 x i8]* @loop1_B1_loop2_B2_st)"   --->   Operation 210 'specloopname' <Predicate = (!icmp_ln167)> <Delay = 0.00>
ST_17 : Operation 211 [1/1] (0.00ns)   --->   "%empty_10 = call i32 (...)* @_ssdm_op_SpecLoopTripCount(i64 64, i64 64, i64 64) nounwind"   --->   Operation 211 'speclooptripcount' 'empty_10' <Predicate = (!icmp_ln167)> <Delay = 0.00>
ST_17 : Operation 212 [1/1] (0.00ns)   --->   "call void (...)* @_ssdm_op_SpecLoopName([9 x i8]* @p_str9) nounwind" [Lab_7_MM_HLS/matrixmul.cpp:168]   --->   Operation 212 'specloopname' <Predicate = (!icmp_ln167)> <Delay = 0.00>
ST_17 : Operation 213 [1/1] (0.00ns)   --->   "call void (...)* @_ssdm_op_SpecPipeline(i32 -1, i32 1, i32 1, i32 0, [1 x i8]* @p_str1) nounwind" [Lab_7_MM_HLS/matrixmul.cpp:169]   --->   Operation 213 'specpipeline' <Predicate = (!icmp_ln167)> <Delay = 0.00>
ST_17 : Operation 214 [1/2] (3.25ns)   --->   "%Inarray_AB_load_1 = load float* %Inarray_AB_addr_2, align 4" [Lab_7_MM_HLS/matrixmul.cpp:170]   --->   Operation 214 'load' 'Inarray_AB_load_1' <Predicate = (!icmp_ln167)> <Delay = 3.25> <Core = "RAM">   --->   Core 37 'RAM' <Latency = 1> <II = 1> <Delay = 3.25> <Storage> <Opcode : 'load' 'store'> <Ports = 2> <Width = 32> <Depth = 64> <RAM>
ST_17 : Operation 215 [1/1] (0.00ns)   --->   "%zext_ln170_1 = zext i4 %select_ln162 to i64" [Lab_7_MM_HLS/matrixmul.cpp:170]   --->   Operation 215 'zext' 'zext_ln170_1' <Predicate = (!icmp_ln167)> <Delay = 0.00>
ST_17 : Operation 216 [1/1] (0.00ns)   --->   "%In_B_0_addr = getelementptr [8 x float]* %In_B_0, i64 0, i64 %zext_ln170_1" [Lab_7_MM_HLS/matrixmul.cpp:170]   --->   Operation 216 'getelementptr' 'In_B_0_addr' <Predicate = (!icmp_ln167)> <Delay = 0.00>
ST_17 : Operation 217 [1/1] (0.00ns)   --->   "%In_B_1_addr = getelementptr [8 x float]* %In_B_1, i64 0, i64 %zext_ln170_1" [Lab_7_MM_HLS/matrixmul.cpp:170]   --->   Operation 217 'getelementptr' 'In_B_1_addr' <Predicate = (!icmp_ln167)> <Delay = 0.00>
ST_17 : Operation 218 [1/1] (0.00ns)   --->   "%In_B_2_addr = getelementptr [8 x float]* %In_B_2, i64 0, i64 %zext_ln170_1" [Lab_7_MM_HLS/matrixmul.cpp:170]   --->   Operation 218 'getelementptr' 'In_B_2_addr' <Predicate = (!icmp_ln167)> <Delay = 0.00>
ST_17 : Operation 219 [1/1] (0.00ns)   --->   "%In_B_3_addr = getelementptr [8 x float]* %In_B_3, i64 0, i64 %zext_ln170_1" [Lab_7_MM_HLS/matrixmul.cpp:170]   --->   Operation 219 'getelementptr' 'In_B_3_addr' <Predicate = (!icmp_ln167)> <Delay = 0.00>
ST_17 : Operation 220 [1/1] (0.00ns)   --->   "%In_B_4_addr = getelementptr [8 x float]* %In_B_4, i64 0, i64 %zext_ln170_1" [Lab_7_MM_HLS/matrixmul.cpp:170]   --->   Operation 220 'getelementptr' 'In_B_4_addr' <Predicate = (!icmp_ln167)> <Delay = 0.00>
ST_17 : Operation 221 [1/1] (0.00ns)   --->   "%In_B_5_addr = getelementptr [8 x float]* %In_B_5, i64 0, i64 %zext_ln170_1" [Lab_7_MM_HLS/matrixmul.cpp:170]   --->   Operation 221 'getelementptr' 'In_B_5_addr' <Predicate = (!icmp_ln167)> <Delay = 0.00>
ST_17 : Operation 222 [1/1] (0.00ns)   --->   "%In_B_6_addr = getelementptr [8 x float]* %In_B_6, i64 0, i64 %zext_ln170_1" [Lab_7_MM_HLS/matrixmul.cpp:170]   --->   Operation 222 'getelementptr' 'In_B_6_addr' <Predicate = (!icmp_ln167)> <Delay = 0.00>
ST_17 : Operation 223 [1/1] (0.00ns)   --->   "%In_B_7_addr = getelementptr [8 x float]* %In_B_7, i64 0, i64 %zext_ln170_1" [Lab_7_MM_HLS/matrixmul.cpp:170]   --->   Operation 223 'getelementptr' 'In_B_7_addr' <Predicate = (!icmp_ln167)> <Delay = 0.00>
ST_17 : Operation 224 [1/1] (2.32ns)   --->   "store float %Inarray_AB_load_1, float* %In_B_6_addr, align 4" [Lab_7_MM_HLS/matrixmul.cpp:170]   --->   Operation 224 'store' <Predicate = (trunc_ln162 == 6)> <Delay = 2.32> <Core = "RAM">   --->   Core 37 'RAM' <Latency = 1> <II = 1> <Delay = 3.25> <Storage> <Opcode : 'load' 'store'> <Ports = 2> <Width = 32> <Depth = 64> <RAM>
ST_17 : Operation 225 [1/1] (0.00ns)   --->   "br label %loop2_B2_end" [Lab_7_MM_HLS/matrixmul.cpp:170]   --->   Operation 225 'br' <Predicate = (trunc_ln162 == 6)> <Delay = 0.00>
ST_17 : Operation 226 [1/1] (2.32ns)   --->   "store float %Inarray_AB_load_1, float* %In_B_5_addr, align 4" [Lab_7_MM_HLS/matrixmul.cpp:170]   --->   Operation 226 'store' <Predicate = (trunc_ln162 == 5)> <Delay = 2.32> <Core = "RAM">   --->   Core 37 'RAM' <Latency = 1> <II = 1> <Delay = 3.25> <Storage> <Opcode : 'load' 'store'> <Ports = 2> <Width = 32> <Depth = 64> <RAM>
ST_17 : Operation 227 [1/1] (0.00ns)   --->   "br label %loop2_B2_end" [Lab_7_MM_HLS/matrixmul.cpp:170]   --->   Operation 227 'br' <Predicate = (trunc_ln162 == 5)> <Delay = 0.00>
ST_17 : Operation 228 [1/1] (2.32ns)   --->   "store float %Inarray_AB_load_1, float* %In_B_4_addr, align 4" [Lab_7_MM_HLS/matrixmul.cpp:170]   --->   Operation 228 'store' <Predicate = (trunc_ln162 == 4)> <Delay = 2.32> <Core = "RAM">   --->   Core 37 'RAM' <Latency = 1> <II = 1> <Delay = 3.25> <Storage> <Opcode : 'load' 'store'> <Ports = 2> <Width = 32> <Depth = 64> <RAM>
ST_17 : Operation 229 [1/1] (0.00ns)   --->   "br label %loop2_B2_end" [Lab_7_MM_HLS/matrixmul.cpp:170]   --->   Operation 229 'br' <Predicate = (trunc_ln162 == 4)> <Delay = 0.00>
ST_17 : Operation 230 [1/1] (2.32ns)   --->   "store float %Inarray_AB_load_1, float* %In_B_3_addr, align 4" [Lab_7_MM_HLS/matrixmul.cpp:170]   --->   Operation 230 'store' <Predicate = (trunc_ln162 == 3)> <Delay = 2.32> <Core = "RAM">   --->   Core 37 'RAM' <Latency = 1> <II = 1> <Delay = 3.25> <Storage> <Opcode : 'load' 'store'> <Ports = 2> <Width = 32> <Depth = 64> <RAM>
ST_17 : Operation 231 [1/1] (0.00ns)   --->   "br label %loop2_B2_end" [Lab_7_MM_HLS/matrixmul.cpp:170]   --->   Operation 231 'br' <Predicate = (trunc_ln162 == 3)> <Delay = 0.00>
ST_17 : Operation 232 [1/1] (2.32ns)   --->   "store float %Inarray_AB_load_1, float* %In_B_2_addr, align 4" [Lab_7_MM_HLS/matrixmul.cpp:170]   --->   Operation 232 'store' <Predicate = (trunc_ln162 == 2)> <Delay = 2.32> <Core = "RAM">   --->   Core 37 'RAM' <Latency = 1> <II = 1> <Delay = 3.25> <Storage> <Opcode : 'load' 'store'> <Ports = 2> <Width = 32> <Depth = 64> <RAM>
ST_17 : Operation 233 [1/1] (0.00ns)   --->   "br label %loop2_B2_end" [Lab_7_MM_HLS/matrixmul.cpp:170]   --->   Operation 233 'br' <Predicate = (trunc_ln162 == 2)> <Delay = 0.00>
ST_17 : Operation 234 [1/1] (2.32ns)   --->   "store float %Inarray_AB_load_1, float* %In_B_1_addr, align 4" [Lab_7_MM_HLS/matrixmul.cpp:170]   --->   Operation 234 'store' <Predicate = (trunc_ln162 == 1)> <Delay = 2.32> <Core = "RAM">   --->   Core 37 'RAM' <Latency = 1> <II = 1> <Delay = 3.25> <Storage> <Opcode : 'load' 'store'> <Ports = 2> <Width = 32> <Depth = 64> <RAM>
ST_17 : Operation 235 [1/1] (0.00ns)   --->   "br label %loop2_B2_end" [Lab_7_MM_HLS/matrixmul.cpp:170]   --->   Operation 235 'br' <Predicate = (trunc_ln162 == 1)> <Delay = 0.00>
ST_17 : Operation 236 [1/1] (2.32ns)   --->   "store float %Inarray_AB_load_1, float* %In_B_0_addr, align 4" [Lab_7_MM_HLS/matrixmul.cpp:170]   --->   Operation 236 'store' <Predicate = (trunc_ln162 == 0)> <Delay = 2.32> <Core = "RAM">   --->   Core 37 'RAM' <Latency = 1> <II = 1> <Delay = 3.25> <Storage> <Opcode : 'load' 'store'> <Ports = 2> <Width = 32> <Depth = 64> <RAM>
ST_17 : Operation 237 [1/1] (0.00ns)   --->   "br label %loop2_B2_end" [Lab_7_MM_HLS/matrixmul.cpp:170]   --->   Operation 237 'br' <Predicate = (trunc_ln162 == 0)> <Delay = 0.00>
ST_17 : Operation 238 [1/1] (2.32ns)   --->   "store float %Inarray_AB_load_1, float* %In_B_7_addr, align 4" [Lab_7_MM_HLS/matrixmul.cpp:170]   --->   Operation 238 'store' <Predicate = (trunc_ln162 == 7)> <Delay = 2.32> <Core = "RAM">   --->   Core 37 'RAM' <Latency = 1> <II = 1> <Delay = 3.25> <Storage> <Opcode : 'load' 'store'> <Ports = 2> <Width = 32> <Depth = 64> <RAM>
ST_17 : Operation 239 [1/1] (0.00ns)   --->   "br label %loop2_B2_end" [Lab_7_MM_HLS/matrixmul.cpp:170]   --->   Operation 239 'br' <Predicate = (trunc_ln162 == 7)> <Delay = 0.00>

State 18 <SV = 13> <Delay = 1.76>
ST_18 : Operation 240 [1/1] (1.76ns)   --->   "br label %.preheader.preheader" [Lab_7_MM_HLS/matrixmul.cpp:178]   --->   Operation 240 'br' <Predicate = true> <Delay = 1.76>

State 19 <SV = 14> <Delay = 5.08>
ST_19 : Operation 241 [1/1] (0.00ns)   --->   "%indvar_flatten39 = phi i7 [ %add_ln178, %loop2_col ], [ 0, %.preheader.preheader.preheader ]" [Lab_7_MM_HLS/matrixmul.cpp:178]   --->   Operation 241 'phi' 'indvar_flatten39' <Predicate = true> <Delay = 0.00>
ST_19 : Operation 242 [1/1] (0.00ns)   --->   "%row_2 = phi i4 [ %select_ln186_3, %loop2_col ], [ 0, %.preheader.preheader.preheader ]" [Lab_7_MM_HLS/matrixmul.cpp:186]   --->   Operation 242 'phi' 'row_2' <Predicate = true> <Delay = 0.00>
ST_19 : Operation 243 [1/1] (0.00ns)   --->   "%ind_4 = phi i7 [ %select_ln178, %loop2_col ], [ 0, %.preheader.preheader.preheader ]" [Lab_7_MM_HLS/matrixmul.cpp:178]   --->   Operation 243 'phi' 'ind_4' <Predicate = true> <Delay = 0.00>
ST_19 : Operation 244 [1/1] (0.00ns)   --->   "%col_2 = phi i4 [ %col_3, %loop2_col ], [ 0, %.preheader.preheader.preheader ]"   --->   Operation 244 'phi' 'col_2' <Predicate = true> <Delay = 0.00>
ST_19 : Operation 245 [1/1] (0.00ns)   --->   "%ind_5 = phi i7 [ %add_ln186, %loop2_col ], [ 0, %.preheader.preheader.preheader ]" [Lab_7_MM_HLS/matrixmul.cpp:186]   --->   Operation 245 'phi' 'ind_5' <Predicate = true> <Delay = 0.00>
ST_19 : Operation 246 [1/1] (1.48ns)   --->   "%icmp_ln178 = icmp eq i7 %indvar_flatten39, -64" [Lab_7_MM_HLS/matrixmul.cpp:178]   --->   Operation 246 'icmp' 'icmp_ln178' <Predicate = true> <Delay = 1.48> <Core = "Cmp">   --->   Core 25 'Cmp' <Latency = 0> <II = 1> <Delay = 1.48> <FuncUnit> <Opcode : 'icmp'> <InPorts = 2> <OutPorts = 1>
ST_19 : Operation 247 [1/1] (1.87ns)   --->   "%add_ln178 = add i7 %indvar_flatten39, 1" [Lab_7_MM_HLS/matrixmul.cpp:178]   --->   Operation 247 'add' 'add_ln178' <Predicate = true> <Delay = 1.87> <Core = "AddSub">   --->   Core 14 'AddSub' <Latency = 0> <II = 1> <Delay = 1.87> <FuncUnit> <Opcode : 'add' 'sub'> <InPorts = 2> <OutPorts = 1>
ST_19 : Operation 248 [1/1] (0.00ns)   --->   "br i1 %icmp_ln178, label %burst.wr.header.preheader, label %loop2_col" [Lab_7_MM_HLS/matrixmul.cpp:178]   --->   Operation 248 'br' <Predicate = true> <Delay = 0.00>
ST_19 : Operation 249 [1/1] (1.30ns)   --->   "%icmp_ln179 = icmp eq i4 %col_2, -8" [Lab_7_MM_HLS/matrixmul.cpp:179]   --->   Operation 249 'icmp' 'icmp_ln179' <Predicate = (!icmp_ln178)> <Delay = 1.30> <Core = "Cmp">   --->   Core 25 'Cmp' <Latency = 0> <II = 1> <Delay = 1.48> <FuncUnit> <Opcode : 'icmp'> <InPorts = 2> <OutPorts = 1>
ST_19 : Operation 250 [1/1] (1.02ns)   --->   "%select_ln186 = select i1 %icmp_ln179, i4 0, i4 %col_2" [Lab_7_MM_HLS/matrixmul.cpp:186]   --->   Operation 250 'select' 'select_ln186' <Predicate = (!icmp_ln178)> <Delay = 1.02> <Core = "Sel">   --->   Core 26 'Sel' <Latency = 0> <II = 1> <Delay = 0.99> <FuncUnit> <Opcode : 'select'> <InPorts = 3> <OutPorts = 1>
ST_19 : Operation 251 [1/1] (1.87ns)   --->   "%add_ln186_1 = add i7 %ind_4, 8" [Lab_7_MM_HLS/matrixmul.cpp:186]   --->   Operation 251 'add' 'add_ln186_1' <Predicate = (!icmp_ln178)> <Delay = 1.87> <Core = "AddSub">   --->   Core 14 'AddSub' <Latency = 0> <II = 1> <Delay = 1.87> <FuncUnit> <Opcode : 'add' 'sub'> <InPorts = 2> <OutPorts = 1>
ST_19 : Operation 252 [1/1] (0.99ns)   --->   "%select_ln186_1 = select i1 %icmp_ln179, i7 %add_ln186_1, i7 %ind_5" [Lab_7_MM_HLS/matrixmul.cpp:186]   --->   Operation 252 'select' 'select_ln186_1' <Predicate = (!icmp_ln178)> <Delay = 0.99> <Core = "Sel">   --->   Core 26 'Sel' <Latency = 0> <II = 1> <Delay = 0.99> <FuncUnit> <Opcode : 'select'> <InPorts = 3> <OutPorts = 1>
ST_19 : Operation 253 [1/1] (1.73ns)   --->   "%add_ln178_1 = add i4 %row_2, 1" [Lab_7_MM_HLS/matrixmul.cpp:178]   --->   Operation 253 'add' 'add_ln178_1' <Predicate = (!icmp_ln178)> <Delay = 1.73> <Core = "AddSub">   --->   Core 14 'AddSub' <Latency = 0> <II = 1> <Delay = 1.87> <FuncUnit> <Opcode : 'add' 'sub'> <InPorts = 2> <OutPorts = 1>
ST_19 : Operation 254 [1/1] (1.02ns)   --->   "%select_ln186_3 = select i1 %icmp_ln179, i4 %add_ln178_1, i4 %row_2" [Lab_7_MM_HLS/matrixmul.cpp:186]   --->   Operation 254 'select' 'select_ln186_3' <Predicate = (!icmp_ln178)> <Delay = 1.02> <Core = "Sel">   --->   Core 26 'Sel' <Latency = 0> <II = 1> <Delay = 0.99> <FuncUnit> <Opcode : 'select'> <InPorts = 3> <OutPorts = 1>
ST_19 : Operation 255 [1/1] (0.00ns)   --->   "%zext_ln186 = zext i4 %select_ln186_3 to i64" [Lab_7_MM_HLS/matrixmul.cpp:186]   --->   Operation 255 'zext' 'zext_ln186' <Predicate = (!icmp_ln178)> <Delay = 0.00>
ST_19 : Operation 256 [1/1] (0.00ns)   --->   "%In_A_0_addr_1 = getelementptr [8 x float]* %In_A_0, i64 0, i64 %zext_ln186" [Lab_7_MM_HLS/matrixmul.cpp:183]   --->   Operation 256 'getelementptr' 'In_A_0_addr_1' <Predicate = (!icmp_ln178)> <Delay = 0.00>
ST_19 : Operation 257 [2/2] (2.32ns)   --->   "%In_A_0_load = load float* %In_A_0_addr_1, align 4" [Lab_7_MM_HLS/matrixmul.cpp:186]   --->   Operation 257 'load' 'In_A_0_load' <Predicate = (!icmp_ln178)> <Delay = 2.32> <Core = "RAM">   --->   Core 37 'RAM' <Latency = 1> <II = 1> <Delay = 3.25> <Storage> <Opcode : 'load' 'store'> <Ports = 2> <Width = 32> <Depth = 64> <RAM>
ST_19 : Operation 258 [1/1] (0.99ns)   --->   "%select_ln178 = select i1 %icmp_ln179, i7 %add_ln186_1, i7 %ind_4" [Lab_7_MM_HLS/matrixmul.cpp:178]   --->   Operation 258 'select' 'select_ln178' <Predicate = (!icmp_ln178)> <Delay = 0.99> <Core = "Sel">   --->   Core 26 'Sel' <Latency = 0> <II = 1> <Delay = 0.99> <FuncUnit> <Opcode : 'select'> <InPorts = 3> <OutPorts = 1>
ST_19 : Operation 259 [1/1] (0.00ns)   --->   "%zext_ln183 = zext i4 %select_ln186 to i64" [Lab_7_MM_HLS/matrixmul.cpp:183]   --->   Operation 259 'zext' 'zext_ln183' <Predicate = (!icmp_ln178)> <Delay = 0.00>
ST_19 : Operation 260 [1/1] (0.00ns)   --->   "%In_B_0_addr_1 = getelementptr [8 x float]* %In_B_0, i64 0, i64 %zext_ln183" [Lab_7_MM_HLS/matrixmul.cpp:183]   --->   Operation 260 'getelementptr' 'In_B_0_addr_1' <Predicate = (!icmp_ln178)> <Delay = 0.00>
ST_19 : Operation 261 [2/2] (2.32ns)   --->   "%In_B_0_load = load float* %In_B_0_addr_1, align 4" [Lab_7_MM_HLS/matrixmul.cpp:183]   --->   Operation 261 'load' 'In_B_0_load' <Predicate = (!icmp_ln178)> <Delay = 2.32> <Core = "RAM">   --->   Core 37 'RAM' <Latency = 1> <II = 1> <Delay = 3.25> <Storage> <Opcode : 'load' 'store'> <Ports = 2> <Width = 32> <Depth = 64> <RAM>
ST_19 : Operation 262 [1/1] (1.87ns)   --->   "%add_ln186 = add i7 %select_ln186_1, 1" [Lab_7_MM_HLS/matrixmul.cpp:186]   --->   Operation 262 'add' 'add_ln186' <Predicate = (!icmp_ln178)> <Delay = 1.87> <Core = "AddSub">   --->   Core 14 'AddSub' <Latency = 0> <II = 1> <Delay = 1.87> <FuncUnit> <Opcode : 'add' 'sub'> <InPorts = 2> <OutPorts = 1>
ST_19 : Operation 263 [1/1] (1.73ns)   --->   "%col_3 = add i4 %select_ln186, 1" [Lab_7_MM_HLS/matrixmul.cpp:179]   --->   Operation 263 'add' 'col_3' <Predicate = (!icmp_ln178)> <Delay = 1.73> <Core = "AddSub">   --->   Core 14 'AddSub' <Latency = 0> <II = 1> <Delay = 1.87> <FuncUnit> <Opcode : 'add' 'sub'> <InPorts = 2> <OutPorts = 1>

State 20 <SV = 15> <Delay = 8.02>
ST_20 : Operation 264 [1/2] (2.32ns)   --->   "%In_A_0_load = load float* %In_A_0_addr_1, align 4" [Lab_7_MM_HLS/matrixmul.cpp:186]   --->   Operation 264 'load' 'In_A_0_load' <Predicate = (!icmp_ln178)> <Delay = 2.32> <Core = "RAM">   --->   Core 37 'RAM' <Latency = 1> <II = 1> <Delay = 3.25> <Storage> <Opcode : 'load' 'store'> <Ports = 2> <Width = 32> <Depth = 64> <RAM>
ST_20 : Operation 265 [1/2] (2.32ns)   --->   "%In_B_0_load = load float* %In_B_0_addr_1, align 4" [Lab_7_MM_HLS/matrixmul.cpp:183]   --->   Operation 265 'load' 'In_B_0_load' <Predicate = (!icmp_ln178)> <Delay = 2.32> <Core = "RAM">   --->   Core 37 'RAM' <Latency = 1> <II = 1> <Delay = 3.25> <Storage> <Opcode : 'load' 'store'> <Ports = 2> <Width = 32> <Depth = 64> <RAM>
ST_20 : Operation 266 [4/4] (5.70ns)   --->   "%tmp1 = fmul float %In_A_0_load, %In_B_0_load" [Lab_7_MM_HLS/matrixmul.cpp:183]   --->   Operation 266 'fmul' 'tmp1' <Predicate = (!icmp_ln178)> <Delay = 5.70> <Core = "FMul">   --->   Core 106 'FMul' <Latency = 3> <II = 1> <Delay = 5.70> <FuncUnit> <Opcode : 'fmul'> <InPorts = 2> <OutPorts = 1>

State 21 <SV = 16> <Delay = 5.70>
ST_21 : Operation 267 [3/4] (5.70ns)   --->   "%tmp1 = fmul float %In_A_0_load, %In_B_0_load" [Lab_7_MM_HLS/matrixmul.cpp:183]   --->   Operation 267 'fmul' 'tmp1' <Predicate = (!icmp_ln178)> <Delay = 5.70> <Core = "FMul">   --->   Core 106 'FMul' <Latency = 3> <II = 1> <Delay = 5.70> <FuncUnit> <Opcode : 'fmul'> <InPorts = 2> <OutPorts = 1>

State 22 <SV = 17> <Delay = 5.70>
ST_22 : Operation 268 [2/4] (5.70ns)   --->   "%tmp1 = fmul float %In_A_0_load, %In_B_0_load" [Lab_7_MM_HLS/matrixmul.cpp:183]   --->   Operation 268 'fmul' 'tmp1' <Predicate = (!icmp_ln178)> <Delay = 5.70> <Core = "FMul">   --->   Core 106 'FMul' <Latency = 3> <II = 1> <Delay = 5.70> <FuncUnit> <Opcode : 'fmul'> <InPorts = 2> <OutPorts = 1>

State 23 <SV = 18> <Delay = 5.70>
ST_23 : Operation 269 [1/4] (5.70ns)   --->   "%tmp1 = fmul float %In_A_0_load, %In_B_0_load" [Lab_7_MM_HLS/matrixmul.cpp:183]   --->   Operation 269 'fmul' 'tmp1' <Predicate = (!icmp_ln178)> <Delay = 5.70> <Core = "FMul">   --->   Core 106 'FMul' <Latency = 3> <II = 1> <Delay = 5.70> <FuncUnit> <Opcode : 'fmul'> <InPorts = 2> <OutPorts = 1>

State 24 <SV = 19> <Delay = 7.25>
ST_24 : Operation 270 [1/1] (0.00ns)   --->   "%In_A_1_addr_1 = getelementptr [8 x float]* %In_A_1, i64 0, i64 %zext_ln186" [Lab_7_MM_HLS/matrixmul.cpp:183]   --->   Operation 270 'getelementptr' 'In_A_1_addr_1' <Predicate = (!icmp_ln178)> <Delay = 0.00>
ST_24 : Operation 271 [2/2] (2.32ns)   --->   "%In_A_1_load = load float* %In_A_1_addr_1, align 4" [Lab_7_MM_HLS/matrixmul.cpp:186]   --->   Operation 271 'load' 'In_A_1_load' <Predicate = (!icmp_ln178)> <Delay = 2.32> <Core = "RAM">   --->   Core 37 'RAM' <Latency = 1> <II = 1> <Delay = 3.25> <Storage> <Opcode : 'load' 'store'> <Ports = 2> <Width = 32> <Depth = 64> <RAM>
ST_24 : Operation 272 [5/5] (7.25ns)   --->   "%result_s = fadd float %tmp1, 0.000000e+00" [Lab_7_MM_HLS/matrixmul.cpp:183]   --->   Operation 272 'fadd' 'result_s' <Predicate = (!icmp_ln178)> <Delay = 7.25> <Core = "FAddSub">   --->   Core 105 'FAddSub' <Latency = 4> <II = 1> <Delay = 7.25> <FuncUnit> <Opcode : 'fadd' 'fsub'> <InPorts = 2> <OutPorts = 1>
ST_24 : Operation 273 [1/1] (0.00ns)   --->   "%In_B_1_addr_1 = getelementptr [8 x float]* %In_B_1, i64 0, i64 %zext_ln183" [Lab_7_MM_HLS/matrixmul.cpp:183]   --->   Operation 273 'getelementptr' 'In_B_1_addr_1' <Predicate = (!icmp_ln178)> <Delay = 0.00>
ST_24 : Operation 274 [2/2] (2.32ns)   --->   "%In_B_1_load = load float* %In_B_1_addr_1, align 4" [Lab_7_MM_HLS/matrixmul.cpp:183]   --->   Operation 274 'load' 'In_B_1_load' <Predicate = (!icmp_ln178)> <Delay = 2.32> <Core = "RAM">   --->   Core 37 'RAM' <Latency = 1> <II = 1> <Delay = 3.25> <Storage> <Opcode : 'load' 'store'> <Ports = 2> <Width = 32> <Depth = 64> <RAM>

State 25 <SV = 20> <Delay = 8.02>
ST_25 : Operation 275 [1/2] (2.32ns)   --->   "%In_A_1_load = load float* %In_A_1_addr_1, align 4" [Lab_7_MM_HLS/matrixmul.cpp:186]   --->   Operation 275 'load' 'In_A_1_load' <Predicate = (!icmp_ln178)> <Delay = 2.32> <Core = "RAM">   --->   Core 37 'RAM' <Latency = 1> <II = 1> <Delay = 3.25> <Storage> <Opcode : 'load' 'store'> <Ports = 2> <Width = 32> <Depth = 64> <RAM>
ST_25 : Operation 276 [4/5] (7.25ns)   --->   "%result_s = fadd float %tmp1, 0.000000e+00" [Lab_7_MM_HLS/matrixmul.cpp:183]   --->   Operation 276 'fadd' 'result_s' <Predicate = (!icmp_ln178)> <Delay = 7.25> <Core = "FAddSub">   --->   Core 105 'FAddSub' <Latency = 4> <II = 1> <Delay = 7.25> <FuncUnit> <Opcode : 'fadd' 'fsub'> <InPorts = 2> <OutPorts = 1>
ST_25 : Operation 277 [1/2] (2.32ns)   --->   "%In_B_1_load = load float* %In_B_1_addr_1, align 4" [Lab_7_MM_HLS/matrixmul.cpp:183]   --->   Operation 277 'load' 'In_B_1_load' <Predicate = (!icmp_ln178)> <Delay = 2.32> <Core = "RAM">   --->   Core 37 'RAM' <Latency = 1> <II = 1> <Delay = 3.25> <Storage> <Opcode : 'load' 'store'> <Ports = 2> <Width = 32> <Depth = 64> <RAM>
ST_25 : Operation 278 [4/4] (5.70ns)   --->   "%tmp_1 = fmul float %In_A_1_load, %In_B_1_load" [Lab_7_MM_HLS/matrixmul.cpp:183]   --->   Operation 278 'fmul' 'tmp_1' <Predicate = (!icmp_ln178)> <Delay = 5.70> <Core = "FMul">   --->   Core 106 'FMul' <Latency = 3> <II = 1> <Delay = 5.70> <FuncUnit> <Opcode : 'fmul'> <InPorts = 2> <OutPorts = 1>

State 26 <SV = 21> <Delay = 7.25>
ST_26 : Operation 279 [3/5] (7.25ns)   --->   "%result_s = fadd float %tmp1, 0.000000e+00" [Lab_7_MM_HLS/matrixmul.cpp:183]   --->   Operation 279 'fadd' 'result_s' <Predicate = (!icmp_ln178)> <Delay = 7.25> <Core = "FAddSub">   --->   Core 105 'FAddSub' <Latency = 4> <II = 1> <Delay = 7.25> <FuncUnit> <Opcode : 'fadd' 'fsub'> <InPorts = 2> <OutPorts = 1>
ST_26 : Operation 280 [3/4] (5.70ns)   --->   "%tmp_1 = fmul float %In_A_1_load, %In_B_1_load" [Lab_7_MM_HLS/matrixmul.cpp:183]   --->   Operation 280 'fmul' 'tmp_1' <Predicate = (!icmp_ln178)> <Delay = 5.70> <Core = "FMul">   --->   Core 106 'FMul' <Latency = 3> <II = 1> <Delay = 5.70> <FuncUnit> <Opcode : 'fmul'> <InPorts = 2> <OutPorts = 1>

State 27 <SV = 22> <Delay = 7.25>
ST_27 : Operation 281 [2/5] (7.25ns)   --->   "%result_s = fadd float %tmp1, 0.000000e+00" [Lab_7_MM_HLS/matrixmul.cpp:183]   --->   Operation 281 'fadd' 'result_s' <Predicate = (!icmp_ln178)> <Delay = 7.25> <Core = "FAddSub">   --->   Core 105 'FAddSub' <Latency = 4> <II = 1> <Delay = 7.25> <FuncUnit> <Opcode : 'fadd' 'fsub'> <InPorts = 2> <OutPorts = 1>
ST_27 : Operation 282 [2/4] (5.70ns)   --->   "%tmp_1 = fmul float %In_A_1_load, %In_B_1_load" [Lab_7_MM_HLS/matrixmul.cpp:183]   --->   Operation 282 'fmul' 'tmp_1' <Predicate = (!icmp_ln178)> <Delay = 5.70> <Core = "FMul">   --->   Core 106 'FMul' <Latency = 3> <II = 1> <Delay = 5.70> <FuncUnit> <Opcode : 'fmul'> <InPorts = 2> <OutPorts = 1>

State 28 <SV = 23> <Delay = 7.25>
ST_28 : Operation 283 [1/5] (7.25ns)   --->   "%result_s = fadd float %tmp1, 0.000000e+00" [Lab_7_MM_HLS/matrixmul.cpp:183]   --->   Operation 283 'fadd' 'result_s' <Predicate = (!icmp_ln178)> <Delay = 7.25> <Core = "FAddSub">   --->   Core 105 'FAddSub' <Latency = 4> <II = 1> <Delay = 7.25> <FuncUnit> <Opcode : 'fadd' 'fsub'> <InPorts = 2> <OutPorts = 1>
ST_28 : Operation 284 [1/4] (5.70ns)   --->   "%tmp_1 = fmul float %In_A_1_load, %In_B_1_load" [Lab_7_MM_HLS/matrixmul.cpp:183]   --->   Operation 284 'fmul' 'tmp_1' <Predicate = (!icmp_ln178)> <Delay = 5.70> <Core = "FMul">   --->   Core 106 'FMul' <Latency = 3> <II = 1> <Delay = 5.70> <FuncUnit> <Opcode : 'fmul'> <InPorts = 2> <OutPorts = 1>

State 29 <SV = 24> <Delay = 7.25>
ST_29 : Operation 285 [1/1] (0.00ns)   --->   "%In_A_2_addr_1 = getelementptr [8 x float]* %In_A_2, i64 0, i64 %zext_ln186" [Lab_7_MM_HLS/matrixmul.cpp:183]   --->   Operation 285 'getelementptr' 'In_A_2_addr_1' <Predicate = (!icmp_ln178)> <Delay = 0.00>
ST_29 : Operation 286 [2/2] (2.32ns)   --->   "%In_A_2_load = load float* %In_A_2_addr_1, align 4" [Lab_7_MM_HLS/matrixmul.cpp:186]   --->   Operation 286 'load' 'In_A_2_load' <Predicate = (!icmp_ln178)> <Delay = 2.32> <Core = "RAM">   --->   Core 37 'RAM' <Latency = 1> <II = 1> <Delay = 3.25> <Storage> <Opcode : 'load' 'store'> <Ports = 2> <Width = 32> <Depth = 64> <RAM>
ST_29 : Operation 287 [5/5] (7.25ns)   --->   "%result_1 = fadd float %result_s, %tmp_1" [Lab_7_MM_HLS/matrixmul.cpp:183]   --->   Operation 287 'fadd' 'result_1' <Predicate = (!icmp_ln178)> <Delay = 7.25> <Core = "FAddSub">   --->   Core 105 'FAddSub' <Latency = 4> <II = 1> <Delay = 7.25> <FuncUnit> <Opcode : 'fadd' 'fsub'> <InPorts = 2> <OutPorts = 1>
ST_29 : Operation 288 [1/1] (0.00ns)   --->   "%In_B_2_addr_1 = getelementptr [8 x float]* %In_B_2, i64 0, i64 %zext_ln183" [Lab_7_MM_HLS/matrixmul.cpp:183]   --->   Operation 288 'getelementptr' 'In_B_2_addr_1' <Predicate = (!icmp_ln178)> <Delay = 0.00>
ST_29 : Operation 289 [2/2] (2.32ns)   --->   "%In_B_2_load = load float* %In_B_2_addr_1, align 4" [Lab_7_MM_HLS/matrixmul.cpp:183]   --->   Operation 289 'load' 'In_B_2_load' <Predicate = (!icmp_ln178)> <Delay = 2.32> <Core = "RAM">   --->   Core 37 'RAM' <Latency = 1> <II = 1> <Delay = 3.25> <Storage> <Opcode : 'load' 'store'> <Ports = 2> <Width = 32> <Depth = 64> <RAM>

State 30 <SV = 25> <Delay = 8.02>
ST_30 : Operation 290 [1/2] (2.32ns)   --->   "%In_A_2_load = load float* %In_A_2_addr_1, align 4" [Lab_7_MM_HLS/matrixmul.cpp:186]   --->   Operation 290 'load' 'In_A_2_load' <Predicate = (!icmp_ln178)> <Delay = 2.32> <Core = "RAM">   --->   Core 37 'RAM' <Latency = 1> <II = 1> <Delay = 3.25> <Storage> <Opcode : 'load' 'store'> <Ports = 2> <Width = 32> <Depth = 64> <RAM>
ST_30 : Operation 291 [4/5] (7.25ns)   --->   "%result_1 = fadd float %result_s, %tmp_1" [Lab_7_MM_HLS/matrixmul.cpp:183]   --->   Operation 291 'fadd' 'result_1' <Predicate = (!icmp_ln178)> <Delay = 7.25> <Core = "FAddSub">   --->   Core 105 'FAddSub' <Latency = 4> <II = 1> <Delay = 7.25> <FuncUnit> <Opcode : 'fadd' 'fsub'> <InPorts = 2> <OutPorts = 1>
ST_30 : Operation 292 [1/2] (2.32ns)   --->   "%In_B_2_load = load float* %In_B_2_addr_1, align 4" [Lab_7_MM_HLS/matrixmul.cpp:183]   --->   Operation 292 'load' 'In_B_2_load' <Predicate = (!icmp_ln178)> <Delay = 2.32> <Core = "RAM">   --->   Core 37 'RAM' <Latency = 1> <II = 1> <Delay = 3.25> <Storage> <Opcode : 'load' 'store'> <Ports = 2> <Width = 32> <Depth = 64> <RAM>
ST_30 : Operation 293 [4/4] (5.70ns)   --->   "%tmp_2 = fmul float %In_A_2_load, %In_B_2_load" [Lab_7_MM_HLS/matrixmul.cpp:183]   --->   Operation 293 'fmul' 'tmp_2' <Predicate = (!icmp_ln178)> <Delay = 5.70> <Core = "FMul">   --->   Core 106 'FMul' <Latency = 3> <II = 1> <Delay = 5.70> <FuncUnit> <Opcode : 'fmul'> <InPorts = 2> <OutPorts = 1>

State 31 <SV = 26> <Delay = 7.25>
ST_31 : Operation 294 [3/5] (7.25ns)   --->   "%result_1 = fadd float %result_s, %tmp_1" [Lab_7_MM_HLS/matrixmul.cpp:183]   --->   Operation 294 'fadd' 'result_1' <Predicate = (!icmp_ln178)> <Delay = 7.25> <Core = "FAddSub">   --->   Core 105 'FAddSub' <Latency = 4> <II = 1> <Delay = 7.25> <FuncUnit> <Opcode : 'fadd' 'fsub'> <InPorts = 2> <OutPorts = 1>
ST_31 : Operation 295 [3/4] (5.70ns)   --->   "%tmp_2 = fmul float %In_A_2_load, %In_B_2_load" [Lab_7_MM_HLS/matrixmul.cpp:183]   --->   Operation 295 'fmul' 'tmp_2' <Predicate = (!icmp_ln178)> <Delay = 5.70> <Core = "FMul">   --->   Core 106 'FMul' <Latency = 3> <II = 1> <Delay = 5.70> <FuncUnit> <Opcode : 'fmul'> <InPorts = 2> <OutPorts = 1>

State 32 <SV = 27> <Delay = 7.25>
ST_32 : Operation 296 [2/5] (7.25ns)   --->   "%result_1 = fadd float %result_s, %tmp_1" [Lab_7_MM_HLS/matrixmul.cpp:183]   --->   Operation 296 'fadd' 'result_1' <Predicate = (!icmp_ln178)> <Delay = 7.25> <Core = "FAddSub">   --->   Core 105 'FAddSub' <Latency = 4> <II = 1> <Delay = 7.25> <FuncUnit> <Opcode : 'fadd' 'fsub'> <InPorts = 2> <OutPorts = 1>
ST_32 : Operation 297 [2/4] (5.70ns)   --->   "%tmp_2 = fmul float %In_A_2_load, %In_B_2_load" [Lab_7_MM_HLS/matrixmul.cpp:183]   --->   Operation 297 'fmul' 'tmp_2' <Predicate = (!icmp_ln178)> <Delay = 5.70> <Core = "FMul">   --->   Core 106 'FMul' <Latency = 3> <II = 1> <Delay = 5.70> <FuncUnit> <Opcode : 'fmul'> <InPorts = 2> <OutPorts = 1>

State 33 <SV = 28> <Delay = 7.25>
ST_33 : Operation 298 [1/5] (7.25ns)   --->   "%result_1 = fadd float %result_s, %tmp_1" [Lab_7_MM_HLS/matrixmul.cpp:183]   --->   Operation 298 'fadd' 'result_1' <Predicate = (!icmp_ln178)> <Delay = 7.25> <Core = "FAddSub">   --->   Core 105 'FAddSub' <Latency = 4> <II = 1> <Delay = 7.25> <FuncUnit> <Opcode : 'fadd' 'fsub'> <InPorts = 2> <OutPorts = 1>
ST_33 : Operation 299 [1/4] (5.70ns)   --->   "%tmp_2 = fmul float %In_A_2_load, %In_B_2_load" [Lab_7_MM_HLS/matrixmul.cpp:183]   --->   Operation 299 'fmul' 'tmp_2' <Predicate = (!icmp_ln178)> <Delay = 5.70> <Core = "FMul">   --->   Core 106 'FMul' <Latency = 3> <II = 1> <Delay = 5.70> <FuncUnit> <Opcode : 'fmul'> <InPorts = 2> <OutPorts = 1>

State 34 <SV = 29> <Delay = 7.25>
ST_34 : Operation 300 [1/1] (0.00ns)   --->   "%In_A_3_addr_1 = getelementptr [8 x float]* %In_A_3, i64 0, i64 %zext_ln186" [Lab_7_MM_HLS/matrixmul.cpp:183]   --->   Operation 300 'getelementptr' 'In_A_3_addr_1' <Predicate = (!icmp_ln178)> <Delay = 0.00>
ST_34 : Operation 301 [2/2] (2.32ns)   --->   "%In_A_3_load = load float* %In_A_3_addr_1, align 4" [Lab_7_MM_HLS/matrixmul.cpp:186]   --->   Operation 301 'load' 'In_A_3_load' <Predicate = (!icmp_ln178)> <Delay = 2.32> <Core = "RAM">   --->   Core 37 'RAM' <Latency = 1> <II = 1> <Delay = 3.25> <Storage> <Opcode : 'load' 'store'> <Ports = 2> <Width = 32> <Depth = 64> <RAM>
ST_34 : Operation 302 [5/5] (7.25ns)   --->   "%result_2 = fadd float %result_1, %tmp_2" [Lab_7_MM_HLS/matrixmul.cpp:183]   --->   Operation 302 'fadd' 'result_2' <Predicate = (!icmp_ln178)> <Delay = 7.25> <Core = "FAddSub">   --->   Core 105 'FAddSub' <Latency = 4> <II = 1> <Delay = 7.25> <FuncUnit> <Opcode : 'fadd' 'fsub'> <InPorts = 2> <OutPorts = 1>
ST_34 : Operation 303 [1/1] (0.00ns)   --->   "%In_B_3_addr_1 = getelementptr [8 x float]* %In_B_3, i64 0, i64 %zext_ln183" [Lab_7_MM_HLS/matrixmul.cpp:183]   --->   Operation 303 'getelementptr' 'In_B_3_addr_1' <Predicate = (!icmp_ln178)> <Delay = 0.00>
ST_34 : Operation 304 [2/2] (2.32ns)   --->   "%In_B_3_load = load float* %In_B_3_addr_1, align 4" [Lab_7_MM_HLS/matrixmul.cpp:183]   --->   Operation 304 'load' 'In_B_3_load' <Predicate = (!icmp_ln178)> <Delay = 2.32> <Core = "RAM">   --->   Core 37 'RAM' <Latency = 1> <II = 1> <Delay = 3.25> <Storage> <Opcode : 'load' 'store'> <Ports = 2> <Width = 32> <Depth = 64> <RAM>

State 35 <SV = 30> <Delay = 8.02>
ST_35 : Operation 305 [1/2] (2.32ns)   --->   "%In_A_3_load = load float* %In_A_3_addr_1, align 4" [Lab_7_MM_HLS/matrixmul.cpp:186]   --->   Operation 305 'load' 'In_A_3_load' <Predicate = (!icmp_ln178)> <Delay = 2.32> <Core = "RAM">   --->   Core 37 'RAM' <Latency = 1> <II = 1> <Delay = 3.25> <Storage> <Opcode : 'load' 'store'> <Ports = 2> <Width = 32> <Depth = 64> <RAM>
ST_35 : Operation 306 [4/5] (7.25ns)   --->   "%result_2 = fadd float %result_1, %tmp_2" [Lab_7_MM_HLS/matrixmul.cpp:183]   --->   Operation 306 'fadd' 'result_2' <Predicate = (!icmp_ln178)> <Delay = 7.25> <Core = "FAddSub">   --->   Core 105 'FAddSub' <Latency = 4> <II = 1> <Delay = 7.25> <FuncUnit> <Opcode : 'fadd' 'fsub'> <InPorts = 2> <OutPorts = 1>
ST_35 : Operation 307 [1/2] (2.32ns)   --->   "%In_B_3_load = load float* %In_B_3_addr_1, align 4" [Lab_7_MM_HLS/matrixmul.cpp:183]   --->   Operation 307 'load' 'In_B_3_load' <Predicate = (!icmp_ln178)> <Delay = 2.32> <Core = "RAM">   --->   Core 37 'RAM' <Latency = 1> <II = 1> <Delay = 3.25> <Storage> <Opcode : 'load' 'store'> <Ports = 2> <Width = 32> <Depth = 64> <RAM>
ST_35 : Operation 308 [4/4] (5.70ns)   --->   "%tmp_3 = fmul float %In_A_3_load, %In_B_3_load" [Lab_7_MM_HLS/matrixmul.cpp:183]   --->   Operation 308 'fmul' 'tmp_3' <Predicate = (!icmp_ln178)> <Delay = 5.70> <Core = "FMul">   --->   Core 106 'FMul' <Latency = 3> <II = 1> <Delay = 5.70> <FuncUnit> <Opcode : 'fmul'> <InPorts = 2> <OutPorts = 1>

State 36 <SV = 31> <Delay = 7.25>
ST_36 : Operation 309 [3/5] (7.25ns)   --->   "%result_2 = fadd float %result_1, %tmp_2" [Lab_7_MM_HLS/matrixmul.cpp:183]   --->   Operation 309 'fadd' 'result_2' <Predicate = (!icmp_ln178)> <Delay = 7.25> <Core = "FAddSub">   --->   Core 105 'FAddSub' <Latency = 4> <II = 1> <Delay = 7.25> <FuncUnit> <Opcode : 'fadd' 'fsub'> <InPorts = 2> <OutPorts = 1>
ST_36 : Operation 310 [3/4] (5.70ns)   --->   "%tmp_3 = fmul float %In_A_3_load, %In_B_3_load" [Lab_7_MM_HLS/matrixmul.cpp:183]   --->   Operation 310 'fmul' 'tmp_3' <Predicate = (!icmp_ln178)> <Delay = 5.70> <Core = "FMul">   --->   Core 106 'FMul' <Latency = 3> <II = 1> <Delay = 5.70> <FuncUnit> <Opcode : 'fmul'> <InPorts = 2> <OutPorts = 1>

State 37 <SV = 32> <Delay = 7.25>
ST_37 : Operation 311 [2/5] (7.25ns)   --->   "%result_2 = fadd float %result_1, %tmp_2" [Lab_7_MM_HLS/matrixmul.cpp:183]   --->   Operation 311 'fadd' 'result_2' <Predicate = (!icmp_ln178)> <Delay = 7.25> <Core = "FAddSub">   --->   Core 105 'FAddSub' <Latency = 4> <II = 1> <Delay = 7.25> <FuncUnit> <Opcode : 'fadd' 'fsub'> <InPorts = 2> <OutPorts = 1>
ST_37 : Operation 312 [2/4] (5.70ns)   --->   "%tmp_3 = fmul float %In_A_3_load, %In_B_3_load" [Lab_7_MM_HLS/matrixmul.cpp:183]   --->   Operation 312 'fmul' 'tmp_3' <Predicate = (!icmp_ln178)> <Delay = 5.70> <Core = "FMul">   --->   Core 106 'FMul' <Latency = 3> <II = 1> <Delay = 5.70> <FuncUnit> <Opcode : 'fmul'> <InPorts = 2> <OutPorts = 1>

State 38 <SV = 33> <Delay = 7.25>
ST_38 : Operation 313 [1/5] (7.25ns)   --->   "%result_2 = fadd float %result_1, %tmp_2" [Lab_7_MM_HLS/matrixmul.cpp:183]   --->   Operation 313 'fadd' 'result_2' <Predicate = (!icmp_ln178)> <Delay = 7.25> <Core = "FAddSub">   --->   Core 105 'FAddSub' <Latency = 4> <II = 1> <Delay = 7.25> <FuncUnit> <Opcode : 'fadd' 'fsub'> <InPorts = 2> <OutPorts = 1>
ST_38 : Operation 314 [1/4] (5.70ns)   --->   "%tmp_3 = fmul float %In_A_3_load, %In_B_3_load" [Lab_7_MM_HLS/matrixmul.cpp:183]   --->   Operation 314 'fmul' 'tmp_3' <Predicate = (!icmp_ln178)> <Delay = 5.70> <Core = "FMul">   --->   Core 106 'FMul' <Latency = 3> <II = 1> <Delay = 5.70> <FuncUnit> <Opcode : 'fmul'> <InPorts = 2> <OutPorts = 1>

State 39 <SV = 34> <Delay = 7.25>
ST_39 : Operation 315 [1/1] (0.00ns)   --->   "%In_A_4_addr_1 = getelementptr [8 x float]* %In_A_4, i64 0, i64 %zext_ln186" [Lab_7_MM_HLS/matrixmul.cpp:183]   --->   Operation 315 'getelementptr' 'In_A_4_addr_1' <Predicate = (!icmp_ln178)> <Delay = 0.00>
ST_39 : Operation 316 [2/2] (2.32ns)   --->   "%In_A_4_load = load float* %In_A_4_addr_1, align 4" [Lab_7_MM_HLS/matrixmul.cpp:186]   --->   Operation 316 'load' 'In_A_4_load' <Predicate = (!icmp_ln178)> <Delay = 2.32> <Core = "RAM">   --->   Core 37 'RAM' <Latency = 1> <II = 1> <Delay = 3.25> <Storage> <Opcode : 'load' 'store'> <Ports = 2> <Width = 32> <Depth = 64> <RAM>
ST_39 : Operation 317 [5/5] (7.25ns)   --->   "%result_3 = fadd float %result_2, %tmp_3" [Lab_7_MM_HLS/matrixmul.cpp:183]   --->   Operation 317 'fadd' 'result_3' <Predicate = (!icmp_ln178)> <Delay = 7.25> <Core = "FAddSub">   --->   Core 105 'FAddSub' <Latency = 4> <II = 1> <Delay = 7.25> <FuncUnit> <Opcode : 'fadd' 'fsub'> <InPorts = 2> <OutPorts = 1>
ST_39 : Operation 318 [1/1] (0.00ns)   --->   "%In_B_4_addr_1 = getelementptr [8 x float]* %In_B_4, i64 0, i64 %zext_ln183" [Lab_7_MM_HLS/matrixmul.cpp:183]   --->   Operation 318 'getelementptr' 'In_B_4_addr_1' <Predicate = (!icmp_ln178)> <Delay = 0.00>
ST_39 : Operation 319 [2/2] (2.32ns)   --->   "%In_B_4_load = load float* %In_B_4_addr_1, align 4" [Lab_7_MM_HLS/matrixmul.cpp:183]   --->   Operation 319 'load' 'In_B_4_load' <Predicate = (!icmp_ln178)> <Delay = 2.32> <Core = "RAM">   --->   Core 37 'RAM' <Latency = 1> <II = 1> <Delay = 3.25> <Storage> <Opcode : 'load' 'store'> <Ports = 2> <Width = 32> <Depth = 64> <RAM>

State 40 <SV = 35> <Delay = 8.02>
ST_40 : Operation 320 [1/2] (2.32ns)   --->   "%In_A_4_load = load float* %In_A_4_addr_1, align 4" [Lab_7_MM_HLS/matrixmul.cpp:186]   --->   Operation 320 'load' 'In_A_4_load' <Predicate = (!icmp_ln178)> <Delay = 2.32> <Core = "RAM">   --->   Core 37 'RAM' <Latency = 1> <II = 1> <Delay = 3.25> <Storage> <Opcode : 'load' 'store'> <Ports = 2> <Width = 32> <Depth = 64> <RAM>
ST_40 : Operation 321 [4/5] (7.25ns)   --->   "%result_3 = fadd float %result_2, %tmp_3" [Lab_7_MM_HLS/matrixmul.cpp:183]   --->   Operation 321 'fadd' 'result_3' <Predicate = (!icmp_ln178)> <Delay = 7.25> <Core = "FAddSub">   --->   Core 105 'FAddSub' <Latency = 4> <II = 1> <Delay = 7.25> <FuncUnit> <Opcode : 'fadd' 'fsub'> <InPorts = 2> <OutPorts = 1>
ST_40 : Operation 322 [1/2] (2.32ns)   --->   "%In_B_4_load = load float* %In_B_4_addr_1, align 4" [Lab_7_MM_HLS/matrixmul.cpp:183]   --->   Operation 322 'load' 'In_B_4_load' <Predicate = (!icmp_ln178)> <Delay = 2.32> <Core = "RAM">   --->   Core 37 'RAM' <Latency = 1> <II = 1> <Delay = 3.25> <Storage> <Opcode : 'load' 'store'> <Ports = 2> <Width = 32> <Depth = 64> <RAM>
ST_40 : Operation 323 [4/4] (5.70ns)   --->   "%tmp_4 = fmul float %In_A_4_load, %In_B_4_load" [Lab_7_MM_HLS/matrixmul.cpp:183]   --->   Operation 323 'fmul' 'tmp_4' <Predicate = (!icmp_ln178)> <Delay = 5.70> <Core = "FMul">   --->   Core 106 'FMul' <Latency = 3> <II = 1> <Delay = 5.70> <FuncUnit> <Opcode : 'fmul'> <InPorts = 2> <OutPorts = 1>

State 41 <SV = 36> <Delay = 7.25>
ST_41 : Operation 324 [3/5] (7.25ns)   --->   "%result_3 = fadd float %result_2, %tmp_3" [Lab_7_MM_HLS/matrixmul.cpp:183]   --->   Operation 324 'fadd' 'result_3' <Predicate = (!icmp_ln178)> <Delay = 7.25> <Core = "FAddSub">   --->   Core 105 'FAddSub' <Latency = 4> <II = 1> <Delay = 7.25> <FuncUnit> <Opcode : 'fadd' 'fsub'> <InPorts = 2> <OutPorts = 1>
ST_41 : Operation 325 [3/4] (5.70ns)   --->   "%tmp_4 = fmul float %In_A_4_load, %In_B_4_load" [Lab_7_MM_HLS/matrixmul.cpp:183]   --->   Operation 325 'fmul' 'tmp_4' <Predicate = (!icmp_ln178)> <Delay = 5.70> <Core = "FMul">   --->   Core 106 'FMul' <Latency = 3> <II = 1> <Delay = 5.70> <FuncUnit> <Opcode : 'fmul'> <InPorts = 2> <OutPorts = 1>

State 42 <SV = 37> <Delay = 7.25>
ST_42 : Operation 326 [2/5] (7.25ns)   --->   "%result_3 = fadd float %result_2, %tmp_3" [Lab_7_MM_HLS/matrixmul.cpp:183]   --->   Operation 326 'fadd' 'result_3' <Predicate = (!icmp_ln178)> <Delay = 7.25> <Core = "FAddSub">   --->   Core 105 'FAddSub' <Latency = 4> <II = 1> <Delay = 7.25> <FuncUnit> <Opcode : 'fadd' 'fsub'> <InPorts = 2> <OutPorts = 1>
ST_42 : Operation 327 [2/4] (5.70ns)   --->   "%tmp_4 = fmul float %In_A_4_load, %In_B_4_load" [Lab_7_MM_HLS/matrixmul.cpp:183]   --->   Operation 327 'fmul' 'tmp_4' <Predicate = (!icmp_ln178)> <Delay = 5.70> <Core = "FMul">   --->   Core 106 'FMul' <Latency = 3> <II = 1> <Delay = 5.70> <FuncUnit> <Opcode : 'fmul'> <InPorts = 2> <OutPorts = 1>

State 43 <SV = 38> <Delay = 7.25>
ST_43 : Operation 328 [1/5] (7.25ns)   --->   "%result_3 = fadd float %result_2, %tmp_3" [Lab_7_MM_HLS/matrixmul.cpp:183]   --->   Operation 328 'fadd' 'result_3' <Predicate = (!icmp_ln178)> <Delay = 7.25> <Core = "FAddSub">   --->   Core 105 'FAddSub' <Latency = 4> <II = 1> <Delay = 7.25> <FuncUnit> <Opcode : 'fadd' 'fsub'> <InPorts = 2> <OutPorts = 1>
ST_43 : Operation 329 [1/4] (5.70ns)   --->   "%tmp_4 = fmul float %In_A_4_load, %In_B_4_load" [Lab_7_MM_HLS/matrixmul.cpp:183]   --->   Operation 329 'fmul' 'tmp_4' <Predicate = (!icmp_ln178)> <Delay = 5.70> <Core = "FMul">   --->   Core 106 'FMul' <Latency = 3> <II = 1> <Delay = 5.70> <FuncUnit> <Opcode : 'fmul'> <InPorts = 2> <OutPorts = 1>

State 44 <SV = 39> <Delay = 7.25>
ST_44 : Operation 330 [1/1] (0.00ns)   --->   "%In_A_5_addr_1 = getelementptr [8 x float]* %In_A_5, i64 0, i64 %zext_ln186" [Lab_7_MM_HLS/matrixmul.cpp:183]   --->   Operation 330 'getelementptr' 'In_A_5_addr_1' <Predicate = (!icmp_ln178)> <Delay = 0.00>
ST_44 : Operation 331 [2/2] (2.32ns)   --->   "%In_A_5_load = load float* %In_A_5_addr_1, align 4" [Lab_7_MM_HLS/matrixmul.cpp:186]   --->   Operation 331 'load' 'In_A_5_load' <Predicate = (!icmp_ln178)> <Delay = 2.32> <Core = "RAM">   --->   Core 37 'RAM' <Latency = 1> <II = 1> <Delay = 3.25> <Storage> <Opcode : 'load' 'store'> <Ports = 2> <Width = 32> <Depth = 64> <RAM>
ST_44 : Operation 332 [5/5] (7.25ns)   --->   "%result_4 = fadd float %result_3, %tmp_4" [Lab_7_MM_HLS/matrixmul.cpp:183]   --->   Operation 332 'fadd' 'result_4' <Predicate = (!icmp_ln178)> <Delay = 7.25> <Core = "FAddSub">   --->   Core 105 'FAddSub' <Latency = 4> <II = 1> <Delay = 7.25> <FuncUnit> <Opcode : 'fadd' 'fsub'> <InPorts = 2> <OutPorts = 1>
ST_44 : Operation 333 [1/1] (0.00ns)   --->   "%In_B_5_addr_1 = getelementptr [8 x float]* %In_B_5, i64 0, i64 %zext_ln183" [Lab_7_MM_HLS/matrixmul.cpp:183]   --->   Operation 333 'getelementptr' 'In_B_5_addr_1' <Predicate = (!icmp_ln178)> <Delay = 0.00>
ST_44 : Operation 334 [2/2] (2.32ns)   --->   "%In_B_5_load = load float* %In_B_5_addr_1, align 4" [Lab_7_MM_HLS/matrixmul.cpp:183]   --->   Operation 334 'load' 'In_B_5_load' <Predicate = (!icmp_ln178)> <Delay = 2.32> <Core = "RAM">   --->   Core 37 'RAM' <Latency = 1> <II = 1> <Delay = 3.25> <Storage> <Opcode : 'load' 'store'> <Ports = 2> <Width = 32> <Depth = 64> <RAM>

State 45 <SV = 40> <Delay = 8.02>
ST_45 : Operation 335 [1/2] (2.32ns)   --->   "%In_A_5_load = load float* %In_A_5_addr_1, align 4" [Lab_7_MM_HLS/matrixmul.cpp:186]   --->   Operation 335 'load' 'In_A_5_load' <Predicate = (!icmp_ln178)> <Delay = 2.32> <Core = "RAM">   --->   Core 37 'RAM' <Latency = 1> <II = 1> <Delay = 3.25> <Storage> <Opcode : 'load' 'store'> <Ports = 2> <Width = 32> <Depth = 64> <RAM>
ST_45 : Operation 336 [4/5] (7.25ns)   --->   "%result_4 = fadd float %result_3, %tmp_4" [Lab_7_MM_HLS/matrixmul.cpp:183]   --->   Operation 336 'fadd' 'result_4' <Predicate = (!icmp_ln178)> <Delay = 7.25> <Core = "FAddSub">   --->   Core 105 'FAddSub' <Latency = 4> <II = 1> <Delay = 7.25> <FuncUnit> <Opcode : 'fadd' 'fsub'> <InPorts = 2> <OutPorts = 1>
ST_45 : Operation 337 [1/2] (2.32ns)   --->   "%In_B_5_load = load float* %In_B_5_addr_1, align 4" [Lab_7_MM_HLS/matrixmul.cpp:183]   --->   Operation 337 'load' 'In_B_5_load' <Predicate = (!icmp_ln178)> <Delay = 2.32> <Core = "RAM">   --->   Core 37 'RAM' <Latency = 1> <II = 1> <Delay = 3.25> <Storage> <Opcode : 'load' 'store'> <Ports = 2> <Width = 32> <Depth = 64> <RAM>
ST_45 : Operation 338 [4/4] (5.70ns)   --->   "%tmp_5 = fmul float %In_A_5_load, %In_B_5_load" [Lab_7_MM_HLS/matrixmul.cpp:183]   --->   Operation 338 'fmul' 'tmp_5' <Predicate = (!icmp_ln178)> <Delay = 5.70> <Core = "FMul">   --->   Core 106 'FMul' <Latency = 3> <II = 1> <Delay = 5.70> <FuncUnit> <Opcode : 'fmul'> <InPorts = 2> <OutPorts = 1>

State 46 <SV = 41> <Delay = 7.25>
ST_46 : Operation 339 [3/5] (7.25ns)   --->   "%result_4 = fadd float %result_3, %tmp_4" [Lab_7_MM_HLS/matrixmul.cpp:183]   --->   Operation 339 'fadd' 'result_4' <Predicate = (!icmp_ln178)> <Delay = 7.25> <Core = "FAddSub">   --->   Core 105 'FAddSub' <Latency = 4> <II = 1> <Delay = 7.25> <FuncUnit> <Opcode : 'fadd' 'fsub'> <InPorts = 2> <OutPorts = 1>
ST_46 : Operation 340 [3/4] (5.70ns)   --->   "%tmp_5 = fmul float %In_A_5_load, %In_B_5_load" [Lab_7_MM_HLS/matrixmul.cpp:183]   --->   Operation 340 'fmul' 'tmp_5' <Predicate = (!icmp_ln178)> <Delay = 5.70> <Core = "FMul">   --->   Core 106 'FMul' <Latency = 3> <II = 1> <Delay = 5.70> <FuncUnit> <Opcode : 'fmul'> <InPorts = 2> <OutPorts = 1>

State 47 <SV = 42> <Delay = 7.25>
ST_47 : Operation 341 [2/5] (7.25ns)   --->   "%result_4 = fadd float %result_3, %tmp_4" [Lab_7_MM_HLS/matrixmul.cpp:183]   --->   Operation 341 'fadd' 'result_4' <Predicate = (!icmp_ln178)> <Delay = 7.25> <Core = "FAddSub">   --->   Core 105 'FAddSub' <Latency = 4> <II = 1> <Delay = 7.25> <FuncUnit> <Opcode : 'fadd' 'fsub'> <InPorts = 2> <OutPorts = 1>
ST_47 : Operation 342 [2/4] (5.70ns)   --->   "%tmp_5 = fmul float %In_A_5_load, %In_B_5_load" [Lab_7_MM_HLS/matrixmul.cpp:183]   --->   Operation 342 'fmul' 'tmp_5' <Predicate = (!icmp_ln178)> <Delay = 5.70> <Core = "FMul">   --->   Core 106 'FMul' <Latency = 3> <II = 1> <Delay = 5.70> <FuncUnit> <Opcode : 'fmul'> <InPorts = 2> <OutPorts = 1>

State 48 <SV = 43> <Delay = 7.25>
ST_48 : Operation 343 [1/5] (7.25ns)   --->   "%result_4 = fadd float %result_3, %tmp_4" [Lab_7_MM_HLS/matrixmul.cpp:183]   --->   Operation 343 'fadd' 'result_4' <Predicate = (!icmp_ln178)> <Delay = 7.25> <Core = "FAddSub">   --->   Core 105 'FAddSub' <Latency = 4> <II = 1> <Delay = 7.25> <FuncUnit> <Opcode : 'fadd' 'fsub'> <InPorts = 2> <OutPorts = 1>
ST_48 : Operation 344 [1/4] (5.70ns)   --->   "%tmp_5 = fmul float %In_A_5_load, %In_B_5_load" [Lab_7_MM_HLS/matrixmul.cpp:183]   --->   Operation 344 'fmul' 'tmp_5' <Predicate = (!icmp_ln178)> <Delay = 5.70> <Core = "FMul">   --->   Core 106 'FMul' <Latency = 3> <II = 1> <Delay = 5.70> <FuncUnit> <Opcode : 'fmul'> <InPorts = 2> <OutPorts = 1>

State 49 <SV = 44> <Delay = 7.25>
ST_49 : Operation 345 [1/1] (0.00ns)   --->   "%In_A_6_addr_1 = getelementptr [8 x float]* %In_A_6, i64 0, i64 %zext_ln186" [Lab_7_MM_HLS/matrixmul.cpp:183]   --->   Operation 345 'getelementptr' 'In_A_6_addr_1' <Predicate = (!icmp_ln178)> <Delay = 0.00>
ST_49 : Operation 346 [2/2] (2.32ns)   --->   "%In_A_6_load = load float* %In_A_6_addr_1, align 4" [Lab_7_MM_HLS/matrixmul.cpp:186]   --->   Operation 346 'load' 'In_A_6_load' <Predicate = (!icmp_ln178)> <Delay = 2.32> <Core = "RAM">   --->   Core 37 'RAM' <Latency = 1> <II = 1> <Delay = 3.25> <Storage> <Opcode : 'load' 'store'> <Ports = 2> <Width = 32> <Depth = 64> <RAM>
ST_49 : Operation 347 [5/5] (7.25ns)   --->   "%result_5 = fadd float %result_4, %tmp_5" [Lab_7_MM_HLS/matrixmul.cpp:183]   --->   Operation 347 'fadd' 'result_5' <Predicate = (!icmp_ln178)> <Delay = 7.25> <Core = "FAddSub">   --->   Core 105 'FAddSub' <Latency = 4> <II = 1> <Delay = 7.25> <FuncUnit> <Opcode : 'fadd' 'fsub'> <InPorts = 2> <OutPorts = 1>
ST_49 : Operation 348 [1/1] (0.00ns)   --->   "%In_B_6_addr_1 = getelementptr [8 x float]* %In_B_6, i64 0, i64 %zext_ln183" [Lab_7_MM_HLS/matrixmul.cpp:183]   --->   Operation 348 'getelementptr' 'In_B_6_addr_1' <Predicate = (!icmp_ln178)> <Delay = 0.00>
ST_49 : Operation 349 [2/2] (2.32ns)   --->   "%In_B_6_load = load float* %In_B_6_addr_1, align 4" [Lab_7_MM_HLS/matrixmul.cpp:183]   --->   Operation 349 'load' 'In_B_6_load' <Predicate = (!icmp_ln178)> <Delay = 2.32> <Core = "RAM">   --->   Core 37 'RAM' <Latency = 1> <II = 1> <Delay = 3.25> <Storage> <Opcode : 'load' 'store'> <Ports = 2> <Width = 32> <Depth = 64> <RAM>

State 50 <SV = 45> <Delay = 8.02>
ST_50 : Operation 350 [1/2] (2.32ns)   --->   "%In_A_6_load = load float* %In_A_6_addr_1, align 4" [Lab_7_MM_HLS/matrixmul.cpp:186]   --->   Operation 350 'load' 'In_A_6_load' <Predicate = (!icmp_ln178)> <Delay = 2.32> <Core = "RAM">   --->   Core 37 'RAM' <Latency = 1> <II = 1> <Delay = 3.25> <Storage> <Opcode : 'load' 'store'> <Ports = 2> <Width = 32> <Depth = 64> <RAM>
ST_50 : Operation 351 [4/5] (7.25ns)   --->   "%result_5 = fadd float %result_4, %tmp_5" [Lab_7_MM_HLS/matrixmul.cpp:183]   --->   Operation 351 'fadd' 'result_5' <Predicate = (!icmp_ln178)> <Delay = 7.25> <Core = "FAddSub">   --->   Core 105 'FAddSub' <Latency = 4> <II = 1> <Delay = 7.25> <FuncUnit> <Opcode : 'fadd' 'fsub'> <InPorts = 2> <OutPorts = 1>
ST_50 : Operation 352 [1/2] (2.32ns)   --->   "%In_B_6_load = load float* %In_B_6_addr_1, align 4" [Lab_7_MM_HLS/matrixmul.cpp:183]   --->   Operation 352 'load' 'In_B_6_load' <Predicate = (!icmp_ln178)> <Delay = 2.32> <Core = "RAM">   --->   Core 37 'RAM' <Latency = 1> <II = 1> <Delay = 3.25> <Storage> <Opcode : 'load' 'store'> <Ports = 2> <Width = 32> <Depth = 64> <RAM>
ST_50 : Operation 353 [4/4] (5.70ns)   --->   "%tmp_6 = fmul float %In_A_6_load, %In_B_6_load" [Lab_7_MM_HLS/matrixmul.cpp:183]   --->   Operation 353 'fmul' 'tmp_6' <Predicate = (!icmp_ln178)> <Delay = 5.70> <Core = "FMul">   --->   Core 106 'FMul' <Latency = 3> <II = 1> <Delay = 5.70> <FuncUnit> <Opcode : 'fmul'> <InPorts = 2> <OutPorts = 1>

State 51 <SV = 46> <Delay = 7.25>
ST_51 : Operation 354 [3/5] (7.25ns)   --->   "%result_5 = fadd float %result_4, %tmp_5" [Lab_7_MM_HLS/matrixmul.cpp:183]   --->   Operation 354 'fadd' 'result_5' <Predicate = (!icmp_ln178)> <Delay = 7.25> <Core = "FAddSub">   --->   Core 105 'FAddSub' <Latency = 4> <II = 1> <Delay = 7.25> <FuncUnit> <Opcode : 'fadd' 'fsub'> <InPorts = 2> <OutPorts = 1>
ST_51 : Operation 355 [3/4] (5.70ns)   --->   "%tmp_6 = fmul float %In_A_6_load, %In_B_6_load" [Lab_7_MM_HLS/matrixmul.cpp:183]   --->   Operation 355 'fmul' 'tmp_6' <Predicate = (!icmp_ln178)> <Delay = 5.70> <Core = "FMul">   --->   Core 106 'FMul' <Latency = 3> <II = 1> <Delay = 5.70> <FuncUnit> <Opcode : 'fmul'> <InPorts = 2> <OutPorts = 1>

State 52 <SV = 47> <Delay = 7.25>
ST_52 : Operation 356 [2/5] (7.25ns)   --->   "%result_5 = fadd float %result_4, %tmp_5" [Lab_7_MM_HLS/matrixmul.cpp:183]   --->   Operation 356 'fadd' 'result_5' <Predicate = (!icmp_ln178)> <Delay = 7.25> <Core = "FAddSub">   --->   Core 105 'FAddSub' <Latency = 4> <II = 1> <Delay = 7.25> <FuncUnit> <Opcode : 'fadd' 'fsub'> <InPorts = 2> <OutPorts = 1>
ST_52 : Operation 357 [2/4] (5.70ns)   --->   "%tmp_6 = fmul float %In_A_6_load, %In_B_6_load" [Lab_7_MM_HLS/matrixmul.cpp:183]   --->   Operation 357 'fmul' 'tmp_6' <Predicate = (!icmp_ln178)> <Delay = 5.70> <Core = "FMul">   --->   Core 106 'FMul' <Latency = 3> <II = 1> <Delay = 5.70> <FuncUnit> <Opcode : 'fmul'> <InPorts = 2> <OutPorts = 1>

State 53 <SV = 48> <Delay = 7.25>
ST_53 : Operation 358 [1/5] (7.25ns)   --->   "%result_5 = fadd float %result_4, %tmp_5" [Lab_7_MM_HLS/matrixmul.cpp:183]   --->   Operation 358 'fadd' 'result_5' <Predicate = (!icmp_ln178)> <Delay = 7.25> <Core = "FAddSub">   --->   Core 105 'FAddSub' <Latency = 4> <II = 1> <Delay = 7.25> <FuncUnit> <Opcode : 'fadd' 'fsub'> <InPorts = 2> <OutPorts = 1>
ST_53 : Operation 359 [1/4] (5.70ns)   --->   "%tmp_6 = fmul float %In_A_6_load, %In_B_6_load" [Lab_7_MM_HLS/matrixmul.cpp:183]   --->   Operation 359 'fmul' 'tmp_6' <Predicate = (!icmp_ln178)> <Delay = 5.70> <Core = "FMul">   --->   Core 106 'FMul' <Latency = 3> <II = 1> <Delay = 5.70> <FuncUnit> <Opcode : 'fmul'> <InPorts = 2> <OutPorts = 1>

State 54 <SV = 49> <Delay = 7.25>
ST_54 : Operation 360 [1/1] (0.00ns)   --->   "%In_A_7_addr_1 = getelementptr [8 x float]* %In_A_7, i64 0, i64 %zext_ln186" [Lab_7_MM_HLS/matrixmul.cpp:183]   --->   Operation 360 'getelementptr' 'In_A_7_addr_1' <Predicate = (!icmp_ln178)> <Delay = 0.00>
ST_54 : Operation 361 [2/2] (2.32ns)   --->   "%In_A_7_load = load float* %In_A_7_addr_1, align 4" [Lab_7_MM_HLS/matrixmul.cpp:186]   --->   Operation 361 'load' 'In_A_7_load' <Predicate = (!icmp_ln178)> <Delay = 2.32> <Core = "RAM">   --->   Core 37 'RAM' <Latency = 1> <II = 1> <Delay = 3.25> <Storage> <Opcode : 'load' 'store'> <Ports = 2> <Width = 32> <Depth = 64> <RAM>
ST_54 : Operation 362 [5/5] (7.25ns)   --->   "%result_6 = fadd float %result_5, %tmp_6" [Lab_7_MM_HLS/matrixmul.cpp:183]   --->   Operation 362 'fadd' 'result_6' <Predicate = (!icmp_ln178)> <Delay = 7.25> <Core = "FAddSub">   --->   Core 105 'FAddSub' <Latency = 4> <II = 1> <Delay = 7.25> <FuncUnit> <Opcode : 'fadd' 'fsub'> <InPorts = 2> <OutPorts = 1>
ST_54 : Operation 363 [1/1] (0.00ns)   --->   "%In_B_7_addr_1 = getelementptr [8 x float]* %In_B_7, i64 0, i64 %zext_ln183" [Lab_7_MM_HLS/matrixmul.cpp:183]   --->   Operation 363 'getelementptr' 'In_B_7_addr_1' <Predicate = (!icmp_ln178)> <Delay = 0.00>
ST_54 : Operation 364 [2/2] (2.32ns)   --->   "%In_B_7_load = load float* %In_B_7_addr_1, align 4" [Lab_7_MM_HLS/matrixmul.cpp:183]   --->   Operation 364 'load' 'In_B_7_load' <Predicate = (!icmp_ln178)> <Delay = 2.32> <Core = "RAM">   --->   Core 37 'RAM' <Latency = 1> <II = 1> <Delay = 3.25> <Storage> <Opcode : 'load' 'store'> <Ports = 2> <Width = 32> <Depth = 64> <RAM>

State 55 <SV = 50> <Delay = 8.02>
ST_55 : Operation 365 [1/2] (2.32ns)   --->   "%In_A_7_load = load float* %In_A_7_addr_1, align 4" [Lab_7_MM_HLS/matrixmul.cpp:186]   --->   Operation 365 'load' 'In_A_7_load' <Predicate = (!icmp_ln178)> <Delay = 2.32> <Core = "RAM">   --->   Core 37 'RAM' <Latency = 1> <II = 1> <Delay = 3.25> <Storage> <Opcode : 'load' 'store'> <Ports = 2> <Width = 32> <Depth = 64> <RAM>
ST_55 : Operation 366 [4/5] (7.25ns)   --->   "%result_6 = fadd float %result_5, %tmp_6" [Lab_7_MM_HLS/matrixmul.cpp:183]   --->   Operation 366 'fadd' 'result_6' <Predicate = (!icmp_ln178)> <Delay = 7.25> <Core = "FAddSub">   --->   Core 105 'FAddSub' <Latency = 4> <II = 1> <Delay = 7.25> <FuncUnit> <Opcode : 'fadd' 'fsub'> <InPorts = 2> <OutPorts = 1>
ST_55 : Operation 367 [1/2] (2.32ns)   --->   "%In_B_7_load = load float* %In_B_7_addr_1, align 4" [Lab_7_MM_HLS/matrixmul.cpp:183]   --->   Operation 367 'load' 'In_B_7_load' <Predicate = (!icmp_ln178)> <Delay = 2.32> <Core = "RAM">   --->   Core 37 'RAM' <Latency = 1> <II = 1> <Delay = 3.25> <Storage> <Opcode : 'load' 'store'> <Ports = 2> <Width = 32> <Depth = 64> <RAM>
ST_55 : Operation 368 [4/4] (5.70ns)   --->   "%tmp_7 = fmul float %In_A_7_load, %In_B_7_load" [Lab_7_MM_HLS/matrixmul.cpp:183]   --->   Operation 368 'fmul' 'tmp_7' <Predicate = (!icmp_ln178)> <Delay = 5.70> <Core = "FMul">   --->   Core 106 'FMul' <Latency = 3> <II = 1> <Delay = 5.70> <FuncUnit> <Opcode : 'fmul'> <InPorts = 2> <OutPorts = 1>

State 56 <SV = 51> <Delay = 7.25>
ST_56 : Operation 369 [3/5] (7.25ns)   --->   "%result_6 = fadd float %result_5, %tmp_6" [Lab_7_MM_HLS/matrixmul.cpp:183]   --->   Operation 369 'fadd' 'result_6' <Predicate = (!icmp_ln178)> <Delay = 7.25> <Core = "FAddSub">   --->   Core 105 'FAddSub' <Latency = 4> <II = 1> <Delay = 7.25> <FuncUnit> <Opcode : 'fadd' 'fsub'> <InPorts = 2> <OutPorts = 1>
ST_56 : Operation 370 [3/4] (5.70ns)   --->   "%tmp_7 = fmul float %In_A_7_load, %In_B_7_load" [Lab_7_MM_HLS/matrixmul.cpp:183]   --->   Operation 370 'fmul' 'tmp_7' <Predicate = (!icmp_ln178)> <Delay = 5.70> <Core = "FMul">   --->   Core 106 'FMul' <Latency = 3> <II = 1> <Delay = 5.70> <FuncUnit> <Opcode : 'fmul'> <InPorts = 2> <OutPorts = 1>

State 57 <SV = 52> <Delay = 7.25>
ST_57 : Operation 371 [2/5] (7.25ns)   --->   "%result_6 = fadd float %result_5, %tmp_6" [Lab_7_MM_HLS/matrixmul.cpp:183]   --->   Operation 371 'fadd' 'result_6' <Predicate = (!icmp_ln178)> <Delay = 7.25> <Core = "FAddSub">   --->   Core 105 'FAddSub' <Latency = 4> <II = 1> <Delay = 7.25> <FuncUnit> <Opcode : 'fadd' 'fsub'> <InPorts = 2> <OutPorts = 1>
ST_57 : Operation 372 [2/4] (5.70ns)   --->   "%tmp_7 = fmul float %In_A_7_load, %In_B_7_load" [Lab_7_MM_HLS/matrixmul.cpp:183]   --->   Operation 372 'fmul' 'tmp_7' <Predicate = (!icmp_ln178)> <Delay = 5.70> <Core = "FMul">   --->   Core 106 'FMul' <Latency = 3> <II = 1> <Delay = 5.70> <FuncUnit> <Opcode : 'fmul'> <InPorts = 2> <OutPorts = 1>

State 58 <SV = 53> <Delay = 7.25>
ST_58 : Operation 373 [1/5] (7.25ns)   --->   "%result_6 = fadd float %result_5, %tmp_6" [Lab_7_MM_HLS/matrixmul.cpp:183]   --->   Operation 373 'fadd' 'result_6' <Predicate = (!icmp_ln178)> <Delay = 7.25> <Core = "FAddSub">   --->   Core 105 'FAddSub' <Latency = 4> <II = 1> <Delay = 7.25> <FuncUnit> <Opcode : 'fadd' 'fsub'> <InPorts = 2> <OutPorts = 1>
ST_58 : Operation 374 [1/4] (5.70ns)   --->   "%tmp_7 = fmul float %In_A_7_load, %In_B_7_load" [Lab_7_MM_HLS/matrixmul.cpp:183]   --->   Operation 374 'fmul' 'tmp_7' <Predicate = (!icmp_ln178)> <Delay = 5.70> <Core = "FMul">   --->   Core 106 'FMul' <Latency = 3> <II = 1> <Delay = 5.70> <FuncUnit> <Opcode : 'fmul'> <InPorts = 2> <OutPorts = 1>

State 59 <SV = 54> <Delay = 7.25>
ST_59 : Operation 375 [5/5] (7.25ns)   --->   "%result_7 = fadd float %result_6, %tmp_7" [Lab_7_MM_HLS/matrixmul.cpp:183]   --->   Operation 375 'fadd' 'result_7' <Predicate = (!icmp_ln178)> <Delay = 7.25> <Core = "FAddSub">   --->   Core 105 'FAddSub' <Latency = 4> <II = 1> <Delay = 7.25> <FuncUnit> <Opcode : 'fadd' 'fsub'> <InPorts = 2> <OutPorts = 1>

State 60 <SV = 55> <Delay = 7.25>
ST_60 : Operation 376 [4/5] (7.25ns)   --->   "%result_7 = fadd float %result_6, %tmp_7" [Lab_7_MM_HLS/matrixmul.cpp:183]   --->   Operation 376 'fadd' 'result_7' <Predicate = (!icmp_ln178)> <Delay = 7.25> <Core = "FAddSub">   --->   Core 105 'FAddSub' <Latency = 4> <II = 1> <Delay = 7.25> <FuncUnit> <Opcode : 'fadd' 'fsub'> <InPorts = 2> <OutPorts = 1>

State 61 <SV = 56> <Delay = 7.25>
ST_61 : Operation 377 [3/5] (7.25ns)   --->   "%result_7 = fadd float %result_6, %tmp_7" [Lab_7_MM_HLS/matrixmul.cpp:183]   --->   Operation 377 'fadd' 'result_7' <Predicate = (!icmp_ln178)> <Delay = 7.25> <Core = "FAddSub">   --->   Core 105 'FAddSub' <Latency = 4> <II = 1> <Delay = 7.25> <FuncUnit> <Opcode : 'fadd' 'fsub'> <InPorts = 2> <OutPorts = 1>

State 62 <SV = 57> <Delay = 7.25>
ST_62 : Operation 378 [2/5] (7.25ns)   --->   "%result_7 = fadd float %result_6, %tmp_7" [Lab_7_MM_HLS/matrixmul.cpp:183]   --->   Operation 378 'fadd' 'result_7' <Predicate = (!icmp_ln178)> <Delay = 7.25> <Core = "FAddSub">   --->   Core 105 'FAddSub' <Latency = 4> <II = 1> <Delay = 7.25> <FuncUnit> <Opcode : 'fadd' 'fsub'> <InPorts = 2> <OutPorts = 1>

State 63 <SV = 58> <Delay = 7.25>
ST_63 : Operation 379 [1/5] (7.25ns)   --->   "%result_7 = fadd float %result_6, %tmp_7" [Lab_7_MM_HLS/matrixmul.cpp:183]   --->   Operation 379 'fadd' 'result_7' <Predicate = (!icmp_ln178)> <Delay = 7.25> <Core = "FAddSub">   --->   Core 105 'FAddSub' <Latency = 4> <II = 1> <Delay = 7.25> <FuncUnit> <Opcode : 'fadd' 'fsub'> <InPorts = 2> <OutPorts = 1>

State 64 <SV = 59> <Delay = 3.25>
ST_64 : Operation 380 [1/1] (0.00ns)   --->   "call void (...)* @_ssdm_op_SpecLoopName([20 x i8]* @loop1_row_loop2_col_s)"   --->   Operation 380 'specloopname' <Predicate = (!icmp_ln178)> <Delay = 0.00>
ST_64 : Operation 381 [1/1] (0.00ns)   --->   "%empty_11 = call i32 (...)* @_ssdm_op_SpecLoopTripCount(i64 64, i64 64, i64 64) nounwind"   --->   Operation 381 'speclooptripcount' 'empty_11' <Predicate = (!icmp_ln178)> <Delay = 0.00>
ST_64 : Operation 382 [1/1] (0.00ns)   --->   "call void (...)* @_ssdm_op_SpecLoopName([10 x i8]* @p_str11) nounwind" [Lab_7_MM_HLS/matrixmul.cpp:179]   --->   Operation 382 'specloopname' <Predicate = (!icmp_ln178)> <Delay = 0.00>
ST_64 : Operation 383 [1/1] (0.00ns)   --->   "%tmp_9 = call i32 (...)* @_ssdm_op_SpecRegionBegin([10 x i8]* @p_str11) nounwind" [Lab_7_MM_HLS/matrixmul.cpp:179]   --->   Operation 383 'specregionbegin' 'tmp_9' <Predicate = (!icmp_ln178)> <Delay = 0.00>
ST_64 : Operation 384 [1/1] (0.00ns)   --->   "call void (...)* @_ssdm_op_SpecPipeline(i32 -1, i32 1, i32 1, i32 0, [1 x i8]* @p_str1) nounwind" [Lab_7_MM_HLS/matrixmul.cpp:180]   --->   Operation 384 'specpipeline' <Predicate = (!icmp_ln178)> <Delay = 0.00>
ST_64 : Operation 385 [1/1] (0.00ns)   --->   "%zext_ln185 = zext i7 %select_ln186_1 to i64" [Lab_7_MM_HLS/matrixmul.cpp:185]   --->   Operation 385 'zext' 'zext_ln185' <Predicate = (!icmp_ln178)> <Delay = 0.00>
ST_64 : Operation 386 [1/1] (0.00ns)   --->   "%Outarray_C_addr_1 = getelementptr inbounds [64 x float]* %Outarray_C, i64 0, i64 %zext_ln185" [Lab_7_MM_HLS/matrixmul.cpp:185]   --->   Operation 386 'getelementptr' 'Outarray_C_addr_1' <Predicate = (!icmp_ln178)> <Delay = 0.00>
ST_64 : Operation 387 [1/1] (3.25ns)   --->   "store float %result_7, float* %Outarray_C_addr_1, align 4" [Lab_7_MM_HLS/matrixmul.cpp:185]   --->   Operation 387 'store' <Predicate = (!icmp_ln178)> <Delay = 3.25> <Core = "RAM">   --->   Core 37 'RAM' <Latency = 1> <II = 1> <Delay = 3.25> <Storage> <Opcode : 'load' 'store'> <Ports = 2> <Width = 32> <Depth = 64> <RAM>
ST_64 : Operation 388 [1/1] (0.00ns)   --->   "%empty_12 = call i32 (...)* @_ssdm_op_SpecRegionEnd([10 x i8]* @p_str11, i32 %tmp_9) nounwind" [Lab_7_MM_HLS/matrixmul.cpp:187]   --->   Operation 388 'specregionend' 'empty_12' <Predicate = (!icmp_ln178)> <Delay = 0.00>
ST_64 : Operation 389 [1/1] (0.00ns)   --->   "br label %.preheader.preheader"   --->   Operation 389 'br' <Predicate = (!icmp_ln178)> <Delay = 0.00>

State 65 <SV = 15> <Delay = 8.75>
ST_65 : Operation 390 [1/1] (8.75ns)   --->   "%gmem_addr_wr_req = call i1 @_ssdm_op_WriteReq.m_axi.floatP(float* %gmem_addr, i32 64)" [Lab_7_MM_HLS/matrixmul.cpp:191]   --->   Operation 390 'writereq' 'gmem_addr_wr_req' <Predicate = true> <Delay = 8.75> <Core = "m_axi">   --->   Core 9 'm_axi' <Latency = 6> <II = 1> <Delay = 1.00> <Adapter> <Opcode : 'read' 'write' 'readreq' 'writereq' 'writeresp'>
ST_65 : Operation 391 [1/1] (1.76ns)   --->   "br label %burst.wr.header" [Lab_7_MM_HLS/matrixmul.cpp:191]   --->   Operation 391 'br' <Predicate = true> <Delay = 1.76>

State 66 <SV = 16> <Delay = 3.25>
ST_66 : Operation 392 [1/1] (0.00ns)   --->   "%phi_ln191 = phi i7 [ %add_ln191, %burstwrite.region ], [ 0, %burst.wr.header.preheader ]" [Lab_7_MM_HLS/matrixmul.cpp:191]   --->   Operation 392 'phi' 'phi_ln191' <Predicate = true> <Delay = 0.00>
ST_66 : Operation 393 [1/1] (1.48ns)   --->   "%icmp_ln191 = icmp eq i7 %phi_ln191, -64" [Lab_7_MM_HLS/matrixmul.cpp:191]   --->   Operation 393 'icmp' 'icmp_ln191' <Predicate = true> <Delay = 1.48> <Core = "Cmp">   --->   Core 25 'Cmp' <Latency = 0> <II = 1> <Delay = 1.48> <FuncUnit> <Opcode : 'icmp'> <InPorts = 2> <OutPorts = 1>
ST_66 : Operation 394 [1/1] (0.00ns)   --->   "%empty_13 = call i32 (...)* @_ssdm_op_SpecLoopTripCount(i64 64, i64 64, i64 64) nounwind"   --->   Operation 394 'speclooptripcount' 'empty_13' <Predicate = true> <Delay = 0.00>
ST_66 : Operation 395 [1/1] (1.87ns)   --->   "%add_ln191 = add i7 %phi_ln191, 1" [Lab_7_MM_HLS/matrixmul.cpp:191]   --->   Operation 395 'add' 'add_ln191' <Predicate = true> <Delay = 1.87> <Core = "AddSub">   --->   Core 14 'AddSub' <Latency = 0> <II = 1> <Delay = 1.87> <FuncUnit> <Opcode : 'add' 'sub'> <InPorts = 2> <OutPorts = 1>
ST_66 : Operation 396 [1/1] (0.00ns)   --->   "br i1 %icmp_ln191, label %memcpy.tail, label %burstwrite.region" [Lab_7_MM_HLS/matrixmul.cpp:191]   --->   Operation 396 'br' <Predicate = true> <Delay = 0.00>
ST_66 : Operation 397 [1/1] (0.00ns)   --->   "%zext_ln191 = zext i7 %phi_ln191 to i64" [Lab_7_MM_HLS/matrixmul.cpp:191]   --->   Operation 397 'zext' 'zext_ln191' <Predicate = (!icmp_ln191)> <Delay = 0.00>
ST_66 : Operation 398 [1/1] (0.00ns)   --->   "%Outarray_C_addr = getelementptr [64 x float]* %Outarray_C, i64 0, i64 %zext_ln191" [Lab_7_MM_HLS/matrixmul.cpp:191]   --->   Operation 398 'getelementptr' 'Outarray_C_addr' <Predicate = (!icmp_ln191)> <Delay = 0.00>
ST_66 : Operation 399 [2/2] (3.25ns)   --->   "%Outarray_C_load = load float* %Outarray_C_addr, align 4" [Lab_7_MM_HLS/matrixmul.cpp:191]   --->   Operation 399 'load' 'Outarray_C_load' <Predicate = (!icmp_ln191)> <Delay = 3.25> <Core = "RAM">   --->   Core 37 'RAM' <Latency = 1> <II = 1> <Delay = 3.25> <Storage> <Opcode : 'load' 'store'> <Ports = 2> <Width = 32> <Depth = 64> <RAM>

State 67 <SV = 17> <Delay = 3.25>
ST_67 : Operation 400 [1/2] (3.25ns)   --->   "%Outarray_C_load = load float* %Outarray_C_addr, align 4" [Lab_7_MM_HLS/matrixmul.cpp:191]   --->   Operation 400 'load' 'Outarray_C_load' <Predicate = (!icmp_ln191)> <Delay = 3.25> <Core = "RAM">   --->   Core 37 'RAM' <Latency = 1> <II = 1> <Delay = 3.25> <Storage> <Opcode : 'load' 'store'> <Ports = 2> <Width = 32> <Depth = 64> <RAM>

State 68 <SV = 18> <Delay = 8.75>
ST_68 : Operation 401 [1/1] (0.00ns)   --->   "%burstwrite_rbegin = call i32 (...)* @_ssdm_op_SpecRegionBegin([18 x i8]* @burstwrite_OC_region) nounwind" [Lab_7_MM_HLS/matrixmul.cpp:191]   --->   Operation 401 'specregionbegin' 'burstwrite_rbegin' <Predicate = (!icmp_ln191)> <Delay = 0.00>
ST_68 : Operation 402 [1/1] (0.00ns)   --->   "call void (...)* @_ssdm_op_SpecPipeline(i32 1, i32 1, i32 1, i32 0, [1 x i8]* @p_str14)" [Lab_7_MM_HLS/matrixmul.cpp:191]   --->   Operation 402 'specpipeline' <Predicate = (!icmp_ln191)> <Delay = 0.00>
ST_68 : Operation 403 [1/1] (0.00ns)   --->   "call void (...)* @_ssdm_op_SpecLoopName([34 x i8]* @memcpy_OC_Matrix_C_H)" [Lab_7_MM_HLS/matrixmul.cpp:191]   --->   Operation 403 'specloopname' <Predicate = (!icmp_ln191)> <Delay = 0.00>
ST_68 : Operation 404 [1/1] (8.75ns)   --->   "call void @_ssdm_op_Write.m_axi.floatP(float* %gmem_addr, float %Outarray_C_load, i4 -1)" [Lab_7_MM_HLS/matrixmul.cpp:191]   --->   Operation 404 'write' <Predicate = (!icmp_ln191)> <Delay = 8.75> <Core = "m_axi">   --->   Core 9 'm_axi' <Latency = 6> <II = 1> <Delay = 1.00> <Adapter> <Opcode : 'read' 'write' 'readreq' 'writereq' 'writeresp'>
ST_68 : Operation 405 [1/1] (0.00ns)   --->   "%burstwrite_rend = call i32 (...)* @_ssdm_op_SpecRegionEnd([18 x i8]* @burstwrite_OC_region, i32 %burstwrite_rbegin) nounwind" [Lab_7_MM_HLS/matrixmul.cpp:191]   --->   Operation 405 'specregionend' 'burstwrite_rend' <Predicate = (!icmp_ln191)> <Delay = 0.00>
ST_68 : Operation 406 [1/1] (0.00ns)   --->   "br label %burst.wr.header" [Lab_7_MM_HLS/matrixmul.cpp:191]   --->   Operation 406 'br' <Predicate = (!icmp_ln191)> <Delay = 0.00>

State 69 <SV = 17> <Delay = 8.75>
ST_69 : Operation 407 [5/5] (8.75ns)   --->   "%gmem_addr_wr_resp = call i1 @_ssdm_op_WriteResp.m_axi.floatP(float* %gmem_addr)" [Lab_7_MM_HLS/matrixmul.cpp:191]   --->   Operation 407 'writeresp' 'gmem_addr_wr_resp' <Predicate = true> <Delay = 8.75> <Core = "m_axi">   --->   Core 9 'm_axi' <Latency = 6> <II = 1> <Delay = 1.00> <Adapter> <Opcode : 'read' 'write' 'readreq' 'writereq' 'writeresp'>

State 70 <SV = 18> <Delay = 8.75>
ST_70 : Operation 408 [4/5] (8.75ns)   --->   "%gmem_addr_wr_resp = call i1 @_ssdm_op_WriteResp.m_axi.floatP(float* %gmem_addr)" [Lab_7_MM_HLS/matrixmul.cpp:191]   --->   Operation 408 'writeresp' 'gmem_addr_wr_resp' <Predicate = true> <Delay = 8.75> <Core = "m_axi">   --->   Core 9 'm_axi' <Latency = 6> <II = 1> <Delay = 1.00> <Adapter> <Opcode : 'read' 'write' 'readreq' 'writereq' 'writeresp'>

State 71 <SV = 19> <Delay = 8.75>
ST_71 : Operation 409 [3/5] (8.75ns)   --->   "%gmem_addr_wr_resp = call i1 @_ssdm_op_WriteResp.m_axi.floatP(float* %gmem_addr)" [Lab_7_MM_HLS/matrixmul.cpp:191]   --->   Operation 409 'writeresp' 'gmem_addr_wr_resp' <Predicate = true> <Delay = 8.75> <Core = "m_axi">   --->   Core 9 'm_axi' <Latency = 6> <II = 1> <Delay = 1.00> <Adapter> <Opcode : 'read' 'write' 'readreq' 'writereq' 'writeresp'>

State 72 <SV = 20> <Delay = 8.75>
ST_72 : Operation 410 [2/5] (8.75ns)   --->   "%gmem_addr_wr_resp = call i1 @_ssdm_op_WriteResp.m_axi.floatP(float* %gmem_addr)" [Lab_7_MM_HLS/matrixmul.cpp:191]   --->   Operation 410 'writeresp' 'gmem_addr_wr_resp' <Predicate = true> <Delay = 8.75> <Core = "m_axi">   --->   Core 9 'm_axi' <Latency = 6> <II = 1> <Delay = 1.00> <Adapter> <Opcode : 'read' 'write' 'readreq' 'writereq' 'writeresp'>

State 73 <SV = 21> <Delay = 8.75>
ST_73 : Operation 411 [1/5] (8.75ns)   --->   "%gmem_addr_wr_resp = call i1 @_ssdm_op_WriteResp.m_axi.floatP(float* %gmem_addr)" [Lab_7_MM_HLS/matrixmul.cpp:191]   --->   Operation 411 'writeresp' 'gmem_addr_wr_resp' <Predicate = true> <Delay = 8.75> <Core = "m_axi">   --->   Core 9 'm_axi' <Latency = 6> <II = 1> <Delay = 1.00> <Adapter> <Opcode : 'read' 'write' 'readreq' 'writereq' 'writeresp'>
ST_73 : Operation 412 [1/1] (0.00ns)   --->   "ret void" [Lab_7_MM_HLS/matrixmul.cpp:193]   --->   Operation 412 'ret' <Predicate = true> <Delay = 0.00>


============================================================
+ Verbose Summary: Timing violations
============================================================
Target clock period: 10ns, clock uncertainty: 1.25ns.

 <State 1>: 1ns
The critical path consists of the following:
	s_axi read on port 'Matrix_C_HW' [4]  (1 ns)

 <State 2>: 8.75ns
The critical path consists of the following:
	'getelementptr' operation ('gmem_addr_1') [11]  (0 ns)
	bus request on port 'gmem' (Lab_7_MM_HLS/matrixmul.cpp:154) [36]  (8.75 ns)

 <State 3>: 8.75ns
The critical path consists of the following:
	bus request on port 'gmem' (Lab_7_MM_HLS/matrixmul.cpp:154) [36]  (8.75 ns)

 <State 4>: 8.75ns
The critical path consists of the following:
	bus request on port 'gmem' (Lab_7_MM_HLS/matrixmul.cpp:154) [36]  (8.75 ns)

 <State 5>: 8.75ns
The critical path consists of the following:
	bus request on port 'gmem' (Lab_7_MM_HLS/matrixmul.cpp:154) [36]  (8.75 ns)

 <State 6>: 8.75ns
The critical path consists of the following:
	bus request on port 'gmem' (Lab_7_MM_HLS/matrixmul.cpp:154) [36]  (8.75 ns)

 <State 7>: 8.75ns
The critical path consists of the following:
	bus request on port 'gmem' (Lab_7_MM_HLS/matrixmul.cpp:154) [36]  (8.75 ns)

 <State 8>: 8.75ns
The critical path consists of the following:
	bus request on port 'gmem' (Lab_7_MM_HLS/matrixmul.cpp:154) [36]  (8.75 ns)

 <State 9>: 1.92ns
The critical path consists of the following:
	'phi' operation ('phi_ln154', Lab_7_MM_HLS/matrixmul.cpp:154) with incoming values : ('add_ln154', Lab_7_MM_HLS/matrixmul.cpp:154) [39]  (0 ns)
	'add' operation ('add_ln154', Lab_7_MM_HLS/matrixmul.cpp:154) [42]  (1.92 ns)

 <State 10>: 8.75ns
The critical path consists of the following:
	bus read on port 'gmem' (Lab_7_MM_HLS/matrixmul.cpp:154) [49]  (8.75 ns)

 <State 11>: 3.25ns
The critical path consists of the following:
	'getelementptr' operation ('Inarray_AB_addr', Lab_7_MM_HLS/matrixmul.cpp:154) [50]  (0 ns)
	'store' operation ('store_ln154', Lab_7_MM_HLS/matrixmul.cpp:154) of variable 'gmem_addr_1_read', Lab_7_MM_HLS/matrixmul.cpp:154 on array 'Inarray_AB', Lab_7_MM_HLS/matrixmul.cpp:143 [51]  (3.25 ns)

 <State 12>: 1.77ns
The critical path consists of the following:
	multiplexor before 'phi' operation ('indvar_flatten', Lab_7_MM_HLS/matrixmul.cpp:158) with incoming values : ('add_ln158', Lab_7_MM_HLS/matrixmul.cpp:158) [57]  (1.77 ns)

 <State 13>: 6.12ns
The critical path consists of the following:
	'phi' operation ('ind_0', Lab_7_MM_HLS/matrixmul.cpp:158) with incoming values : ('select_ln158', Lab_7_MM_HLS/matrixmul.cpp:158) [59]  (0 ns)
	'add' operation ('add_ln159', Lab_7_MM_HLS/matrixmul.cpp:159) [70]  (1.87 ns)
	'select' operation ('select_ln159_1', Lab_7_MM_HLS/matrixmul.cpp:159) [71]  (0.993 ns)
	'getelementptr' operation ('Inarray_AB_addr_1', Lab_7_MM_HLS/matrixmul.cpp:161) [80]  (0 ns)
	'load' operation ('Inarray_AB_load', Lab_7_MM_HLS/matrixmul.cpp:161) on array 'Inarray_AB', Lab_7_MM_HLS/matrixmul.cpp:143 [81]  (3.25 ns)

 <State 14>: 5.58ns
The critical path consists of the following:
	'load' operation ('Inarray_AB_load', Lab_7_MM_HLS/matrixmul.cpp:161) on array 'Inarray_AB', Lab_7_MM_HLS/matrixmul.cpp:143 [81]  (3.25 ns)
	'store' operation ('store_ln161', Lab_7_MM_HLS/matrixmul.cpp:161) of variable 'Inarray_AB_load', Lab_7_MM_HLS/matrixmul.cpp:161 on array 'In_A[6]', Lab_7_MM_HLS/matrixmul.cpp:146 [86]  (2.32 ns)

 <State 15>: 1.77ns
The critical path consists of the following:
	multiplexor before 'phi' operation ('indvar_flatten19', Lab_7_MM_HLS/matrixmul.cpp:167) with incoming values : ('add_ln167', Lab_7_MM_HLS/matrixmul.cpp:167) [124]  (1.77 ns)

 <State 16>: 6.42ns
The critical path consists of the following:
	'phi' operation ('ind_2', Lab_7_MM_HLS/matrixmul.cpp:167) with incoming values : ('select_ln167', Lab_7_MM_HLS/matrixmul.cpp:167) [126]  (0 ns)
	'add' operation ('add_ln162_1', Lab_7_MM_HLS/matrixmul.cpp:162) [137]  (1.92 ns)
	'select' operation ('select_ln162_1', Lab_7_MM_HLS/matrixmul.cpp:162) [138]  (1.25 ns)
	'getelementptr' operation ('Inarray_AB_addr_2', Lab_7_MM_HLS/matrixmul.cpp:170) [147]  (0 ns)
	'load' operation ('Inarray_AB_load_1', Lab_7_MM_HLS/matrixmul.cpp:170) on array 'Inarray_AB', Lab_7_MM_HLS/matrixmul.cpp:143 [148]  (3.25 ns)

 <State 17>: 5.58ns
The critical path consists of the following:
	'load' operation ('Inarray_AB_load_1', Lab_7_MM_HLS/matrixmul.cpp:170) on array 'Inarray_AB', Lab_7_MM_HLS/matrixmul.cpp:143 [148]  (3.25 ns)
	'store' operation ('store_ln170', Lab_7_MM_HLS/matrixmul.cpp:170) of variable 'Inarray_AB_load_1', Lab_7_MM_HLS/matrixmul.cpp:170 on array 'In_B[7]', Lab_7_MM_HLS/matrixmul.cpp:148 [181]  (2.32 ns)

 <State 18>: 1.77ns
The critical path consists of the following:
	multiplexor before 'phi' operation ('indvar_flatten39', Lab_7_MM_HLS/matrixmul.cpp:178) with incoming values : ('add_ln178', Lab_7_MM_HLS/matrixmul.cpp:178) [191]  (1.77 ns)

 <State 19>: 5.08ns
The critical path consists of the following:
	'phi' operation ('row_2', Lab_7_MM_HLS/matrixmul.cpp:186) with incoming values : ('select_ln186_3', Lab_7_MM_HLS/matrixmul.cpp:186) [192]  (0 ns)
	'add' operation ('add_ln178_1', Lab_7_MM_HLS/matrixmul.cpp:178) [206]  (1.74 ns)
	'select' operation ('select_ln186_3', Lab_7_MM_HLS/matrixmul.cpp:186) [207]  (1.02 ns)
	'getelementptr' operation ('In_A_0_addr_1', Lab_7_MM_HLS/matrixmul.cpp:183) [209]  (0 ns)
	'load' operation ('In_A_0_load', Lab_7_MM_HLS/matrixmul.cpp:186) on array 'In_A[0]', Lab_7_MM_HLS/matrixmul.cpp:146 [210]  (2.32 ns)

 <State 20>: 8.02ns
The critical path consists of the following:
	'load' operation ('In_A_0_load', Lab_7_MM_HLS/matrixmul.cpp:186) on array 'In_A[0]', Lab_7_MM_HLS/matrixmul.cpp:146 [210]  (2.32 ns)
	'fmul' operation ('tmp1', Lab_7_MM_HLS/matrixmul.cpp:183) [232]  (5.7 ns)

 <State 21>: 5.7ns
The critical path consists of the following:
	'fmul' operation ('tmp1', Lab_7_MM_HLS/matrixmul.cpp:183) [232]  (5.7 ns)

 <State 22>: 5.7ns
The critical path consists of the following:
	'fmul' operation ('tmp1', Lab_7_MM_HLS/matrixmul.cpp:183) [232]  (5.7 ns)

 <State 23>: 5.7ns
The critical path consists of the following:
	'fmul' operation ('tmp1', Lab_7_MM_HLS/matrixmul.cpp:183) [232]  (5.7 ns)

 <State 24>: 7.26ns
The critical path consists of the following:
	'fadd' operation ('result_s', Lab_7_MM_HLS/matrixmul.cpp:183) [233]  (7.26 ns)

 <State 25>: 8.02ns
The critical path consists of the following:
	'load' operation ('In_A_1_load', Lab_7_MM_HLS/matrixmul.cpp:186) on array 'In_A[1]', Lab_7_MM_HLS/matrixmul.cpp:146 [212]  (2.32 ns)
	'fmul' operation ('tmp_1', Lab_7_MM_HLS/matrixmul.cpp:183) [236]  (5.7 ns)

 <State 26>: 7.26ns
The critical path consists of the following:
	'fadd' operation ('result_s', Lab_7_MM_HLS/matrixmul.cpp:183) [233]  (7.26 ns)

 <State 27>: 7.26ns
The critical path consists of the following:
	'fadd' operation ('result_s', Lab_7_MM_HLS/matrixmul.cpp:183) [233]  (7.26 ns)

 <State 28>: 7.26ns
The critical path consists of the following:
	'fadd' operation ('result_s', Lab_7_MM_HLS/matrixmul.cpp:183) [233]  (7.26 ns)

 <State 29>: 7.26ns
The critical path consists of the following:
	'fadd' operation ('result_1', Lab_7_MM_HLS/matrixmul.cpp:183) [237]  (7.26 ns)

 <State 30>: 8.02ns
The critical path consists of the following:
	'load' operation ('In_A_2_load', Lab_7_MM_HLS/matrixmul.cpp:186) on array 'In_A[2]', Lab_7_MM_HLS/matrixmul.cpp:146 [214]  (2.32 ns)
	'fmul' operation ('tmp_2', Lab_7_MM_HLS/matrixmul.cpp:183) [240]  (5.7 ns)

 <State 31>: 7.26ns
The critical path consists of the following:
	'fadd' operation ('result_1', Lab_7_MM_HLS/matrixmul.cpp:183) [237]  (7.26 ns)

 <State 32>: 7.26ns
The critical path consists of the following:
	'fadd' operation ('result_1', Lab_7_MM_HLS/matrixmul.cpp:183) [237]  (7.26 ns)

 <State 33>: 7.26ns
The critical path consists of the following:
	'fadd' operation ('result_1', Lab_7_MM_HLS/matrixmul.cpp:183) [237]  (7.26 ns)

 <State 34>: 7.26ns
The critical path consists of the following:
	'fadd' operation ('result_2', Lab_7_MM_HLS/matrixmul.cpp:183) [241]  (7.26 ns)

 <State 35>: 8.02ns
The critical path consists of the following:
	'load' operation ('In_A_3_load', Lab_7_MM_HLS/matrixmul.cpp:186) on array 'In_A[3]', Lab_7_MM_HLS/matrixmul.cpp:146 [216]  (2.32 ns)
	'fmul' operation ('tmp_3', Lab_7_MM_HLS/matrixmul.cpp:183) [244]  (5.7 ns)

 <State 36>: 7.26ns
The critical path consists of the following:
	'fadd' operation ('result_2', Lab_7_MM_HLS/matrixmul.cpp:183) [241]  (7.26 ns)

 <State 37>: 7.26ns
The critical path consists of the following:
	'fadd' operation ('result_2', Lab_7_MM_HLS/matrixmul.cpp:183) [241]  (7.26 ns)

 <State 38>: 7.26ns
The critical path consists of the following:
	'fadd' operation ('result_2', Lab_7_MM_HLS/matrixmul.cpp:183) [241]  (7.26 ns)

 <State 39>: 7.26ns
The critical path consists of the following:
	'fadd' operation ('result_3', Lab_7_MM_HLS/matrixmul.cpp:183) [245]  (7.26 ns)

 <State 40>: 8.02ns
The critical path consists of the following:
	'load' operation ('In_A_4_load', Lab_7_MM_HLS/matrixmul.cpp:186) on array 'In_A[4]', Lab_7_MM_HLS/matrixmul.cpp:146 [218]  (2.32 ns)
	'fmul' operation ('tmp_4', Lab_7_MM_HLS/matrixmul.cpp:183) [248]  (5.7 ns)

 <State 41>: 7.26ns
The critical path consists of the following:
	'fadd' operation ('result_3', Lab_7_MM_HLS/matrixmul.cpp:183) [245]  (7.26 ns)

 <State 42>: 7.26ns
The critical path consists of the following:
	'fadd' operation ('result_3', Lab_7_MM_HLS/matrixmul.cpp:183) [245]  (7.26 ns)

 <State 43>: 7.26ns
The critical path consists of the following:
	'fadd' operation ('result_3', Lab_7_MM_HLS/matrixmul.cpp:183) [245]  (7.26 ns)

 <State 44>: 7.26ns
The critical path consists of the following:
	'fadd' operation ('result_4', Lab_7_MM_HLS/matrixmul.cpp:183) [249]  (7.26 ns)

 <State 45>: 8.02ns
The critical path consists of the following:
	'load' operation ('In_A_5_load', Lab_7_MM_HLS/matrixmul.cpp:186) on array 'In_A[5]', Lab_7_MM_HLS/matrixmul.cpp:146 [220]  (2.32 ns)
	'fmul' operation ('tmp_5', Lab_7_MM_HLS/matrixmul.cpp:183) [252]  (5.7 ns)

 <State 46>: 7.26ns
The critical path consists of the following:
	'fadd' operation ('result_4', Lab_7_MM_HLS/matrixmul.cpp:183) [249]  (7.26 ns)

 <State 47>: 7.26ns
The critical path consists of the following:
	'fadd' operation ('result_4', Lab_7_MM_HLS/matrixmul.cpp:183) [249]  (7.26 ns)

 <State 48>: 7.26ns
The critical path consists of the following:
	'fadd' operation ('result_4', Lab_7_MM_HLS/matrixmul.cpp:183) [249]  (7.26 ns)

 <State 49>: 7.26ns
The critical path consists of the following:
	'fadd' operation ('result_5', Lab_7_MM_HLS/matrixmul.cpp:183) [253]  (7.26 ns)

 <State 50>: 8.02ns
The critical path consists of the following:
	'load' operation ('In_A_6_load', Lab_7_MM_HLS/matrixmul.cpp:186) on array 'In_A[6]', Lab_7_MM_HLS/matrixmul.cpp:146 [222]  (2.32 ns)
	'fmul' operation ('tmp_6', Lab_7_MM_HLS/matrixmul.cpp:183) [256]  (5.7 ns)

 <State 51>: 7.26ns
The critical path consists of the following:
	'fadd' operation ('result_5', Lab_7_MM_HLS/matrixmul.cpp:183) [253]  (7.26 ns)

 <State 52>: 7.26ns
The critical path consists of the following:
	'fadd' operation ('result_5', Lab_7_MM_HLS/matrixmul.cpp:183) [253]  (7.26 ns)

 <State 53>: 7.26ns
The critical path consists of the following:
	'fadd' operation ('result_5', Lab_7_MM_HLS/matrixmul.cpp:183) [253]  (7.26 ns)

 <State 54>: 7.26ns
The critical path consists of the following:
	'fadd' operation ('result_6', Lab_7_MM_HLS/matrixmul.cpp:183) [257]  (7.26 ns)

 <State 55>: 8.02ns
The critical path consists of the following:
	'load' operation ('In_A_7_load', Lab_7_MM_HLS/matrixmul.cpp:186) on array 'In_A[7]', Lab_7_MM_HLS/matrixmul.cpp:146 [224]  (2.32 ns)
	'fmul' operation ('tmp_7', Lab_7_MM_HLS/matrixmul.cpp:183) [260]  (5.7 ns)

 <State 56>: 7.26ns
The critical path consists of the following:
	'fadd' operation ('result_6', Lab_7_MM_HLS/matrixmul.cpp:183) [257]  (7.26 ns)

 <State 57>: 7.26ns
The critical path consists of the following:
	'fadd' operation ('result_6', Lab_7_MM_HLS/matrixmul.cpp:183) [257]  (7.26 ns)

 <State 58>: 7.26ns
The critical path consists of the following:
	'fadd' operation ('result_6', Lab_7_MM_HLS/matrixmul.cpp:183) [257]  (7.26 ns)

 <State 59>: 7.26ns
The critical path consists of the following:
	'fadd' operation ('result_7', Lab_7_MM_HLS/matrixmul.cpp:183) [261]  (7.26 ns)

 <State 60>: 7.26ns
The critical path consists of the following:
	'fadd' operation ('result_7', Lab_7_MM_HLS/matrixmul.cpp:183) [261]  (7.26 ns)

 <State 61>: 7.26ns
The critical path consists of the following:
	'fadd' operation ('result_7', Lab_7_MM_HLS/matrixmul.cpp:183) [261]  (7.26 ns)

 <State 62>: 7.26ns
The critical path consists of the following:
	'fadd' operation ('result_7', Lab_7_MM_HLS/matrixmul.cpp:183) [261]  (7.26 ns)

 <State 63>: 7.26ns
The critical path consists of the following:
	'fadd' operation ('result_7', Lab_7_MM_HLS/matrixmul.cpp:183) [261]  (7.26 ns)

 <State 64>: 3.25ns
The critical path consists of the following:
	'getelementptr' operation ('Outarray_C_addr_1', Lab_7_MM_HLS/matrixmul.cpp:185) [263]  (0 ns)
	'store' operation ('store_ln185', Lab_7_MM_HLS/matrixmul.cpp:185) of variable 'result_7', Lab_7_MM_HLS/matrixmul.cpp:183 on array 'Outarray_C', Lab_7_MM_HLS/matrixmul.cpp:144 [264]  (3.25 ns)

 <State 65>: 8.75ns
The critical path consists of the following:
	bus request on port 'gmem' (Lab_7_MM_HLS/matrixmul.cpp:191) [270]  (8.75 ns)

 <State 66>: 3.25ns
The critical path consists of the following:
	'phi' operation ('phi_ln191', Lab_7_MM_HLS/matrixmul.cpp:191) with incoming values : ('add_ln191', Lab_7_MM_HLS/matrixmul.cpp:191) [273]  (0 ns)
	'getelementptr' operation ('Outarray_C_addr', Lab_7_MM_HLS/matrixmul.cpp:191) [283]  (0 ns)
	'load' operation ('Outarray_C_load', Lab_7_MM_HLS/matrixmul.cpp:191) on array 'Outarray_C', Lab_7_MM_HLS/matrixmul.cpp:144 [284]  (3.25 ns)

 <State 67>: 3.25ns
The critical path consists of the following:
	'load' operation ('Outarray_C_load', Lab_7_MM_HLS/matrixmul.cpp:191) on array 'Outarray_C', Lab_7_MM_HLS/matrixmul.cpp:144 [284]  (3.25 ns)

 <State 68>: 8.75ns
The critical path consists of the following:
	bus write on port 'gmem' (Lab_7_MM_HLS/matrixmul.cpp:191) [285]  (8.75 ns)

 <State 69>: 8.75ns
The critical path consists of the following:
	bus access on port 'gmem' (Lab_7_MM_HLS/matrixmul.cpp:191) [289]  (8.75 ns)

 <State 70>: 8.75ns
The critical path consists of the following:
	bus access on port 'gmem' (Lab_7_MM_HLS/matrixmul.cpp:191) [289]  (8.75 ns)

 <State 71>: 8.75ns
The critical path consists of the following:
	bus access on port 'gmem' (Lab_7_MM_HLS/matrixmul.cpp:191) [289]  (8.75 ns)

 <State 72>: 8.75ns
The critical path consists of the following:
	bus access on port 'gmem' (Lab_7_MM_HLS/matrixmul.cpp:191) [289]  (8.75 ns)

 <State 73>: 8.75ns
The critical path consists of the following:
	bus access on port 'gmem' (Lab_7_MM_HLS/matrixmul.cpp:191) [289]  (8.75 ns)


============================================================
+ Verbose Summary: Binding
============================================================
N/A
* FSMD analyzer results:
  - Output states:
 - Input state : 
  - Chain level:
	State 1
	State 2
	State 3
	State 4
	State 5
	State 6
	State 7
	State 8
	State 9
	State 10
	State 11
	State 12
	State 13
	State 14
	State 15
	State 16
	State 17
	State 18
	State 19
	State 20
	State 21
	State 22
	State 23
	State 24
	State 25
	State 26
	State 27
	State 28
	State 29
	State 30
	State 31
	State 32
	State 33
	State 34
	State 35
	State 36
	State 37
	State 38
	State 39
	State 40
	State 41
	State 42
	State 43
	State 44
	State 45
	State 46
	State 47
	State 48
	State 49
	State 50
	State 51
	State 52
	State 53
	State 54
	State 55
	State 56
	State 57
	State 58
	State 59
	State 60
	State 61
	State 62
	State 63
	State 64
	State 65
	State 66
	State 67
	State 68
	State 69
	State 70
	State 71
	State 72
	State 73


============================================================
+ Verbose Summary: Datapath Resource usage 
============================================================
N/A
