#include <stdio.h>
#include <math.h>
#include <stdlib.h>
#include <complex.h>
#include "platform.h"
#include <string.h>

#define TX_SIG_LEN 9800 // Tx Signal length
#define snr_num 31 // Length of SNR Array
#define PACKETS_CAPTURE_LEN 3000  // Number of packets to capture
#define rrc_filter_len 21 // Length of RRC Filter cofficent
#define rrc_rc_out_len (PACKETS_CAPTURE_LEN + rrc_filter_len - 1)
#define delay_param 16
#define window_length 32
#define corr_arr_len (PACKETS_CAPTURE_LEN - delay_param - window_length +1)
#define frame_size 480
#define PI 3.14159265358979323846
#define Short_preamble_length 16
#define ts_sec 0.00000005
#define N 64
#define length_rrc_rx 10
#define oversampling_rate_rx 2
#define CP_SIZE 16
#define SIZE 48



// Define data types
typedef float data_t;      // Data type for float numbers
typedef float complex complex_t;   // Data type for complex numbers

// Define a structure to store results
typedef struct {
	data_t evm;
	data_t evm_AGC;
	data_t ber;
} Result;

// RRC Filter cofficent
static const data_t rrc_filter_rx[rrc_filter_len] = {-0.0005, 0.0035, -0.0071, 0.0076, 0.0021, -0.0106, 0.0300, -0.0531, -0.0750, 0.4092, 0.8037, 0.4092, -0.0750, -0.0531, 0.0300, -0.0106, 0.0021, 0.0076, -0.0071, 0.0035, -0.0005};

// Tramit signal Real and Imaginary part
static const data_t tx_real[TX_SIG_LEN] = {-2.0916577335418077e-05 , 0.00016269279040396077 , -0.0002684641972948308 , -0.00011981218551101102 , 0.0010511239401118993 , -0.0015395291152413976 , 0.0011279338758754074 , -0.0006322731184624596 , -0.008516864788383066 , 0.02739813678884962 , 0.0460874717120679 , -0.03496836620661089 , -0.10542294490150265 , -0.06966034967174556 , -0.006998213791464573 , 0.052470832747416055 , 0.11015097835238265 , 0.09025041269758068 , 0.0504854569943574 , 0.09025868758972101 , 0.11016996737668835 , 0.0522108306933965 , -0.006426338359474043 , -0.07032506441984267 , -0.10543066202930043 , -0.03435517167580634 , 0.04353391655447437 , 0.032610925798145604 , -0.0009983914534305695 , -0.031507301027626826 , -0.06067887807757048 , -0.039422631982634716 , -0.003740913893957356 , 0.0005297250246474468 , -0.00334179336879054 , 0.0005297250246474405 , -0.003740913893957365 , -0.03942263198263472 , -0.060678878077570476 , -0.03150730102762683 , -0.0009983914534305684 , 0.0326109257981456 , 0.04353391655447437 , -0.034355171675806324 , -0.10543066202930043 , -0.07032506441984265 , -0.006426338359474044 , 0.052210830693396486 , 0.11016996737668833 , 0.09025868758972097 , 0.050484393133930855 , 0.09025868758972101 , 0.11016996737668835 , 0.0522108306933965 , -0.006426338359474043 , -0.07032506441984267 , -0.10543066202930043 , -0.03435517167580634 , 0.04353391655447437 , 0.032610925798145604 , -0.0009983914534305695 , -0.031507301027626826 , -0.06067887807757048 , -0.039422631982634716 , -0.003740913893957356 , 0.0005297250246474468 , -0.00334179336879054 , 0.0005297250246474405 , -0.003740913893957365 , -0.03942263198263472 , -0.060678878077570476 , -0.03150730102762683 , -0.0009983914534305684 , 0.0326109257981456 , 0.04353391655447437 , -0.034355171675806324 , -0.10543066202930043 , -0.07032506441984265 , -0.006426338359474044 , 0.052210830693396486 , 0.11016996737668833 , 0.09025868758972097 , 0.050484393133930855 , 0.09025868758972101 , 0.11016996737668835 , 0.0522108306933965 , -0.006426338359474043 , -0.07032506441984267 , -0.10543066202930043 , -0.03435517167580634 , 0.04353391655447437 , 0.032610925798145604 , -0.0009983914534305695 , -0.031507301027626826 , -0.06067887807757048 , -0.039422631982634716 , -0.003740913893957356 , 0.0005297250246474468 , -0.00334179336879054 , 0.0005297250246474405 , -0.003740913893957365 , -0.03942263198263472 , -0.060678878077570476 , -0.03150730102762683 , -0.0009983914534305684 , 0.0326109257981456 , 0.04353391655447437 , -0.034355171675806324 , -0.10543066202930043 , -0.07032506441984265 , -0.006426338359474044 , 0.052210830693396486 , 0.11016996737668833 , 0.09025868758972097 , 0.050484393133930855 , 0.09025868758972101 , 0.11016996737668835 , 0.0522108306933965 , -0.006426338359474043 , -0.07032506441984267 , -0.10543066202930043 , -0.03435517167580634 , 0.04353391655447437 , 0.032610925798145604 , -0.0009983914534305695 , -0.031507301027626826 , -0.06067887807757048 , -0.039422631982634716 , -0.003740913893957356 , 0.0005297250246474468 , -0.00334179336879054 , 0.0005297250246474405 , -0.003740913893957365 , -0.03942263198263472 , -0.060678878077570476 , -0.03150730102762683 , -0.0009983914534305684 , 0.0326109257981456 , 0.04353391655447437 , -0.034355171675806324 , -0.10543066202930043 , -0.07032506441984265 , -0.006426338359474044 , 0.052210830693396486 , 0.11016996737668833 , 0.09025868758972097 , 0.050484393133930855 , 0.09025868758972101 , 0.11016996737668835 , 0.0522108306933965 , -0.006426338359474043 , -0.07032506441984267 , -0.10543066202930043 , -0.03435517167580634 , 0.04353391655447437 , 0.032610925798145604 , -0.0009983914534305695 , -0.031507301027626826 , -0.06067887807757048 , -0.039422631982634716 , -0.003740913893957356 , 0.0005297250246474468 , -0.00334179336879054 , 0.0005297250246474405 , -0.003740913893957365 , -0.03942263198263472 , -0.060678878077570476 , -0.03150730102762683 , -0.0009983914534305684 , 0.0326109257981456 , 0.04353391655447437 , -0.034355171675806324 , -0.10543066202930043 , -0.07032506441984265 , -0.006426338359474044 , 0.052210830693396486 , 0.11016996737668833 , 0.09025868758972097 , 0.050484393133930855 , 0.09025868758972101 , 0.11016996737668835 , 0.0522108306933965 , -0.006426338359474043 , -0.07032506441984267 , -0.10543066202930043 , -0.03435517167580634 , 0.04353391655447437 , 0.032610925798145604 , -0.0009983914534305695 , -0.031507301027626826 , -0.06067887807757048 , -0.039422631982634716 , -0.003740913893957356 , 0.0005297250246474468 , -0.00334179336879054 , 0.0005297250246474405 , -0.003740913893957365 , -0.03942263198263472 , -0.060678878077570476 , -0.03150730102762683 , -0.0009983914534305684 , 0.0326109257981456 , 0.04353391655447437 , -0.034355171675806324 , -0.10543066202930043 , -0.07032506441984265 , -0.006426338359474044 , 0.052210830693396486 , 0.11016996737668833 , 0.09025868758972097 , 0.050484393133930855 , 0.09025868758972101 , 0.11016996737668835 , 0.0522108306933965 , -0.006426338359474043 , -0.07032506441984267 , -0.10543066202930043 , -0.03435517167580634 , 0.04353391655447437 , 0.032610925798145604 , -0.0009983914534305695 , -0.031507301027626826 , -0.06067887807757048 , -0.039422631982634716 , -0.003740913893957356 , 0.0005297250246474468 , -0.00334179336879054 , 0.0005297250246474405 , -0.003740913893957365 , -0.03942263198263472 , -0.060678878077570476 , -0.03150730102762683 , -0.0009983914534305684 , 0.0326109257981456 , 0.04353391655447437 , -0.034355171675806324 , -0.10543066202930043 , -0.07032506441984265 , -0.006426338359474044 , 0.052210830693396486 , 0.11016996737668833 , 0.09025868758972097 , 0.050484393133930855 , 0.09025868758972101 , 0.11016996737668835 , 0.0522108306933965 , -0.006426338359474043 , -0.07032506441984267 , -0.10543066202930043 , -0.03435517167580634 , 0.04353391655447437 , 0.032610925798145604 , -0.0009983914534305695 , -0.031507301027626826 , -0.06067887807757048 , -0.039422631982634716 , -0.003740913893957356 , 0.0005297250246474468 , -0.00334179336879054 , 0.0005297250246474405 , -0.003740913893957365 , -0.03942263198263472 , -0.060678878077570476 , -0.03150730102762683 , -0.0009983914534305684 , 0.0326109257981456 , 0.04353391655447437 , -0.034355171675806324 , -0.10543066202930043 , -0.07032506441984265 , -0.006426338359474044 , 0.052210830693396486 , 0.11016996737668833 , 0.09025868758972097 , 0.050484393133930855 , 0.09025868758972101 , 0.11016996737668835 , 0.0522108306933965 , -0.006426338359474043 , -0.07032506441984267 , -0.10543066202930043 , -0.03435517167580634 , 0.04353391655447437 , 0.032610925798145604 , -0.0009983914534305695 , -0.031507301027626826 , -0.06067887807757048 , -0.039422631982634716 , -0.003740913893957356 , 0.0005297250246474468 , -0.00334179336879054 , 0.0005297250246474405 , -0.003740913893957365 , -0.03942263198263472 , -0.060678878077570476 , -0.03150730102762683 , -0.0009983914534305684 , 0.0326109257981456 , 0.04353391655447437 , -0.034355171675806324 , -0.10543066202930043 , -0.07032506441984265 , -0.006426338359474044 , 0.052210830693396486 , 0.11016996737668833 , 0.09025868758972097 , 0.050484393133930855 , 0.09025868758972101 , 0.11016996737668835 , 0.0522108306933965 , -0.006426338359474043 , -0.07032506441984267 , -0.10543066202930043 , -0.03435517167580634 , 0.04353391655447437 , 0.032610925798145604 , -0.0009983914534305695 , -0.031507301027626826 , -0.06067887807757048 , -0.039422631982634716 , -0.003648947236172528 , -0.0001856076963424291 , -0.0019624139625890316 , -0.000491241899128541 , -0.0052564744787446695 , -0.03580768554909058 , -0.0670833703614546 , -0.022345648172876542 , 0.02046489579216044 , -0.06105108371929971 , -0.12651791953929112 , -0.06193957340929102 , 0.011465501678514095 , 0.05520227533034637 , 0.07661318055561261 , -0.00136761165668627 , -0.07760469421859115 , -0.04859744170507029 , -0.0009058192998882518 , 0.04059498755016723 , 0.06422304643892528 , -0.013319758097512409 , -0.10053863842191904 , -0.1040476613260937 , -0.08527923644311833 , -0.05414494734696543 , -0.02057034069191578 , -0.02644038530310517 , -0.039459469354408055 , -0.05108358862842751 , -0.04731571923172913 , 0.002504134305468413 , 0.04906695575198768 , 0.07327544519024468 , 0.06694801576324963 , -0.020130804006819082 , -0.10459975000284677 , -0.08466997188524539 , -0.03356183099325921 , -0.006439920289340663 , 0.028142451231251628 , 0.040419386043633154 , 0.03523833351450033 , 0.0725782092755114 , 0.09751085372542811 , 0.030578443250996852 , -0.02858555290176335 , 0.008243470216250324 , 0.045950497632210915 , 0.04254876359683624 , 0.02411657017360407 , -0.04772543083645049 , -0.1088978807292057 , -0.06180366117953978 , 0.011664796016559837 , 0.02416285209619011 , 0.029180918771578374 , 0.06730959232565939 , 0.07328354061363712 , 0.02641843516116027 , -0.025776308937443426 , -0.07152638947747338 , -0.09049280157380375 , -0.023088836271838113 , 0.05677133335089283 , 0.03551369797431795 , 0.0010237900894679193 , 0.0454728058401365 , 0.07523896706634649 , 0.051837536963919136 , 0.031019626017517007 , 0.0012622954935862028 , -0.017015586982655234 , 0.05973093687584648 , 0.12879757464189057 , 0.059730936875846484 , -0.017015586982655217 , 0.001262295493586211 , 0.031019626017516996 , 0.05183753696391913 , 0.07523896706634653 , 0.0454728058401365 , 0.0010237900894679147 , 0.03551369797431794 , 0.05677133335089282 , -0.023088836271838106 , -0.09049280157380374 , -0.07152638947747338 , -0.025776308937443423 , 0.02641843516116027 , 0.07328354061363711 , 0.06730959232565939 , 0.029180918771578374 , 0.02416285209619012 , 0.011664796016559849 , -0.06180366117953977 , -0.10889788072920571 , -0.04772543083645049 , 0.024116570173604055 , 0.04254876359683623 , 0.0459504976322109 , 0.008243470216250317 , -0.028585552901763366 , 0.030578443250996856 , 0.09751085372542814 , 0.07257820927551142 , 0.035238333514500314 , 0.04041938604363315 , 0.028142451231251628 , -0.006439920289340663 , -0.0335618309932592 , -0.08466997188524537 , -0.10459975000284676 , -0.020130804006819054 , 0.06694801576324964 , 0.07327544519024468 , 0.04906695575198767 , 0.002504134305468398 , -0.047315719231729135 , -0.05108358862842751 , -0.039459469354408055 , -0.02644038530310517 , -0.02057034069191577 , -0.05414494734696544 , -0.08527923644311834 , -0.10404766132609371 , -0.10053863842191904 , -0.013319758097512418 , 0.06422304643892526 , 0.04059498755016723 , -0.0009103414947600649 , -0.048562267283813465 , -0.07775316950831072 , -0.0006901120761217004 , 0.07545405202527455 , 0.05610677085594256 , 0.012696377989366896 , -0.06488402900712058 , -0.12234457245121079 , -0.06488402900712056 , 0.0126963779893669 , 0.056106770855942546 , 0.07545405202527454 , -0.0006901120761216895 , -0.07775316950831072 , -0.04856226728381347 , -0.0009103414947600717 , 0.04059498755016723 , 0.06422304643892528 , -0.013319758097512409 , -0.10053863842191904 , -0.1040476613260937 , -0.08527923644311833 , -0.05414494734696543 , -0.02057034069191578 , -0.02644038530310517 , -0.039459469354408055 , -0.05108358862842751 , -0.04731571923172913 , 0.002504134305468413 , 0.04906695575198768 , 0.07327544519024468 , 0.06694801576324963 , -0.020130804006819082 , -0.10459975000284677 , -0.08466997188524539 , -0.03356183099325921 , -0.006439920289340663 , 0.028142451231251628 , 0.040419386043633154 , 0.03523833351450033 , 0.0725782092755114 , 0.09751085372542811 , 0.030578443250996852 , -0.02858555290176335 , 0.008243470216250324 , 0.045950497632210915 , 0.04254876359683624 , 0.02411657017360407 , -0.04772543083645049 , -0.1088978807292057 , -0.06180366117953978 , 0.011664796016559837 , 0.02416285209619011 , 0.029180918771578374 , 0.06730959232565939 , 0.07328354061363712 , 0.02641843516116027 , -0.025776308937443426 , -0.07152638947747338 , -0.09049280157380375 , -0.023088836271838113 , 0.05677133335089283 , 0.03551369797431795 , 0.0010237900894679193 , 0.0454728058401365 , 0.07523896706634649 , 0.051837536963919136 , 0.031019626017517007 , 0.0012622954935862028 , -0.017015586982655234 , 0.05973093687584648 , 0.12879757464189057 , 0.059730936875846484 , -0.017015586982655217 , 0.001262295493586211 , 0.031019626017516996 , 0.05183753696391913 , 0.07523896706634653 , 0.0454728058401365 , 0.0010237900894679147 , 0.03551369797431794 , 0.05677133335089282 , -0.023088836271838106 , -0.09049280157380374 , -0.07152638947747338 , -0.025776308937443423 , 0.02641843516116027 , 0.07328354061363711 , 0.06730959232565939 , 0.029180918771578374 , 0.02416285209619012 , 0.011664796016559849 , -0.06180366117953977 , -0.10889788072920571 , -0.04772543083645049 , 0.024116570173604055 , 0.04254876359683623 , 0.0459504976322109 , 0.008243470216250317 , -0.028585552901763366 , 0.030578443250996856 , 0.09751085372542814 , 0.07257820927551142 , 0.035238333514500314 , 0.04041938604363315 , 0.028142451231251628 , -0.006439920289340663 , -0.0335618309932592 , -0.08466997188524537 , -0.10459975000284676 , -0.020130804006819054 , 0.06694801576324964 , 0.07327544519024468 , 0.04906695575198767 , 0.002504134305468398 , -0.047315719231729135 , -0.05108358862842751 , -0.039459469354408055 , -0.02644038530310517 , -0.02057034069191577 , -0.05414494734696544 , -0.08527923644311834 , -0.10404766132609371 , -0.10053863842191904 , -0.013319758097512418 , 0.06422304643892526 , 0.04059498755016723 , -0.0009103414947600649 , -0.048562267283813465 , -0.07775316950831072 , -0.0006901120761217004 , 0.07545405202527455 , 0.05610677085594256 , 0.012696377989366896 , -0.06488402900712058 , -0.12234457245121079 , -0.06488402900712056 , 0.0126963779893669 , 0.056106770855942546 , 0.07545405202527454 , -0.0006901120761216895 , -0.07775316950831072 , -0.04856226728381347 , -0.0009103414947600717 , 0.04059498755016723 , 0.06422304643892528 , -0.013319758097512409 , -0.10053863842191904 , -0.1040476613260937 , -0.08527923644311833 , -0.05414494734696543 , -0.02057034069191578 , -0.02644038530310517 , -0.039459469354408055 , -0.05108358862842751 , -0.04731571923172913 , 0.002504134305468413 , 0.04906695575198768 , 0.07327544519024468 , 0.06694801576324963 , -0.020130804006819082 , -0.10459975000284677 , -0.08466997188524539 , -0.03356183099325921 , -0.006439920289340663 , 0.028142451231251628 , 0.040419386043633154 , 0.03523833351450033 , 0.0725782092755114 , 0.09751085372542811 , 0.030578443250996852 , -0.02858555290176335 , 0.008243470216250324 , 0.045950497632210915 , 0.04254876359683624 , 0.02411657017360407 , -0.04772543083645049 , -0.1088978807292057 , -0.06180366117953978 , 0.011664796016559837 , 0.02416285209619011 , 0.029180918771578374 , 0.06730959232565939 , 0.07328354061363712 , 0.02641843516116027 , -0.025776308937443426 , -0.07152638947747338 , -0.09049280157380375 , -0.023088836271838113 , 0.05687252742755601 , 0.03472659277824898 , 0.002590824298696527 , 0.043966282114121555 , 0.07442147256643865 , 0.05440220368718162 , 0.024888339928377037 , 0.011597655724742893 , 0.0021759410188398796 , -0.034534025464536246 , -0.055895822451626456 , -0.00649784153021655 , 0.041174308283870184 , 0.019190576281746686 , -0.008816709638145752 , -0.031905281477797816 , -0.049887681619616896 , 0.004438242905022838 , 0.048196427507361424 , -0.012154737851143594 , -0.07977908753739285 , -0.1058026344374455 , -0.11094759146333398 , -0.0522745142905574 , 0.012873980184118125 , 0.003494783201060966 , -0.01668033191810917 , -0.015722991117819652 , -0.00907672071228435 , 0.021456758224880714 , 0.05163098380497272 , 0.055652446476172596 , 0.04111225067913807 , 0.0005276722620782726 , -0.03719974438721205 , -0.05762275712243925 , -0.05560952216759855 , -0.008747506403880464 , 0.0333836133211893 , 0.025529142922879455 , -0.001139531554970129 , -0.03662570279423825 , -0.061083446848248846 , -0.029843523540449304 , 0.018123632013755362 , 0.0445822771695052 , 0.06038270192989006 , 0.04956441803985819 , 0.02502713243636738 , 0.013535603751479828 , 0.00261123023398223 , -0.001784956443892833 , -0.0035722479398482498 , -0.018988122426120517 , -0.02909531225834385 , -0.023752097270508414 , -0.00882732453151153 , 0.018557466915626375 , 0.04625573016887139 , 0.0529595344039853 , 0.04739750144602108 , 0.04585221032739972 , 0.03288433544925875 , 0.0014699184493863918 , -0.02837383364652978 , -0.04444542628536255 , -0.05137930359423896 , -0.035660990337876876 , -0.013440232964775412 , -0.019615281231387366 , -0.020207329300748825 , 0.020447075282627118 , 0.057694088976723325 , 0.07766313841152185 , 0.0798524042240464 , 0.05355295523658887 , 0.01931910762404902 , 0.014859080165540123 , 0.03144517788555813 , 0.015729735672347107 , 0.02019502743163243 , 0.09328223721529895 , 0.13605495157920042 , 0.11723355017620461 , 0.06332989031394208 , -0.08518409862162844 , -0.1985273613575462 , -0.10873585689241823 , 0.0077128359448680375 , 0.0495354449384883 , 0.056652582789147865 , -0.04991303590472412 , -0.15494002296106832 , -0.07677633511580155 , 0.03462864835122598 , 0.0751894482148702 , 0.10077257997314863 , 0.079390759459745 , 0.02829979927301196 , 0.0254744505127921 , 0.029794373197500713 , -0.022715581150293603 , -0.05090736055227404 , 0.0011878429906225269 , 0.04810602187285532 , 0.05234793281238892 , 0.030228587984629667 , -0.04196143703152184 , -0.10583153948969266 , -0.06917694979918837 , -0.002394737108313491 , 0.024648539926160357 , 0.05249136940152598 , 0.07536459097139021 , 0.0749061906218485 , 0.07101551391696033 , 0.05249621148299527 , -0.008093337107270783 , -0.061488960467804235 , -0.06231005111523284 , -0.0537042714346578 , -0.06340503083478469 , -0.07439483175070132 , -0.09173729659736644 , -0.10172010165825002 , -0.07739003791271978 , -0.03966201446205668 , -0.002036294154852247 , 0.0292042236251778 , 0.04880243914628484 , 0.05288706301190011 , 0.023323406420106635 , -0.006348942897986677 , 0.004870972609338706 , 0.019627873795621403 , 0.01161650695422115 , 0.004661468813408322 , -0.03027822161900681 , -0.05731462753692705 , -0.007157684719403876 , 0.04196727620052017 , 0.018665113069199386 , -0.008643093617408532 , -0.03192626120557596 , -0.04991559212118073 , 0.004455785087901251 , 0.04819417219891232 , -0.012154737851143594 , -0.07977908753739285 , -0.1058026344374455 , -0.11094759146333398 , -0.0522745142905574 , 0.012873980184118125 , 0.003494783201060966 , -0.01668033191810917 , -0.015722991117819652 , -0.00907672071228435 , 0.021456758224880714 , 0.05163098380497272 , 0.055652446476172596 , 0.04117670068891758 , 2.636883348932609e-05 , -0.03610878305943971 , -0.05930504113041323 , -0.05463330340465545 , -0.008947808596086015 , 0.029571868005707415 , 0.03401384727676683 , 0.004077994006449276 , -0.08419601717095453 , -0.16571571404672636 , -0.15185971693114436 , -0.10110243846207462 , -0.06427288726285914 , -0.02224882304565344 , 0.013146325565203894 , 0.027301062685350742 , 0.028520593102172892 , 0.024442441068490403 , 0.012308304601167865 , 0.007426035850248616 , 0.04486044297025718 , 0.07795176582816626 , 0.03407785037297592 , -0.01149702688113604 , -0.012745352518072304 , -0.008787237182098525 , 0.024890005085809012 , 0.054487349344002345 , -0.0058734517404795865 , -0.06462009061671171 , -0.017239986817746238 , 0.03397558484034066 , 0.04173825246681858 , 0.04523791221250047 , 0.006806663032557306 , -0.03214927694723786 , 0.04800748523326861 , 0.12214905666434717 , 0.0633093393542747 , 0.011272174856227751 , 0.009214956971201256 , 0.02339525209459069 , 0.13291839598731137 , 0.21519058794731294 , 0.10185549849526636 , -0.032044341005926104 , -0.07503416275826914 , -0.08874324533340708 , -0.02434807323773928 , 0.04730070453165237 , -0.01774130403765299 , -0.0973468342039019 , -0.09636860189235733 , -0.09077431039137977 , -0.06193964554936283 , -0.03336129268697389 , -0.07157128698153681 , -0.1092801834631472 , -0.08877962838727359 , -0.05286760732895372 , -0.014889807693853136 , 0.02515988851537863 , 0.03651635617344427 , 0.03238311995779059 , 0.03688294072995375 , 0.032315250055129995 , 0.006342605311002386 , -0.012070094449654381 , -0.01568446163834798 , -0.009726820123588959 , 0.014986244126412075 , 0.03814039538171495 , 0.01682524749730742 , -0.004683701163976373 , 0.008015726649052162 , 0.01722720071752644 , 0.040704158972545854 , 0.051106760932285895 , -0.01722971255679824 , -0.07346548768728202 , -0.055883316325882525 , -0.016130958811428946 , 0.04637324338559348 , 0.08927040161901907 , 0.03388817111235439 , -0.04700944392148375 , -0.07339517626047322 , -0.08506379918243978 , -0.08168093972687485 , -0.05466898276535337 , -0.03712680199407141 , -0.021262044151738595 , 0.026874714285942788 , 0.05925996647590693 , 0.03556375698073184 , 0.015448936650512472 , 0.027624769178196278 , 0.055627972814000455 , 0.10495457490746259 , 0.13740185362425314 , 0.10994999876623776 , 0.050311771363407844 , -0.012021321931227291 , -0.05983878280156429 , -0.08813169004520324 , -0.07512142608330905 , 0.0037542385163156613 , 0.07603984016722891 , 0.08936049098104845 , 0.06831953229881782 , -0.004222936596038039 , -0.07211690816325805 , -0.026071361185583244 , 0.034599890831813626 , 0.025052183550373145 , 0.00901400742167812 , -0.029642463191698918 , -0.0673274643813451 , -0.016550570733636926 , 0.03646437129137189 , 0.0057062366324381174 , -0.026269694998166775 , -0.0319402930796523 , -0.03136841961500403 , 0.011432726069588664 , 0.04467284213795452 , 0.013166560902339537 , -0.030796919696949712 , -0.05884011215974848 , -0.06312024969792175 , -0.043363368816944595 , 0.00027526523181688065 , 0.0610853879693068 , 0.0933706579869331 , 0.06653905761195332 , 0.0020626018765776463 , -0.08945181008275506 , -0.1627464547217798 , -0.15246454471105012 , -0.10137783917648255 , -0.0633568160592074 , -0.022909345712649257 , 0.013474347681420258 , 0.027245851528361422 , 0.028528066147607813 , 0.024441480297380747 , 0.012308304601167865 , 0.007426035850248616 , 0.04486044297025718 , 0.07795176582816626 , 0.03407785037297592 , -0.01149702688113604 , -0.012745352518072304 , -0.008787237182098525 , 0.024890005085809012 , 0.054487349344002345 , -0.0058734517404795865 , -0.06462009061671171 , -0.017239986817746238 , 0.033999842855168466 , 0.041549569392207046 , 0.045742671775812906 , 0.0054412538913284235 , -0.03033484399275584 , 0.04661439299384676 , 0.11971051737060714 , 0.0696446395414882 , 0.006377361733371088 , 0.002228205162695395 , 0.0022437375434323985 , -0.00270662088592541 , 0.0011108250442330935 , 0.0007977965509729168 , -0.0009882084201094593 , 0.0006883490931830317 , -0.00022748993295169777 , 7.966053962461979e-05 , -1.0241546865735802e-05 , 0.0 , -2.0916577335418077e-05 , 0.00016269279040396077 , -0.0002684641972948308 , -0.00011981218551101102 , 0.0010511239401118993 , -0.0015395291152413976 , 0.0011279338758754074 , -0.0006322731184624596 , -0.008516864788383066 , 0.02739813678884962 , 0.0460874717120679 , -0.03496836620661089 , -0.10542294490150265 , -0.06966034967174556 , -0.006998213791464573 , 0.052470832747416055 , 0.11015097835238265 , 0.09025041269758068 , 0.0504854569943574 , 0.09025868758972101 , 0.11016996737668835 , 0.0522108306933965 , -0.006426338359474043 , -0.07032506441984267 , -0.10543066202930043 , -0.03435517167580634 , 0.04353391655447437 , 0.032610925798145604 , -0.0009983914534305695 , -0.031507301027626826 , -0.06067887807757048 , -0.039422631982634716 , -0.003740913893957356 , 0.0005297250246474468 , -0.00334179336879054 , 0.0005297250246474405 , -0.003740913893957365 , -0.03942263198263472 , -0.060678878077570476 , -0.03150730102762683 , -0.0009983914534305684 , 0.0326109257981456 , 0.04353391655447437 , -0.034355171675806324 , -0.10543066202930043 , -0.07032506441984265 , -0.006426338359474044 , 0.052210830693396486 , 0.11016996737668833 , 0.09025868758972097 , 0.050484393133930855 , 0.09025868758972101 , 0.11016996737668835 , 0.0522108306933965 , -0.006426338359474043 , -0.07032506441984267 , -0.10543066202930043 , -0.03435517167580634 , 0.04353391655447437 , 0.032610925798145604 , -0.0009983914534305695 , -0.031507301027626826 , -0.06067887807757048 , -0.039422631982634716 , -0.003740913893957356 , 0.0005297250246474468 , -0.00334179336879054 , 0.0005297250246474405 , -0.003740913893957365 , -0.03942263198263472 , -0.060678878077570476 , -0.03150730102762683 , -0.0009983914534305684 , 0.0326109257981456 , 0.04353391655447437 , -0.034355171675806324 , -0.10543066202930043 , -0.07032506441984265 , -0.006426338359474044 , 0.052210830693396486 , 0.11016996737668833 , 0.09025868758972097 , 0.050484393133930855 , 0.09025868758972101 , 0.11016996737668835 , 0.0522108306933965 , -0.006426338359474043 , -0.07032506441984267 , -0.10543066202930043 , -0.03435517167580634 , 0.04353391655447437 , 0.032610925798145604 , -0.0009983914534305695 , -0.031507301027626826 , -0.06067887807757048 , -0.039422631982634716 , -0.003740913893957356 , 0.0005297250246474468 , -0.00334179336879054 , 0.0005297250246474405 , -0.003740913893957365 , -0.03942263198263472 , -0.060678878077570476 , -0.03150730102762683 , -0.0009983914534305684 , 0.0326109257981456 , 0.04353391655447437 , -0.034355171675806324 , -0.10543066202930043 , -0.07032506441984265 , -0.006426338359474044 , 0.052210830693396486 , 0.11016996737668833 , 0.09025868758972097 , 0.050484393133930855 , 0.09025868758972101 , 0.11016996737668835 , 0.0522108306933965 , -0.006426338359474043 , -0.07032506441984267 , -0.10543066202930043 , -0.03435517167580634 , 0.04353391655447437 , 0.032610925798145604 , -0.0009983914534305695 , -0.031507301027626826 , -0.06067887807757048 , -0.039422631982634716 , -0.003740913893957356 , 0.0005297250246474468 , -0.00334179336879054 , 0.0005297250246474405 , -0.003740913893957365 , -0.03942263198263472 , -0.060678878077570476 , -0.03150730102762683 , -0.0009983914534305684 , 0.0326109257981456 , 0.04353391655447437 , -0.034355171675806324 , -0.10543066202930043 , -0.07032506441984265 , -0.006426338359474044 , 0.052210830693396486 , 0.11016996737668833 , 0.09025868758972097 , 0.050484393133930855 , 0.09025868758972101 , 0.11016996737668835 , 0.0522108306933965 , -0.006426338359474043 , -0.07032506441984267 , -0.10543066202930043 , -0.03435517167580634 , 0.04353391655447437 , 0.032610925798145604 , -0.0009983914534305695 , -0.031507301027626826 , -0.06067887807757048 , -0.039422631982634716 , -0.003740913893957356 , 0.0005297250246474468 , -0.00334179336879054 , 0.0005297250246474405 , -0.003740913893957365 , -0.03942263198263472 , -0.060678878077570476 , -0.03150730102762683 , -0.0009983914534305684 , 0.0326109257981456 , 0.04353391655447437 , -0.034355171675806324 , -0.10543066202930043 , -0.07032506441984265 , -0.006426338359474044 , 0.052210830693396486 , 0.11016996737668833 , 0.09025868758972097 , 0.050484393133930855 , 0.09025868758972101 , 0.11016996737668835 , 0.0522108306933965 , -0.006426338359474043 , -0.07032506441984267 , -0.10543066202930043 , -0.03435517167580634 , 0.04353391655447437 , 0.032610925798145604 , -0.0009983914534305695 , -0.031507301027626826 , -0.06067887807757048 , -0.039422631982634716 , -0.003740913893957356 , 0.0005297250246474468 , -0.00334179336879054 , 0.0005297250246474405 , -0.003740913893957365 , -0.03942263198263472 , -0.060678878077570476 , -0.03150730102762683 , -0.0009983914534305684 , 0.0326109257981456 , 0.04353391655447437 , -0.034355171675806324 , -0.10543066202930043 , -0.07032506441984265 , -0.006426338359474044 , 0.052210830693396486 , 0.11016996737668833 , 0.09025868758972097 , 0.050484393133930855 , 0.09025868758972101 , 0.11016996737668835 , 0.0522108306933965 , -0.006426338359474043 , -0.07032506441984267 , -0.10543066202930043 , -0.03435517167580634 , 0.04353391655447437 , 0.032610925798145604 , -0.0009983914534305695 , -0.031507301027626826 , -0.06067887807757048 , -0.039422631982634716 , -0.003740913893957356 , 0.0005297250246474468 , -0.00334179336879054 , 0.0005297250246474405 , -0.003740913893957365 , -0.03942263198263472 , -0.060678878077570476 , -0.03150730102762683 , -0.0009983914534305684 , 0.0326109257981456 , 0.04353391655447437 , -0.034355171675806324 , -0.10543066202930043 , -0.07032506441984265 , -0.006426338359474044 , 0.052210830693396486 , 0.11016996737668833 , 0.09025868758972097 , 0.050484393133930855 , 0.09025868758972101 , 0.11016996737668835 , 0.0522108306933965 , -0.006426338359474043 , -0.07032506441984267 , -0.10543066202930043 , -0.03435517167580634 , 0.04353391655447437 , 0.032610925798145604 , -0.0009983914534305695 , -0.031507301027626826 , -0.06067887807757048 , -0.039422631982634716 , -0.003740913893957356 , 0.0005297250246474468 , -0.00334179336879054 , 0.0005297250246474405 , -0.003740913893957365 , -0.03942263198263472 , -0.060678878077570476 , -0.03150730102762683 , -0.0009983914534305684 , 0.0326109257981456 , 0.04353391655447437 , -0.034355171675806324 , -0.10543066202930043 , -0.07032506441984265 , -0.006426338359474044 , 0.052210830693396486 , 0.11016996737668833 , 0.09025868758972097 , 0.050484393133930855 , 0.09025868758972101 , 0.11016996737668835 , 0.0522108306933965 , -0.006426338359474043 , -0.07032506441984267 , -0.10543066202930043 , -0.03435517167580634 , 0.04353391655447437 , 0.032610925798145604 , -0.0009983914534305695 , -0.031507301027626826 , -0.06067887807757048 , -0.039422631982634716 , -0.003740913893957356 , 0.0005297250246474468 , -0.00334179336879054 , 0.0005297250246474405 , -0.003740913893957365 , -0.03942263198263472 , -0.060678878077570476 , -0.03150730102762683 , -0.0009983914534305684 , 0.0326109257981456 , 0.04353391655447437 , -0.034355171675806324 , -0.10543066202930043 , -0.07032506441984265 , -0.006426338359474044 , 0.052210830693396486 , 0.11016996737668833 , 0.09025868758972097 , 0.050484393133930855 , 0.09025868758972101 , 0.11016996737668835 , 0.0522108306933965 , -0.006426338359474043 , -0.07032506441984267 , -0.10543066202930043 , -0.03435517167580634 , 0.04353391655447437 , 0.032610925798145604 , -0.0009983914534305695 , -0.031507301027626826 , -0.06067887807757048 , -0.039422631982634716 , -0.003648947236172528 , -0.0001856076963424291 , -0.0019624139625890316 , -0.000491241899128541 , -0.0052564744787446695 , -0.03580768554909058 , -0.0670833703614546 , -0.022345648172876542 , 0.02046489579216044 , -0.06105108371929971 , -0.12651791953929112 , -0.06193957340929102 , 0.011465501678514095 , 0.05520227533034637 , 0.07661318055561261 , -0.00136761165668627 , -0.07760469421859115 , -0.04859744170507029 , -0.0009058192998882518 , 0.04059498755016723 , 0.06422304643892528 , -0.013319758097512409 , -0.10053863842191904 , -0.1040476613260937 , -0.08527923644311833 , -0.05414494734696543 , -0.02057034069191578 , -0.02644038530310517 , -0.039459469354408055 , -0.05108358862842751 , -0.04731571923172913 , 0.002504134305468413 , 0.04906695575198768 , 0.07327544519024468 , 0.06694801576324963 , -0.020130804006819082 , -0.10459975000284677 , -0.08466997188524539 , -0.03356183099325921 , -0.006439920289340663 , 0.028142451231251628 , 0.040419386043633154 , 0.03523833351450033 , 0.0725782092755114 , 0.09751085372542811 , 0.030578443250996852 , -0.02858555290176335 , 0.008243470216250324 , 0.045950497632210915 , 0.04254876359683624 , 0.02411657017360407 , -0.04772543083645049 , -0.1088978807292057 , -0.06180366117953978 , 0.011664796016559837 , 0.02416285209619011 , 0.029180918771578374 , 0.06730959232565939 , 0.07328354061363712 , 0.02641843516116027 , -0.025776308937443426 , -0.07152638947747338 , -0.09049280157380375 , -0.023088836271838113 , 0.05677133335089283 , 0.03551369797431795 , 0.0010237900894679193 , 0.0454728058401365 , 0.07523896706634649 , 0.051837536963919136 , 0.031019626017517007 , 0.0012622954935862028 , -0.017015586982655234 , 0.05973093687584648 , 0.12879757464189057 , 0.059730936875846484 , -0.017015586982655217 , 0.001262295493586211 , 0.031019626017516996 , 0.05183753696391913 , 0.07523896706634653 , 0.0454728058401365 , 0.0010237900894679147 , 0.03551369797431794 , 0.05677133335089282 , -0.023088836271838106 , -0.09049280157380374 , -0.07152638947747338 , -0.025776308937443423 , 0.02641843516116027 , 0.07328354061363711 , 0.06730959232565939 , 0.029180918771578374 , 0.02416285209619012 , 0.011664796016559849 , -0.06180366117953977 , -0.10889788072920571 , -0.04772543083645049 , 0.024116570173604055 , 0.04254876359683623 , 0.0459504976322109 , 0.008243470216250317 , -0.028585552901763366 , 0.030578443250996856 , 0.09751085372542814 , 0.07257820927551142 , 0.035238333514500314 , 0.04041938604363315 , 0.028142451231251628 , -0.006439920289340663 , -0.0335618309932592 , -0.08466997188524537 , -0.10459975000284676 , -0.020130804006819054 , 0.06694801576324964 , 0.07327544519024468 , 0.04906695575198767 , 0.002504134305468398 , -0.047315719231729135 , -0.05108358862842751 , -0.039459469354408055 , -0.02644038530310517 , -0.02057034069191577 , -0.05414494734696544 , -0.08527923644311834 , -0.10404766132609371 , -0.10053863842191904 , -0.013319758097512418 , 0.06422304643892526 , 0.04059498755016723 , -0.0009103414947600649 , -0.048562267283813465 , -0.07775316950831072 , -0.0006901120761217004 , 0.07545405202527455 , 0.05610677085594256 , 0.012696377989366896 , -0.06488402900712058 , -0.12234457245121079 , -0.06488402900712056 , 0.0126963779893669 , 0.056106770855942546 , 0.07545405202527454 , -0.0006901120761216895 , -0.07775316950831072 , -0.04856226728381347 , -0.0009103414947600717 , 0.04059498755016723 , 0.06422304643892528 , -0.013319758097512409 , -0.10053863842191904 , -0.1040476613260937 , -0.08527923644311833 , -0.05414494734696543 , -0.02057034069191578 , -0.02644038530310517 , -0.039459469354408055 , -0.05108358862842751 , -0.04731571923172913 , 0.002504134305468413 , 0.04906695575198768 , 0.07327544519024468 , 0.06694801576324963 , -0.020130804006819082 , -0.10459975000284677 , -0.08466997188524539 , -0.03356183099325921 , -0.006439920289340663 , 0.028142451231251628 , 0.040419386043633154 , 0.03523833351450033 , 0.0725782092755114 , 0.09751085372542811 , 0.030578443250996852 , -0.02858555290176335 , 0.008243470216250324 , 0.045950497632210915 , 0.04254876359683624 , 0.02411657017360407 , -0.04772543083645049 , -0.1088978807292057 , -0.06180366117953978 , 0.011664796016559837 , 0.02416285209619011 , 0.029180918771578374 , 0.06730959232565939 , 0.07328354061363712 , 0.02641843516116027 , -0.025776308937443426 , -0.07152638947747338 , -0.09049280157380375 , -0.023088836271838113 , 0.05677133335089283 , 0.03551369797431795 , 0.0010237900894679193 , 0.0454728058401365 , 0.07523896706634649 , 0.051837536963919136 , 0.031019626017517007 , 0.0012622954935862028 , -0.017015586982655234 , 0.05973093687584648 , 0.12879757464189057 , 0.059730936875846484 , -0.017015586982655217 , 0.001262295493586211 , 0.031019626017516996 , 0.05183753696391913 , 0.07523896706634653 , 0.0454728058401365 , 0.0010237900894679147 , 0.03551369797431794 , 0.05677133335089282 , -0.023088836271838106 , -0.09049280157380374 , -0.07152638947747338 , -0.025776308937443423 , 0.02641843516116027 , 0.07328354061363711 , 0.06730959232565939 , 0.029180918771578374 , 0.02416285209619012 , 0.011664796016559849 , -0.06180366117953977 , -0.10889788072920571 , -0.04772543083645049 , 0.024116570173604055 , 0.04254876359683623 , 0.0459504976322109 , 0.008243470216250317 , -0.028585552901763366 , 0.030578443250996856 , 0.09751085372542814 , 0.07257820927551142 , 0.035238333514500314 , 0.04041938604363315 , 0.028142451231251628 , -0.006439920289340663 , -0.0335618309932592 , -0.08466997188524537 , -0.10459975000284676 , -0.020130804006819054 , 0.06694801576324964 , 0.07327544519024468 , 0.04906695575198767 , 0.002504134305468398 , -0.047315719231729135 , -0.05108358862842751 , -0.039459469354408055 , -0.02644038530310517 , -0.02057034069191577 , -0.05414494734696544 , -0.08527923644311834 , -0.10404766132609371 , -0.10053863842191904 , -0.013319758097512418 , 0.06422304643892526 , 0.04059498755016723 , -0.0009103414947600649 , -0.048562267283813465 , -0.07775316950831072 , -0.0006901120761217004 , 0.07545405202527455 , 0.05610677085594256 , 0.012696377989366896 , -0.06488402900712058 , -0.12234457245121079 , -0.06488402900712056 , 0.0126963779893669 , 0.056106770855942546 , 0.07545405202527454 , -0.0006901120761216895 , -0.07775316950831072 , -0.04856226728381347 , -0.0009103414947600717 , 0.04059498755016723 , 0.06422304643892528 , -0.013319758097512409 , -0.10053863842191904 , -0.1040476613260937 , -0.08527923644311833 , -0.05414494734696543 , -0.02057034069191578 , -0.02644038530310517 , -0.039459469354408055 , -0.05108358862842751 , -0.04731571923172913 , 0.002504134305468413 , 0.04906695575198768 , 0.07327544519024468 , 0.06694801576324963 , -0.020130804006819082 , -0.10459975000284677 , -0.08466997188524539 , -0.03356183099325921 , -0.006439920289340663 , 0.028142451231251628 , 0.040419386043633154 , 0.03523833351450033 , 0.0725782092755114 , 0.09751085372542811 , 0.030578443250996852 , -0.02858555290176335 , 0.008243470216250324 , 0.045950497632210915 , 0.04254876359683624 , 0.02411657017360407 , -0.04772543083645049 , -0.1088978807292057 , -0.06180366117953978 , 0.011664796016559837 , 0.02416285209619011 , 0.029180918771578374 , 0.06730959232565939 , 0.07328354061363712 , 0.02641843516116027 , -0.025776308937443426 , -0.07152638947747338 , -0.09049280157380375 , -0.023088836271838113 , 0.05687252742755601 , 0.03472659277824898 , 0.002590824298696527 , 0.043966282114121555 , 0.07442147256643865 , 0.05440220368718162 , 0.024888339928377037 , 0.011597655724742893 , 0.0021759410188398796 , -0.034534025464536246 , -0.055895822451626456 , -0.00649784153021655 , 0.041174308283870184 , 0.019190576281746686 , -0.008816709638145752 , -0.031905281477797816 , -0.049887681619616896 , 0.004438242905022838 , 0.048196427507361424 , -0.012154737851143594 , -0.07977908753739285 , -0.1058026344374455 , -0.11094759146333398 , -0.0522745142905574 , 0.012873980184118125 , 0.003494783201060966 , -0.01668033191810917 , -0.015722991117819652 , -0.00907672071228435 , 0.021456758224880714 , 0.05163098380497272 , 0.055652446476172596 , 0.04111225067913807 , 0.0005276722620782726 , -0.03719974438721205 , -0.05762275712243925 , -0.05560952216759855 , -0.008747506403880464 , 0.0333836133211893 , 0.025529142922879455 , -0.001139531554970129 , -0.03662570279423825 , -0.061083446848248846 , -0.029843523540449304 , 0.018123632013755362 , 0.0445822771695052 , 0.06038270192989006 , 0.04956441803985819 , 0.02502713243636738 , 0.013535603751479828 , 0.00261123023398223 , -0.001784956443892833 , -0.0035722479398482498 , -0.018988122426120517 , -0.02909531225834385 , -0.023752097270508414 , -0.00882732453151153 , 0.018557466915626375 , 0.04625573016887139 , 0.0529595344039853 , 0.04739750144602108 , 0.04585221032739972 , 0.03288433544925875 , 0.0014699184493863918 , -0.02837383364652978 , -0.04444542628536255 , -0.05137930359423896 , -0.035660990337876876 , -0.013440232964775412 , -0.019615281231387366 , -0.020207329300748825 , 0.020447075282627118 , 0.057694088976723325 , 0.07766313841152185 , 0.0798524042240464 , 0.05355295523658887 , 0.01931910762404902 , 0.014859080165540123 , 0.03144517788555813 , 0.015729735672347107 , 0.02019502743163243 , 0.09328223721529895 , 0.13605495157920042 , 0.11723355017620461 , 0.06332989031394208 , -0.08518409862162844 , -0.1985273613575462 , -0.10873585689241823 , 0.0077128359448680375 , 0.0495354449384883 , 0.056652582789147865 , -0.04991303590472412 , -0.15494002296106832 , -0.07677633511580155 , 0.03462864835122598 , 0.0751894482148702 , 0.10077257997314863 , 0.079390759459745 , 0.02829979927301196 , 0.0254744505127921 , 0.029794373197500713 , -0.022715581150293603 , -0.05090736055227404 , 0.0011878429906225269 , 0.04810602187285532 , 0.05234793281238892 , 0.030228587984629667 , -0.04196143703152184 , -0.10583153948969266 , -0.06917694979918837 , -0.002394737108313491 , 0.024648539926160357 , 0.05249136940152598 , 0.07536459097139021 , 0.0749061906218485 , 0.07101551391696033 , 0.05249621148299527 , -0.008093337107270783 , -0.061488960467804235 , -0.06231005111523284 , -0.0537042714346578 , -0.06340503083478469 , -0.07439483175070132 , -0.09173729659736644 , -0.10172010165825002 , -0.07739003791271978 , -0.03966201446205668 , -0.002036294154852247 , 0.0292042236251778 , 0.04880243914628484 , 0.05288706301190011 , 0.023323406420106635 , -0.006348942897986677 , 0.004870972609338706 , 0.019627873795621403 , 0.01161650695422115 , 0.004661468813408322 , -0.03027822161900681 , -0.05731462753692705 , -0.007157684719403876 , 0.04196727620052017 , 0.018665113069199386 , -0.008643093617408532 , -0.03192626120557596 , -0.04991559212118073 , 0.004455785087901251 , 0.04819417219891232 , -0.012154737851143594 , -0.07977908753739285 , -0.1058026344374455 , -0.11094759146333398 , -0.0522745142905574 , 0.012873980184118125 , 0.003494783201060966 , -0.01668033191810917 , -0.015722991117819652 , -0.00907672071228435 , 0.021456758224880714 , 0.05163098380497272 , 0.055652446476172596 , 0.04117670068891758 , 2.636883348932609e-05 , -0.03610878305943971 , -0.05930504113041323 , -0.05463330340465545 , -0.008947808596086015 , 0.029571868005707415 , 0.03401384727676683 , 0.004077994006449276 , -0.08419601717095453 , -0.16571571404672636 , -0.15185971693114436 , -0.10110243846207462 , -0.06427288726285914 , -0.02224882304565344 , 0.013146325565203894 , 0.027301062685350742 , 0.028520593102172892 , 0.024442441068490403 , 0.012308304601167865 , 0.007426035850248616 , 0.04486044297025718 , 0.07795176582816626 , 0.03407785037297592 , -0.01149702688113604 , -0.012745352518072304 , -0.008787237182098525 , 0.024890005085809012 , 0.054487349344002345 , -0.0058734517404795865 , -0.06462009061671171 , -0.017239986817746238 , 0.03397558484034066 , 0.04173825246681858 , 0.04523791221250047 , 0.006806663032557306 , -0.03214927694723786 , 0.04800748523326861 , 0.12214905666434717 , 0.0633093393542747 , 0.011272174856227751 , 0.009214956971201256 , 0.02339525209459069 , 0.13291839598731137 , 0.21519058794731294 , 0.10185549849526636 , -0.032044341005926104 , -0.07503416275826914 , -0.08874324533340708 , -0.02434807323773928 , 0.04730070453165237 , -0.01774130403765299 , -0.0973468342039019 , -0.09636860189235733 , -0.09077431039137977 , -0.06193964554936283 , -0.03336129268697389 , -0.07157128698153681 , -0.1092801834631472 , -0.08877962838727359 , -0.05286760732895372 , -0.014889807693853136 , 0.02515988851537863 , 0.03651635617344427 , 0.03238311995779059 , 0.03688294072995375 , 0.032315250055129995 , 0.006342605311002386 , -0.012070094449654381 , -0.01568446163834798 , -0.009726820123588959 , 0.014986244126412075 , 0.03814039538171495 , 0.01682524749730742 , -0.004683701163976373 , 0.008015726649052162 , 0.01722720071752644 , 0.040704158972545854 , 0.051106760932285895 , -0.01722971255679824 , -0.07346548768728202 , -0.055883316325882525 , -0.016130958811428946 , 0.04637324338559348 , 0.08927040161901907 , 0.03388817111235439 , -0.04700944392148375 , -0.07339517626047322 , -0.08506379918243978 , -0.08168093972687485 , -0.05466898276535337 , -0.03712680199407141 , -0.021262044151738595 , 0.026874714285942788 , 0.05925996647590693 , 0.03556375698073184 , 0.015448936650512472 , 0.027624769178196278 , 0.055627972814000455 , 0.10495457490746259 , 0.13740185362425314 , 0.10994999876623776 , 0.050311771363407844 , -0.012021321931227291 , -0.05983878280156429 , -0.08813169004520324 , -0.07512142608330905 , 0.0037542385163156613 , 0.07603984016722891 , 0.08936049098104845 , 0.06831953229881782 , -0.004222936596038039 , -0.07211690816325805 , -0.026071361185583244 , 0.034599890831813626 , 0.025052183550373145 , 0.00901400742167812 , -0.029642463191698918 , -0.0673274643813451 , -0.016550570733636926 , 0.03646437129137189 , 0.0057062366324381174 , -0.026269694998166775 , -0.0319402930796523 , -0.03136841961500403 , 0.011432726069588664 , 0.04467284213795452 , 0.013166560902339537 , -0.030796919696949712 , -0.05884011215974848 , -0.06312024969792175 , -0.043363368816944595 , 0.00027526523181688065 , 0.0610853879693068 , 0.0933706579869331 , 0.06653905761195332 , 0.0020626018765776463 , -0.08945181008275506 , -0.1627464547217798 , -0.15246454471105012 , -0.10137783917648255 , -0.0633568160592074 , -0.022909345712649257 , 0.013474347681420258 , 0.027245851528361422 , 0.028528066147607813 , 0.024441480297380747 , 0.012308304601167865 , 0.007426035850248616 , 0.04486044297025718 , 0.07795176582816626 , 0.03407785037297592 , -0.01149702688113604 , -0.012745352518072304 , -0.008787237182098525 , 0.024890005085809012 , 0.054487349344002345 , -0.0058734517404795865 , -0.06462009061671171 , -0.017239986817746238 , 0.033999842855168466 , 0.041549569392207046 , 0.045742671775812906 , 0.0054412538913284235 , -0.03033484399275584 , 0.04661439299384676 , 0.11971051737060714 , 0.0696446395414882 , 0.006377361733371088 , 0.002228205162695395 , 0.0022437375434323985 , -0.00270662088592541 , 0.0011108250442330935 , 0.0007977965509729168 , -0.0009882084201094593 , 0.0006883490931830317 , -0.00022748993295169777 , 7.966053962461979e-05 , -1.0241546865735802e-05 , 0.0 , -2.0916577335418077e-05 , 0.00016269279040396077 , -0.0002684641972948308 , -0.00011981218551101102 , 0.0010511239401118993 , -0.0015395291152413976 , 0.0011279338758754074 , -0.0006322731184624596 , -0.008516864788383066 , 0.02739813678884962 , 0.0460874717120679 , -0.03496836620661089 , -0.10542294490150265 , -0.06966034967174556 , -0.006998213791464573 , 0.052470832747416055 , 0.11015097835238265 , 0.09025041269758068 , 0.0504854569943574 , 0.09025868758972101 , 0.11016996737668835 , 0.0522108306933965 , -0.006426338359474043 , -0.07032506441984267 , -0.10543066202930043 , -0.03435517167580634 , 0.04353391655447437 , 0.032610925798145604 , -0.0009983914534305695 , -0.031507301027626826 , -0.06067887807757048 , -0.039422631982634716 , -0.003740913893957356 , 0.0005297250246474468 , -0.00334179336879054 , 0.0005297250246474405 , -0.003740913893957365 , -0.03942263198263472 , -0.060678878077570476 , -0.03150730102762683 , -0.0009983914534305684 , 0.0326109257981456 , 0.04353391655447437 , -0.034355171675806324 , -0.10543066202930043 , -0.07032506441984265 , -0.006426338359474044 , 0.052210830693396486 , 0.11016996737668833 , 0.09025868758972097 , 0.050484393133930855 , 0.09025868758972101 , 0.11016996737668835 , 0.0522108306933965 , -0.006426338359474043 , -0.07032506441984267 , -0.10543066202930043 , -0.03435517167580634 , 0.04353391655447437 , 0.032610925798145604 , -0.0009983914534305695 , -0.031507301027626826 , -0.06067887807757048 , -0.039422631982634716 , -0.003740913893957356 , 0.0005297250246474468 , -0.00334179336879054 , 0.0005297250246474405 , -0.003740913893957365 , -0.03942263198263472 , -0.060678878077570476 , -0.03150730102762683 , -0.0009983914534305684 , 0.0326109257981456 , 0.04353391655447437 , -0.034355171675806324 , -0.10543066202930043 , -0.07032506441984265 , -0.006426338359474044 , 0.052210830693396486 , 0.11016996737668833 , 0.09025868758972097 , 0.050484393133930855 , 0.09025868758972101 , 0.11016996737668835 , 0.0522108306933965 , -0.006426338359474043 , -0.07032506441984267 , -0.10543066202930043 , -0.03435517167580634 , 0.04353391655447437 , 0.032610925798145604 , -0.0009983914534305695 , -0.031507301027626826 , -0.06067887807757048 , -0.039422631982634716 , -0.003740913893957356 , 0.0005297250246474468 , -0.00334179336879054 , 0.0005297250246474405 , -0.003740913893957365 , -0.03942263198263472 , -0.060678878077570476 , -0.03150730102762683 , -0.0009983914534305684 , 0.0326109257981456 , 0.04353391655447437 , -0.034355171675806324 , -0.10543066202930043 , -0.07032506441984265 , -0.006426338359474044 , 0.052210830693396486 , 0.11016996737668833 , 0.09025868758972097 , 0.050484393133930855 , 0.09025868758972101 , 0.11016996737668835 , 0.0522108306933965 , -0.006426338359474043 , -0.07032506441984267 , -0.10543066202930043 , -0.03435517167580634 , 0.04353391655447437 , 0.032610925798145604 , -0.0009983914534305695 , -0.031507301027626826 , -0.06067887807757048 , -0.039422631982634716 , -0.003740913893957356 , 0.0005297250246474468 , -0.00334179336879054 , 0.0005297250246474405 , -0.003740913893957365 , -0.03942263198263472 , -0.060678878077570476 , -0.03150730102762683 , -0.0009983914534305684 , 0.0326109257981456 , 0.04353391655447437 , -0.034355171675806324 , -0.10543066202930043 , -0.07032506441984265 , -0.006426338359474044 , 0.052210830693396486 , 0.11016996737668833 , 0.09025868758972097 , 0.050484393133930855 , 0.09025868758972101 , 0.11016996737668835 , 0.0522108306933965 , -0.006426338359474043 , -0.07032506441984267 , -0.10543066202930043 , -0.03435517167580634 , 0.04353391655447437 , 0.032610925798145604 , -0.0009983914534305695 , -0.031507301027626826 , -0.06067887807757048 , -0.039422631982634716 , -0.003740913893957356 , 0.0005297250246474468 , -0.00334179336879054 , 0.0005297250246474405 , -0.003740913893957365 , -0.03942263198263472 , -0.060678878077570476 , -0.03150730102762683 , -0.0009983914534305684 , 0.0326109257981456 , 0.04353391655447437 , -0.034355171675806324 , -0.10543066202930043 , -0.07032506441984265 , -0.006426338359474044 , 0.052210830693396486 , 0.11016996737668833 , 0.09025868758972097 , 0.050484393133930855 , 0.09025868758972101 , 0.11016996737668835 , 0.0522108306933965 , -0.006426338359474043 , -0.07032506441984267 , -0.10543066202930043 , -0.03435517167580634 , 0.04353391655447437 , 0.032610925798145604 , -0.0009983914534305695 , -0.031507301027626826 , -0.06067887807757048 , -0.039422631982634716 , -0.003740913893957356 , 0.0005297250246474468 , -0.00334179336879054 , 0.0005297250246474405 , -0.003740913893957365 , -0.03942263198263472 , -0.060678878077570476 , -0.03150730102762683 , -0.0009983914534305684 , 0.0326109257981456 , 0.04353391655447437 , -0.034355171675806324 , -0.10543066202930043 , -0.07032506441984265 , -0.006426338359474044 , 0.052210830693396486 , 0.11016996737668833 , 0.09025868758972097 , 0.050484393133930855 , 0.09025868758972101 , 0.11016996737668835 , 0.0522108306933965 , -0.006426338359474043 , -0.07032506441984267 , -0.10543066202930043 , -0.03435517167580634 , 0.04353391655447437 , 0.032610925798145604 , -0.0009983914534305695 , -0.031507301027626826 , -0.06067887807757048 , -0.039422631982634716 , -0.003740913893957356 , 0.0005297250246474468 , -0.00334179336879054 , 0.0005297250246474405 , -0.003740913893957365 , -0.03942263198263472 , -0.060678878077570476 , -0.03150730102762683 , -0.0009983914534305684 , 0.0326109257981456 , 0.04353391655447437 , -0.034355171675806324 , -0.10543066202930043 , -0.07032506441984265 , -0.006426338359474044 , 0.052210830693396486 , 0.11016996737668833 , 0.09025868758972097 , 0.050484393133930855 , 0.09025868758972101 , 0.11016996737668835 , 0.0522108306933965 , -0.006426338359474043 , -0.07032506441984267 , -0.10543066202930043 , -0.03435517167580634 , 0.04353391655447437 , 0.032610925798145604 , -0.0009983914534305695 , -0.031507301027626826 , -0.06067887807757048 , -0.039422631982634716 , -0.003740913893957356 , 0.0005297250246474468 , -0.00334179336879054 , 0.0005297250246474405 , -0.003740913893957365 , -0.03942263198263472 , -0.060678878077570476 , -0.03150730102762683 , -0.0009983914534305684 , 0.0326109257981456 , 0.04353391655447437 , -0.034355171675806324 , -0.10543066202930043 , -0.07032506441984265 , -0.006426338359474044 , 0.052210830693396486 , 0.11016996737668833 , 0.09025868758972097 , 0.050484393133930855 , 0.09025868758972101 , 0.11016996737668835 , 0.0522108306933965 , -0.006426338359474043 , -0.07032506441984267 , -0.10543066202930043 , -0.03435517167580634 , 0.04353391655447437 , 0.032610925798145604 , -0.0009983914534305695 , -0.031507301027626826 , -0.06067887807757048 , -0.039422631982634716 , -0.003740913893957356 , 0.0005297250246474468 , -0.00334179336879054 , 0.0005297250246474405 , -0.003740913893957365 , -0.03942263198263472 , -0.060678878077570476 , -0.03150730102762683 , -0.0009983914534305684 , 0.0326109257981456 , 0.04353391655447437 , -0.034355171675806324 , -0.10543066202930043 , -0.07032506441984265 , -0.006426338359474044 , 0.052210830693396486 , 0.11016996737668833 , 0.09025868758972097 , 0.050484393133930855 , 0.09025868758972101 , 0.11016996737668835 , 0.0522108306933965 , -0.006426338359474043 , -0.07032506441984267 , -0.10543066202930043 , -0.03435517167580634 , 0.04353391655447437 , 0.032610925798145604 , -0.0009983914534305695 , -0.031507301027626826 , -0.06067887807757048 , -0.039422631982634716 , -0.003648947236172528 , -0.0001856076963424291 , -0.0019624139625890316 , -0.000491241899128541 , -0.0052564744787446695 , -0.03580768554909058 , -0.0670833703614546 , -0.022345648172876542 , 0.02046489579216044 , -0.06105108371929971 , -0.12651791953929112 , -0.06193957340929102 , 0.011465501678514095 , 0.05520227533034637 , 0.07661318055561261 , -0.00136761165668627 , -0.07760469421859115 , -0.04859744170507029 , -0.0009058192998882518 , 0.04059498755016723 , 0.06422304643892528 , -0.013319758097512409 , -0.10053863842191904 , -0.1040476613260937 , -0.08527923644311833 , -0.05414494734696543 , -0.02057034069191578 , -0.02644038530310517 , -0.039459469354408055 , -0.05108358862842751 , -0.04731571923172913 , 0.002504134305468413 , 0.04906695575198768 , 0.07327544519024468 , 0.06694801576324963 , -0.020130804006819082 , -0.10459975000284677 , -0.08466997188524539 , -0.03356183099325921 , -0.006439920289340663 , 0.028142451231251628 , 0.040419386043633154 , 0.03523833351450033 , 0.0725782092755114 , 0.09751085372542811 , 0.030578443250996852 , -0.02858555290176335 , 0.008243470216250324 , 0.045950497632210915 , 0.04254876359683624 , 0.02411657017360407 , -0.04772543083645049 , -0.1088978807292057 , -0.06180366117953978 , 0.011664796016559837 , 0.02416285209619011 , 0.029180918771578374 , 0.06730959232565939 , 0.07328354061363712 , 0.02641843516116027 , -0.025776308937443426 , -0.07152638947747338 , -0.09049280157380375 , -0.023088836271838113 , 0.05677133335089283 , 0.03551369797431795 , 0.0010237900894679193 , 0.0454728058401365 , 0.07523896706634649 , 0.051837536963919136 , 0.031019626017517007 , 0.0012622954935862028 , -0.017015586982655234 , 0.05973093687584648 , 0.12879757464189057 , 0.059730936875846484 , -0.017015586982655217 , 0.001262295493586211 , 0.031019626017516996 , 0.05183753696391913 , 0.07523896706634653 , 0.0454728058401365 , 0.0010237900894679147 , 0.03551369797431794 , 0.05677133335089282 , -0.023088836271838106 , -0.09049280157380374 , -0.07152638947747338 , -0.025776308937443423 , 0.02641843516116027 , 0.07328354061363711 , 0.06730959232565939 , 0.029180918771578374 , 0.02416285209619012 , 0.011664796016559849 , -0.06180366117953977 , -0.10889788072920571 , -0.04772543083645049 , 0.024116570173604055 , 0.04254876359683623 , 0.0459504976322109 , 0.008243470216250317 , -0.028585552901763366 , 0.030578443250996856 , 0.09751085372542814 , 0.07257820927551142 , 0.035238333514500314 , 0.04041938604363315 , 0.028142451231251628 , -0.006439920289340663 , -0.0335618309932592 , -0.08466997188524537 , -0.10459975000284676 , -0.020130804006819054 , 0.06694801576324964 , 0.07327544519024468 , 0.04906695575198767 , 0.002504134305468398 , -0.047315719231729135 , -0.05108358862842751 , -0.039459469354408055 , -0.02644038530310517 , -0.02057034069191577 , -0.05414494734696544 , -0.08527923644311834 , -0.10404766132609371 , -0.10053863842191904 , -0.013319758097512418 , 0.06422304643892526 , 0.04059498755016723 , -0.0009103414947600649 , -0.048562267283813465 , -0.07775316950831072 , -0.0006901120761217004 , 0.07545405202527455 , 0.05610677085594256 , 0.012696377989366896 , -0.06488402900712058 , -0.12234457245121079 , -0.06488402900712056 , 0.0126963779893669 , 0.056106770855942546 , 0.07545405202527454 , -0.0006901120761216895 , -0.07775316950831072 , -0.04856226728381347 , -0.0009103414947600717 , 0.04059498755016723 , 0.06422304643892528 , -0.013319758097512409 , -0.10053863842191904 , -0.1040476613260937 , -0.08527923644311833 , -0.05414494734696543 , -0.02057034069191578 , -0.02644038530310517 , -0.039459469354408055 , -0.05108358862842751 , -0.04731571923172913 , 0.002504134305468413 , 0.04906695575198768 , 0.07327544519024468 , 0.06694801576324963 , -0.020130804006819082 , -0.10459975000284677 , -0.08466997188524539 , -0.03356183099325921 , -0.006439920289340663 , 0.028142451231251628 , 0.040419386043633154 , 0.03523833351450033 , 0.0725782092755114 , 0.09751085372542811 , 0.030578443250996852 , -0.02858555290176335 , 0.008243470216250324 , 0.045950497632210915 , 0.04254876359683624 , 0.02411657017360407 , -0.04772543083645049 , -0.1088978807292057 , -0.06180366117953978 , 0.011664796016559837 , 0.02416285209619011 , 0.029180918771578374 , 0.06730959232565939 , 0.07328354061363712 , 0.02641843516116027 , -0.025776308937443426 , -0.07152638947747338 , -0.09049280157380375 , -0.023088836271838113 , 0.05677133335089283 , 0.03551369797431795 , 0.0010237900894679193 , 0.0454728058401365 , 0.07523896706634649 , 0.051837536963919136 , 0.031019626017517007 , 0.0012622954935862028 , -0.017015586982655234 , 0.05973093687584648 , 0.12879757464189057 , 0.059730936875846484 , -0.017015586982655217 , 0.001262295493586211 , 0.031019626017516996 , 0.05183753696391913 , 0.07523896706634653 , 0.0454728058401365 , 0.0010237900894679147 , 0.03551369797431794 , 0.05677133335089282 , -0.023088836271838106 , -0.09049280157380374 , -0.07152638947747338 , -0.025776308937443423 , 0.02641843516116027 , 0.07328354061363711 , 0.06730959232565939 , 0.029180918771578374 , 0.02416285209619012 , 0.011664796016559849 , -0.06180366117953977 , -0.10889788072920571 , -0.04772543083645049 , 0.024116570173604055 , 0.04254876359683623 , 0.0459504976322109 , 0.008243470216250317 , -0.028585552901763366 , 0.030578443250996856 , 0.09751085372542814 , 0.07257820927551142 , 0.035238333514500314 , 0.04041938604363315 , 0.028142451231251628 , -0.006439920289340663 , -0.0335618309932592 , -0.08466997188524537 , -0.10459975000284676 , -0.020130804006819054 , 0.06694801576324964 , 0.07327544519024468 , 0.04906695575198767 , 0.002504134305468398 , -0.047315719231729135 , -0.05108358862842751 , -0.039459469354408055 , -0.02644038530310517 , -0.02057034069191577 , -0.05414494734696544 , -0.08527923644311834 , -0.10404766132609371 , -0.10053863842191904 , -0.013319758097512418 , 0.06422304643892526 , 0.04059498755016723 , -0.0009103414947600649 , -0.048562267283813465 , -0.07775316950831072 , -0.0006901120761217004 , 0.07545405202527455 , 0.05610677085594256 , 0.012696377989366896 , -0.06488402900712058 , -0.12234457245121079 , -0.06488402900712056 , 0.0126963779893669 , 0.056106770855942546 , 0.07545405202527454 , -0.0006901120761216895 , -0.07775316950831072 , -0.04856226728381347 , -0.0009103414947600717 , 0.04059498755016723 , 0.06422304643892528 , -0.013319758097512409 , -0.10053863842191904 , -0.1040476613260937 , -0.08527923644311833 , -0.05414494734696543 , -0.02057034069191578 , -0.02644038530310517 , -0.039459469354408055 , -0.05108358862842751 , -0.04731571923172913 , 0.002504134305468413 , 0.04906695575198768 , 0.07327544519024468 , 0.06694801576324963 , -0.020130804006819082 , -0.10459975000284677 , -0.08466997188524539 , -0.03356183099325921 , -0.006439920289340663 , 0.028142451231251628 , 0.040419386043633154 , 0.03523833351450033 , 0.0725782092755114 , 0.09751085372542811 , 0.030578443250996852 , -0.02858555290176335 , 0.008243470216250324 , 0.045950497632210915 , 0.04254876359683624 , 0.02411657017360407 , -0.04772543083645049 , -0.1088978807292057 , -0.06180366117953978 , 0.011664796016559837 , 0.02416285209619011 , 0.029180918771578374 , 0.06730959232565939 , 0.07328354061363712 , 0.02641843516116027 , -0.025776308937443426 , -0.07152638947747338 , -0.09049280157380375 , -0.023088836271838113 , 0.05687252742755601 , 0.03472659277824898 , 0.002590824298696527 , 0.043966282114121555 , 0.07442147256643865 , 0.05440220368718162 , 0.024888339928377037 , 0.011597655724742893 , 0.0021759410188398796 , -0.034534025464536246 , -0.055895822451626456 , -0.00649784153021655 , 0.041174308283870184 , 0.019190576281746686 , -0.008816709638145752 , -0.031905281477797816 , -0.049887681619616896 , 0.004438242905022838 , 0.048196427507361424 , -0.012154737851143594 , -0.07977908753739285 , -0.1058026344374455 , -0.11094759146333398 , -0.0522745142905574 , 0.012873980184118125 , 0.003494783201060966 , -0.01668033191810917 , -0.015722991117819652 , -0.00907672071228435 , 0.021456758224880714 , 0.05163098380497272 , 0.055652446476172596 , 0.04111225067913807 , 0.0005276722620782726 , -0.03719974438721205 , -0.05762275712243925 , -0.05560952216759855 , -0.008747506403880464 , 0.0333836133211893 , 0.025529142922879455 , -0.001139531554970129 , -0.03662570279423825 , -0.061083446848248846 , -0.029843523540449304 , 0.018123632013755362 , 0.0445822771695052 , 0.06038270192989006 , 0.04956441803985819 , 0.02502713243636738 , 0.013535603751479828 , 0.00261123023398223 , -0.001784956443892833 , -0.0035722479398482498 , -0.018988122426120517 , -0.02909531225834385 , -0.023752097270508414 , -0.00882732453151153 , 0.018557466915626375 , 0.04625573016887139 , 0.0529595344039853 , 0.04739750144602108 , 0.04585221032739972 , 0.03288433544925875 , 0.0014699184493863918 , -0.02837383364652978 , -0.04444542628536255 , -0.05137930359423896 , -0.035660990337876876 , -0.013440232964775412 , -0.019615281231387366 , -0.020207329300748825 , 0.020447075282627118 , 0.057694088976723325 , 0.07766313841152185 , 0.0798524042240464 , 0.05355295523658887 , 0.01931910762404902 , 0.014859080165540123 , 0.03144517788555813 , 0.015729735672347107 , 0.02019502743163243 , 0.09328223721529895 , 0.13605495157920042 , 0.11723355017620461 , 0.06332989031394208 , -0.08518409862162844 , -0.1985273613575462 , -0.10873585689241823 , 0.0077128359448680375 , 0.0495354449384883 , 0.056652582789147865 , -0.04991303590472412 , -0.15494002296106832 , -0.07677633511580155 , 0.03462864835122598 , 0.0751894482148702 , 0.10077257997314863 , 0.079390759459745 , 0.02829979927301196 , 0.0254744505127921 , 0.029794373197500713 , -0.022715581150293603 , -0.05090736055227404 , 0.0011878429906225269 , 0.04810602187285532 , 0.05234793281238892 , 0.030228587984629667 , -0.04196143703152184 , -0.10583153948969266 , -0.06917694979918837 , -0.002394737108313491 , 0.024648539926160357 , 0.05249136940152598 , 0.07536459097139021 , 0.0749061906218485 , 0.07101551391696033 , 0.05249621148299527 , -0.008093337107270783 , -0.061488960467804235 , -0.06231005111523284 , -0.0537042714346578 , -0.06340503083478469 , -0.07439483175070132 , -0.09173729659736644 , -0.10172010165825002 , -0.07739003791271978 , -0.03966201446205668 , -0.002036294154852247 , 0.0292042236251778 , 0.04880243914628484 , 0.05288706301190011 , 0.023323406420106635 , -0.006348942897986677 , 0.004870972609338706 , 0.019627873795621403 , 0.01161650695422115 , 0.004661468813408322 , -0.03027822161900681 , -0.05731462753692705 , -0.007157684719403876 , 0.04196727620052017 , 0.018665113069199386 , -0.008643093617408532 , -0.03192626120557596 , -0.04991559212118073 , 0.004455785087901251 , 0.04819417219891232 , -0.012154737851143594 , -0.07977908753739285 , -0.1058026344374455 , -0.11094759146333398 , -0.0522745142905574 , 0.012873980184118125 , 0.003494783201060966 , -0.01668033191810917 , -0.015722991117819652 , -0.00907672071228435 , 0.021456758224880714 , 0.05163098380497272 , 0.055652446476172596 , 0.04117670068891758 , 2.636883348932609e-05 , -0.03610878305943971 , -0.05930504113041323 , -0.05463330340465545 , -0.008947808596086015 , 0.029571868005707415 , 0.03401384727676683 , 0.004077994006449276 , -0.08419601717095453 , -0.16571571404672636 , -0.15185971693114436 , -0.10110243846207462 , -0.06427288726285914 , -0.02224882304565344 , 0.013146325565203894 , 0.027301062685350742 , 0.028520593102172892 , 0.024442441068490403 , 0.012308304601167865 , 0.007426035850248616 , 0.04486044297025718 , 0.07795176582816626 , 0.03407785037297592 , -0.01149702688113604 , -0.012745352518072304 , -0.008787237182098525 , 0.024890005085809012 , 0.054487349344002345 , -0.0058734517404795865 , -0.06462009061671171 , -0.017239986817746238 , 0.03397558484034066 , 0.04173825246681858 , 0.04523791221250047 , 0.006806663032557306 , -0.03214927694723786 , 0.04800748523326861 , 0.12214905666434717 , 0.0633093393542747 , 0.011272174856227751 , 0.009214956971201256 , 0.02339525209459069 , 0.13291839598731137 , 0.21519058794731294 , 0.10185549849526636 , -0.032044341005926104 , -0.07503416275826914 , -0.08874324533340708 , -0.02434807323773928 , 0.04730070453165237 , -0.01774130403765299 , -0.0973468342039019 , -0.09636860189235733 , -0.09077431039137977 , -0.06193964554936283 , -0.03336129268697389 , -0.07157128698153681 , -0.1092801834631472 , -0.08877962838727359 , -0.05286760732895372 , -0.014889807693853136 , 0.02515988851537863 , 0.03651635617344427 , 0.03238311995779059 , 0.03688294072995375 , 0.032315250055129995 , 0.006342605311002386 , -0.012070094449654381 , -0.01568446163834798 , -0.009726820123588959 , 0.014986244126412075 , 0.03814039538171495 , 0.01682524749730742 , -0.004683701163976373 , 0.008015726649052162 , 0.01722720071752644 , 0.040704158972545854 , 0.051106760932285895 , -0.01722971255679824 , -0.07346548768728202 , -0.055883316325882525 , -0.016130958811428946 , 0.04637324338559348 , 0.08927040161901907 , 0.03388817111235439 , -0.04700944392148375 , -0.07339517626047322 , -0.08506379918243978 , -0.08168093972687485 , -0.05466898276535337 , -0.03712680199407141 , -0.021262044151738595 , 0.026874714285942788 , 0.05925996647590693 , 0.03556375698073184 , 0.015448936650512472 , 0.027624769178196278 , 0.055627972814000455 , 0.10495457490746259 , 0.13740185362425314 , 0.10994999876623776 , 0.050311771363407844 , -0.012021321931227291 , -0.05983878280156429 , -0.08813169004520324 , -0.07512142608330905 , 0.0037542385163156613 , 0.07603984016722891 , 0.08936049098104845 , 0.06831953229881782 , -0.004222936596038039 , -0.07211690816325805 , -0.026071361185583244 , 0.034599890831813626 , 0.025052183550373145 , 0.00901400742167812 , -0.029642463191698918 , -0.0673274643813451 , -0.016550570733636926 , 0.03646437129137189 , 0.0057062366324381174 , -0.026269694998166775 , -0.0319402930796523 , -0.03136841961500403 , 0.011432726069588664 , 0.04467284213795452 , 0.013166560902339537 , -0.030796919696949712 , -0.05884011215974848 , -0.06312024969792175 , -0.043363368816944595 , 0.00027526523181688065 , 0.0610853879693068 , 0.0933706579869331 , 0.06653905761195332 , 0.0020626018765776463 , -0.08945181008275506 , -0.1627464547217798 , -0.15246454471105012 , -0.10137783917648255 , -0.0633568160592074 , -0.022909345712649257 , 0.013474347681420258 , 0.027245851528361422 , 0.028528066147607813 , 0.024441480297380747 , 0.012308304601167865 , 0.007426035850248616 , 0.04486044297025718 , 0.07795176582816626 , 0.03407785037297592 , -0.01149702688113604 , -0.012745352518072304 , -0.008787237182098525 , 0.024890005085809012 , 0.054487349344002345 , -0.0058734517404795865 , -0.06462009061671171 , -0.017239986817746238 , 0.033999842855168466 , 0.041549569392207046 , 0.045742671775812906 , 0.0054412538913284235 , -0.03033484399275584 , 0.04661439299384676 , 0.11971051737060714 , 0.0696446395414882 , 0.006377361733371088 , 0.002228205162695395 , 0.0022437375434323985 , -0.00270662088592541 , 0.0011108250442330935 , 0.0007977965509729168 , -0.0009882084201094593 , 0.0006883490931830317 , -0.00022748993295169777 , 7.966053962461979e-05 , -1.0241546865735802e-05 , 0.0 , -2.0916577335418077e-05 , 0.00016269279040396077 , -0.0002684641972948308 , -0.00011981218551101102 , 0.0010511239401118993 , -0.0015395291152413976 , 0.0011279338758754074 , -0.0006322731184624596 , -0.008516864788383066 , 0.02739813678884962 , 0.0460874717120679 , -0.03496836620661089 , -0.10542294490150265 , -0.06966034967174556 , -0.006998213791464573 , 0.052470832747416055 , 0.11015097835238265 , 0.09025041269758068 , 0.0504854569943574 , 0.09025868758972101 , 0.11016996737668835 , 0.0522108306933965 , -0.006426338359474043 , -0.07032506441984267 , -0.10543066202930043 , -0.03435517167580634 , 0.04353391655447437 , 0.032610925798145604 , -0.0009983914534305695 , -0.031507301027626826 , -0.06067887807757048 , -0.039422631982634716 , -0.003740913893957356 , 0.0005297250246474468 , -0.00334179336879054 , 0.0005297250246474405 , -0.003740913893957365 , -0.03942263198263472 , -0.060678878077570476 , -0.03150730102762683 , -0.0009983914534305684 , 0.0326109257981456 , 0.04353391655447437 , -0.034355171675806324 , -0.10543066202930043 , -0.07032506441984265 , -0.006426338359474044 , 0.052210830693396486 , 0.11016996737668833 , 0.09025868758972097 , 0.050484393133930855 , 0.09025868758972101 , 0.11016996737668835 , 0.0522108306933965 , -0.006426338359474043 , -0.07032506441984267 , -0.10543066202930043 , -0.03435517167580634 , 0.04353391655447437 , 0.032610925798145604 , -0.0009983914534305695 , -0.031507301027626826 , -0.06067887807757048 , -0.039422631982634716 , -0.003740913893957356 , 0.0005297250246474468 , -0.00334179336879054 , 0.0005297250246474405 , -0.003740913893957365 , -0.03942263198263472 , -0.060678878077570476 , -0.03150730102762683 , -0.0009983914534305684 , 0.0326109257981456 , 0.04353391655447437 , -0.034355171675806324 , -0.10543066202930043 , -0.07032506441984265 , -0.006426338359474044 , 0.052210830693396486 , 0.11016996737668833 , 0.09025868758972097 , 0.050484393133930855 , 0.09025868758972101 , 0.11016996737668835 , 0.0522108306933965 , -0.006426338359474043 , -0.07032506441984267 , -0.10543066202930043 , -0.03435517167580634 , 0.04353391655447437 , 0.032610925798145604 , -0.0009983914534305695 , -0.031507301027626826 , -0.06067887807757048 , -0.039422631982634716 , -0.003740913893957356 , 0.0005297250246474468 , -0.00334179336879054 , 0.0005297250246474405 , -0.003740913893957365 , -0.03942263198263472 , -0.060678878077570476 , -0.03150730102762683 , -0.0009983914534305684 , 0.0326109257981456 , 0.04353391655447437 , -0.034355171675806324 , -0.10543066202930043 , -0.07032506441984265 , -0.006426338359474044 , 0.052210830693396486 , 0.11016996737668833 , 0.09025868758972097 , 0.050484393133930855 , 0.09025868758972101 , 0.11016996737668835 , 0.0522108306933965 , -0.006426338359474043 , -0.07032506441984267 , -0.10543066202930043 , -0.03435517167580634 , 0.04353391655447437 , 0.032610925798145604 , -0.0009983914534305695 , -0.031507301027626826 , -0.06067887807757048 , -0.039422631982634716 , -0.003740913893957356 , 0.0005297250246474468 , -0.00334179336879054 , 0.0005297250246474405 , -0.003740913893957365 , -0.03942263198263472 , -0.060678878077570476 , -0.03150730102762683 , -0.0009983914534305684 , 0.0326109257981456 , 0.04353391655447437 , -0.034355171675806324 , -0.10543066202930043 , -0.07032506441984265 , -0.006426338359474044 , 0.052210830693396486 , 0.11016996737668833 , 0.09025868758972097 , 0.050484393133930855 , 0.09025868758972101 , 0.11016996737668835 , 0.0522108306933965 , -0.006426338359474043 , -0.07032506441984267 , -0.10543066202930043 , -0.03435517167580634 , 0.04353391655447437 , 0.032610925798145604 , -0.0009983914534305695 , -0.031507301027626826 , -0.06067887807757048 , -0.039422631982634716 , -0.003740913893957356 , 0.0005297250246474468 , -0.00334179336879054 , 0.0005297250246474405 , -0.003740913893957365 , -0.03942263198263472 , -0.060678878077570476 , -0.03150730102762683 , -0.0009983914534305684 , 0.0326109257981456 , 0.04353391655447437 , -0.034355171675806324 , -0.10543066202930043 , -0.07032506441984265 , -0.006426338359474044 , 0.052210830693396486 , 0.11016996737668833 , 0.09025868758972097 , 0.050484393133930855 , 0.09025868758972101 , 0.11016996737668835 , 0.0522108306933965 , -0.006426338359474043 , -0.07032506441984267 , -0.10543066202930043 , -0.03435517167580634 , 0.04353391655447437 , 0.032610925798145604 , -0.0009983914534305695 , -0.031507301027626826 , -0.06067887807757048 , -0.039422631982634716 , -0.003740913893957356 , 0.0005297250246474468 , -0.00334179336879054 , 0.0005297250246474405 , -0.003740913893957365 , -0.03942263198263472 , -0.060678878077570476 , -0.03150730102762683 , -0.0009983914534305684 , 0.0326109257981456 , 0.04353391655447437 , -0.034355171675806324 , -0.10543066202930043 , -0.07032506441984265 , -0.006426338359474044 , 0.052210830693396486 , 0.11016996737668833 , 0.09025868758972097 , 0.050484393133930855 , 0.09025868758972101 , 0.11016996737668835 , 0.0522108306933965 , -0.006426338359474043 , -0.07032506441984267 , -0.10543066202930043 , -0.03435517167580634 , 0.04353391655447437 , 0.032610925798145604 , -0.0009983914534305695 , -0.031507301027626826 , -0.06067887807757048 , -0.039422631982634716 , -0.003740913893957356 , 0.0005297250246474468 , -0.00334179336879054 , 0.0005297250246474405 , -0.003740913893957365 , -0.03942263198263472 , -0.060678878077570476 , -0.03150730102762683 , -0.0009983914534305684 , 0.0326109257981456 , 0.04353391655447437 , -0.034355171675806324 , -0.10543066202930043 , -0.07032506441984265 , -0.006426338359474044 , 0.052210830693396486 , 0.11016996737668833 , 0.09025868758972097 , 0.050484393133930855 , 0.09025868758972101 , 0.11016996737668835 , 0.0522108306933965 , -0.006426338359474043 , -0.07032506441984267 , -0.10543066202930043 , -0.03435517167580634 , 0.04353391655447437 , 0.032610925798145604 , -0.0009983914534305695 , -0.031507301027626826 , -0.06067887807757048 , -0.039422631982634716 , -0.003740913893957356 , 0.0005297250246474468 , -0.00334179336879054 , 0.0005297250246474405 , -0.003740913893957365 , -0.03942263198263472 , -0.060678878077570476 , -0.03150730102762683 , -0.0009983914534305684 , 0.0326109257981456 , 0.04353391655447437 , -0.034355171675806324 , -0.10543066202930043 , -0.07032506441984265 , -0.006426338359474044 , 0.052210830693396486 , 0.11016996737668833 , 0.09025868758972097 , 0.050484393133930855 , 0.09025868758972101 , 0.11016996737668835 , 0.0522108306933965 , -0.006426338359474043 , -0.07032506441984267 , -0.10543066202930043 , -0.03435517167580634 , 0.04353391655447437 , 0.032610925798145604 , -0.0009983914534305695 , -0.031507301027626826 , -0.06067887807757048 , -0.039422631982634716 , -0.003740913893957356 , 0.0005297250246474468 , -0.00334179336879054 , 0.0005297250246474405 , -0.003740913893957365 , -0.03942263198263472 , -0.060678878077570476 , -0.03150730102762683 , -0.0009983914534305684 , 0.0326109257981456 , 0.04353391655447437 , -0.034355171675806324 , -0.10543066202930043 , -0.07032506441984265 , -0.006426338359474044 , 0.052210830693396486 , 0.11016996737668833 , 0.09025868758972097 , 0.050484393133930855 , 0.09025868758972101 , 0.11016996737668835 , 0.0522108306933965 , -0.006426338359474043 , -0.07032506441984267 , -0.10543066202930043 , -0.03435517167580634 , 0.04353391655447437 , 0.032610925798145604 , -0.0009983914534305695 , -0.031507301027626826 , -0.06067887807757048 , -0.039422631982634716 , -0.003648947236172528 , -0.0001856076963424291 , -0.0019624139625890316 , -0.000491241899128541 , -0.0052564744787446695 , -0.03580768554909058 , -0.0670833703614546 , -0.022345648172876542 , 0.02046489579216044 , -0.06105108371929971 , -0.12651791953929112 , -0.06193957340929102 , 0.011465501678514095 , 0.05520227533034637 , 0.07661318055561261 , -0.00136761165668627 , -0.07760469421859115 , -0.04859744170507029 , -0.0009058192998882518 , 0.04059498755016723 , 0.06422304643892528 , -0.013319758097512409 , -0.10053863842191904 , -0.1040476613260937 , -0.08527923644311833 , -0.05414494734696543 , -0.02057034069191578 , -0.02644038530310517 , -0.039459469354408055 , -0.05108358862842751 , -0.04731571923172913 , 0.002504134305468413 , 0.04906695575198768 , 0.07327544519024468 , 0.06694801576324963 , -0.020130804006819082 , -0.10459975000284677 , -0.08466997188524539 , -0.03356183099325921 , -0.006439920289340663 , 0.028142451231251628 , 0.040419386043633154 , 0.03523833351450033 , 0.0725782092755114 , 0.09751085372542811 , 0.030578443250996852 , -0.02858555290176335 , 0.008243470216250324 , 0.045950497632210915 , 0.04254876359683624 , 0.02411657017360407 , -0.04772543083645049 , -0.1088978807292057 , -0.06180366117953978 , 0.011664796016559837 , 0.02416285209619011 , 0.029180918771578374 , 0.06730959232565939 , 0.07328354061363712 , 0.02641843516116027 , -0.025776308937443426 , -0.07152638947747338 , -0.09049280157380375 , -0.023088836271838113 , 0.05677133335089283 , 0.03551369797431795 , 0.0010237900894679193 , 0.0454728058401365 , 0.07523896706634649 , 0.051837536963919136 , 0.031019626017517007 , 0.0012622954935862028 , -0.017015586982655234 , 0.05973093687584648 , 0.12879757464189057 , 0.059730936875846484 , -0.017015586982655217 , 0.001262295493586211 , 0.031019626017516996 , 0.05183753696391913 , 0.07523896706634653 , 0.0454728058401365 , 0.0010237900894679147 , 0.03551369797431794 , 0.05677133335089282 , -0.023088836271838106 , -0.09049280157380374 , -0.07152638947747338 , -0.025776308937443423 , 0.02641843516116027 , 0.07328354061363711 , 0.06730959232565939 , 0.029180918771578374 , 0.02416285209619012 , 0.011664796016559849 , -0.06180366117953977 , -0.10889788072920571 , -0.04772543083645049 , 0.024116570173604055 , 0.04254876359683623 , 0.0459504976322109 , 0.008243470216250317 , -0.028585552901763366 , 0.030578443250996856 , 0.09751085372542814 , 0.07257820927551142 , 0.035238333514500314 , 0.04041938604363315 , 0.028142451231251628 , -0.006439920289340663 , -0.0335618309932592 , -0.08466997188524537 , -0.10459975000284676 , -0.020130804006819054 , 0.06694801576324964 , 0.07327544519024468 , 0.04906695575198767 , 0.002504134305468398 , -0.047315719231729135 , -0.05108358862842751 , -0.039459469354408055 , -0.02644038530310517 , -0.02057034069191577 , -0.05414494734696544 , -0.08527923644311834 , -0.10404766132609371 , -0.10053863842191904 , -0.013319758097512418 , 0.06422304643892526 , 0.04059498755016723 , -0.0009103414947600649 , -0.048562267283813465 , -0.07775316950831072 , -0.0006901120761217004 , 0.07545405202527455 , 0.05610677085594256 , 0.012696377989366896 , -0.06488402900712058 , -0.12234457245121079 , -0.06488402900712056 , 0.0126963779893669 , 0.056106770855942546 , 0.07545405202527454 , -0.0006901120761216895 , -0.07775316950831072 , -0.04856226728381347 , -0.0009103414947600717 , 0.04059498755016723 , 0.06422304643892528 , -0.013319758097512409 , -0.10053863842191904 , -0.1040476613260937 , -0.08527923644311833 , -0.05414494734696543 , -0.02057034069191578 , -0.02644038530310517 , -0.039459469354408055 , -0.05108358862842751 , -0.04731571923172913 , 0.002504134305468413 , 0.04906695575198768 , 0.07327544519024468 , 0.06694801576324963 , -0.020130804006819082 , -0.10459975000284677 , -0.08466997188524539 , -0.03356183099325921 , -0.006439920289340663 , 0.028142451231251628 , 0.040419386043633154 , 0.03523833351450033 , 0.0725782092755114 , 0.09751085372542811 , 0.030578443250996852 , -0.02858555290176335 , 0.008243470216250324 , 0.045950497632210915 , 0.04254876359683624 , 0.02411657017360407 , -0.04772543083645049 , -0.1088978807292057 , -0.06180366117953978 , 0.011664796016559837 , 0.02416285209619011 , 0.029180918771578374 , 0.06730959232565939 , 0.07328354061363712 , 0.02641843516116027 , -0.025776308937443426 , -0.07152638947747338 , -0.09049280157380375 , -0.023088836271838113 , 0.05677133335089283 , 0.03551369797431795 , 0.0010237900894679193 , 0.0454728058401365 , 0.07523896706634649 , 0.051837536963919136 , 0.031019626017517007 , 0.0012622954935862028 , -0.017015586982655234 , 0.05973093687584648 , 0.12879757464189057 , 0.059730936875846484 , -0.017015586982655217 , 0.001262295493586211 , 0.031019626017516996 , 0.05183753696391913 , 0.07523896706634653 , 0.0454728058401365 , 0.0010237900894679147 , 0.03551369797431794 , 0.05677133335089282 , -0.023088836271838106 , -0.09049280157380374 , -0.07152638947747338 , -0.025776308937443423 , 0.02641843516116027 , 0.07328354061363711 , 0.06730959232565939 , 0.029180918771578374 , 0.02416285209619012 , 0.011664796016559849 , -0.06180366117953977 , -0.10889788072920571 , -0.04772543083645049 , 0.024116570173604055 , 0.04254876359683623 , 0.0459504976322109 , 0.008243470216250317 , -0.028585552901763366 , 0.030578443250996856 , 0.09751085372542814 , 0.07257820927551142 , 0.035238333514500314 , 0.04041938604363315 , 0.028142451231251628 , -0.006439920289340663 , -0.0335618309932592 , -0.08466997188524537 , -0.10459975000284676 , -0.020130804006819054 , 0.06694801576324964 , 0.07327544519024468 , 0.04906695575198767 , 0.002504134305468398 , -0.047315719231729135 , -0.05108358862842751 , -0.039459469354408055 , -0.02644038530310517 , -0.02057034069191577 , -0.05414494734696544 , -0.08527923644311834 , -0.10404766132609371 , -0.10053863842191904 , -0.013319758097512418 , 0.06422304643892526 , 0.04059498755016723 , -0.0009103414947600649 , -0.048562267283813465 , -0.07775316950831072 , -0.0006901120761217004 , 0.07545405202527455 , 0.05610677085594256 , 0.012696377989366896 , -0.06488402900712058 , -0.12234457245121079 , -0.06488402900712056 , 0.0126963779893669 , 0.056106770855942546 , 0.07545405202527454 , -0.0006901120761216895 , -0.07775316950831072 , -0.04856226728381347 , -0.0009103414947600717 , 0.04059498755016723 , 0.06422304643892528 , -0.013319758097512409 , -0.10053863842191904 , -0.1040476613260937 , -0.08527923644311833 , -0.05414494734696543 , -0.02057034069191578 , -0.02644038530310517 , -0.039459469354408055 , -0.05108358862842751 , -0.04731571923172913 , 0.002504134305468413 , 0.04906695575198768 , 0.07327544519024468 , 0.06694801576324963 , -0.020130804006819082 , -0.10459975000284677 , -0.08466997188524539 , -0.03356183099325921 , -0.006439920289340663 , 0.028142451231251628 , 0.040419386043633154 , 0.03523833351450033 , 0.0725782092755114 , 0.09751085372542811 , 0.030578443250996852 , -0.02858555290176335 , 0.008243470216250324 , 0.045950497632210915 , 0.04254876359683624 , 0.02411657017360407 , -0.04772543083645049 , -0.1088978807292057 , -0.06180366117953978 , 0.011664796016559837 , 0.02416285209619011 , 0.029180918771578374 , 0.06730959232565939 , 0.07328354061363712 , 0.02641843516116027 , -0.025776308937443426 , -0.07152638947747338 , -0.09049280157380375 , -0.023088836271838113 , 0.05687252742755601 , 0.03472659277824898 , 0.002590824298696527 , 0.043966282114121555 , 0.07442147256643865 , 0.05440220368718162 , 0.024888339928377037 , 0.011597655724742893 , 0.0021759410188398796 , -0.034534025464536246 , -0.055895822451626456 , -0.00649784153021655 , 0.041174308283870184 , 0.019190576281746686 , -0.008816709638145752 , -0.031905281477797816 , -0.049887681619616896 , 0.004438242905022838 , 0.048196427507361424 , -0.012154737851143594 , -0.07977908753739285 , -0.1058026344374455 , -0.11094759146333398 , -0.0522745142905574 , 0.012873980184118125 , 0.003494783201060966 , -0.01668033191810917 , -0.015722991117819652 , -0.00907672071228435 , 0.021456758224880714 , 0.05163098380497272 , 0.055652446476172596 , 0.04111225067913807 , 0.0005276722620782726 , -0.03719974438721205 , -0.05762275712243925 , -0.05560952216759855 , -0.008747506403880464 , 0.0333836133211893 , 0.025529142922879455 , -0.001139531554970129 , -0.03662570279423825 , -0.061083446848248846 , -0.029843523540449304 , 0.018123632013755362 , 0.0445822771695052 , 0.06038270192989006 , 0.04956441803985819 , 0.02502713243636738 , 0.013535603751479828 , 0.00261123023398223 , -0.001784956443892833 , -0.0035722479398482498 , -0.018988122426120517 , -0.02909531225834385 , -0.023752097270508414 , -0.00882732453151153 , 0.018557466915626375 , 0.04625573016887139 , 0.0529595344039853 , 0.04739750144602108 , 0.04585221032739972 , 0.03288433544925875 , 0.0014699184493863918 , -0.02837383364652978 , -0.04444542628536255 , -0.05137930359423896 , -0.035660990337876876 , -0.013440232964775412 , -0.019615281231387366 , -0.020207329300748825 , 0.020447075282627118 , 0.057694088976723325 , 0.07766313841152185 , 0.0798524042240464 , 0.05355295523658887 , 0.01931910762404902 , 0.014859080165540123 , 0.03144517788555813 , 0.015729735672347107 , 0.02019502743163243 , 0.09328223721529895 , 0.13605495157920042 , 0.11723355017620461 , 0.06332989031394208 , -0.08518409862162844 , -0.1985273613575462 , -0.10873585689241823 , 0.0077128359448680375 , 0.0495354449384883 , 0.056652582789147865 , -0.04991303590472412 , -0.15494002296106832 , -0.07677633511580155 , 0.03462864835122598 , 0.0751894482148702 , 0.10077257997314863 , 0.079390759459745 , 0.02829979927301196 , 0.0254744505127921 , 0.029794373197500713 , -0.022715581150293603 , -0.05090736055227404 , 0.0011878429906225269 , 0.04810602187285532 , 0.05234793281238892 , 0.030228587984629667 , -0.04196143703152184 , -0.10583153948969266 , -0.06917694979918837 , -0.002394737108313491 , 0.024648539926160357 , 0.05249136940152598 , 0.07536459097139021 , 0.0749061906218485 , 0.07101551391696033 , 0.05249621148299527 , -0.008093337107270783 , -0.061488960467804235 , -0.06231005111523284 , -0.0537042714346578 , -0.06340503083478469 , -0.07439483175070132 , -0.09173729659736644 , -0.10172010165825002 , -0.07739003791271978 , -0.03966201446205668 , -0.002036294154852247 , 0.0292042236251778 , 0.04880243914628484 , 0.05288706301190011 , 0.023323406420106635 , -0.006348942897986677 , 0.004870972609338706 , 0.019627873795621403 , 0.01161650695422115 , 0.004661468813408322 , -0.03027822161900681 , -0.05731462753692705 , -0.007157684719403876 , 0.04196727620052017 , 0.018665113069199386 , -0.008643093617408532 , -0.03192626120557596 , -0.04991559212118073 , 0.004455785087901251 , 0.04819417219891232 , -0.012154737851143594 , -0.07977908753739285 , -0.1058026344374455 , -0.11094759146333398 , -0.0522745142905574 , 0.012873980184118125 , 0.003494783201060966 , -0.01668033191810917 , -0.015722991117819652 , -0.00907672071228435 , 0.021456758224880714 , 0.05163098380497272 , 0.055652446476172596 , 0.04117670068891758 , 2.636883348932609e-05 , -0.03610878305943971 , -0.05930504113041323 , -0.05463330340465545 , -0.008947808596086015 , 0.029571868005707415 , 0.03401384727676683 , 0.004077994006449276 , -0.08419601717095453 , -0.16571571404672636 , -0.15185971693114436 , -0.10110243846207462 , -0.06427288726285914 , -0.02224882304565344 , 0.013146325565203894 , 0.027301062685350742 , 0.028520593102172892 , 0.024442441068490403 , 0.012308304601167865 , 0.007426035850248616 , 0.04486044297025718 , 0.07795176582816626 , 0.03407785037297592 , -0.01149702688113604 , -0.012745352518072304 , -0.008787237182098525 , 0.024890005085809012 , 0.054487349344002345 , -0.0058734517404795865 , -0.06462009061671171 , -0.017239986817746238 , 0.03397558484034066 , 0.04173825246681858 , 0.04523791221250047 , 0.006806663032557306 , -0.03214927694723786 , 0.04800748523326861 , 0.12214905666434717 , 0.0633093393542747 , 0.011272174856227751 , 0.009214956971201256 , 0.02339525209459069 , 0.13291839598731137 , 0.21519058794731294 , 0.10185549849526636 , -0.032044341005926104 , -0.07503416275826914 , -0.08874324533340708 , -0.02434807323773928 , 0.04730070453165237 , -0.01774130403765299 , -0.0973468342039019 , -0.09636860189235733 , -0.09077431039137977 , -0.06193964554936283 , -0.03336129268697389 , -0.07157128698153681 , -0.1092801834631472 , -0.08877962838727359 , -0.05286760732895372 , -0.014889807693853136 , 0.02515988851537863 , 0.03651635617344427 , 0.03238311995779059 , 0.03688294072995375 , 0.032315250055129995 , 0.006342605311002386 , -0.012070094449654381 , -0.01568446163834798 , -0.009726820123588959 , 0.014986244126412075 , 0.03814039538171495 , 0.01682524749730742 , -0.004683701163976373 , 0.008015726649052162 , 0.01722720071752644 , 0.040704158972545854 , 0.051106760932285895 , -0.01722971255679824 , -0.07346548768728202 , -0.055883316325882525 , -0.016130958811428946 , 0.04637324338559348 , 0.08927040161901907 , 0.03388817111235439 , -0.04700944392148375 , -0.07339517626047322 , -0.08506379918243978 , -0.08168093972687485 , -0.05466898276535337 , -0.03712680199407141 , -0.021262044151738595 , 0.026874714285942788 , 0.05925996647590693 , 0.03556375698073184 , 0.015448936650512472 , 0.027624769178196278 , 0.055627972814000455 , 0.10495457490746259 , 0.13740185362425314 , 0.10994999876623776 , 0.050311771363407844 , -0.012021321931227291 , -0.05983878280156429 , -0.08813169004520324 , -0.07512142608330905 , 0.0037542385163156613 , 0.07603984016722891 , 0.08936049098104845 , 0.06831953229881782 , -0.004222936596038039 , -0.07211690816325805 , -0.026071361185583244 , 0.034599890831813626 , 0.025052183550373145 , 0.00901400742167812 , -0.029642463191698918 , -0.0673274643813451 , -0.016550570733636926 , 0.03646437129137189 , 0.0057062366324381174 , -0.026269694998166775 , -0.0319402930796523 , -0.03136841961500403 , 0.011432726069588664 , 0.04467284213795452 , 0.013166560902339537 , -0.030796919696949712 , -0.05884011215974848 , -0.06312024969792175 , -0.043363368816944595 , 0.00027526523181688065 , 0.0610853879693068 , 0.0933706579869331 , 0.06653905761195332 , 0.0020626018765776463 , -0.08945181008275506 , -0.1627464547217798 , -0.15246454471105012 , -0.10137783917648255 , -0.0633568160592074 , -0.022909345712649257 , 0.013474347681420258 , 0.027245851528361422 , 0.028528066147607813 , 0.024441480297380747 , 0.012308304601167865 , 0.007426035850248616 , 0.04486044297025718 , 0.07795176582816626 , 0.03407785037297592 , -0.01149702688113604 , -0.012745352518072304 , -0.008787237182098525 , 0.024890005085809012 , 0.054487349344002345 , -0.0058734517404795865 , -0.06462009061671171 , -0.017239986817746238 , 0.033999842855168466 , 0.041549569392207046 , 0.045742671775812906 , 0.0054412538913284235 , -0.03033484399275584 , 0.04661439299384676 , 0.11971051737060714 , 0.0696446395414882 , 0.006377361733371088 , 0.002228205162695395 , 0.0022437375434323985 , -0.00270662088592541 , 0.0011108250442330935 , 0.0007977965509729168 , -0.0009882084201094593 , 0.0006883490931830317 , -0.00022748993295169777 , 7.966053962461979e-05 , -1.0241546865735802e-05 , 0.0 , -2.0916577335418077e-05 , 0.00016269279040396077 , -0.0002684641972948308 , -0.00011981218551101102 , 0.0010511239401118993 , -0.0015395291152413976 , 0.0011279338758754074 , -0.0006322731184624596 , -0.008516864788383066 , 0.02739813678884962 , 0.0460874717120679 , -0.03496836620661089 , -0.10542294490150265 , -0.06966034967174556 , -0.006998213791464573 , 0.052470832747416055 , 0.11015097835238265 , 0.09025041269758068 , 0.0504854569943574 , 0.09025868758972101 , 0.11016996737668835 , 0.0522108306933965 , -0.006426338359474043 , -0.07032506441984267 , -0.10543066202930043 , -0.03435517167580634 , 0.04353391655447437 , 0.032610925798145604 , -0.0009983914534305695 , -0.031507301027626826 , -0.06067887807757048 , -0.039422631982634716 , -0.003740913893957356 , 0.0005297250246474468 , -0.00334179336879054 , 0.0005297250246474405 , -0.003740913893957365 , -0.03942263198263472 , -0.060678878077570476 , -0.03150730102762683 , -0.0009983914534305684 , 0.0326109257981456 , 0.04353391655447437 , -0.034355171675806324 , -0.10543066202930043 , -0.07032506441984265 , -0.006426338359474044 , 0.052210830693396486 , 0.11016996737668833 , 0.09025868758972097 , 0.050484393133930855 , 0.09025868758972101 , 0.11016996737668835 , 0.0522108306933965 , -0.006426338359474043 , -0.07032506441984267 , -0.10543066202930043 , -0.03435517167580634 , 0.04353391655447437 , 0.032610925798145604 , -0.0009983914534305695 , -0.031507301027626826 , -0.06067887807757048 , -0.039422631982634716 , -0.003740913893957356 , 0.0005297250246474468 , -0.00334179336879054 , 0.0005297250246474405 , -0.003740913893957365 , -0.03942263198263472 , -0.060678878077570476 , -0.03150730102762683 , -0.0009983914534305684 , 0.0326109257981456 , 0.04353391655447437 , -0.034355171675806324 , -0.10543066202930043 , -0.07032506441984265 , -0.006426338359474044 , 0.052210830693396486 , 0.11016996737668833 , 0.09025868758972097 , 0.050484393133930855 , 0.09025868758972101 , 0.11016996737668835 , 0.0522108306933965 , -0.006426338359474043 , -0.07032506441984267 , -0.10543066202930043 , -0.03435517167580634 , 0.04353391655447437 , 0.032610925798145604 , -0.0009983914534305695 , -0.031507301027626826 , -0.06067887807757048 , -0.039422631982634716 , -0.003740913893957356 , 0.0005297250246474468 , -0.00334179336879054 , 0.0005297250246474405 , -0.003740913893957365 , -0.03942263198263472 , -0.060678878077570476 , -0.03150730102762683 , -0.0009983914534305684 , 0.0326109257981456 , 0.04353391655447437 , -0.034355171675806324 , -0.10543066202930043 , -0.07032506441984265 , -0.006426338359474044 , 0.052210830693396486 , 0.11016996737668833 , 0.09025868758972097 , 0.050484393133930855 , 0.09025868758972101 , 0.11016996737668835 , 0.0522108306933965 , -0.006426338359474043 , -0.07032506441984267 , -0.10543066202930043 , -0.03435517167580634 , 0.04353391655447437 , 0.032610925798145604 , -0.0009983914534305695 , -0.031507301027626826 , -0.06067887807757048 , -0.039422631982634716 , -0.003740913893957356 , 0.0005297250246474468 , -0.00334179336879054 , 0.0005297250246474405 , -0.003740913893957365 , -0.03942263198263472 , -0.060678878077570476 , -0.03150730102762683 , -0.0009983914534305684 , 0.0326109257981456 , 0.04353391655447437 , -0.034355171675806324 , -0.10543066202930043 , -0.07032506441984265 , -0.006426338359474044 , 0.052210830693396486 , 0.11016996737668833 , 0.09025868758972097 , 0.050484393133930855 , 0.09025868758972101 , 0.11016996737668835 , 0.0522108306933965 , -0.006426338359474043 , -0.07032506441984267 , -0.10543066202930043 , -0.03435517167580634 , 0.04353391655447437 , 0.032610925798145604 , -0.0009983914534305695 , -0.031507301027626826 , -0.06067887807757048 , -0.039422631982634716 , -0.003740913893957356 , 0.0005297250246474468 , -0.00334179336879054 , 0.0005297250246474405 , -0.003740913893957365 , -0.03942263198263472 , -0.060678878077570476 , -0.03150730102762683 , -0.0009983914534305684 , 0.0326109257981456 , 0.04353391655447437 , -0.034355171675806324 , -0.10543066202930043 , -0.07032506441984265 , -0.006426338359474044 , 0.052210830693396486 , 0.11016996737668833 , 0.09025868758972097 , 0.050484393133930855 , 0.09025868758972101 , 0.11016996737668835 , 0.0522108306933965 , -0.006426338359474043 , -0.07032506441984267 , -0.10543066202930043 , -0.03435517167580634 , 0.04353391655447437 , 0.032610925798145604 , -0.0009983914534305695 , -0.031507301027626826 , -0.06067887807757048 , -0.039422631982634716 , -0.003740913893957356 , 0.0005297250246474468 , -0.00334179336879054 , 0.0005297250246474405 , -0.003740913893957365 , -0.03942263198263472 , -0.060678878077570476 , -0.03150730102762683 , -0.0009983914534305684 , 0.0326109257981456 , 0.04353391655447437 , -0.034355171675806324 , -0.10543066202930043 , -0.07032506441984265 , -0.006426338359474044 , 0.052210830693396486 , 0.11016996737668833 , 0.09025868758972097 , 0.050484393133930855 , 0.09025868758972101 , 0.11016996737668835 , 0.0522108306933965 , -0.006426338359474043 , -0.07032506441984267 , -0.10543066202930043 , -0.03435517167580634 , 0.04353391655447437 , 0.032610925798145604 , -0.0009983914534305695 , -0.031507301027626826 , -0.06067887807757048 , -0.039422631982634716 , -0.003740913893957356 , 0.0005297250246474468 , -0.00334179336879054 , 0.0005297250246474405 , -0.003740913893957365 , -0.03942263198263472 , -0.060678878077570476 , -0.03150730102762683 , -0.0009983914534305684 , 0.0326109257981456 , 0.04353391655447437 , -0.034355171675806324 , -0.10543066202930043 , -0.07032506441984265 , -0.006426338359474044 , 0.052210830693396486 , 0.11016996737668833 , 0.09025868758972097 , 0.050484393133930855 , 0.09025868758972101 , 0.11016996737668835 , 0.0522108306933965 , -0.006426338359474043 , -0.07032506441984267 , -0.10543066202930043 , -0.03435517167580634 , 0.04353391655447437 , 0.032610925798145604 , -0.0009983914534305695 , -0.031507301027626826 , -0.06067887807757048 , -0.039422631982634716 , -0.003740913893957356 , 0.0005297250246474468 , -0.00334179336879054 , 0.0005297250246474405 , -0.003740913893957365 , -0.03942263198263472 , -0.060678878077570476 , -0.03150730102762683 , -0.0009983914534305684 , 0.0326109257981456 , 0.04353391655447437 , -0.034355171675806324 , -0.10543066202930043 , -0.07032506441984265 , -0.006426338359474044 , 0.052210830693396486 , 0.11016996737668833 , 0.09025868758972097 , 0.050484393133930855 , 0.09025868758972101 , 0.11016996737668835 , 0.0522108306933965 , -0.006426338359474043 , -0.07032506441984267 , -0.10543066202930043 , -0.03435517167580634 , 0.04353391655447437 , 0.032610925798145604 , -0.0009983914534305695 , -0.031507301027626826 , -0.06067887807757048 , -0.039422631982634716 , -0.003740913893957356 , 0.0005297250246474468 , -0.00334179336879054 , 0.0005297250246474405 , -0.003740913893957365 , -0.03942263198263472 , -0.060678878077570476 , -0.03150730102762683 , -0.0009983914534305684 , 0.0326109257981456 , 0.04353391655447437 , -0.034355171675806324 , -0.10543066202930043 , -0.07032506441984265 , -0.006426338359474044 , 0.052210830693396486 , 0.11016996737668833 , 0.09025868758972097 , 0.050484393133930855 , 0.09025868758972101 , 0.11016996737668835 , 0.0522108306933965 , -0.006426338359474043 , -0.07032506441984267 , -0.10543066202930043 , -0.03435517167580634 , 0.04353391655447437 , 0.032610925798145604 , -0.0009983914534305695 , -0.031507301027626826 , -0.06067887807757048 , -0.039422631982634716 , -0.003648947236172528 , -0.0001856076963424291 , -0.0019624139625890316 , -0.000491241899128541 , -0.0052564744787446695 , -0.03580768554909058 , -0.0670833703614546 , -0.022345648172876542 , 0.02046489579216044 , -0.06105108371929971 , -0.12651791953929112 , -0.06193957340929102 , 0.011465501678514095 , 0.05520227533034637 , 0.07661318055561261 , -0.00136761165668627 , -0.07760469421859115 , -0.04859744170507029 , -0.0009058192998882518 , 0.04059498755016723 , 0.06422304643892528 , -0.013319758097512409 , -0.10053863842191904 , -0.1040476613260937 , -0.08527923644311833 , -0.05414494734696543 , -0.02057034069191578 , -0.02644038530310517 , -0.039459469354408055 , -0.05108358862842751 , -0.04731571923172913 , 0.002504134305468413 , 0.04906695575198768 , 0.07327544519024468 , 0.06694801576324963 , -0.020130804006819082 , -0.10459975000284677 , -0.08466997188524539 , -0.03356183099325921 , -0.006439920289340663 , 0.028142451231251628 , 0.040419386043633154 , 0.03523833351450033 , 0.0725782092755114 , 0.09751085372542811 , 0.030578443250996852 , -0.02858555290176335 , 0.008243470216250324 , 0.045950497632210915 , 0.04254876359683624 , 0.02411657017360407 , -0.04772543083645049 , -0.1088978807292057 , -0.06180366117953978 , 0.011664796016559837 , 0.02416285209619011 , 0.029180918771578374 , 0.06730959232565939 , 0.07328354061363712 , 0.02641843516116027 , -0.025776308937443426 , -0.07152638947747338 , -0.09049280157380375 , -0.023088836271838113 , 0.05677133335089283 , 0.03551369797431795 , 0.0010237900894679193 , 0.0454728058401365 , 0.07523896706634649 , 0.051837536963919136 , 0.031019626017517007 , 0.0012622954935862028 , -0.017015586982655234 , 0.05973093687584648 , 0.12879757464189057 , 0.059730936875846484 , -0.017015586982655217 , 0.001262295493586211 , 0.031019626017516996 , 0.05183753696391913 , 0.07523896706634653 , 0.0454728058401365 , 0.0010237900894679147 , 0.03551369797431794 , 0.05677133335089282 , -0.023088836271838106 , -0.09049280157380374 , -0.07152638947747338 , -0.025776308937443423 , 0.02641843516116027 , 0.07328354061363711 , 0.06730959232565939 , 0.029180918771578374 , 0.02416285209619012 , 0.011664796016559849 , -0.06180366117953977 , -0.10889788072920571 , -0.04772543083645049 , 0.024116570173604055 , 0.04254876359683623 , 0.0459504976322109 , 0.008243470216250317 , -0.028585552901763366 , 0.030578443250996856 , 0.09751085372542814 , 0.07257820927551142 , 0.035238333514500314 , 0.04041938604363315 , 0.028142451231251628 , -0.006439920289340663 , -0.0335618309932592 , -0.08466997188524537 , -0.10459975000284676 , -0.020130804006819054 , 0.06694801576324964 , 0.07327544519024468 , 0.04906695575198767 , 0.002504134305468398 , -0.047315719231729135 , -0.05108358862842751 , -0.039459469354408055 , -0.02644038530310517 , -0.02057034069191577 , -0.05414494734696544 , -0.08527923644311834 , -0.10404766132609371 , -0.10053863842191904 , -0.013319758097512418 , 0.06422304643892526 , 0.04059498755016723 , -0.0009103414947600649 , -0.048562267283813465 , -0.07775316950831072 , -0.0006901120761217004 , 0.07545405202527455 , 0.05610677085594256 , 0.012696377989366896 , -0.06488402900712058 , -0.12234457245121079 , -0.06488402900712056 , 0.0126963779893669 , 0.056106770855942546 , 0.07545405202527454 , -0.0006901120761216895 , -0.07775316950831072 , -0.04856226728381347 , -0.0009103414947600717 , 0.04059498755016723 , 0.06422304643892528 , -0.013319758097512409 , -0.10053863842191904 , -0.1040476613260937 , -0.08527923644311833 , -0.05414494734696543 , -0.02057034069191578 , -0.02644038530310517 , -0.039459469354408055 , -0.05108358862842751 , -0.04731571923172913 , 0.002504134305468413 , 0.04906695575198768 , 0.07327544519024468 , 0.06694801576324963 , -0.020130804006819082 , -0.10459975000284677 , -0.08466997188524539 , -0.03356183099325921 , -0.006439920289340663 , 0.028142451231251628 , 0.040419386043633154 , 0.03523833351450033 , 0.0725782092755114 , 0.09751085372542811 , 0.030578443250996852 , -0.02858555290176335 , 0.008243470216250324 , 0.045950497632210915 , 0.04254876359683624 , 0.02411657017360407 , -0.04772543083645049 , -0.1088978807292057 , -0.06180366117953978 , 0.011664796016559837 , 0.02416285209619011 , 0.029180918771578374 , 0.06730959232565939 , 0.07328354061363712 , 0.02641843516116027 , -0.025776308937443426 , -0.07152638947747338 , -0.09049280157380375 , -0.023088836271838113 , 0.05677133335089283 , 0.03551369797431795 , 0.0010237900894679193 , 0.0454728058401365 , 0.07523896706634649 , 0.051837536963919136 , 0.031019626017517007 , 0.0012622954935862028 , -0.017015586982655234 , 0.05973093687584648 , 0.12879757464189057 , 0.059730936875846484 , -0.017015586982655217 , 0.001262295493586211 , 0.031019626017516996 , 0.05183753696391913 , 0.07523896706634653 , 0.0454728058401365 , 0.0010237900894679147 , 0.03551369797431794 , 0.05677133335089282 , -0.023088836271838106 , -0.09049280157380374 , -0.07152638947747338 , -0.025776308937443423 , 0.02641843516116027 , 0.07328354061363711 , 0.06730959232565939 , 0.029180918771578374 , 0.02416285209619012 , 0.011664796016559849 , -0.06180366117953977 , -0.10889788072920571 , -0.04772543083645049 , 0.024116570173604055 , 0.04254876359683623 , 0.0459504976322109 , 0.008243470216250317 , -0.028585552901763366 , 0.030578443250996856 , 0.09751085372542814 , 0.07257820927551142 , 0.035238333514500314 , 0.04041938604363315 , 0.028142451231251628 , -0.006439920289340663 , -0.0335618309932592 , -0.08466997188524537 , -0.10459975000284676 , -0.020130804006819054 , 0.06694801576324964 , 0.07327544519024468 , 0.04906695575198767 , 0.002504134305468398 , -0.047315719231729135 , -0.05108358862842751 , -0.039459469354408055 , -0.02644038530310517 , -0.02057034069191577 , -0.05414494734696544 , -0.08527923644311834 , -0.10404766132609371 , -0.10053863842191904 , -0.013319758097512418 , 0.06422304643892526 , 0.04059498755016723 , -0.0009103414947600649 , -0.048562267283813465 , -0.07775316950831072 , -0.0006901120761217004 , 0.07545405202527455 , 0.05610677085594256 , 0.012696377989366896 , -0.06488402900712058 , -0.12234457245121079 , -0.06488402900712056 , 0.0126963779893669 , 0.056106770855942546 , 0.07545405202527454 , -0.0006901120761216895 , -0.07775316950831072 , -0.04856226728381347 , -0.0009103414947600717 , 0.04059498755016723 , 0.06422304643892528 , -0.013319758097512409 , -0.10053863842191904 , -0.1040476613260937 , -0.08527923644311833 , -0.05414494734696543 , -0.02057034069191578 , -0.02644038530310517 , -0.039459469354408055 , -0.05108358862842751 , -0.04731571923172913 , 0.002504134305468413 , 0.04906695575198768 , 0.07327544519024468 , 0.06694801576324963 , -0.020130804006819082 , -0.10459975000284677 , -0.08466997188524539 , -0.03356183099325921 , -0.006439920289340663 , 0.028142451231251628 , 0.040419386043633154 , 0.03523833351450033 , 0.0725782092755114 , 0.09751085372542811 , 0.030578443250996852 , -0.02858555290176335 , 0.008243470216250324 , 0.045950497632210915 , 0.04254876359683624 , 0.02411657017360407 , -0.04772543083645049 , -0.1088978807292057 , -0.06180366117953978 , 0.011664796016559837 , 0.02416285209619011 , 0.029180918771578374 , 0.06730959232565939 , 0.07328354061363712 , 0.02641843516116027 , -0.025776308937443426 , -0.07152638947747338 , -0.09049280157380375 , -0.023088836271838113 , 0.05687252742755601 , 0.03472659277824898 , 0.002590824298696527 , 0.043966282114121555 , 0.07442147256643865 , 0.05440220368718162 , 0.024888339928377037 , 0.011597655724742893 , 0.0021759410188398796 , -0.034534025464536246 , -0.055895822451626456 , -0.00649784153021655 , 0.041174308283870184 , 0.019190576281746686 , -0.008816709638145752 , -0.031905281477797816 , -0.049887681619616896 , 0.004438242905022838 , 0.048196427507361424 , -0.012154737851143594 , -0.07977908753739285 , -0.1058026344374455 , -0.11094759146333398 , -0.0522745142905574 , 0.012873980184118125 , 0.003494783201060966 , -0.01668033191810917 , -0.015722991117819652 , -0.00907672071228435 , 0.021456758224880714 , 0.05163098380497272 , 0.055652446476172596 , 0.04111225067913807 , 0.0005276722620782726 , -0.03719974438721205 , -0.05762275712243925 , -0.05560952216759855 , -0.008747506403880464 , 0.0333836133211893 , 0.025529142922879455 , -0.001139531554970129 , -0.03662570279423825 , -0.061083446848248846 , -0.029843523540449304 , 0.018123632013755362 , 0.0445822771695052 , 0.06038270192989006 , 0.04956441803985819 , 0.02502713243636738 , 0.013535603751479828 , 0.00261123023398223 , -0.001784956443892833 , -0.0035722479398482498 , -0.018988122426120517 , -0.02909531225834385 , -0.023752097270508414 , -0.00882732453151153 , 0.018557466915626375 , 0.04625573016887139 , 0.0529595344039853 , 0.04739750144602108 , 0.04585221032739972 , 0.03288433544925875 , 0.0014699184493863918 , -0.02837383364652978 , -0.04444542628536255 , -0.05137930359423896 , -0.035660990337876876 , -0.013440232964775412 , -0.019615281231387366 , -0.020207329300748825 , 0.020447075282627118 , 0.057694088976723325 , 0.07766313841152185 , 0.0798524042240464 , 0.05355295523658887 , 0.01931910762404902 , 0.014859080165540123 , 0.03144517788555813 , 0.015729735672347107 , 0.02019502743163243 , 0.09328223721529895 , 0.13605495157920042 , 0.11723355017620461 , 0.06332989031394208 , -0.08518409862162844 , -0.1985273613575462 , -0.10873585689241823 , 0.0077128359448680375 , 0.0495354449384883 , 0.056652582789147865 , -0.04991303590472412 , -0.15494002296106832 , -0.07677633511580155 , 0.03462864835122598 , 0.0751894482148702 , 0.10077257997314863 , 0.079390759459745 , 0.02829979927301196 , 0.0254744505127921 , 0.029794373197500713 , -0.022715581150293603 , -0.05090736055227404 , 0.0011878429906225269 , 0.04810602187285532 , 0.05234793281238892 , 0.030228587984629667 , -0.04196143703152184 , -0.10583153948969266 , -0.06917694979918837 , -0.002394737108313491 , 0.024648539926160357 , 0.05249136940152598 , 0.07536459097139021 , 0.0749061906218485 , 0.07101551391696033 , 0.05249621148299527 , -0.008093337107270783 , -0.061488960467804235 , -0.06231005111523284 , -0.0537042714346578 , -0.06340503083478469 , -0.07439483175070132 , -0.09173729659736644 , -0.10172010165825002 , -0.07739003791271978 , -0.03966201446205668 , -0.002036294154852247 , 0.0292042236251778 , 0.04880243914628484 , 0.05288706301190011 , 0.023323406420106635 , -0.006348942897986677 , 0.004870972609338706 , 0.019627873795621403 , 0.01161650695422115 , 0.004661468813408322 , -0.03027822161900681 , -0.05731462753692705 , -0.007157684719403876 , 0.04196727620052017 , 0.018665113069199386 , -0.008643093617408532 , -0.03192626120557596 , -0.04991559212118073 , 0.004455785087901251 , 0.04819417219891232 , -0.012154737851143594 , -0.07977908753739285 , -0.1058026344374455 , -0.11094759146333398 , -0.0522745142905574 , 0.012873980184118125 , 0.003494783201060966 , -0.01668033191810917 , -0.015722991117819652 , -0.00907672071228435 , 0.021456758224880714 , 0.05163098380497272 , 0.055652446476172596 , 0.04117670068891758 , 2.636883348932609e-05 , -0.03610878305943971 , -0.05930504113041323 , -0.05463330340465545 , -0.008947808596086015 , 0.029571868005707415 , 0.03401384727676683 , 0.004077994006449276 , -0.08419601717095453 , -0.16571571404672636 , -0.15185971693114436 , -0.10110243846207462 , -0.06427288726285914 , -0.02224882304565344 , 0.013146325565203894 , 0.027301062685350742 , 0.028520593102172892 , 0.024442441068490403 , 0.012308304601167865 , 0.007426035850248616 , 0.04486044297025718 , 0.07795176582816626 , 0.03407785037297592 , -0.01149702688113604 , -0.012745352518072304 , -0.008787237182098525 , 0.024890005085809012 , 0.054487349344002345 , -0.0058734517404795865 , -0.06462009061671171 , -0.017239986817746238 , 0.03397558484034066 , 0.04173825246681858 , 0.04523791221250047 , 0.006806663032557306 , -0.03214927694723786 , 0.04800748523326861 , 0.12214905666434717 , 0.0633093393542747 , 0.011272174856227751 , 0.009214956971201256 , 0.02339525209459069 , 0.13291839598731137 , 0.21519058794731294 , 0.10185549849526636 , -0.032044341005926104 , -0.07503416275826914 , -0.08874324533340708 , -0.02434807323773928 , 0.04730070453165237 , -0.01774130403765299 , -0.0973468342039019 , -0.09636860189235733 , -0.09077431039137977 , -0.06193964554936283 , -0.03336129268697389 , -0.07157128698153681 , -0.1092801834631472 , -0.08877962838727359 , -0.05286760732895372 , -0.014889807693853136 , 0.02515988851537863 , 0.03651635617344427 , 0.03238311995779059 , 0.03688294072995375 , 0.032315250055129995 , 0.006342605311002386 , -0.012070094449654381 , -0.01568446163834798 , -0.009726820123588959 , 0.014986244126412075 , 0.03814039538171495 , 0.01682524749730742 , -0.004683701163976373 , 0.008015726649052162 , 0.01722720071752644 , 0.040704158972545854 , 0.051106760932285895 , -0.01722971255679824 , -0.07346548768728202 , -0.055883316325882525 , -0.016130958811428946 , 0.04637324338559348 , 0.08927040161901907 , 0.03388817111235439 , -0.04700944392148375 , -0.07339517626047322 , -0.08506379918243978 , -0.08168093972687485 , -0.05466898276535337 , -0.03712680199407141 , -0.021262044151738595 , 0.026874714285942788 , 0.05925996647590693 , 0.03556375698073184 , 0.015448936650512472 , 0.027624769178196278 , 0.055627972814000455 , 0.10495457490746259 , 0.13740185362425314 , 0.10994999876623776 , 0.050311771363407844 , -0.012021321931227291 , -0.05983878280156429 , -0.08813169004520324 , -0.07512142608330905 , 0.0037542385163156613 , 0.07603984016722891 , 0.08936049098104845 , 0.06831953229881782 , -0.004222936596038039 , -0.07211690816325805 , -0.026071361185583244 , 0.034599890831813626 , 0.025052183550373145 , 0.00901400742167812 , -0.029642463191698918 , -0.0673274643813451 , -0.016550570733636926 , 0.03646437129137189 , 0.0057062366324381174 , -0.026269694998166775 , -0.0319402930796523 , -0.03136841961500403 , 0.011432726069588664 , 0.04467284213795452 , 0.013166560902339537 , -0.030796919696949712 , -0.05884011215974848 , -0.06312024969792175 , -0.043363368816944595 , 0.00027526523181688065 , 0.0610853879693068 , 0.0933706579869331 , 0.06653905761195332 , 0.0020626018765776463 , -0.08945181008275506 , -0.1627464547217798 , -0.15246454471105012 , -0.10137783917648255 , -0.0633568160592074 , -0.022909345712649257 , 0.013474347681420258 , 0.027245851528361422 , 0.028528066147607813 , 0.024441480297380747 , 0.012308304601167865 , 0.007426035850248616 , 0.04486044297025718 , 0.07795176582816626 , 0.03407785037297592 , -0.01149702688113604 , -0.012745352518072304 , -0.008787237182098525 , 0.024890005085809012 , 0.054487349344002345 , -0.0058734517404795865 , -0.06462009061671171 , -0.017239986817746238 , 0.033999842855168466 , 0.041549569392207046 , 0.045742671775812906 , 0.0054412538913284235 , -0.03033484399275584 , 0.04661439299384676 , 0.11971051737060714 , 0.0696446395414882 , 0.006377361733371088 , 0.002228205162695395 , 0.0022437375434323985 , -0.00270662088592541 , 0.0011108250442330935 , 0.0007977965509729168 , -0.0009882084201094593 , 0.0006883490931830317 , -0.00022748993295169777 , 7.966053962461979e-05 , -1.0241546865735802e-05 , 0.0 , -2.0916577335418077e-05 , 0.00016269279040396077 , -0.0002684641972948308 , -0.00011981218551101102 , 0.0010511239401118993 , -0.0015395291152413976 , 0.0011279338758754074 , -0.0006322731184624596 , -0.008516864788383066 , 0.02739813678884962 , 0.0460874717120679 , -0.03496836620661089 , -0.10542294490150265 , -0.06966034967174556 , -0.006998213791464573 , 0.052470832747416055 , 0.11015097835238265 , 0.09025041269758068 , 0.0504854569943574 , 0.09025868758972101 , 0.11016996737668835 , 0.0522108306933965 , -0.006426338359474043 , -0.07032506441984267 , -0.10543066202930043 , -0.03435517167580634 , 0.04353391655447437 , 0.032610925798145604 , -0.0009983914534305695 , -0.031507301027626826 , -0.06067887807757048 , -0.039422631982634716 , -0.003740913893957356 , 0.0005297250246474468 , -0.00334179336879054 , 0.0005297250246474405 , -0.003740913893957365 , -0.03942263198263472 , -0.060678878077570476 , -0.03150730102762683 , -0.0009983914534305684 , 0.0326109257981456 , 0.04353391655447437 , -0.034355171675806324 , -0.10543066202930043 , -0.07032506441984265 , -0.006426338359474044 , 0.052210830693396486 , 0.11016996737668833 , 0.09025868758972097 , 0.050484393133930855 , 0.09025868758972101 , 0.11016996737668835 , 0.0522108306933965 , -0.006426338359474043 , -0.07032506441984267 , -0.10543066202930043 , -0.03435517167580634 , 0.04353391655447437 , 0.032610925798145604 , -0.0009983914534305695 , -0.031507301027626826 , -0.06067887807757048 , -0.039422631982634716 , -0.003740913893957356 , 0.0005297250246474468 , -0.00334179336879054 , 0.0005297250246474405 , -0.003740913893957365 , -0.03942263198263472 , -0.060678878077570476 , -0.03150730102762683 , -0.0009983914534305684 , 0.0326109257981456 , 0.04353391655447437 , -0.034355171675806324 , -0.10543066202930043 , -0.07032506441984265 , -0.006426338359474044 , 0.052210830693396486 , 0.11016996737668833 , 0.09025868758972097 , 0.050484393133930855 , 0.09025868758972101 , 0.11016996737668835 , 0.0522108306933965 , -0.006426338359474043 , -0.07032506441984267 , -0.10543066202930043 , -0.03435517167580634 , 0.04353391655447437 , 0.032610925798145604 , -0.0009983914534305695 , -0.031507301027626826 , -0.06067887807757048 , -0.039422631982634716 , -0.003740913893957356 , 0.0005297250246474468 , -0.00334179336879054 , 0.0005297250246474405 , -0.003740913893957365 , -0.03942263198263472 , -0.060678878077570476 , -0.03150730102762683 , -0.0009983914534305684 , 0.0326109257981456 , 0.04353391655447437 , -0.034355171675806324 , -0.10543066202930043 , -0.07032506441984265 , -0.006426338359474044 , 0.052210830693396486 , 0.11016996737668833 , 0.09025868758972097 , 0.050484393133930855 , 0.09025868758972101 , 0.11016996737668835 , 0.0522108306933965 , -0.006426338359474043 , -0.07032506441984267 , -0.10543066202930043 , -0.03435517167580634 , 0.04353391655447437 , 0.032610925798145604 , -0.0009983914534305695 , -0.031507301027626826 , -0.06067887807757048 , -0.039422631982634716 , -0.003740913893957356 , 0.0005297250246474468 , -0.00334179336879054 , 0.0005297250246474405 , -0.003740913893957365 , -0.03942263198263472 , -0.060678878077570476 , -0.03150730102762683 , -0.0009983914534305684 , 0.0326109257981456 , 0.04353391655447437 , -0.034355171675806324 , -0.10543066202930043 , -0.07032506441984265 , -0.006426338359474044 , 0.052210830693396486 , 0.11016996737668833 , 0.09025868758972097 , 0.050484393133930855 , 0.09025868758972101 , 0.11016996737668835 , 0.0522108306933965 , -0.006426338359474043 , -0.07032506441984267 , -0.10543066202930043 , -0.03435517167580634 , 0.04353391655447437 , 0.032610925798145604 , -0.0009983914534305695 , -0.031507301027626826 , -0.06067887807757048 , -0.039422631982634716 , -0.003740913893957356 , 0.0005297250246474468 , -0.00334179336879054 , 0.0005297250246474405 , -0.003740913893957365 , -0.03942263198263472 , -0.060678878077570476 , -0.03150730102762683 , -0.0009983914534305684 , 0.0326109257981456 , 0.04353391655447437 , -0.034355171675806324 , -0.10543066202930043 , -0.07032506441984265 , -0.006426338359474044 , 0.052210830693396486 , 0.11016996737668833 , 0.09025868758972097 , 0.050484393133930855 , 0.09025868758972101 , 0.11016996737668835 , 0.0522108306933965 , -0.006426338359474043 , -0.07032506441984267 , -0.10543066202930043 , -0.03435517167580634 , 0.04353391655447437 , 0.032610925798145604 , -0.0009983914534305695 , -0.031507301027626826 , -0.06067887807757048 , -0.039422631982634716 , -0.003740913893957356 , 0.0005297250246474468 , -0.00334179336879054 , 0.0005297250246474405 , -0.003740913893957365 , -0.03942263198263472 , -0.060678878077570476 , -0.03150730102762683 , -0.0009983914534305684 , 0.0326109257981456 , 0.04353391655447437 , -0.034355171675806324 , -0.10543066202930043 , -0.07032506441984265 , -0.006426338359474044 , 0.052210830693396486 , 0.11016996737668833 , 0.09025868758972097 , 0.050484393133930855 , 0.09025868758972101 , 0.11016996737668835 , 0.0522108306933965 , -0.006426338359474043 , -0.07032506441984267 , -0.10543066202930043 , -0.03435517167580634 , 0.04353391655447437 , 0.032610925798145604 , -0.0009983914534305695 , -0.031507301027626826 , -0.06067887807757048 , -0.039422631982634716 , -0.003740913893957356 , 0.0005297250246474468 , -0.00334179336879054 , 0.0005297250246474405 , -0.003740913893957365 , -0.03942263198263472 , -0.060678878077570476 , -0.03150730102762683 , -0.0009983914534305684 , 0.0326109257981456 , 0.04353391655447437 , -0.034355171675806324 , -0.10543066202930043 , -0.07032506441984265 , -0.006426338359474044 , 0.052210830693396486 , 0.11016996737668833 , 0.09025868758972097 , 0.050484393133930855 , 0.09025868758972101 , 0.11016996737668835 , 0.0522108306933965 , -0.006426338359474043 , -0.07032506441984267 , -0.10543066202930043 , -0.03435517167580634 , 0.04353391655447437 , 0.032610925798145604 , -0.0009983914534305695 , -0.031507301027626826 , -0.06067887807757048 , -0.039422631982634716 , -0.003740913893957356 , 0.0005297250246474468 , -0.00334179336879054 , 0.0005297250246474405 , -0.003740913893957365 , -0.03942263198263472 , -0.060678878077570476 , -0.03150730102762683 , -0.0009983914534305684 , 0.0326109257981456 , 0.04353391655447437 , -0.034355171675806324 , -0.10543066202930043 , -0.07032506441984265 , -0.006426338359474044 , 0.052210830693396486 , 0.11016996737668833 , 0.09025868758972097 , 0.050484393133930855 , 0.09025868758972101 , 0.11016996737668835 , 0.0522108306933965 , -0.006426338359474043 , -0.07032506441984267 , -0.10543066202930043 , -0.03435517167580634 , 0.04353391655447437 , 0.032610925798145604 , -0.0009983914534305695 , -0.031507301027626826 , -0.06067887807757048 , -0.039422631982634716 , -0.003740913893957356 , 0.0005297250246474468 , -0.00334179336879054 , 0.0005297250246474405 , -0.003740913893957365 , -0.03942263198263472 , -0.060678878077570476 , -0.03150730102762683 , -0.0009983914534305684 , 0.0326109257981456 , 0.04353391655447437 , -0.034355171675806324 , -0.10543066202930043 , -0.07032506441984265 , -0.006426338359474044 , 0.052210830693396486 , 0.11016996737668833 , 0.09025868758972097 , 0.050484393133930855 , 0.09025868758972101 , 0.11016996737668835 , 0.0522108306933965 , -0.006426338359474043 , -0.07032506441984267 , -0.10543066202930043 , -0.03435517167580634 , 0.04353391655447437 , 0.032610925798145604 , -0.0009983914534305695 , -0.031507301027626826 , -0.06067887807757048 , -0.039422631982634716 , -0.003648947236172528 , -0.0001856076963424291 , -0.0019624139625890316 , -0.000491241899128541 , -0.0052564744787446695 , -0.03580768554909058 , -0.0670833703614546 , -0.022345648172876542 , 0.02046489579216044 , -0.06105108371929971 , -0.12651791953929112 , -0.06193957340929102 , 0.011465501678514095 , 0.05520227533034637 , 0.07661318055561261 , -0.00136761165668627 , -0.07760469421859115 , -0.04859744170507029 , -0.0009058192998882518 , 0.04059498755016723 , 0.06422304643892528 , -0.013319758097512409 , -0.10053863842191904 , -0.1040476613260937 , -0.08527923644311833 , -0.05414494734696543 , -0.02057034069191578 , -0.02644038530310517 , -0.039459469354408055 , -0.05108358862842751 , -0.04731571923172913 , 0.002504134305468413 , 0.04906695575198768 , 0.07327544519024468 , 0.06694801576324963 , -0.020130804006819082 , -0.10459975000284677 , -0.08466997188524539 , -0.03356183099325921 , -0.006439920289340663 , 0.028142451231251628 , 0.040419386043633154 , 0.03523833351450033 , 0.0725782092755114 , 0.09751085372542811 , 0.030578443250996852 , -0.02858555290176335 , 0.008243470216250324 , 0.045950497632210915 , 0.04254876359683624 , 0.02411657017360407 , -0.04772543083645049 , -0.1088978807292057 , -0.06180366117953978 , 0.011664796016559837 , 0.02416285209619011 , 0.029180918771578374 , 0.06730959232565939 , 0.07328354061363712 , 0.02641843516116027 , -0.025776308937443426 , -0.07152638947747338 , -0.09049280157380375 , -0.023088836271838113 , 0.05677133335089283 , 0.03551369797431795 , 0.0010237900894679193 , 0.0454728058401365 , 0.07523896706634649 , 0.051837536963919136 , 0.031019626017517007 , 0.0012622954935862028 , -0.017015586982655234 , 0.05973093687584648 , 0.12879757464189057 , 0.059730936875846484 , -0.017015586982655217 , 0.001262295493586211 , 0.031019626017516996 , 0.05183753696391913 , 0.07523896706634653 , 0.0454728058401365 , 0.0010237900894679147 , 0.03551369797431794 , 0.05677133335089282 , -0.023088836271838106 , -0.09049280157380374 , -0.07152638947747338 , -0.025776308937443423 , 0.02641843516116027 , 0.07328354061363711 , 0.06730959232565939 , 0.029180918771578374 , 0.02416285209619012 , 0.011664796016559849 , -0.06180366117953977 , -0.10889788072920571 , -0.04772543083645049 , 0.024116570173604055 , 0.04254876359683623 , 0.0459504976322109 , 0.008243470216250317 , -0.028585552901763366 , 0.030578443250996856 , 0.09751085372542814 , 0.07257820927551142 , 0.035238333514500314 , 0.04041938604363315 , 0.028142451231251628 , -0.006439920289340663 , -0.0335618309932592 , -0.08466997188524537 , -0.10459975000284676 , -0.020130804006819054 , 0.06694801576324964 , 0.07327544519024468 , 0.04906695575198767 , 0.002504134305468398 , -0.047315719231729135 , -0.05108358862842751 , -0.039459469354408055 , -0.02644038530310517 , -0.02057034069191577 , -0.05414494734696544 , -0.08527923644311834 , -0.10404766132609371 , -0.10053863842191904 , -0.013319758097512418 , 0.06422304643892526 , 0.04059498755016723 , -0.0009103414947600649 , -0.048562267283813465 , -0.07775316950831072 , -0.0006901120761217004 , 0.07545405202527455 , 0.05610677085594256 , 0.012696377989366896 , -0.06488402900712058 , -0.12234457245121079 , -0.06488402900712056 , 0.0126963779893669 , 0.056106770855942546 , 0.07545405202527454 , -0.0006901120761216895 , -0.07775316950831072 , -0.04856226728381347 , -0.0009103414947600717 , 0.04059498755016723 , 0.06422304643892528 , -0.013319758097512409 , -0.10053863842191904 , -0.1040476613260937 , -0.08527923644311833 , -0.05414494734696543 , -0.02057034069191578 , -0.02644038530310517 , -0.039459469354408055 , -0.05108358862842751 , -0.04731571923172913 , 0.002504134305468413 , 0.04906695575198768 , 0.07327544519024468 , 0.06694801576324963 , -0.020130804006819082 , -0.10459975000284677 , -0.08466997188524539 , -0.03356183099325921 , -0.006439920289340663 , 0.028142451231251628 , 0.040419386043633154 , 0.03523833351450033 , 0.0725782092755114 , 0.09751085372542811 , 0.030578443250996852 , -0.02858555290176335 , 0.008243470216250324 , 0.045950497632210915 , 0.04254876359683624 , 0.02411657017360407 , -0.04772543083645049 , -0.1088978807292057 , -0.06180366117953978 , 0.011664796016559837 , 0.02416285209619011 , 0.029180918771578374 , 0.06730959232565939 , 0.07328354061363712 , 0.02641843516116027 , -0.025776308937443426 , -0.07152638947747338 , -0.09049280157380375 , -0.023088836271838113 , 0.05677133335089283 , 0.03551369797431795 , 0.0010237900894679193 , 0.0454728058401365 , 0.07523896706634649 , 0.051837536963919136 , 0.031019626017517007 , 0.0012622954935862028 , -0.017015586982655234 , 0.05973093687584648 , 0.12879757464189057 , 0.059730936875846484 , -0.017015586982655217 , 0.001262295493586211 , 0.031019626017516996 , 0.05183753696391913 , 0.07523896706634653 , 0.0454728058401365 , 0.0010237900894679147 , 0.03551369797431794 , 0.05677133335089282 , -0.023088836271838106 , -0.09049280157380374 , -0.07152638947747338 , -0.025776308937443423 , 0.02641843516116027 , 0.07328354061363711 , 0.06730959232565939 , 0.029180918771578374 , 0.02416285209619012 , 0.011664796016559849 , -0.06180366117953977 , -0.10889788072920571 , -0.04772543083645049 , 0.024116570173604055 , 0.04254876359683623 , 0.0459504976322109 , 0.008243470216250317 , -0.028585552901763366 , 0.030578443250996856 , 0.09751085372542814 , 0.07257820927551142 , 0.035238333514500314 , 0.04041938604363315 , 0.028142451231251628 , -0.006439920289340663 , -0.0335618309932592 , -0.08466997188524537 , -0.10459975000284676 , -0.020130804006819054 , 0.06694801576324964 , 0.07327544519024468 , 0.04906695575198767 , 0.002504134305468398 , -0.047315719231729135 , -0.05108358862842751 , -0.039459469354408055 , -0.02644038530310517 , -0.02057034069191577 , -0.05414494734696544 , -0.08527923644311834 , -0.10404766132609371 , -0.10053863842191904 , -0.013319758097512418 , 0.06422304643892526 , 0.04059498755016723 , -0.0009103414947600649 , -0.048562267283813465 , -0.07775316950831072 , -0.0006901120761217004 , 0.07545405202527455 , 0.05610677085594256 , 0.012696377989366896 , -0.06488402900712058 , -0.12234457245121079 , -0.06488402900712056 , 0.0126963779893669 , 0.056106770855942546 , 0.07545405202527454 , -0.0006901120761216895 , -0.07775316950831072 , -0.04856226728381347 , -0.0009103414947600717 , 0.04059498755016723 , 0.06422304643892528 , -0.013319758097512409 , -0.10053863842191904 , -0.1040476613260937 , -0.08527923644311833 , -0.05414494734696543 , -0.02057034069191578 , -0.02644038530310517 , -0.039459469354408055 , -0.05108358862842751 , -0.04731571923172913 , 0.002504134305468413 , 0.04906695575198768 , 0.07327544519024468 , 0.06694801576324963 , -0.020130804006819082 , -0.10459975000284677 , -0.08466997188524539 , -0.03356183099325921 , -0.006439920289340663 , 0.028142451231251628 , 0.040419386043633154 , 0.03523833351450033 , 0.0725782092755114 , 0.09751085372542811 , 0.030578443250996852 , -0.02858555290176335 , 0.008243470216250324 , 0.045950497632210915 , 0.04254876359683624 , 0.02411657017360407 , -0.04772543083645049 , -0.1088978807292057 , -0.06180366117953978 , 0.011664796016559837 , 0.02416285209619011 , 0.029180918771578374 , 0.06730959232565939 , 0.07328354061363712 , 0.02641843516116027 , -0.025776308937443426 , -0.07152638947747338 , -0.09049280157380375 , -0.023088836271838113 , 0.05687252742755601 , 0.03472659277824898 , 0.002590824298696527 , 0.043966282114121555 , 0.07442147256643865 , 0.05440220368718162 , 0.024888339928377037 , 0.011597655724742893 , 0.0021759410188398796 , -0.034534025464536246 , -0.055895822451626456 , -0.00649784153021655 , 0.041174308283870184 , 0.019190576281746686 , -0.008816709638145752 , -0.031905281477797816 , -0.049887681619616896 , 0.004438242905022838 , 0.048196427507361424 , -0.012154737851143594 , -0.07977908753739285 , -0.1058026344374455 , -0.11094759146333398 , -0.0522745142905574 , 0.012873980184118125 , 0.003494783201060966 , -0.01668033191810917 , -0.015722991117819652 , -0.00907672071228435 , 0.021456758224880714 , 0.05163098380497272 , 0.055652446476172596 , 0.04111225067913807 , 0.0005276722620782726 , -0.03719974438721205 , -0.05762275712243925 , -0.05560952216759855 , -0.008747506403880464 , 0.0333836133211893 , 0.025529142922879455 , -0.001139531554970129 , -0.03662570279423825 , -0.061083446848248846 , -0.029843523540449304 , 0.018123632013755362 , 0.0445822771695052 , 0.06038270192989006 , 0.04956441803985819 , 0.02502713243636738 , 0.013535603751479828 , 0.00261123023398223 , -0.001784956443892833 , -0.0035722479398482498 , -0.018988122426120517 , -0.02909531225834385 , -0.023752097270508414 , -0.00882732453151153 , 0.018557466915626375 , 0.04625573016887139 , 0.0529595344039853 , 0.04739750144602108 , 0.04585221032739972 , 0.03288433544925875 , 0.0014699184493863918 , -0.02837383364652978 , -0.04444542628536255 , -0.05137930359423896 , -0.035660990337876876 , -0.013440232964775412 , -0.019615281231387366 , -0.020207329300748825 , 0.020447075282627118 , 0.057694088976723325 , 0.07766313841152185 , 0.0798524042240464 , 0.05355295523658887 , 0.01931910762404902 , 0.014859080165540123 , 0.03144517788555813 , 0.015729735672347107 , 0.02019502743163243 , 0.09328223721529895 , 0.13605495157920042 , 0.11723355017620461 , 0.06332989031394208 , -0.08518409862162844 , -0.1985273613575462 , -0.10873585689241823 , 0.0077128359448680375 , 0.0495354449384883 , 0.056652582789147865 , -0.04991303590472412 , -0.15494002296106832 , -0.07677633511580155 , 0.03462864835122598 , 0.0751894482148702 , 0.10077257997314863 , 0.079390759459745 , 0.02829979927301196 , 0.0254744505127921 , 0.029794373197500713 , -0.022715581150293603 , -0.05090736055227404 , 0.0011878429906225269 , 0.04810602187285532 , 0.05234793281238892 , 0.030228587984629667 , -0.04196143703152184 , -0.10583153948969266 , -0.06917694979918837 , -0.002394737108313491 , 0.024648539926160357 , 0.05249136940152598 , 0.07536459097139021 , 0.0749061906218485 , 0.07101551391696033 , 0.05249621148299527 , -0.008093337107270783 , -0.061488960467804235 , -0.06231005111523284 , -0.0537042714346578 , -0.06340503083478469 , -0.07439483175070132 , -0.09173729659736644 , -0.10172010165825002 , -0.07739003791271978 , -0.03966201446205668 , -0.002036294154852247 , 0.0292042236251778 , 0.04880243914628484 , 0.05288706301190011 , 0.023323406420106635 , -0.006348942897986677 , 0.004870972609338706 , 0.019627873795621403 , 0.01161650695422115 , 0.004661468813408322 , -0.03027822161900681 , -0.05731462753692705 , -0.007157684719403876 , 0.04196727620052017 , 0.018665113069199386 , -0.008643093617408532 , -0.03192626120557596 , -0.04991559212118073 , 0.004455785087901251 , 0.04819417219891232 , -0.012154737851143594 , -0.07977908753739285 , -0.1058026344374455 , -0.11094759146333398 , -0.0522745142905574 , 0.012873980184118125 , 0.003494783201060966 , -0.01668033191810917 , -0.015722991117819652 , -0.00907672071228435 , 0.021456758224880714 , 0.05163098380497272 , 0.055652446476172596 , 0.04117670068891758 , 2.636883348932609e-05 , -0.03610878305943971 , -0.05930504113041323 , -0.05463330340465545 , -0.008947808596086015 , 0.029571868005707415 , 0.03401384727676683 , 0.004077994006449276 , -0.08419601717095453 , -0.16571571404672636 , -0.15185971693114436 , -0.10110243846207462 , -0.06427288726285914 , -0.02224882304565344 , 0.013146325565203894 , 0.027301062685350742 , 0.028520593102172892 , 0.024442441068490403 , 0.012308304601167865 , 0.007426035850248616 , 0.04486044297025718 , 0.07795176582816626 , 0.03407785037297592 , -0.01149702688113604 , -0.012745352518072304 , -0.008787237182098525 , 0.024890005085809012 , 0.054487349344002345 , -0.0058734517404795865 , -0.06462009061671171 , -0.017239986817746238 , 0.03397558484034066 , 0.04173825246681858 , 0.04523791221250047 , 0.006806663032557306 , -0.03214927694723786 , 0.04800748523326861 , 0.12214905666434717 , 0.0633093393542747 , 0.011272174856227751 , 0.009214956971201256 , 0.02339525209459069 , 0.13291839598731137 , 0.21519058794731294 , 0.10185549849526636 , -0.032044341005926104 , -0.07503416275826914 , -0.08874324533340708 , -0.02434807323773928 , 0.04730070453165237 , -0.01774130403765299 , -0.0973468342039019 , -0.09636860189235733 , -0.09077431039137977 , -0.06193964554936283 , -0.03336129268697389 , -0.07157128698153681 , -0.1092801834631472 , -0.08877962838727359 , -0.05286760732895372 , -0.014889807693853136 , 0.02515988851537863 , 0.03651635617344427 , 0.03238311995779059 , 0.03688294072995375 , 0.032315250055129995 , 0.006342605311002386 , -0.012070094449654381 , -0.01568446163834798 , -0.009726820123588959 , 0.014986244126412075 , 0.03814039538171495 , 0.01682524749730742 , -0.004683701163976373 , 0.008015726649052162 , 0.01722720071752644 , 0.040704158972545854 , 0.051106760932285895 , -0.01722971255679824 , -0.07346548768728202 , -0.055883316325882525 , -0.016130958811428946 , 0.04637324338559348 , 0.08927040161901907 , 0.03388817111235439 , -0.04700944392148375 , -0.07339517626047322 , -0.08506379918243978 , -0.08168093972687485 , -0.05466898276535337 , -0.03712680199407141 , -0.021262044151738595 , 0.026874714285942788 , 0.05925996647590693 , 0.03556375698073184 , 0.015448936650512472 , 0.027624769178196278 , 0.055627972814000455 , 0.10495457490746259 , 0.13740185362425314 , 0.10994999876623776 , 0.050311771363407844 , -0.012021321931227291 , -0.05983878280156429 , -0.08813169004520324 , -0.07512142608330905 , 0.0037542385163156613 , 0.07603984016722891 , 0.08936049098104845 , 0.06831953229881782 , -0.004222936596038039 , -0.07211690816325805 , -0.026071361185583244 , 0.034599890831813626 , 0.025052183550373145 , 0.00901400742167812 , -0.029642463191698918 , -0.0673274643813451 , -0.016550570733636926 , 0.03646437129137189 , 0.0057062366324381174 , -0.026269694998166775 , -0.0319402930796523 , -0.03136841961500403 , 0.011432726069588664 , 0.04467284213795452 , 0.013166560902339537 , -0.030796919696949712 , -0.05884011215974848 , -0.06312024969792175 , -0.043363368816944595 , 0.00027526523181688065 , 0.0610853879693068 , 0.0933706579869331 , 0.06653905761195332 , 0.0020626018765776463 , -0.08945181008275506 , -0.1627464547217798 , -0.15246454471105012 , -0.10137783917648255 , -0.0633568160592074 , -0.022909345712649257 , 0.013474347681420258 , 0.027245851528361422 , 0.028528066147607813 , 0.024441480297380747 , 0.012308304601167865 , 0.007426035850248616 , 0.04486044297025718 , 0.07795176582816626 , 0.03407785037297592 , -0.01149702688113604 , -0.012745352518072304 , -0.008787237182098525 , 0.024890005085809012 , 0.054487349344002345 , -0.0058734517404795865 , -0.06462009061671171 , -0.017239986817746238 , 0.033999842855168466 , 0.041549569392207046 , 0.045742671775812906 , 0.0054412538913284235 , -0.03033484399275584 , 0.04661439299384676 , 0.11971051737060714 , 0.0696446395414882 , 0.006377361733371088 , 0.002228205162695395 , 0.0022437375434323985 , -0.00270662088592541 , 0.0011108250442330935 , 0.0007977965509729168 , -0.0009882084201094593 , 0.0006883490931830317 , -0.00022748993295169777 , 7.966053962461979e-05 , -1.0241546865735802e-05 , 0.0 , -2.0916577335418077e-05 , 0.00016269279040396077 , -0.0002684641972948308 , -0.00011981218551101102 , 0.0010511239401118993 , -0.0015395291152413976 , 0.0011279338758754074 , -0.0006322731184624596 , -0.008516864788383066 , 0.02739813678884962 , 0.0460874717120679 , -0.03496836620661089 , -0.10542294490150265 , -0.06966034967174556 , -0.006998213791464573 , 0.052470832747416055 , 0.11015097835238265 , 0.09025041269758068 , 0.0504854569943574 , 0.09025868758972101 , 0.11016996737668835 , 0.0522108306933965 , -0.006426338359474043 , -0.07032506441984267 , -0.10543066202930043 , -0.03435517167580634 , 0.04353391655447437 , 0.032610925798145604 , -0.0009983914534305695 , -0.031507301027626826 , -0.06067887807757048 , -0.039422631982634716 , -0.003740913893957356 , 0.0005297250246474468 , -0.00334179336879054 , 0.0005297250246474405 , -0.003740913893957365 , -0.03942263198263472 , -0.060678878077570476 , -0.03150730102762683 , -0.0009983914534305684 , 0.0326109257981456 , 0.04353391655447437 , -0.034355171675806324 , -0.10543066202930043 , -0.07032506441984265 , -0.006426338359474044 , 0.052210830693396486 , 0.11016996737668833 , 0.09025868758972097 , 0.050484393133930855 , 0.09025868758972101 , 0.11016996737668835 , 0.0522108306933965 , -0.006426338359474043 , -0.07032506441984267 , -0.10543066202930043 , -0.03435517167580634 , 0.04353391655447437 , 0.032610925798145604 , -0.0009983914534305695 , -0.031507301027626826 , -0.06067887807757048 , -0.039422631982634716 , -0.003740913893957356 , 0.0005297250246474468 , -0.00334179336879054 , 0.0005297250246474405 , -0.003740913893957365 , -0.03942263198263472 , -0.060678878077570476 , -0.03150730102762683 , -0.0009983914534305684 , 0.0326109257981456 , 0.04353391655447437 , -0.034355171675806324 , -0.10543066202930043 , -0.07032506441984265 , -0.006426338359474044 , 0.052210830693396486 , 0.11016996737668833 , 0.09025868758972097 , 0.050484393133930855 , 0.09025868758972101 , 0.11016996737668835 , 0.0522108306933965 , -0.006426338359474043 , -0.07032506441984267 , -0.10543066202930043 , -0.03435517167580634 , 0.04353391655447437 , 0.032610925798145604 , -0.0009983914534305695 , -0.031507301027626826 , -0.06067887807757048 , -0.039422631982634716 , -0.003740913893957356 , 0.0005297250246474468 , -0.00334179336879054 , 0.0005297250246474405 , -0.003740913893957365 , -0.03942263198263472 , -0.060678878077570476 , -0.03150730102762683 , -0.0009983914534305684 , 0.0326109257981456 , 0.04353391655447437 , -0.034355171675806324 , -0.10543066202930043 , -0.07032506441984265 , -0.006426338359474044 , 0.052210830693396486 , 0.11016996737668833 , 0.09025868758972097 , 0.050484393133930855 , 0.09025868758972101 , 0.11016996737668835 , 0.0522108306933965 , -0.006426338359474043 , -0.07032506441984267 , -0.10543066202930043 , -0.03435517167580634 , 0.04353391655447437 , 0.032610925798145604 , -0.0009983914534305695 , -0.031507301027626826 , -0.06067887807757048 , -0.039422631982634716 , -0.003740913893957356 , 0.0005297250246474468 , -0.00334179336879054 , 0.0005297250246474405 , -0.003740913893957365 , -0.03942263198263472 , -0.060678878077570476 , -0.03150730102762683 , -0.0009983914534305684 , 0.0326109257981456 , 0.04353391655447437 , -0.034355171675806324 , -0.10543066202930043 , -0.07032506441984265 , -0.006426338359474044 , 0.052210830693396486 , 0.11016996737668833 , 0.09025868758972097 , 0.050484393133930855 , 0.09025868758972101 , 0.11016996737668835 , 0.0522108306933965 , -0.006426338359474043 , -0.07032506441984267 , -0.10543066202930043 , -0.03435517167580634 , 0.04353391655447437 , 0.032610925798145604 , -0.0009983914534305695 , -0.031507301027626826 , -0.06067887807757048 , -0.039422631982634716 , -0.003740913893957356 , 0.0005297250246474468 , -0.00334179336879054 , 0.0005297250246474405 , -0.003740913893957365 , -0.03942263198263472 , -0.060678878077570476 , -0.03150730102762683 , -0.0009983914534305684 , 0.0326109257981456 , 0.04353391655447437 , -0.034355171675806324 , -0.10543066202930043 , -0.07032506441984265 , -0.006426338359474044 , 0.052210830693396486 , 0.11016996737668833 , 0.09025868758972097 , 0.050484393133930855 , 0.09025868758972101 , 0.11016996737668835 , 0.0522108306933965 , -0.006426338359474043 , -0.07032506441984267 , -0.10543066202930043 , -0.03435517167580634 , 0.04353391655447437 , 0.032610925798145604 , -0.0009983914534305695 , -0.031507301027626826 , -0.06067887807757048 , -0.039422631982634716 , -0.003740913893957356 , 0.0005297250246474468 , -0.00334179336879054 , 0.0005297250246474405 , -0.003740913893957365 , -0.03942263198263472 , -0.060678878077570476 , -0.03150730102762683 , -0.0009983914534305684 , 0.0326109257981456 , 0.04353391655447437 , -0.034355171675806324 , -0.10543066202930043 , -0.07032506441984265 , -0.006426338359474044 , 0.052210830693396486 , 0.11016996737668833 , 0.09025868758972097 , 0.050484393133930855 , 0.09025868758972101 , 0.11016996737668835 , 0.0522108306933965 , -0.006426338359474043 , -0.07032506441984267 , -0.10543066202930043 , -0.03435517167580634 , 0.04353391655447437 , 0.032610925798145604 , -0.0009983914534305695 , -0.031507301027626826 , -0.06067887807757048 , -0.039422631982634716 , -0.003740913893957356 , 0.0005297250246474468 , -0.00334179336879054 , 0.0005297250246474405 , -0.003740913893957365 , -0.03942263198263472 , -0.060678878077570476 , -0.03150730102762683 , -0.0009983914534305684 , 0.0326109257981456 , 0.04353391655447437 , -0.034355171675806324 , -0.10543066202930043 , -0.07032506441984265 , -0.006426338359474044 , 0.052210830693396486 , 0.11016996737668833 , 0.09025868758972097 , 0.050484393133930855 , 0.09025868758972101 , 0.11016996737668835 , 0.0522108306933965 , -0.006426338359474043 , -0.07032506441984267 , -0.10543066202930043 , -0.03435517167580634 , 0.04353391655447437 , 0.032610925798145604 , -0.0009983914534305695 , -0.031507301027626826 , -0.06067887807757048 , -0.039422631982634716 , -0.003740913893957356 , 0.0005297250246474468 , -0.00334179336879054 , 0.0005297250246474405 , -0.003740913893957365 , -0.03942263198263472 , -0.060678878077570476 , -0.03150730102762683 , -0.0009983914534305684 , 0.0326109257981456 , 0.04353391655447437 , -0.034355171675806324 , -0.10543066202930043 , -0.07032506441984265 , -0.006426338359474044 , 0.052210830693396486 , 0.11016996737668833 , 0.09025868758972097 , 0.050484393133930855 , 0.09025868758972101 , 0.11016996737668835 , 0.0522108306933965 , -0.006426338359474043 , -0.07032506441984267 , -0.10543066202930043 , -0.03435517167580634 , 0.04353391655447437 , 0.032610925798145604 , -0.0009983914534305695 , -0.031507301027626826 , -0.06067887807757048 , -0.039422631982634716 , -0.003740913893957356 , 0.0005297250246474468 , -0.00334179336879054 , 0.0005297250246474405 , -0.003740913893957365 , -0.03942263198263472 , -0.060678878077570476 , -0.03150730102762683 , -0.0009983914534305684 , 0.0326109257981456 , 0.04353391655447437 , -0.034355171675806324 , -0.10543066202930043 , -0.07032506441984265 , -0.006426338359474044 , 0.052210830693396486 , 0.11016996737668833 , 0.09025868758972097 , 0.050484393133930855 , 0.09025868758972101 , 0.11016996737668835 , 0.0522108306933965 , -0.006426338359474043 , -0.07032506441984267 , -0.10543066202930043 , -0.03435517167580634 , 0.04353391655447437 , 0.032610925798145604 , -0.0009983914534305695 , -0.031507301027626826 , -0.06067887807757048 , -0.039422631982634716 , -0.003648947236172528 , -0.0001856076963424291 , -0.0019624139625890316 , -0.000491241899128541 , -0.0052564744787446695 , -0.03580768554909058 , -0.0670833703614546 , -0.022345648172876542 , 0.02046489579216044 , -0.06105108371929971 , -0.12651791953929112 , -0.06193957340929102 , 0.011465501678514095 , 0.05520227533034637 , 0.07661318055561261 , -0.00136761165668627 , -0.07760469421859115 , -0.04859744170507029 , -0.0009058192998882518 , 0.04059498755016723 , 0.06422304643892528 , -0.013319758097512409 , -0.10053863842191904 , -0.1040476613260937 , -0.08527923644311833 , -0.05414494734696543 , -0.02057034069191578 , -0.02644038530310517 , -0.039459469354408055 , -0.05108358862842751 , -0.04731571923172913 , 0.002504134305468413 , 0.04906695575198768 , 0.07327544519024468 , 0.06694801576324963 , -0.020130804006819082 , -0.10459975000284677 , -0.08466997188524539 , -0.03356183099325921 , -0.006439920289340663 , 0.028142451231251628 , 0.040419386043633154 , 0.03523833351450033 , 0.0725782092755114 , 0.09751085372542811 , 0.030578443250996852 , -0.02858555290176335 , 0.008243470216250324 , 0.045950497632210915 , 0.04254876359683624 , 0.02411657017360407 , -0.04772543083645049 , -0.1088978807292057 , -0.06180366117953978 , 0.011664796016559837 , 0.02416285209619011 , 0.029180918771578374 , 0.06730959232565939 , 0.07328354061363712 , 0.02641843516116027 , -0.025776308937443426 , -0.07152638947747338 , -0.09049280157380375 , -0.023088836271838113 , 0.05677133335089283 , 0.03551369797431795 , 0.0010237900894679193 , 0.0454728058401365 , 0.07523896706634649 , 0.051837536963919136 , 0.031019626017517007 , 0.0012622954935862028 , -0.017015586982655234 , 0.05973093687584648 , 0.12879757464189057 , 0.059730936875846484 , -0.017015586982655217 , 0.001262295493586211 , 0.031019626017516996 , 0.05183753696391913 , 0.07523896706634653 , 0.0454728058401365 , 0.0010237900894679147 , 0.03551369797431794 , 0.05677133335089282 , -0.023088836271838106 , -0.09049280157380374 , -0.07152638947747338 , -0.025776308937443423 , 0.02641843516116027 , 0.07328354061363711 , 0.06730959232565939 , 0.029180918771578374 , 0.02416285209619012 , 0.011664796016559849 , -0.06180366117953977 , -0.10889788072920571 , -0.04772543083645049 , 0.024116570173604055 , 0.04254876359683623 , 0.0459504976322109 , 0.008243470216250317 , -0.028585552901763366 , 0.030578443250996856 , 0.09751085372542814 , 0.07257820927551142 , 0.035238333514500314 , 0.04041938604363315 , 0.028142451231251628 , -0.006439920289340663 , -0.0335618309932592 , -0.08466997188524537 , -0.10459975000284676 , -0.020130804006819054 , 0.06694801576324964 , 0.07327544519024468 , 0.04906695575198767 , 0.002504134305468398 , -0.047315719231729135 , -0.05108358862842751 , -0.039459469354408055 , -0.02644038530310517 , -0.02057034069191577 , -0.05414494734696544 , -0.08527923644311834 , -0.10404766132609371 , -0.10053863842191904 , -0.013319758097512418 , 0.06422304643892526 , 0.04059498755016723 , -0.0009103414947600649 , -0.048562267283813465 , -0.07775316950831072 , -0.0006901120761217004 , 0.07545405202527455 , 0.05610677085594256 , 0.012696377989366896 , -0.06488402900712058 , -0.12234457245121079 , -0.06488402900712056 , 0.0126963779893669 , 0.056106770855942546 , 0.07545405202527454 , -0.0006901120761216895 , -0.07775316950831072 , -0.04856226728381347 , -0.0009103414947600717 , 0.04059498755016723 , 0.06422304643892528 , -0.013319758097512409 , -0.10053863842191904 , -0.1040476613260937 , -0.08527923644311833 , -0.05414494734696543 , -0.02057034069191578 , -0.02644038530310517 , -0.039459469354408055 , -0.05108358862842751 , -0.04731571923172913 , 0.002504134305468413 , 0.04906695575198768 , 0.07327544519024468 , 0.06694801576324963 , -0.020130804006819082 , -0.10459975000284677 , -0.08466997188524539 , -0.03356183099325921 , -0.006439920289340663 , 0.028142451231251628 , 0.040419386043633154 , 0.03523833351450033 , 0.0725782092755114 , 0.09751085372542811 , 0.030578443250996852 , -0.02858555290176335 , 0.008243470216250324 , 0.045950497632210915 , 0.04254876359683624 , 0.02411657017360407 , -0.04772543083645049 , -0.1088978807292057 , -0.06180366117953978 , 0.011664796016559837 , 0.02416285209619011 , 0.029180918771578374 , 0.06730959232565939 , 0.07328354061363712 , 0.02641843516116027 , -0.025776308937443426 , -0.07152638947747338 , -0.09049280157380375 , -0.023088836271838113 , 0.05677133335089283 , 0.03551369797431795 , 0.0010237900894679193 , 0.0454728058401365 , 0.07523896706634649 , 0.051837536963919136 , 0.031019626017517007 , 0.0012622954935862028 , -0.017015586982655234 , 0.05973093687584648 , 0.12879757464189057 , 0.059730936875846484 , -0.017015586982655217 , 0.001262295493586211 , 0.031019626017516996 , 0.05183753696391913 , 0.07523896706634653 , 0.0454728058401365 , 0.0010237900894679147 , 0.03551369797431794 , 0.05677133335089282 , -0.023088836271838106 , -0.09049280157380374 , -0.07152638947747338 , -0.025776308937443423 , 0.02641843516116027 , 0.07328354061363711 , 0.06730959232565939 , 0.029180918771578374 , 0.02416285209619012 , 0.011664796016559849 , -0.06180366117953977 , -0.10889788072920571 , -0.04772543083645049 , 0.024116570173604055 , 0.04254876359683623 , 0.0459504976322109 , 0.008243470216250317 , -0.028585552901763366 , 0.030578443250996856 , 0.09751085372542814 , 0.07257820927551142 , 0.035238333514500314 , 0.04041938604363315 , 0.028142451231251628 , -0.006439920289340663 , -0.0335618309932592 , -0.08466997188524537 , -0.10459975000284676 , -0.020130804006819054 , 0.06694801576324964 , 0.07327544519024468 , 0.04906695575198767 , 0.002504134305468398 , -0.047315719231729135 , -0.05108358862842751 , -0.039459469354408055 , -0.02644038530310517 , -0.02057034069191577 , -0.05414494734696544 , -0.08527923644311834 , -0.10404766132609371 , -0.10053863842191904 , -0.013319758097512418 , 0.06422304643892526 , 0.04059498755016723 , -0.0009103414947600649 , -0.048562267283813465 , -0.07775316950831072 , -0.0006901120761217004 , 0.07545405202527455 , 0.05610677085594256 , 0.012696377989366896 , -0.06488402900712058 , -0.12234457245121079 , -0.06488402900712056 , 0.0126963779893669 , 0.056106770855942546 , 0.07545405202527454 , -0.0006901120761216895 , -0.07775316950831072 , -0.04856226728381347 , -0.0009103414947600717 , 0.04059498755016723 , 0.06422304643892528 , -0.013319758097512409 , -0.10053863842191904 , -0.1040476613260937 , -0.08527923644311833 , -0.05414494734696543 , -0.02057034069191578 , -0.02644038530310517 , -0.039459469354408055 , -0.05108358862842751 , -0.04731571923172913 , 0.002504134305468413 , 0.04906695575198768 , 0.07327544519024468 , 0.06694801576324963 , -0.020130804006819082 , -0.10459975000284677 , -0.08466997188524539 , -0.03356183099325921 , -0.006439920289340663 , 0.028142451231251628 , 0.040419386043633154 , 0.03523833351450033 , 0.0725782092755114 , 0.09751085372542811 , 0.030578443250996852 , -0.02858555290176335 , 0.008243470216250324 , 0.045950497632210915 , 0.04254876359683624 , 0.02411657017360407 , -0.04772543083645049 , -0.1088978807292057 , -0.06180366117953978 , 0.011664796016559837 , 0.02416285209619011 , 0.029180918771578374 , 0.06730959232565939 , 0.07328354061363712 , 0.02641843516116027 , -0.025776308937443426 , -0.07152638947747338 , -0.09049280157380375 , -0.023088836271838113 , 0.05687252742755601 , 0.03472659277824898 , 0.002590824298696527 , 0.043966282114121555 , 0.07442147256643865 , 0.05440220368718162 , 0.024888339928377037 , 0.011597655724742893 , 0.0021759410188398796 , -0.034534025464536246 , -0.055895822451626456 , -0.00649784153021655 , 0.041174308283870184 , 0.019190576281746686 , -0.008816709638145752 , -0.031905281477797816 , -0.049887681619616896 , 0.004438242905022838 , 0.048196427507361424 , -0.012154737851143594 , -0.07977908753739285 , -0.1058026344374455 , -0.11094759146333398 , -0.0522745142905574 , 0.012873980184118125 , 0.003494783201060966 , -0.01668033191810917 , -0.015722991117819652 , -0.00907672071228435 , 0.021456758224880714 , 0.05163098380497272 , 0.055652446476172596 , 0.04111225067913807 , 0.0005276722620782726 , -0.03719974438721205 , -0.05762275712243925 , -0.05560952216759855 , -0.008747506403880464 , 0.0333836133211893 , 0.025529142922879455 , -0.001139531554970129 , -0.03662570279423825 , -0.061083446848248846 , -0.029843523540449304 , 0.018123632013755362 , 0.0445822771695052 , 0.06038270192989006 , 0.04956441803985819 , 0.02502713243636738 , 0.013535603751479828 , 0.00261123023398223 , -0.001784956443892833 , -0.0035722479398482498 , -0.018988122426120517 , -0.02909531225834385 , -0.023752097270508414 , -0.00882732453151153 , 0.018557466915626375 , 0.04625573016887139 , 0.0529595344039853 , 0.04739750144602108 , 0.04585221032739972 , 0.03288433544925875 , 0.0014699184493863918 , -0.02837383364652978 , -0.04444542628536255 , -0.05137930359423896 , -0.035660990337876876 , -0.013440232964775412 , -0.019615281231387366 , -0.020207329300748825 , 0.020447075282627118 , 0.057694088976723325 , 0.07766313841152185 , 0.0798524042240464 , 0.05355295523658887 , 0.01931910762404902 , 0.014859080165540123 , 0.03144517788555813 , 0.015729735672347107 , 0.02019502743163243 , 0.09328223721529895 , 0.13605495157920042 , 0.11723355017620461 , 0.06332989031394208 , -0.08518409862162844 , -0.1985273613575462 , -0.10873585689241823 , 0.0077128359448680375 , 0.0495354449384883 , 0.056652582789147865 , -0.04991303590472412 , -0.15494002296106832 , -0.07677633511580155 , 0.03462864835122598 , 0.0751894482148702 , 0.10077257997314863 , 0.079390759459745 , 0.02829979927301196 , 0.0254744505127921 , 0.029794373197500713 , -0.022715581150293603 , -0.05090736055227404 , 0.0011878429906225269 , 0.04810602187285532 , 0.05234793281238892 , 0.030228587984629667 , -0.04196143703152184 , -0.10583153948969266 , -0.06917694979918837 , -0.002394737108313491 , 0.024648539926160357 , 0.05249136940152598 , 0.07536459097139021 , 0.0749061906218485 , 0.07101551391696033 , 0.05249621148299527 , -0.008093337107270783 , -0.061488960467804235 , -0.06231005111523284 , -0.0537042714346578 , -0.06340503083478469 , -0.07439483175070132 , -0.09173729659736644 , -0.10172010165825002 , -0.07739003791271978 , -0.03966201446205668 , -0.002036294154852247 , 0.0292042236251778 , 0.04880243914628484 , 0.05288706301190011 , 0.023323406420106635 , -0.006348942897986677 , 0.004870972609338706 , 0.019627873795621403 , 0.01161650695422115 , 0.004661468813408322 , -0.03027822161900681 , -0.05731462753692705 , -0.007157684719403876 , 0.04196727620052017 , 0.018665113069199386 , -0.008643093617408532 , -0.03192626120557596 , -0.04991559212118073 , 0.004455785087901251 , 0.04819417219891232 , -0.012154737851143594 , -0.07977908753739285 , -0.1058026344374455 , -0.11094759146333398 , -0.0522745142905574 , 0.012873980184118125 , 0.003494783201060966 , -0.01668033191810917 , -0.015722991117819652 , -0.00907672071228435 , 0.021456758224880714 , 0.05163098380497272 , 0.055652446476172596 , 0.04117670068891758 , 2.636883348932609e-05 , -0.03610878305943971 , -0.05930504113041323 , -0.05463330340465545 , -0.008947808596086015 , 0.029571868005707415 , 0.03401384727676683 , 0.004077994006449276 , -0.08419601717095453 , -0.16571571404672636 , -0.15185971693114436 , -0.10110243846207462 , -0.06427288726285914 , -0.02224882304565344 , 0.013146325565203894 , 0.027301062685350742 , 0.028520593102172892 , 0.024442441068490403 , 0.012308304601167865 , 0.007426035850248616 , 0.04486044297025718 , 0.07795176582816626 , 0.03407785037297592 , -0.01149702688113604 , -0.012745352518072304 , -0.008787237182098525 , 0.024890005085809012 , 0.054487349344002345 , -0.0058734517404795865 , -0.06462009061671171 , -0.017239986817746238 , 0.03397558484034066 , 0.04173825246681858 , 0.04523791221250047 , 0.006806663032557306 , -0.03214927694723786 , 0.04800748523326861 , 0.12214905666434717 , 0.0633093393542747 , 0.011272174856227751 , 0.009214956971201256 , 0.02339525209459069 , 0.13291839598731137 , 0.21519058794731294 , 0.10185549849526636 , -0.032044341005926104 , -0.07503416275826914 , -0.08874324533340708 , -0.02434807323773928 , 0.04730070453165237 , -0.01774130403765299 , -0.0973468342039019 , -0.09636860189235733 , -0.09077431039137977 , -0.06193964554936283 , -0.03336129268697389 , -0.07157128698153681 , -0.1092801834631472 , -0.08877962838727359 , -0.05286760732895372 , -0.014889807693853136 , 0.02515988851537863 , 0.03651635617344427 , 0.03238311995779059 , 0.03688294072995375 , 0.032315250055129995 , 0.006342605311002386 , -0.012070094449654381 , -0.01568446163834798 , -0.009726820123588959 , 0.014986244126412075 , 0.03814039538171495 , 0.01682524749730742 , -0.004683701163976373 , 0.008015726649052162 , 0.01722720071752644 , 0.040704158972545854 , 0.051106760932285895 , -0.01722971255679824 , -0.07346548768728202 , -0.055883316325882525 , -0.016130958811428946 , 0.04637324338559348 , 0.08927040161901907 , 0.03388817111235439 , -0.04700944392148375 , -0.07339517626047322 , -0.08506379918243978 , -0.08168093972687485 , -0.05466898276535337 , -0.03712680199407141 , -0.021262044151738595 , 0.026874714285942788 , 0.05925996647590693 , 0.03556375698073184 , 0.015448936650512472 , 0.027624769178196278 , 0.055627972814000455 , 0.10495457490746259 , 0.13740185362425314 , 0.10994999876623776 , 0.050311771363407844 , -0.012021321931227291 , -0.05983878280156429 , -0.08813169004520324 , -0.07512142608330905 , 0.0037542385163156613 , 0.07603984016722891 , 0.08936049098104845 , 0.06831953229881782 , -0.004222936596038039 , -0.07211690816325805 , -0.026071361185583244 , 0.034599890831813626 , 0.025052183550373145 , 0.00901400742167812 , -0.029642463191698918 , -0.0673274643813451 , -0.016550570733636926 , 0.03646437129137189 , 0.0057062366324381174 , -0.026269694998166775 , -0.0319402930796523 , -0.03136841961500403 , 0.011432726069588664 , 0.04467284213795452 , 0.013166560902339537 , -0.030796919696949712 , -0.05884011215974848 , -0.06312024969792175 , -0.043363368816944595 , 0.00027526523181688065 , 0.0610853879693068 , 0.0933706579869331 , 0.06653905761195332 , 0.0020626018765776463 , -0.08945181008275506 , -0.1627464547217798 , -0.15246454471105012 , -0.10137783917648255 , -0.0633568160592074 , -0.022909345712649257 , 0.013474347681420258 , 0.027245851528361422 , 0.028528066147607813 , 0.024441480297380747 , 0.012308304601167865 , 0.007426035850248616 , 0.04486044297025718 , 0.07795176582816626 , 0.03407785037297592 , -0.01149702688113604 , -0.012745352518072304 , -0.008787237182098525 , 0.024890005085809012 , 0.054487349344002345 , -0.0058734517404795865 , -0.06462009061671171 , -0.017239986817746238 , 0.033999842855168466 , 0.041549569392207046 , 0.045742671775812906 , 0.0054412538913284235 , -0.03033484399275584 , 0.04661439299384676 , 0.11971051737060714 , 0.0696446395414882 , 0.006377361733371088 , 0.002228205162695395 , 0.0022437375434323985 , -0.00270662088592541 , 0.0011108250442330935 , 0.0007977965509729168 , -0.0009882084201094593 , 0.0006883490931830317 , -0.00022748993295169777 , 7.966053962461979e-05 , -1.0241546865735802e-05 , 0.0 , -2.0916577335418077e-05 , 0.00016269279040396077 , -0.0002684641972948308 , -0.00011981218551101102 , 0.0010511239401118993 , -0.0015395291152413976 , 0.0011279338758754074 , -0.0006322731184624596 , -0.008516864788383066 , 0.02739813678884962 , 0.0460874717120679 , -0.03496836620661089 , -0.10542294490150265 , -0.06966034967174556 , -0.006998213791464573 , 0.052470832747416055 , 0.11015097835238265 , 0.09025041269758068 , 0.0504854569943574 , 0.09025868758972101 , 0.11016996737668835 , 0.0522108306933965 , -0.006426338359474043 , -0.07032506441984267 , -0.10543066202930043 , -0.03435517167580634 , 0.04353391655447437 , 0.032610925798145604 , -0.0009983914534305695 , -0.031507301027626826 , -0.06067887807757048 , -0.039422631982634716 , -0.003740913893957356 , 0.0005297250246474468 , -0.00334179336879054 , 0.0005297250246474405 , -0.003740913893957365 , -0.03942263198263472 , -0.060678878077570476 , -0.03150730102762683 , -0.0009983914534305684 , 0.0326109257981456 , 0.04353391655447437 , -0.034355171675806324 , -0.10543066202930043 , -0.07032506441984265 , -0.006426338359474044 , 0.052210830693396486 , 0.11016996737668833 , 0.09025868758972097 , 0.050484393133930855 , 0.09025868758972101 , 0.11016996737668835 , 0.0522108306933965 , -0.006426338359474043 , -0.07032506441984267 , -0.10543066202930043 , -0.03435517167580634 , 0.04353391655447437 , 0.032610925798145604 , -0.0009983914534305695 , -0.031507301027626826 , -0.06067887807757048 , -0.039422631982634716 , -0.003740913893957356 , 0.0005297250246474468 , -0.00334179336879054 , 0.0005297250246474405 , -0.003740913893957365 , -0.03942263198263472 , -0.060678878077570476 , -0.03150730102762683 , -0.0009983914534305684 , 0.0326109257981456 , 0.04353391655447437 , -0.034355171675806324 , -0.10543066202930043 , -0.07032506441984265 , -0.006426338359474044 , 0.052210830693396486 , 0.11016996737668833 , 0.09025868758972097 , 0.050484393133930855 , 0.09025868758972101 , 0.11016996737668835 , 0.0522108306933965 , -0.006426338359474043 , -0.07032506441984267 , -0.10543066202930043 , -0.03435517167580634 , 0.04353391655447437 , 0.032610925798145604 , -0.0009983914534305695 , -0.031507301027626826 , -0.06067887807757048 , -0.039422631982634716 , -0.003740913893957356 , 0.0005297250246474468 , -0.00334179336879054 , 0.0005297250246474405 , -0.003740913893957365 , -0.03942263198263472 , -0.060678878077570476 , -0.03150730102762683 , -0.0009983914534305684 , 0.0326109257981456 , 0.04353391655447437 , -0.034355171675806324 , -0.10543066202930043 , -0.07032506441984265 , -0.006426338359474044 , 0.052210830693396486 , 0.11016996737668833 , 0.09025868758972097 , 0.050484393133930855 , 0.09025868758972101 , 0.11016996737668835 , 0.0522108306933965 , -0.006426338359474043 , -0.07032506441984267 , -0.10543066202930043 , -0.03435517167580634 , 0.04353391655447437 , 0.032610925798145604 , -0.0009983914534305695 , -0.031507301027626826 , -0.06067887807757048 , -0.039422631982634716 , -0.003740913893957356 , 0.0005297250246474468 , -0.00334179336879054 , 0.0005297250246474405 , -0.003740913893957365 , -0.03942263198263472 , -0.060678878077570476 , -0.03150730102762683 , -0.0009983914534305684 , 0.0326109257981456 , 0.04353391655447437 , -0.034355171675806324 , -0.10543066202930043 , -0.07032506441984265 , -0.006426338359474044 , 0.052210830693396486 , 0.11016996737668833 , 0.09025868758972097 , 0.050484393133930855 , 0.09025868758972101 , 0.11016996737668835 , 0.0522108306933965 , -0.006426338359474043 , -0.07032506441984267 , -0.10543066202930043 , -0.03435517167580634 , 0.04353391655447437 , 0.032610925798145604 , -0.0009983914534305695 , -0.031507301027626826 , -0.06067887807757048 , -0.039422631982634716 , -0.003740913893957356 , 0.0005297250246474468 , -0.00334179336879054 , 0.0005297250246474405 , -0.003740913893957365 , -0.03942263198263472 , -0.060678878077570476 , -0.03150730102762683 , -0.0009983914534305684 , 0.0326109257981456 , 0.04353391655447437 , -0.034355171675806324 , -0.10543066202930043 , -0.07032506441984265 , -0.006426338359474044 , 0.052210830693396486 , 0.11016996737668833 , 0.09025868758972097 , 0.050484393133930855 , 0.09025868758972101 , 0.11016996737668835 , 0.0522108306933965 , -0.006426338359474043 , -0.07032506441984267 , -0.10543066202930043 , -0.03435517167580634 , 0.04353391655447437 , 0.032610925798145604 , -0.0009983914534305695 , -0.031507301027626826 , -0.06067887807757048 , -0.039422631982634716 , -0.003740913893957356 , 0.0005297250246474468 , -0.00334179336879054 , 0.0005297250246474405 , -0.003740913893957365 , -0.03942263198263472 , -0.060678878077570476 , -0.03150730102762683 , -0.0009983914534305684 , 0.0326109257981456 , 0.04353391655447437 , -0.034355171675806324 , -0.10543066202930043 , -0.07032506441984265 , -0.006426338359474044 , 0.052210830693396486 , 0.11016996737668833 , 0.09025868758972097 , 0.050484393133930855 , 0.09025868758972101 , 0.11016996737668835 , 0.0522108306933965 , -0.006426338359474043 , -0.07032506441984267 , -0.10543066202930043 , -0.03435517167580634 , 0.04353391655447437 , 0.032610925798145604 , -0.0009983914534305695 , -0.031507301027626826 , -0.06067887807757048 , -0.039422631982634716 , -0.003740913893957356 , 0.0005297250246474468 , -0.00334179336879054 , 0.0005297250246474405 , -0.003740913893957365 , -0.03942263198263472 , -0.060678878077570476 , -0.03150730102762683 , -0.0009983914534305684 , 0.0326109257981456 , 0.04353391655447437 , -0.034355171675806324 , -0.10543066202930043 , -0.07032506441984265 , -0.006426338359474044 , 0.052210830693396486 , 0.11016996737668833 , 0.09025868758972097 , 0.050484393133930855 , 0.09025868758972101 , 0.11016996737668835 , 0.0522108306933965 , -0.006426338359474043 , -0.07032506441984267 , -0.10543066202930043 , -0.03435517167580634 , 0.04353391655447437 , 0.032610925798145604 , -0.0009983914534305695 , -0.031507301027626826 , -0.06067887807757048 , -0.039422631982634716 , -0.003740913893957356 , 0.0005297250246474468 , -0.00334179336879054 , 0.0005297250246474405 , -0.003740913893957365 , -0.03942263198263472 , -0.060678878077570476 , -0.03150730102762683 , -0.0009983914534305684 , 0.0326109257981456 , 0.04353391655447437 , -0.034355171675806324 , -0.10543066202930043 , -0.07032506441984265 , -0.006426338359474044 , 0.052210830693396486 , 0.11016996737668833 , 0.09025868758972097 , 0.050484393133930855 , 0.09025868758972101 , 0.11016996737668835 , 0.0522108306933965 , -0.006426338359474043 , -0.07032506441984267 , -0.10543066202930043 , -0.03435517167580634 , 0.04353391655447437 , 0.032610925798145604 , -0.0009983914534305695 , -0.031507301027626826 , -0.06067887807757048 , -0.039422631982634716 , -0.003740913893957356 , 0.0005297250246474468 , -0.00334179336879054 , 0.0005297250246474405 , -0.003740913893957365 , -0.03942263198263472 , -0.060678878077570476 , -0.03150730102762683 , -0.0009983914534305684 , 0.0326109257981456 , 0.04353391655447437 , -0.034355171675806324 , -0.10543066202930043 , -0.07032506441984265 , -0.006426338359474044 , 0.052210830693396486 , 0.11016996737668833 , 0.09025868758972097 , 0.050484393133930855 , 0.09025868758972101 , 0.11016996737668835 , 0.0522108306933965 , -0.006426338359474043 , -0.07032506441984267 , -0.10543066202930043 , -0.03435517167580634 , 0.04353391655447437 , 0.032610925798145604 , -0.0009983914534305695 , -0.031507301027626826 , -0.06067887807757048 , -0.039422631982634716 , -0.003648947236172528 , -0.0001856076963424291 , -0.0019624139625890316 , -0.000491241899128541 , -0.0052564744787446695 , -0.03580768554909058 , -0.0670833703614546 , -0.022345648172876542 , 0.02046489579216044 , -0.06105108371929971 , -0.12651791953929112 , -0.06193957340929102 , 0.011465501678514095 , 0.05520227533034637 , 0.07661318055561261 , -0.00136761165668627 , -0.07760469421859115 , -0.04859744170507029 , -0.0009058192998882518 , 0.04059498755016723 , 0.06422304643892528 , -0.013319758097512409 , -0.10053863842191904 , -0.1040476613260937 , -0.08527923644311833 , -0.05414494734696543 , -0.02057034069191578 , -0.02644038530310517 , -0.039459469354408055 , -0.05108358862842751 , -0.04731571923172913 , 0.002504134305468413 , 0.04906695575198768 , 0.07327544519024468 , 0.06694801576324963 , -0.020130804006819082 , -0.10459975000284677 , -0.08466997188524539 , -0.03356183099325921 , -0.006439920289340663 , 0.028142451231251628 , 0.040419386043633154 , 0.03523833351450033 , 0.0725782092755114 , 0.09751085372542811 , 0.030578443250996852 , -0.02858555290176335 , 0.008243470216250324 , 0.045950497632210915 , 0.04254876359683624 , 0.02411657017360407 , -0.04772543083645049 , -0.1088978807292057 , -0.06180366117953978 , 0.011664796016559837 , 0.02416285209619011 , 0.029180918771578374 , 0.06730959232565939 , 0.07328354061363712 , 0.02641843516116027 , -0.025776308937443426 , -0.07152638947747338 , -0.09049280157380375 , -0.023088836271838113 , 0.05677133335089283 , 0.03551369797431795 , 0.0010237900894679193 , 0.0454728058401365 , 0.07523896706634649 , 0.051837536963919136 , 0.031019626017517007 , 0.0012622954935862028 , -0.017015586982655234 , 0.05973093687584648 , 0.12879757464189057 , 0.059730936875846484 , -0.017015586982655217 , 0.001262295493586211 , 0.031019626017516996 , 0.05183753696391913 , 0.07523896706634653 , 0.0454728058401365 , 0.0010237900894679147 , 0.03551369797431794 , 0.05677133335089282 , -0.023088836271838106 , -0.09049280157380374 , -0.07152638947747338 , -0.025776308937443423 , 0.02641843516116027 , 0.07328354061363711 , 0.06730959232565939 , 0.029180918771578374 , 0.02416285209619012 , 0.011664796016559849 , -0.06180366117953977 , -0.10889788072920571 , -0.04772543083645049 , 0.024116570173604055 , 0.04254876359683623 , 0.0459504976322109 , 0.008243470216250317 , -0.028585552901763366 , 0.030578443250996856 , 0.09751085372542814 , 0.07257820927551142 , 0.035238333514500314 , 0.04041938604363315 , 0.028142451231251628 , -0.006439920289340663 , -0.0335618309932592 , -0.08466997188524537 , -0.10459975000284676 , -0.020130804006819054 , 0.06694801576324964 , 0.07327544519024468 , 0.04906695575198767 , 0.002504134305468398 , -0.047315719231729135 , -0.05108358862842751 , -0.039459469354408055 , -0.02644038530310517 , -0.02057034069191577 , -0.05414494734696544 , -0.08527923644311834 , -0.10404766132609371 , -0.10053863842191904 , -0.013319758097512418 , 0.06422304643892526 , 0.04059498755016723 , -0.0009103414947600649 , -0.048562267283813465 , -0.07775316950831072 , -0.0006901120761217004 , 0.07545405202527455 , 0.05610677085594256 , 0.012696377989366896 , -0.06488402900712058 , -0.12234457245121079 , -0.06488402900712056 , 0.0126963779893669 , 0.056106770855942546 , 0.07545405202527454 , -0.0006901120761216895 , -0.07775316950831072 , -0.04856226728381347 , -0.0009103414947600717 , 0.04059498755016723 , 0.06422304643892528 , -0.013319758097512409 , -0.10053863842191904 , -0.1040476613260937 , -0.08527923644311833 , -0.05414494734696543 , -0.02057034069191578 , -0.02644038530310517 , -0.039459469354408055 , -0.05108358862842751 , -0.04731571923172913 , 0.002504134305468413 , 0.04906695575198768 , 0.07327544519024468 , 0.06694801576324963 , -0.020130804006819082 , -0.10459975000284677 , -0.08466997188524539 , -0.03356183099325921 , -0.006439920289340663 , 0.028142451231251628 , 0.040419386043633154 , 0.03523833351450033 , 0.0725782092755114 , 0.09751085372542811 , 0.030578443250996852 , -0.02858555290176335 , 0.008243470216250324 , 0.045950497632210915 , 0.04254876359683624 , 0.02411657017360407 , -0.04772543083645049 , -0.1088978807292057 , -0.06180366117953978 , 0.011664796016559837 , 0.02416285209619011 , 0.029180918771578374 , 0.06730959232565939 , 0.07328354061363712 , 0.02641843516116027 , -0.025776308937443426 , -0.07152638947747338 , -0.09049280157380375 , -0.023088836271838113 , 0.05677133335089283 , 0.03551369797431795 , 0.0010237900894679193 , 0.0454728058401365 , 0.07523896706634649 , 0.051837536963919136 , 0.031019626017517007 , 0.0012622954935862028 , -0.017015586982655234 , 0.05973093687584648 , 0.12879757464189057 , 0.059730936875846484 , -0.017015586982655217 , 0.001262295493586211 , 0.031019626017516996 , 0.05183753696391913 , 0.07523896706634653 , 0.0454728058401365 , 0.0010237900894679147 , 0.03551369797431794 , 0.05677133335089282 , -0.023088836271838106 , -0.09049280157380374 , -0.07152638947747338 , -0.025776308937443423 , 0.02641843516116027 , 0.07328354061363711 , 0.06730959232565939 , 0.029180918771578374 , 0.02416285209619012 , 0.011664796016559849 , -0.06180366117953977 , -0.10889788072920571 , -0.04772543083645049 , 0.024116570173604055 , 0.04254876359683623 , 0.0459504976322109 , 0.008243470216250317 , -0.028585552901763366 , 0.030578443250996856 , 0.09751085372542814 , 0.07257820927551142 , 0.035238333514500314 , 0.04041938604363315 , 0.028142451231251628 , -0.006439920289340663 , -0.0335618309932592 , -0.08466997188524537 , -0.10459975000284676 , -0.020130804006819054 , 0.06694801576324964 , 0.07327544519024468 , 0.04906695575198767 , 0.002504134305468398 , -0.047315719231729135 , -0.05108358862842751 , -0.039459469354408055 , -0.02644038530310517 , -0.02057034069191577 , -0.05414494734696544 , -0.08527923644311834 , -0.10404766132609371 , -0.10053863842191904 , -0.013319758097512418 , 0.06422304643892526 , 0.04059498755016723 , -0.0009103414947600649 , -0.048562267283813465 , -0.07775316950831072 , -0.0006901120761217004 , 0.07545405202527455 , 0.05610677085594256 , 0.012696377989366896 , -0.06488402900712058 , -0.12234457245121079 , -0.06488402900712056 , 0.0126963779893669 , 0.056106770855942546 , 0.07545405202527454 , -0.0006901120761216895 , -0.07775316950831072 , -0.04856226728381347 , -0.0009103414947600717 , 0.04059498755016723 , 0.06422304643892528 , -0.013319758097512409 , -0.10053863842191904 , -0.1040476613260937 , -0.08527923644311833 , -0.05414494734696543 , -0.02057034069191578 , -0.02644038530310517 , -0.039459469354408055 , -0.05108358862842751 , -0.04731571923172913 , 0.002504134305468413 , 0.04906695575198768 , 0.07327544519024468 , 0.06694801576324963 , -0.020130804006819082 , -0.10459975000284677 , -0.08466997188524539 , -0.03356183099325921 , -0.006439920289340663 , 0.028142451231251628 , 0.040419386043633154 , 0.03523833351450033 , 0.0725782092755114 , 0.09751085372542811 , 0.030578443250996852 , -0.02858555290176335 , 0.008243470216250324 , 0.045950497632210915 , 0.04254876359683624 , 0.02411657017360407 , -0.04772543083645049 , -0.1088978807292057 , -0.06180366117953978 , 0.011664796016559837 , 0.02416285209619011 , 0.029180918771578374 , 0.06730959232565939 , 0.07328354061363712 , 0.02641843516116027 , -0.025776308937443426 , -0.07152638947747338 , -0.09049280157380375 , -0.023088836271838113 , 0.05687252742755601 , 0.03472659277824898 , 0.002590824298696527 , 0.043966282114121555 , 0.07442147256643865 , 0.05440220368718162 , 0.024888339928377037 , 0.011597655724742893 , 0.0021759410188398796 , -0.034534025464536246 , -0.055895822451626456 , -0.00649784153021655 , 0.041174308283870184 , 0.019190576281746686 , -0.008816709638145752 , -0.031905281477797816 , -0.049887681619616896 , 0.004438242905022838 , 0.048196427507361424 , -0.012154737851143594 , -0.07977908753739285 , -0.1058026344374455 , -0.11094759146333398 , -0.0522745142905574 , 0.012873980184118125 , 0.003494783201060966 , -0.01668033191810917 , -0.015722991117819652 , -0.00907672071228435 , 0.021456758224880714 , 0.05163098380497272 , 0.055652446476172596 , 0.04111225067913807 , 0.0005276722620782726 , -0.03719974438721205 , -0.05762275712243925 , -0.05560952216759855 , -0.008747506403880464 , 0.0333836133211893 , 0.025529142922879455 , -0.001139531554970129 , -0.03662570279423825 , -0.061083446848248846 , -0.029843523540449304 , 0.018123632013755362 , 0.0445822771695052 , 0.06038270192989006 , 0.04956441803985819 , 0.02502713243636738 , 0.013535603751479828 , 0.00261123023398223 , -0.001784956443892833 , -0.0035722479398482498 , -0.018988122426120517 , -0.02909531225834385 , -0.023752097270508414 , -0.00882732453151153 , 0.018557466915626375 , 0.04625573016887139 , 0.0529595344039853 , 0.04739750144602108 , 0.04585221032739972 , 0.03288433544925875 , 0.0014699184493863918 , -0.02837383364652978 , -0.04444542628536255 , -0.05137930359423896 , -0.035660990337876876 , -0.013440232964775412 , -0.019615281231387366 , -0.020207329300748825 , 0.020447075282627118 , 0.057694088976723325 , 0.07766313841152185 , 0.0798524042240464 , 0.05355295523658887 , 0.01931910762404902 , 0.014859080165540123 , 0.03144517788555813 , 0.015729735672347107 , 0.02019502743163243 , 0.09328223721529895 , 0.13605495157920042 , 0.11723355017620461 , 0.06332989031394208 , -0.08518409862162844 , -0.1985273613575462 , -0.10873585689241823 , 0.0077128359448680375 , 0.0495354449384883 , 0.056652582789147865 , -0.04991303590472412 , -0.15494002296106832 , -0.07677633511580155 , 0.03462864835122598 , 0.0751894482148702 , 0.10077257997314863 , 0.079390759459745 , 0.02829979927301196 , 0.0254744505127921 , 0.029794373197500713 , -0.022715581150293603 , -0.05090736055227404 , 0.0011878429906225269 , 0.04810602187285532 , 0.05234793281238892 , 0.030228587984629667 , -0.04196143703152184 , -0.10583153948969266 , -0.06917694979918837 , -0.002394737108313491 , 0.024648539926160357 , 0.05249136940152598 , 0.07536459097139021 , 0.0749061906218485 , 0.07101551391696033 , 0.05249621148299527 , -0.008093337107270783 , -0.061488960467804235 , -0.06231005111523284 , -0.0537042714346578 , -0.06340503083478469 , -0.07439483175070132 , -0.09173729659736644 , -0.10172010165825002 , -0.07739003791271978 , -0.03966201446205668 , -0.002036294154852247 , 0.0292042236251778 , 0.04880243914628484 , 0.05288706301190011 , 0.023323406420106635 , -0.006348942897986677 , 0.004870972609338706 , 0.019627873795621403 , 0.01161650695422115 , 0.004661468813408322 , -0.03027822161900681 , -0.05731462753692705 , -0.007157684719403876 , 0.04196727620052017 , 0.018665113069199386 , -0.008643093617408532 , -0.03192626120557596 , -0.04991559212118073 , 0.004455785087901251 , 0.04819417219891232 , -0.012154737851143594 , -0.07977908753739285 , -0.1058026344374455 , -0.11094759146333398 , -0.0522745142905574 , 0.012873980184118125 , 0.003494783201060966 , -0.01668033191810917 , -0.015722991117819652 , -0.00907672071228435 , 0.021456758224880714 , 0.05163098380497272 , 0.055652446476172596 , 0.04117670068891758 , 2.636883348932609e-05 , -0.03610878305943971 , -0.05930504113041323 , -0.05463330340465545 , -0.008947808596086015 , 0.029571868005707415 , 0.03401384727676683 , 0.004077994006449276 , -0.08419601717095453 , -0.16571571404672636 , -0.15185971693114436 , -0.10110243846207462 , -0.06427288726285914 , -0.02224882304565344 , 0.013146325565203894 , 0.027301062685350742 , 0.028520593102172892 , 0.024442441068490403 , 0.012308304601167865 , 0.007426035850248616 , 0.04486044297025718 , 0.07795176582816626 , 0.03407785037297592 , -0.01149702688113604 , -0.012745352518072304 , -0.008787237182098525 , 0.024890005085809012 , 0.054487349344002345 , -0.0058734517404795865 , -0.06462009061671171 , -0.017239986817746238 , 0.03397558484034066 , 0.04173825246681858 , 0.04523791221250047 , 0.006806663032557306 , -0.03214927694723786 , 0.04800748523326861 , 0.12214905666434717 , 0.0633093393542747 , 0.011272174856227751 , 0.009214956971201256 , 0.02339525209459069 , 0.13291839598731137 , 0.21519058794731294 , 0.10185549849526636 , -0.032044341005926104 , -0.07503416275826914 , -0.08874324533340708 , -0.02434807323773928 , 0.04730070453165237 , -0.01774130403765299 , -0.0973468342039019 , -0.09636860189235733 , -0.09077431039137977 , -0.06193964554936283 , -0.03336129268697389 , -0.07157128698153681 , -0.1092801834631472 , -0.08877962838727359 , -0.05286760732895372 , -0.014889807693853136 , 0.02515988851537863 , 0.03651635617344427 , 0.03238311995779059 , 0.03688294072995375 , 0.032315250055129995 , 0.006342605311002386 , -0.012070094449654381 , -0.01568446163834798 , -0.009726820123588959 , 0.014986244126412075 , 0.03814039538171495 , 0.01682524749730742 , -0.004683701163976373 , 0.008015726649052162 , 0.01722720071752644 , 0.040704158972545854 , 0.051106760932285895 , -0.01722971255679824 , -0.07346548768728202 , -0.055883316325882525 , -0.016130958811428946 , 0.04637324338559348 , 0.08927040161901907 , 0.03388817111235439 , -0.04700944392148375 , -0.07339517626047322 , -0.08506379918243978 , -0.08168093972687485 , -0.05466898276535337 , -0.03712680199407141 , -0.021262044151738595 , 0.026874714285942788 , 0.05925996647590693 , 0.03556375698073184 , 0.015448936650512472 , 0.027624769178196278 , 0.055627972814000455 , 0.10495457490746259 , 0.13740185362425314 , 0.10994999876623776 , 0.050311771363407844 , -0.012021321931227291 , -0.05983878280156429 , -0.08813169004520324 , -0.07512142608330905 , 0.0037542385163156613 , 0.07603984016722891 , 0.08936049098104845 , 0.06831953229881782 , -0.004222936596038039 , -0.07211690816325805 , -0.026071361185583244 , 0.034599890831813626 , 0.025052183550373145 , 0.00901400742167812 , -0.029642463191698918 , -0.0673274643813451 , -0.016550570733636926 , 0.03646437129137189 , 0.0057062366324381174 , -0.026269694998166775 , -0.0319402930796523 , -0.03136841961500403 , 0.011432726069588664 , 0.04467284213795452 , 0.013166560902339537 , -0.030796919696949712 , -0.05884011215974848 , -0.06312024969792175 , -0.043363368816944595 , 0.00027526523181688065 , 0.0610853879693068 , 0.0933706579869331 , 0.06653905761195332 , 0.0020626018765776463 , -0.08945181008275506 , -0.1627464547217798 , -0.15246454471105012 , -0.10137783917648255 , -0.0633568160592074 , -0.022909345712649257 , 0.013474347681420258 , 0.027245851528361422 , 0.028528066147607813 , 0.024441480297380747 , 0.012308304601167865 , 0.007426035850248616 , 0.04486044297025718 , 0.07795176582816626 , 0.03407785037297592 , -0.01149702688113604 , -0.012745352518072304 , -0.008787237182098525 , 0.024890005085809012 , 0.054487349344002345 , -0.0058734517404795865 , -0.06462009061671171 , -0.017239986817746238 , 0.033999842855168466 , 0.041549569392207046 , 0.045742671775812906 , 0.0054412538913284235 , -0.03033484399275584 , 0.04661439299384676 , 0.11971051737060714 , 0.0696446395414882 , 0.006377361733371088 , 0.002228205162695395 , 0.0022437375434323985 , -0.00270662088592541 , 0.0011108250442330935 , 0.0007977965509729168 , -0.0009882084201094593 , 0.0006883490931830317 , -0.00022748993295169777 , 7.966053962461979e-05 , -1.0241546865735802e-05 , 0.0 , -2.0916577335418077e-05 , 0.00016269279040396077 , -0.0002684641972948308 , -0.00011981218551101102 , 0.0010511239401118993 , -0.0015395291152413976 , 0.0011279338758754074 , -0.0006322731184624596 , -0.008516864788383066 , 0.02739813678884962 , 0.0460874717120679 , -0.03496836620661089 , -0.10542294490150265 , -0.06966034967174556 , -0.006998213791464573 , 0.052470832747416055 , 0.11015097835238265 , 0.09025041269758068 , 0.0504854569943574 , 0.09025868758972101 , 0.11016996737668835 , 0.0522108306933965 , -0.006426338359474043 , -0.07032506441984267 , -0.10543066202930043 , -0.03435517167580634 , 0.04353391655447437 , 0.032610925798145604 , -0.0009983914534305695 , -0.031507301027626826 , -0.06067887807757048 , -0.039422631982634716 , -0.003740913893957356 , 0.0005297250246474468 , -0.00334179336879054 , 0.0005297250246474405 , -0.003740913893957365 , -0.03942263198263472 , -0.060678878077570476 , -0.03150730102762683 , -0.0009983914534305684 , 0.0326109257981456 , 0.04353391655447437 , -0.034355171675806324 , -0.10543066202930043 , -0.07032506441984265 , -0.006426338359474044 , 0.052210830693396486 , 0.11016996737668833 , 0.09025868758972097 , 0.050484393133930855 , 0.09025868758972101 , 0.11016996737668835 , 0.0522108306933965 , -0.006426338359474043 , -0.07032506441984267 , -0.10543066202930043 , -0.03435517167580634 , 0.04353391655447437 , 0.032610925798145604 , -0.0009983914534305695 , -0.031507301027626826 , -0.06067887807757048 , -0.039422631982634716 , -0.003740913893957356 , 0.0005297250246474468 , -0.00334179336879054 , 0.0005297250246474405 , -0.003740913893957365 , -0.03942263198263472 , -0.060678878077570476 , -0.03150730102762683 , -0.0009983914534305684 , 0.0326109257981456 , 0.04353391655447437 , -0.034355171675806324 , -0.10543066202930043 , -0.07032506441984265 , -0.006426338359474044 , 0.052210830693396486 , 0.11016996737668833 , 0.09025868758972097 , 0.050484393133930855 , 0.09025868758972101 , 0.11016996737668835 , 0.0522108306933965 , -0.006426338359474043 , -0.07032506441984267 , -0.10543066202930043 , -0.03435517167580634 , 0.04353391655447437 , 0.032610925798145604 , -0.0009983914534305695 , -0.031507301027626826 , -0.06067887807757048 , -0.039422631982634716 , -0.003740913893957356 , 0.0005297250246474468 , -0.00334179336879054 , 0.0005297250246474405 , -0.003740913893957365 , -0.03942263198263472 , -0.060678878077570476 , -0.03150730102762683 , -0.0009983914534305684 , 0.0326109257981456 , 0.04353391655447437 , -0.034355171675806324 , -0.10543066202930043 , -0.07032506441984265 , -0.006426338359474044 , 0.052210830693396486 , 0.11016996737668833 , 0.09025868758972097 , 0.050484393133930855 , 0.09025868758972101 , 0.11016996737668835 , 0.0522108306933965 , -0.006426338359474043 , -0.07032506441984267 , -0.10543066202930043 , -0.03435517167580634 , 0.04353391655447437 , 0.032610925798145604 , -0.0009983914534305695 , -0.031507301027626826 , -0.06067887807757048 , -0.039422631982634716 , -0.003740913893957356 , 0.0005297250246474468 , -0.00334179336879054 , 0.0005297250246474405 , -0.003740913893957365 , -0.03942263198263472 , -0.060678878077570476 , -0.03150730102762683 , -0.0009983914534305684 , 0.0326109257981456 , 0.04353391655447437 , -0.034355171675806324 , -0.10543066202930043 , -0.07032506441984265 , -0.006426338359474044 , 0.052210830693396486 , 0.11016996737668833 , 0.09025868758972097 , 0.050484393133930855 , 0.09025868758972101 , 0.11016996737668835 , 0.0522108306933965 , -0.006426338359474043 , -0.07032506441984267 , -0.10543066202930043 , -0.03435517167580634 , 0.04353391655447437 , 0.032610925798145604 , -0.0009983914534305695 , -0.031507301027626826 , -0.06067887807757048 , -0.039422631982634716 , -0.003740913893957356 , 0.0005297250246474468 , -0.00334179336879054 , 0.0005297250246474405 , -0.003740913893957365 , -0.03942263198263472 , -0.060678878077570476 , -0.03150730102762683 , -0.0009983914534305684 , 0.0326109257981456 , 0.04353391655447437 , -0.034355171675806324 , -0.10543066202930043 , -0.07032506441984265 , -0.006426338359474044 , 0.052210830693396486 , 0.11016996737668833 , 0.09025868758972097 , 0.050484393133930855 , 0.09025868758972101 , 0.11016996737668835 , 0.0522108306933965 , -0.006426338359474043 , -0.07032506441984267 , -0.10543066202930043 , -0.03435517167580634 , 0.04353391655447437 , 0.032610925798145604 , -0.0009983914534305695 , -0.031507301027626826 , -0.06067887807757048 , -0.039422631982634716 , -0.003740913893957356 , 0.0005297250246474468 , -0.00334179336879054 , 0.0005297250246474405 , -0.003740913893957365 , -0.03942263198263472 , -0.060678878077570476 , -0.03150730102762683 , -0.0009983914534305684 , 0.0326109257981456 , 0.04353391655447437 , -0.034355171675806324 , -0.10543066202930043 , -0.07032506441984265 , -0.006426338359474044 , 0.052210830693396486 , 0.11016996737668833 , 0.09025868758972097 , 0.050484393133930855 , 0.09025868758972101 , 0.11016996737668835 , 0.0522108306933965 , -0.006426338359474043 , -0.07032506441984267 , -0.10543066202930043 , -0.03435517167580634 , 0.04353391655447437 , 0.032610925798145604 , -0.0009983914534305695 , -0.031507301027626826 , -0.06067887807757048 , -0.039422631982634716 , -0.003740913893957356 , 0.0005297250246474468 , -0.00334179336879054 , 0.0005297250246474405 , -0.003740913893957365 , -0.03942263198263472 , -0.060678878077570476 , -0.03150730102762683 , -0.0009983914534305684 , 0.0326109257981456 , 0.04353391655447437 , -0.034355171675806324 , -0.10543066202930043 , -0.07032506441984265 , -0.006426338359474044 , 0.052210830693396486 , 0.11016996737668833 , 0.09025868758972097 , 0.050484393133930855 , 0.09025868758972101 , 0.11016996737668835 , 0.0522108306933965 , -0.006426338359474043 , -0.07032506441984267 , -0.10543066202930043 , -0.03435517167580634 , 0.04353391655447437 , 0.032610925798145604 , -0.0009983914534305695 , -0.031507301027626826 , -0.06067887807757048 , -0.039422631982634716 , -0.003740913893957356 , 0.0005297250246474468 , -0.00334179336879054 , 0.0005297250246474405 , -0.003740913893957365 , -0.03942263198263472 , -0.060678878077570476 , -0.03150730102762683 , -0.0009983914534305684 , 0.0326109257981456 , 0.04353391655447437 , -0.034355171675806324 , -0.10543066202930043 , -0.07032506441984265 , -0.006426338359474044 , 0.052210830693396486 , 0.11016996737668833 , 0.09025868758972097 , 0.050484393133930855 , 0.09025868758972101 , 0.11016996737668835 , 0.0522108306933965 , -0.006426338359474043 , -0.07032506441984267 , -0.10543066202930043 , -0.03435517167580634 , 0.04353391655447437 , 0.032610925798145604 , -0.0009983914534305695 , -0.031507301027626826 , -0.06067887807757048 , -0.039422631982634716 , -0.003740913893957356 , 0.0005297250246474468 , -0.00334179336879054 , 0.0005297250246474405 , -0.003740913893957365 , -0.03942263198263472 , -0.060678878077570476 , -0.03150730102762683 , -0.0009983914534305684 , 0.0326109257981456 , 0.04353391655447437 , -0.034355171675806324 , -0.10543066202930043 , -0.07032506441984265 , -0.006426338359474044 , 0.052210830693396486 , 0.11016996737668833 , 0.09025868758972097 , 0.050484393133930855 , 0.09025868758972101 , 0.11016996737668835 , 0.0522108306933965 , -0.006426338359474043 , -0.07032506441984267 , -0.10543066202930043 , -0.03435517167580634 , 0.04353391655447437 , 0.032610925798145604 , -0.0009983914534305695 , -0.031507301027626826 , -0.06067887807757048 , -0.039422631982634716 , -0.003648947236172528 , -0.0001856076963424291 , -0.0019624139625890316 , -0.000491241899128541 , -0.0052564744787446695 , -0.03580768554909058 , -0.0670833703614546 , -0.022345648172876542 , 0.02046489579216044 , -0.06105108371929971 , -0.12651791953929112 , -0.06193957340929102 , 0.011465501678514095 , 0.05520227533034637 , 0.07661318055561261 , -0.00136761165668627 , -0.07760469421859115 , -0.04859744170507029 , -0.0009058192998882518 , 0.04059498755016723 , 0.06422304643892528 , -0.013319758097512409 , -0.10053863842191904 , -0.1040476613260937 , -0.08527923644311833 , -0.05414494734696543 , -0.02057034069191578 , -0.02644038530310517 , -0.039459469354408055 , -0.05108358862842751 , -0.04731571923172913 , 0.002504134305468413 , 0.04906695575198768 , 0.07327544519024468 , 0.06694801576324963 , -0.020130804006819082 , -0.10459975000284677 , -0.08466997188524539 , -0.03356183099325921 , -0.006439920289340663 , 0.028142451231251628 , 0.040419386043633154 , 0.03523833351450033 , 0.0725782092755114 , 0.09751085372542811 , 0.030578443250996852 , -0.02858555290176335 , 0.008243470216250324 , 0.045950497632210915 , 0.04254876359683624 , 0.02411657017360407 , -0.04772543083645049 , -0.1088978807292057 , -0.06180366117953978 , 0.011664796016559837 , 0.02416285209619011 , 0.029180918771578374 , 0.06730959232565939 , 0.07328354061363712 , 0.02641843516116027 , -0.025776308937443426 , -0.07152638947747338 , -0.09049280157380375 , -0.023088836271838113 , 0.05677133335089283 , 0.03551369797431795 , 0.0010237900894679193 , 0.0454728058401365 , 0.07523896706634649 , 0.051837536963919136 , 0.031019626017517007 , 0.0012622954935862028 , -0.017015586982655234 , 0.05973093687584648 , 0.12879757464189057 , 0.059730936875846484 , -0.017015586982655217 , 0.001262295493586211 , 0.031019626017516996 , 0.05183753696391913 , 0.07523896706634653 , 0.0454728058401365 , 0.0010237900894679147 , 0.03551369797431794 , 0.05677133335089282 , -0.023088836271838106 , -0.09049280157380374 , -0.07152638947747338 , -0.025776308937443423 , 0.02641843516116027 , 0.07328354061363711 , 0.06730959232565939 , 0.029180918771578374 , 0.02416285209619012 , 0.011664796016559849 , -0.06180366117953977 , -0.10889788072920571 , -0.04772543083645049 , 0.024116570173604055 , 0.04254876359683623 , 0.0459504976322109 , 0.008243470216250317 , -0.028585552901763366 , 0.030578443250996856 , 0.09751085372542814 , 0.07257820927551142 , 0.035238333514500314 , 0.04041938604363315 , 0.028142451231251628 , -0.006439920289340663 , -0.0335618309932592 , -0.08466997188524537 , -0.10459975000284676 , -0.020130804006819054 , 0.06694801576324964 , 0.07327544519024468 , 0.04906695575198767 , 0.002504134305468398 , -0.047315719231729135 , -0.05108358862842751 , -0.039459469354408055 , -0.02644038530310517 , -0.02057034069191577 , -0.05414494734696544 , -0.08527923644311834 , -0.10404766132609371 , -0.10053863842191904 , -0.013319758097512418 , 0.06422304643892526 , 0.04059498755016723 , -0.0009103414947600649 , -0.048562267283813465 , -0.07775316950831072 , -0.0006901120761217004 , 0.07545405202527455 , 0.05610677085594256 , 0.012696377989366896 , -0.06488402900712058 , -0.12234457245121079 , -0.06488402900712056 , 0.0126963779893669 , 0.056106770855942546 , 0.07545405202527454 , -0.0006901120761216895 , -0.07775316950831072 , -0.04856226728381347 , -0.0009103414947600717 , 0.04059498755016723 , 0.06422304643892528 , -0.013319758097512409 , -0.10053863842191904 , -0.1040476613260937 , -0.08527923644311833 , -0.05414494734696543 , -0.02057034069191578 , -0.02644038530310517 , -0.039459469354408055 , -0.05108358862842751 , -0.04731571923172913 , 0.002504134305468413 , 0.04906695575198768 , 0.07327544519024468 , 0.06694801576324963 , -0.020130804006819082 , -0.10459975000284677 , -0.08466997188524539 , -0.03356183099325921 , -0.006439920289340663 , 0.028142451231251628 , 0.040419386043633154 , 0.03523833351450033 , 0.0725782092755114 , 0.09751085372542811 , 0.030578443250996852 , -0.02858555290176335 , 0.008243470216250324 , 0.045950497632210915 , 0.04254876359683624 , 0.02411657017360407 , -0.04772543083645049 , -0.1088978807292057 , -0.06180366117953978 , 0.011664796016559837 , 0.02416285209619011 , 0.029180918771578374 , 0.06730959232565939 , 0.07328354061363712 , 0.02641843516116027 , -0.025776308937443426 , -0.07152638947747338 , -0.09049280157380375 , -0.023088836271838113 , 0.05677133335089283 , 0.03551369797431795 , 0.0010237900894679193 , 0.0454728058401365 , 0.07523896706634649 , 0.051837536963919136 , 0.031019626017517007 , 0.0012622954935862028 , -0.017015586982655234 , 0.05973093687584648 , 0.12879757464189057 , 0.059730936875846484 , -0.017015586982655217 , 0.001262295493586211 , 0.031019626017516996 , 0.05183753696391913 , 0.07523896706634653 , 0.0454728058401365 , 0.0010237900894679147 , 0.03551369797431794 , 0.05677133335089282 , -0.023088836271838106 , -0.09049280157380374 , -0.07152638947747338 , -0.025776308937443423 , 0.02641843516116027 , 0.07328354061363711 , 0.06730959232565939 , 0.029180918771578374 , 0.02416285209619012 , 0.011664796016559849 , -0.06180366117953977 , -0.10889788072920571 , -0.04772543083645049 , 0.024116570173604055 , 0.04254876359683623 , 0.0459504976322109 , 0.008243470216250317 , -0.028585552901763366 , 0.030578443250996856 , 0.09751085372542814 , 0.07257820927551142 , 0.035238333514500314 , 0.04041938604363315 , 0.028142451231251628 , -0.006439920289340663 , -0.0335618309932592 , -0.08466997188524537 , -0.10459975000284676 , -0.020130804006819054 , 0.06694801576324964 , 0.07327544519024468 , 0.04906695575198767 , 0.002504134305468398 , -0.047315719231729135 , -0.05108358862842751 , -0.039459469354408055 , -0.02644038530310517 , -0.02057034069191577 , -0.05414494734696544 , -0.08527923644311834 , -0.10404766132609371 , -0.10053863842191904 , -0.013319758097512418 , 0.06422304643892526 , 0.04059498755016723 , -0.0009103414947600649 , -0.048562267283813465 , -0.07775316950831072 , -0.0006901120761217004 , 0.07545405202527455 , 0.05610677085594256 , 0.012696377989366896 , -0.06488402900712058 , -0.12234457245121079 , -0.06488402900712056 , 0.0126963779893669 , 0.056106770855942546 , 0.07545405202527454 , -0.0006901120761216895 , -0.07775316950831072 , -0.04856226728381347 , -0.0009103414947600717 , 0.04059498755016723 , 0.06422304643892528 , -0.013319758097512409 , -0.10053863842191904 , -0.1040476613260937 , -0.08527923644311833 , -0.05414494734696543 , -0.02057034069191578 , -0.02644038530310517 , -0.039459469354408055 , -0.05108358862842751 , -0.04731571923172913 , 0.002504134305468413 , 0.04906695575198768 , 0.07327544519024468 , 0.06694801576324963 , -0.020130804006819082 , -0.10459975000284677 , -0.08466997188524539 , -0.03356183099325921 , -0.006439920289340663 , 0.028142451231251628 , 0.040419386043633154 , 0.03523833351450033 , 0.0725782092755114 , 0.09751085372542811 , 0.030578443250996852 , -0.02858555290176335 , 0.008243470216250324 , 0.045950497632210915 , 0.04254876359683624 , 0.02411657017360407 , -0.04772543083645049 , -0.1088978807292057 , -0.06180366117953978 , 0.011664796016559837 , 0.02416285209619011 , 0.029180918771578374 , 0.06730959232565939 , 0.07328354061363712 , 0.02641843516116027 , -0.025776308937443426 , -0.07152638947747338 , -0.09049280157380375 , -0.023088836271838113 , 0.05687252742755601 , 0.03472659277824898 , 0.002590824298696527 , 0.043966282114121555 , 0.07442147256643865 , 0.05440220368718162 , 0.024888339928377037 , 0.011597655724742893 , 0.0021759410188398796 , -0.034534025464536246 , -0.055895822451626456 , -0.00649784153021655 , 0.041174308283870184 , 0.019190576281746686 , -0.008816709638145752 , -0.031905281477797816 , -0.049887681619616896 , 0.004438242905022838 , 0.048196427507361424 , -0.012154737851143594 , -0.07977908753739285 , -0.1058026344374455 , -0.11094759146333398 , -0.0522745142905574 , 0.012873980184118125 , 0.003494783201060966 , -0.01668033191810917 , -0.015722991117819652 , -0.00907672071228435 , 0.021456758224880714 , 0.05163098380497272 , 0.055652446476172596 , 0.04111225067913807 , 0.0005276722620782726 , -0.03719974438721205 , -0.05762275712243925 , -0.05560952216759855 , -0.008747506403880464 , 0.0333836133211893 , 0.025529142922879455 , -0.001139531554970129 , -0.03662570279423825 , -0.061083446848248846 , -0.029843523540449304 , 0.018123632013755362 , 0.0445822771695052 , 0.06038270192989006 , 0.04956441803985819 , 0.02502713243636738 , 0.013535603751479828 , 0.00261123023398223 , -0.001784956443892833 , -0.0035722479398482498 , -0.018988122426120517 , -0.02909531225834385 , -0.023752097270508414 , -0.00882732453151153 , 0.018557466915626375 , 0.04625573016887139 , 0.0529595344039853 , 0.04739750144602108 , 0.04585221032739972 , 0.03288433544925875 , 0.0014699184493863918 , -0.02837383364652978 , -0.04444542628536255 , -0.05137930359423896 , -0.035660990337876876 , -0.013440232964775412 , -0.019615281231387366 , -0.020207329300748825 , 0.020447075282627118 , 0.057694088976723325 , 0.07766313841152185 , 0.0798524042240464 , 0.05355295523658887 , 0.01931910762404902 , 0.014859080165540123 , 0.03144517788555813 , 0.015729735672347107 , 0.02019502743163243 , 0.09328223721529895 , 0.13605495157920042 , 0.11723355017620461 , 0.06332989031394208 , -0.08518409862162844 , -0.1985273613575462 , -0.10873585689241823 , 0.0077128359448680375 , 0.0495354449384883 , 0.056652582789147865 , -0.04991303590472412 , -0.15494002296106832 , -0.07677633511580155 , 0.03462864835122598 , 0.0751894482148702 , 0.10077257997314863 , 0.079390759459745 , 0.02829979927301196 , 0.0254744505127921 , 0.029794373197500713 , -0.022715581150293603 , -0.05090736055227404 , 0.0011878429906225269 , 0.04810602187285532 , 0.05234793281238892 , 0.030228587984629667 , -0.04196143703152184 , -0.10583153948969266 , -0.06917694979918837 , -0.002394737108313491 , 0.024648539926160357 , 0.05249136940152598 , 0.07536459097139021 , 0.0749061906218485 , 0.07101551391696033 , 0.05249621148299527 , -0.008093337107270783 , -0.061488960467804235 , -0.06231005111523284 , -0.0537042714346578 , -0.06340503083478469 , -0.07439483175070132 , -0.09173729659736644 , -0.10172010165825002 , -0.07739003791271978 , -0.03966201446205668 , -0.002036294154852247 , 0.0292042236251778 , 0.04880243914628484 , 0.05288706301190011 , 0.023323406420106635 , -0.006348942897986677 , 0.004870972609338706 , 0.019627873795621403 , 0.01161650695422115 , 0.004661468813408322 , -0.03027822161900681 , -0.05731462753692705 , -0.007157684719403876 , 0.04196727620052017 , 0.018665113069199386 , -0.008643093617408532 , -0.03192626120557596 , -0.04991559212118073 , 0.004455785087901251 , 0.04819417219891232 , -0.012154737851143594 , -0.07977908753739285 , -0.1058026344374455 , -0.11094759146333398 , -0.0522745142905574 , 0.012873980184118125 , 0.003494783201060966 , -0.01668033191810917 , -0.015722991117819652 , -0.00907672071228435 , 0.021456758224880714 , 0.05163098380497272 , 0.055652446476172596 , 0.04117670068891758 , 2.636883348932609e-05 , -0.03610878305943971 , -0.05930504113041323 , -0.05463330340465545 , -0.008947808596086015 , 0.029571868005707415 , 0.03401384727676683 , 0.004077994006449276 , -0.08419601717095453 , -0.16571571404672636 , -0.15185971693114436 , -0.10110243846207462 , -0.06427288726285914 , -0.02224882304565344 , 0.013146325565203894 , 0.027301062685350742 , 0.028520593102172892 , 0.024442441068490403 , 0.012308304601167865 , 0.007426035850248616 , 0.04486044297025718 , 0.07795176582816626 , 0.03407785037297592 , -0.01149702688113604 , -0.012745352518072304 , -0.008787237182098525 , 0.024890005085809012 , 0.054487349344002345 , -0.0058734517404795865 , -0.06462009061671171 , -0.017239986817746238 , 0.03397558484034066 , 0.04173825246681858 , 0.04523791221250047 , 0.006806663032557306 , -0.03214927694723786 , 0.04800748523326861 , 0.12214905666434717 , 0.0633093393542747 , 0.011272174856227751 , 0.009214956971201256 , 0.02339525209459069 , 0.13291839598731137 , 0.21519058794731294 , 0.10185549849526636 , -0.032044341005926104 , -0.07503416275826914 , -0.08874324533340708 , -0.02434807323773928 , 0.04730070453165237 , -0.01774130403765299 , -0.0973468342039019 , -0.09636860189235733 , -0.09077431039137977 , -0.06193964554936283 , -0.03336129268697389 , -0.07157128698153681 , -0.1092801834631472 , -0.08877962838727359 , -0.05286760732895372 , -0.014889807693853136 , 0.02515988851537863 , 0.03651635617344427 , 0.03238311995779059 , 0.03688294072995375 , 0.032315250055129995 , 0.006342605311002386 , -0.012070094449654381 , -0.01568446163834798 , -0.009726820123588959 , 0.014986244126412075 , 0.03814039538171495 , 0.01682524749730742 , -0.004683701163976373 , 0.008015726649052162 , 0.01722720071752644 , 0.040704158972545854 , 0.051106760932285895 , -0.01722971255679824 , -0.07346548768728202 , -0.055883316325882525 , -0.016130958811428946 , 0.04637324338559348 , 0.08927040161901907 , 0.03388817111235439 , -0.04700944392148375 , -0.07339517626047322 , -0.08506379918243978 , -0.08168093972687485 , -0.05466898276535337 , -0.03712680199407141 , -0.021262044151738595 , 0.026874714285942788 , 0.05925996647590693 , 0.03556375698073184 , 0.015448936650512472 , 0.027624769178196278 , 0.055627972814000455 , 0.10495457490746259 , 0.13740185362425314 , 0.10994999876623776 , 0.050311771363407844 , -0.012021321931227291 , -0.05983878280156429 , -0.08813169004520324 , -0.07512142608330905 , 0.0037542385163156613 , 0.07603984016722891 , 0.08936049098104845 , 0.06831953229881782 , -0.004222936596038039 , -0.07211690816325805 , -0.026071361185583244 , 0.034599890831813626 , 0.025052183550373145 , 0.00901400742167812 , -0.029642463191698918 , -0.0673274643813451 , -0.016550570733636926 , 0.03646437129137189 , 0.0057062366324381174 , -0.026269694998166775 , -0.0319402930796523 , -0.03136841961500403 , 0.011432726069588664 , 0.04467284213795452 , 0.013166560902339537 , -0.030796919696949712 , -0.05884011215974848 , -0.06312024969792175 , -0.043363368816944595 , 0.00027526523181688065 , 0.0610853879693068 , 0.0933706579869331 , 0.06653905761195332 , 0.0020626018765776463 , -0.08945181008275506 , -0.1627464547217798 , -0.15246454471105012 , -0.10137783917648255 , -0.0633568160592074 , -0.022909345712649257 , 0.013474347681420258 , 0.027245851528361422 , 0.028528066147607813 , 0.024441480297380747 , 0.012308304601167865 , 0.007426035850248616 , 0.04486044297025718 , 0.07795176582816626 , 0.03407785037297592 , -0.01149702688113604 , -0.012745352518072304 , -0.008787237182098525 , 0.024890005085809012 , 0.054487349344002345 , -0.0058734517404795865 , -0.06462009061671171 , -0.017239986817746238 , 0.033999842855168466 , 0.041549569392207046 , 0.045742671775812906 , 0.0054412538913284235 , -0.03033484399275584 , 0.04661439299384676 , 0.11971051737060714 , 0.0696446395414882 , 0.006377361733371088 , 0.002228205162695395 , 0.0022437375434323985 , -0.00270662088592541 , 0.0011108250442330935 , 0.0007977965509729168 , -0.0009882084201094593 , 0.0006883490931830317 , -0.00022748993295169777 , 7.966053962461979e-05 , -1.0241546865735802e-05 , 0.0 , -2.0916577335418077e-05 , 0.00016269279040396077 , -0.0002684641972948308 , -0.00011981218551101102 , 0.0010511239401118993 , -0.0015395291152413976 , 0.0011279338758754074 , -0.0006322731184624596 , -0.008516864788383066 , 0.02739813678884962 , 0.0460874717120679 , -0.03496836620661089 , -0.10542294490150265 , -0.06966034967174556 , -0.006998213791464573 , 0.052470832747416055 , 0.11015097835238265 , 0.09025041269758068 , 0.0504854569943574 , 0.09025868758972101 , 0.11016996737668835 , 0.0522108306933965 , -0.006426338359474043 , -0.07032506441984267 , -0.10543066202930043 , -0.03435517167580634 , 0.04353391655447437 , 0.032610925798145604 , -0.0009983914534305695 , -0.031507301027626826 , -0.06067887807757048 , -0.039422631982634716 , -0.003740913893957356 , 0.0005297250246474468 , -0.00334179336879054 , 0.0005297250246474405 , -0.003740913893957365 , -0.03942263198263472 , -0.060678878077570476 , -0.03150730102762683 , -0.0009983914534305684 , 0.0326109257981456 , 0.04353391655447437 , -0.034355171675806324 , -0.10543066202930043 , -0.07032506441984265 , -0.006426338359474044 , 0.052210830693396486 , 0.11016996737668833 , 0.09025868758972097 , 0.050484393133930855 , 0.09025868758972101 , 0.11016996737668835 , 0.0522108306933965 , -0.006426338359474043 , -0.07032506441984267 , -0.10543066202930043 , -0.03435517167580634 , 0.04353391655447437 , 0.032610925798145604 , -0.0009983914534305695 , -0.031507301027626826 , -0.06067887807757048 , -0.039422631982634716 , -0.003740913893957356 , 0.0005297250246474468 , -0.00334179336879054 , 0.0005297250246474405 , -0.003740913893957365 , -0.03942263198263472 , -0.060678878077570476 , -0.03150730102762683 , -0.0009983914534305684 , 0.0326109257981456 , 0.04353391655447437 , -0.034355171675806324 , -0.10543066202930043 , -0.07032506441984265 , -0.006426338359474044 , 0.052210830693396486 , 0.11016996737668833 , 0.09025868758972097 , 0.050484393133930855 , 0.09025868758972101 , 0.11016996737668835 , 0.0522108306933965 , -0.006426338359474043 , -0.07032506441984267 , -0.10543066202930043 , -0.03435517167580634 , 0.04353391655447437 , 0.032610925798145604 , -0.0009983914534305695 , -0.031507301027626826 , -0.06067887807757048 , -0.039422631982634716 , -0.003740913893957356 , 0.0005297250246474468 , -0.00334179336879054 , 0.0005297250246474405 , -0.003740913893957365 , -0.03942263198263472 , -0.060678878077570476 , -0.03150730102762683 , -0.0009983914534305684 , 0.0326109257981456 , 0.04353391655447437 , -0.034355171675806324 , -0.10543066202930043 , -0.07032506441984265 , -0.006426338359474044 , 0.052210830693396486 , 0.11016996737668833 , 0.09025868758972097 , 0.050484393133930855 , 0.09025868758972101 , 0.11016996737668835 , 0.0522108306933965 , -0.006426338359474043 , -0.07032506441984267 , -0.10543066202930043 , -0.03435517167580634 , 0.04353391655447437 , 0.032610925798145604 , -0.0009983914534305695 , -0.031507301027626826 , -0.06067887807757048 , -0.039422631982634716 , -0.003740913893957356 , 0.0005297250246474468 , -0.00334179336879054 , 0.0005297250246474405 , -0.003740913893957365 , -0.03942263198263472 , -0.060678878077570476 , -0.03150730102762683 , -0.0009983914534305684 , 0.0326109257981456 , 0.04353391655447437 , -0.034355171675806324 , -0.10543066202930043 , -0.07032506441984265 , -0.006426338359474044 , 0.052210830693396486 , 0.11016996737668833 , 0.09025868758972097 , 0.050484393133930855 , 0.09025868758972101 , 0.11016996737668835 , 0.0522108306933965 , -0.006426338359474043 , -0.07032506441984267 , -0.10543066202930043 , -0.03435517167580634 , 0.04353391655447437 , 0.032610925798145604 , -0.0009983914534305695 , -0.031507301027626826 , -0.06067887807757048 , -0.039422631982634716 , -0.003740913893957356 , 0.0005297250246474468 , -0.00334179336879054 , 0.0005297250246474405 , -0.003740913893957365 , -0.03942263198263472 , -0.060678878077570476 , -0.03150730102762683 , -0.0009983914534305684 , 0.0326109257981456 , 0.04353391655447437 , -0.034355171675806324 , -0.10543066202930043 , -0.07032506441984265 , -0.006426338359474044 , 0.052210830693396486 , 0.11016996737668833 , 0.09025868758972097 , 0.050484393133930855 , 0.09025868758972101 , 0.11016996737668835 , 0.0522108306933965 , -0.006426338359474043 , -0.07032506441984267 , -0.10543066202930043 , -0.03435517167580634 , 0.04353391655447437 , 0.032610925798145604 , -0.0009983914534305695 , -0.031507301027626826 , -0.06067887807757048 , -0.039422631982634716 , -0.003740913893957356 , 0.0005297250246474468 , -0.00334179336879054 , 0.0005297250246474405 , -0.003740913893957365 , -0.03942263198263472 , -0.060678878077570476 , -0.03150730102762683 , -0.0009983914534305684 , 0.0326109257981456 , 0.04353391655447437 , -0.034355171675806324 , -0.10543066202930043 , -0.07032506441984265 , -0.006426338359474044 , 0.052210830693396486 , 0.11016996737668833 , 0.09025868758972097 , 0.050484393133930855 , 0.09025868758972101 , 0.11016996737668835 , 0.0522108306933965 , -0.006426338359474043 , -0.07032506441984267 , -0.10543066202930043 , -0.03435517167580634 , 0.04353391655447437 , 0.032610925798145604 , -0.0009983914534305695 , -0.031507301027626826 , -0.06067887807757048 , -0.039422631982634716 , -0.003740913893957356 , 0.0005297250246474468 , -0.00334179336879054 , 0.0005297250246474405 , -0.003740913893957365 , -0.03942263198263472 , -0.060678878077570476 , -0.03150730102762683 , -0.0009983914534305684 , 0.0326109257981456 , 0.04353391655447437 , -0.034355171675806324 , -0.10543066202930043 , -0.07032506441984265 , -0.006426338359474044 , 0.052210830693396486 , 0.11016996737668833 , 0.09025868758972097 , 0.050484393133930855 , 0.09025868758972101 , 0.11016996737668835 , 0.0522108306933965 , -0.006426338359474043 , -0.07032506441984267 , -0.10543066202930043 , -0.03435517167580634 , 0.04353391655447437 , 0.032610925798145604 , -0.0009983914534305695 , -0.031507301027626826 , -0.06067887807757048 , -0.039422631982634716 , -0.003740913893957356 , 0.0005297250246474468 , -0.00334179336879054 , 0.0005297250246474405 , -0.003740913893957365 , -0.03942263198263472 , -0.060678878077570476 , -0.03150730102762683 , -0.0009983914534305684 , 0.0326109257981456 , 0.04353391655447437 , -0.034355171675806324 , -0.10543066202930043 , -0.07032506441984265 , -0.006426338359474044 , 0.052210830693396486 , 0.11016996737668833 , 0.09025868758972097 , 0.050484393133930855 , 0.09025868758972101 , 0.11016996737668835 , 0.0522108306933965 , -0.006426338359474043 , -0.07032506441984267 , -0.10543066202930043 , -0.03435517167580634 , 0.04353391655447437 , 0.032610925798145604 , -0.0009983914534305695 , -0.031507301027626826 , -0.06067887807757048 , -0.039422631982634716 , -0.003740913893957356 , 0.0005297250246474468 , -0.00334179336879054 , 0.0005297250246474405 , -0.003740913893957365 , -0.03942263198263472 , -0.060678878077570476 , -0.03150730102762683 , -0.0009983914534305684 , 0.0326109257981456 , 0.04353391655447437 , -0.034355171675806324 , -0.10543066202930043 , -0.07032506441984265 , -0.006426338359474044 , 0.052210830693396486 , 0.11016996737668833 , 0.09025868758972097 , 0.050484393133930855 , 0.09025868758972101 , 0.11016996737668835 , 0.0522108306933965 , -0.006426338359474043 , -0.07032506441984267 , -0.10543066202930043 , -0.03435517167580634 , 0.04353391655447437 , 0.032610925798145604 , -0.0009983914534305695 , -0.031507301027626826 , -0.06067887807757048 , -0.039422631982634716 , -0.003648947236172528 , -0.0001856076963424291 , -0.0019624139625890316 , -0.000491241899128541 , -0.0052564744787446695 , -0.03580768554909058 , -0.0670833703614546 , -0.022345648172876542 , 0.02046489579216044 , -0.06105108371929971 , -0.12651791953929112 , -0.06193957340929102 , 0.011465501678514095 , 0.05520227533034637 , 0.07661318055561261 , -0.00136761165668627 , -0.07760469421859115 , -0.04859744170507029 , -0.0009058192998882518 , 0.04059498755016723 , 0.06422304643892528 , -0.013319758097512409 , -0.10053863842191904 , -0.1040476613260937 , -0.08527923644311833 , -0.05414494734696543 , -0.02057034069191578 , -0.02644038530310517 , -0.039459469354408055 , -0.05108358862842751 , -0.04731571923172913 , 0.002504134305468413 , 0.04906695575198768 , 0.07327544519024468 , 0.06694801576324963 , -0.020130804006819082 , -0.10459975000284677 , -0.08466997188524539 , -0.03356183099325921 , -0.006439920289340663 , 0.028142451231251628 , 0.040419386043633154 , 0.03523833351450033 , 0.0725782092755114 , 0.09751085372542811 , 0.030578443250996852 , -0.02858555290176335 , 0.008243470216250324 , 0.045950497632210915 , 0.04254876359683624 , 0.02411657017360407 , -0.04772543083645049 , -0.1088978807292057 , -0.06180366117953978 , 0.011664796016559837 , 0.02416285209619011 , 0.029180918771578374 , 0.06730959232565939 , 0.07328354061363712 , 0.02641843516116027 , -0.025776308937443426 , -0.07152638947747338 , -0.09049280157380375 , -0.023088836271838113 , 0.05677133335089283 , 0.03551369797431795 , 0.0010237900894679193 , 0.0454728058401365 , 0.07523896706634649 , 0.051837536963919136 , 0.031019626017517007 , 0.0012622954935862028 , -0.017015586982655234 , 0.05973093687584648 , 0.12879757464189057 , 0.059730936875846484 , -0.017015586982655217 , 0.001262295493586211 , 0.031019626017516996 , 0.05183753696391913 , 0.07523896706634653 , 0.0454728058401365 , 0.0010237900894679147 , 0.03551369797431794 , 0.05677133335089282 , -0.023088836271838106 , -0.09049280157380374 , -0.07152638947747338 , -0.025776308937443423 , 0.02641843516116027 , 0.07328354061363711 , 0.06730959232565939 , 0.029180918771578374 , 0.02416285209619012 , 0.011664796016559849 , -0.06180366117953977 , -0.10889788072920571 , -0.04772543083645049 , 0.024116570173604055 , 0.04254876359683623 , 0.0459504976322109 , 0.008243470216250317 , -0.028585552901763366 , 0.030578443250996856 , 0.09751085372542814 , 0.07257820927551142 , 0.035238333514500314 , 0.04041938604363315 , 0.028142451231251628 , -0.006439920289340663 , -0.0335618309932592 , -0.08466997188524537 , -0.10459975000284676 , -0.020130804006819054 , 0.06694801576324964 , 0.07327544519024468 , 0.04906695575198767 , 0.002504134305468398 , -0.047315719231729135 , -0.05108358862842751 , -0.039459469354408055 , -0.02644038530310517 , -0.02057034069191577 , -0.05414494734696544 , -0.08527923644311834 , -0.10404766132609371 , -0.10053863842191904 , -0.013319758097512418 , 0.06422304643892526 , 0.04059498755016723 , -0.0009103414947600649 , -0.048562267283813465 , -0.07775316950831072 , -0.0006901120761217004 , 0.07545405202527455 , 0.05610677085594256 , 0.012696377989366896 , -0.06488402900712058 , -0.12234457245121079 , -0.06488402900712056 , 0.0126963779893669 , 0.056106770855942546 , 0.07545405202527454 , -0.0006901120761216895 , -0.07775316950831072 , -0.04856226728381347 , -0.0009103414947600717 , 0.04059498755016723 , 0.06422304643892528 , -0.013319758097512409 , -0.10053863842191904 , -0.1040476613260937 , -0.08527923644311833 , -0.05414494734696543 , -0.02057034069191578 , -0.02644038530310517 , -0.039459469354408055 , -0.05108358862842751 , -0.04731571923172913 , 0.002504134305468413 , 0.04906695575198768 , 0.07327544519024468 , 0.06694801576324963 , -0.020130804006819082 , -0.10459975000284677 , -0.08466997188524539 , -0.03356183099325921 , -0.006439920289340663 , 0.028142451231251628 , 0.040419386043633154 , 0.03523833351450033 , 0.0725782092755114 , 0.09751085372542811 , 0.030578443250996852 , -0.02858555290176335 , 0.008243470216250324 , 0.045950497632210915 , 0.04254876359683624 , 0.02411657017360407 , -0.04772543083645049 , -0.1088978807292057 , -0.06180366117953978 , 0.011664796016559837 , 0.02416285209619011 , 0.029180918771578374 , 0.06730959232565939 , 0.07328354061363712 , 0.02641843516116027 , -0.025776308937443426 , -0.07152638947747338 , -0.09049280157380375 , -0.023088836271838113 , 0.05677133335089283 , 0.03551369797431795 , 0.0010237900894679193 , 0.0454728058401365 , 0.07523896706634649 , 0.051837536963919136 , 0.031019626017517007 , 0.0012622954935862028 , -0.017015586982655234 , 0.05973093687584648 , 0.12879757464189057 , 0.059730936875846484 , -0.017015586982655217 , 0.001262295493586211 , 0.031019626017516996 , 0.05183753696391913 , 0.07523896706634653 , 0.0454728058401365 , 0.0010237900894679147 , 0.03551369797431794 , 0.05677133335089282 , -0.023088836271838106 , -0.09049280157380374 , -0.07152638947747338 , -0.025776308937443423 , 0.02641843516116027 , 0.07328354061363711 , 0.06730959232565939 , 0.029180918771578374 , 0.02416285209619012 , 0.011664796016559849 , -0.06180366117953977 , -0.10889788072920571 , -0.04772543083645049 , 0.024116570173604055 , 0.04254876359683623 , 0.0459504976322109 , 0.008243470216250317 , -0.028585552901763366 , 0.030578443250996856 , 0.09751085372542814 , 0.07257820927551142 , 0.035238333514500314 , 0.04041938604363315 , 0.028142451231251628 , -0.006439920289340663 , -0.0335618309932592 , -0.08466997188524537 , -0.10459975000284676 , -0.020130804006819054 , 0.06694801576324964 , 0.07327544519024468 , 0.04906695575198767 , 0.002504134305468398 , -0.047315719231729135 , -0.05108358862842751 , -0.039459469354408055 , -0.02644038530310517 , -0.02057034069191577 , -0.05414494734696544 , -0.08527923644311834 , -0.10404766132609371 , -0.10053863842191904 , -0.013319758097512418 , 0.06422304643892526 , 0.04059498755016723 , -0.0009103414947600649 , -0.048562267283813465 , -0.07775316950831072 , -0.0006901120761217004 , 0.07545405202527455 , 0.05610677085594256 , 0.012696377989366896 , -0.06488402900712058 , -0.12234457245121079 , -0.06488402900712056 , 0.0126963779893669 , 0.056106770855942546 , 0.07545405202527454 , -0.0006901120761216895 , -0.07775316950831072 , -0.04856226728381347 , -0.0009103414947600717 , 0.04059498755016723 , 0.06422304643892528 , -0.013319758097512409 , -0.10053863842191904 , -0.1040476613260937 , -0.08527923644311833 , -0.05414494734696543 , -0.02057034069191578 , -0.02644038530310517 , -0.039459469354408055 , -0.05108358862842751 , -0.04731571923172913 , 0.002504134305468413 , 0.04906695575198768 , 0.07327544519024468 , 0.06694801576324963 , -0.020130804006819082 , -0.10459975000284677 , -0.08466997188524539 , -0.03356183099325921 , -0.006439920289340663 , 0.028142451231251628 , 0.040419386043633154 , 0.03523833351450033 , 0.0725782092755114 , 0.09751085372542811 , 0.030578443250996852 , -0.02858555290176335 , 0.008243470216250324 , 0.045950497632210915 , 0.04254876359683624 , 0.02411657017360407 , -0.04772543083645049 , -0.1088978807292057 , -0.06180366117953978 , 0.011664796016559837 , 0.02416285209619011 , 0.029180918771578374 , 0.06730959232565939 , 0.07328354061363712 , 0.02641843516116027 , -0.025776308937443426 , -0.07152638947747338 , -0.09049280157380375 , -0.023088836271838113 , 0.05687252742755601 , 0.03472659277824898 , 0.002590824298696527 , 0.043966282114121555 , 0.07442147256643865 , 0.05440220368718162 , 0.024888339928377037 , 0.011597655724742893 , 0.0021759410188398796 , -0.034534025464536246 , -0.055895822451626456 , -0.00649784153021655 , 0.041174308283870184 , 0.019190576281746686 , -0.008816709638145752 , -0.031905281477797816 , -0.049887681619616896 , 0.004438242905022838 , 0.048196427507361424 , -0.012154737851143594 , -0.07977908753739285 , -0.1058026344374455 , -0.11094759146333398 , -0.0522745142905574 , 0.012873980184118125 , 0.003494783201060966 , -0.01668033191810917 , -0.015722991117819652 , -0.00907672071228435 , 0.021456758224880714 , 0.05163098380497272 , 0.055652446476172596 , 0.04111225067913807 , 0.0005276722620782726 , -0.03719974438721205 , -0.05762275712243925 , -0.05560952216759855 , -0.008747506403880464 , 0.0333836133211893 , 0.025529142922879455 , -0.001139531554970129 , -0.03662570279423825 , -0.061083446848248846 , -0.029843523540449304 , 0.018123632013755362 , 0.0445822771695052 , 0.06038270192989006 , 0.04956441803985819 , 0.02502713243636738 , 0.013535603751479828 , 0.00261123023398223 , -0.001784956443892833 , -0.0035722479398482498 , -0.018988122426120517 , -0.02909531225834385 , -0.023752097270508414 , -0.00882732453151153 , 0.018557466915626375 , 0.04625573016887139 , 0.0529595344039853 , 0.04739750144602108 , 0.04585221032739972 , 0.03288433544925875 , 0.0014699184493863918 , -0.02837383364652978 , -0.04444542628536255 , -0.05137930359423896 , -0.035660990337876876 , -0.013440232964775412 , -0.019615281231387366 , -0.020207329300748825 , 0.020447075282627118 , 0.057694088976723325 , 0.07766313841152185 , 0.0798524042240464 , 0.05355295523658887 , 0.01931910762404902 , 0.014859080165540123 , 0.03144517788555813 , 0.015729735672347107 , 0.02019502743163243 , 0.09328223721529895 , 0.13605495157920042 , 0.11723355017620461 , 0.06332989031394208 , -0.08518409862162844 , -0.1985273613575462 , -0.10873585689241823 , 0.0077128359448680375 , 0.0495354449384883 , 0.056652582789147865 , -0.04991303590472412 , -0.15494002296106832 , -0.07677633511580155 , 0.03462864835122598 , 0.0751894482148702 , 0.10077257997314863 , 0.079390759459745 , 0.02829979927301196 , 0.0254744505127921 , 0.029794373197500713 , -0.022715581150293603 , -0.05090736055227404 , 0.0011878429906225269 , 0.04810602187285532 , 0.05234793281238892 , 0.030228587984629667 , -0.04196143703152184 , -0.10583153948969266 , -0.06917694979918837 , -0.002394737108313491 , 0.024648539926160357 , 0.05249136940152598 , 0.07536459097139021 , 0.0749061906218485 , 0.07101551391696033 , 0.05249621148299527 , -0.008093337107270783 , -0.061488960467804235 , -0.06231005111523284 , -0.0537042714346578 , -0.06340503083478469 , -0.07439483175070132 , -0.09173729659736644 , -0.10172010165825002 , -0.07739003791271978 , -0.03966201446205668 , -0.002036294154852247 , 0.0292042236251778 , 0.04880243914628484 , 0.05288706301190011 , 0.023323406420106635 , -0.006348942897986677 , 0.004870972609338706 , 0.019627873795621403 , 0.01161650695422115 , 0.004661468813408322 , -0.03027822161900681 , -0.05731462753692705 , -0.007157684719403876 , 0.04196727620052017 , 0.018665113069199386 , -0.008643093617408532 , -0.03192626120557596 , -0.04991559212118073 , 0.004455785087901251 , 0.04819417219891232 , -0.012154737851143594 , -0.07977908753739285 , -0.1058026344374455 , -0.11094759146333398 , -0.0522745142905574 , 0.012873980184118125 , 0.003494783201060966 , -0.01668033191810917 , -0.015722991117819652 , -0.00907672071228435 , 0.021456758224880714 , 0.05163098380497272 , 0.055652446476172596 , 0.04117670068891758 , 2.636883348932609e-05 , -0.03610878305943971 , -0.05930504113041323 , -0.05463330340465545 , -0.008947808596086015 , 0.029571868005707415 , 0.03401384727676683 , 0.004077994006449276 , -0.08419601717095453 , -0.16571571404672636 , -0.15185971693114436 , -0.10110243846207462 , -0.06427288726285914 , -0.02224882304565344 , 0.013146325565203894 , 0.027301062685350742 , 0.028520593102172892 , 0.024442441068490403 , 0.012308304601167865 , 0.007426035850248616 , 0.04486044297025718 , 0.07795176582816626 , 0.03407785037297592 , -0.01149702688113604 , -0.012745352518072304 , -0.008787237182098525 , 0.024890005085809012 , 0.054487349344002345 , -0.0058734517404795865 , -0.06462009061671171 , -0.017239986817746238 , 0.03397558484034066 , 0.04173825246681858 , 0.04523791221250047 , 0.006806663032557306 , -0.03214927694723786 , 0.04800748523326861 , 0.12214905666434717 , 0.0633093393542747 , 0.011272174856227751 , 0.009214956971201256 , 0.02339525209459069 , 0.13291839598731137 , 0.21519058794731294 , 0.10185549849526636 , -0.032044341005926104 , -0.07503416275826914 , -0.08874324533340708 , -0.02434807323773928 , 0.04730070453165237 , -0.01774130403765299 , -0.0973468342039019 , -0.09636860189235733 , -0.09077431039137977 , -0.06193964554936283 , -0.03336129268697389 , -0.07157128698153681 , -0.1092801834631472 , -0.08877962838727359 , -0.05286760732895372 , -0.014889807693853136 , 0.02515988851537863 , 0.03651635617344427 , 0.03238311995779059 , 0.03688294072995375 , 0.032315250055129995 , 0.006342605311002386 , -0.012070094449654381 , -0.01568446163834798 , -0.009726820123588959 , 0.014986244126412075 , 0.03814039538171495 , 0.01682524749730742 , -0.004683701163976373 , 0.008015726649052162 , 0.01722720071752644 , 0.040704158972545854 , 0.051106760932285895 , -0.01722971255679824 , -0.07346548768728202 , -0.055883316325882525 , -0.016130958811428946 , 0.04637324338559348 , 0.08927040161901907 , 0.03388817111235439 , -0.04700944392148375 , -0.07339517626047322 , -0.08506379918243978 , -0.08168093972687485 , -0.05466898276535337 , -0.03712680199407141 , -0.021262044151738595 , 0.026874714285942788 , 0.05925996647590693 , 0.03556375698073184 , 0.015448936650512472 , 0.027624769178196278 , 0.055627972814000455 , 0.10495457490746259 , 0.13740185362425314 , 0.10994999876623776 , 0.050311771363407844 , -0.012021321931227291 , -0.05983878280156429 , -0.08813169004520324 , -0.07512142608330905 , 0.0037542385163156613 , 0.07603984016722891 , 0.08936049098104845 , 0.06831953229881782 , -0.004222936596038039 , -0.07211690816325805 , -0.026071361185583244 , 0.034599890831813626 , 0.025052183550373145 , 0.00901400742167812 , -0.029642463191698918 , -0.0673274643813451 , -0.016550570733636926 , 0.03646437129137189 , 0.0057062366324381174 , -0.026269694998166775 , -0.0319402930796523 , -0.03136841961500403 , 0.011432726069588664 , 0.04467284213795452 , 0.013166560902339537 , -0.030796919696949712 , -0.05884011215974848 , -0.06312024969792175 , -0.043363368816944595 , 0.00027526523181688065 , 0.0610853879693068 , 0.0933706579869331 , 0.06653905761195332 , 0.0020626018765776463 , -0.08945181008275506 , -0.1627464547217798 , -0.15246454471105012 , -0.10137783917648255 , -0.0633568160592074 , -0.022909345712649257 , 0.013474347681420258 , 0.027245851528361422 , 0.028528066147607813 , 0.024441480297380747 , 0.012308304601167865 , 0.007426035850248616 , 0.04486044297025718 , 0.07795176582816626 , 0.03407785037297592 , -0.01149702688113604 , -0.012745352518072304 , -0.008787237182098525 , 0.024890005085809012 , 0.054487349344002345 , -0.0058734517404795865 , -0.06462009061671171 , -0.017239986817746238 , 0.033999842855168466 , 0.041549569392207046 , 0.045742671775812906 , 0.0054412538913284235 , -0.03033484399275584 , 0.04661439299384676 , 0.11971051737060714 , 0.0696446395414882 , 0.006377361733371088 , 0.002228205162695395 , 0.0022437375434323985 , -0.00270662088592541 , 0.0011108250442330935 , 0.0007977965509729168 , -0.0009882084201094593 , 0.0006883490931830317 , -0.00022748993295169777 , 7.966053962461979e-05 , -1.0241546865735802e-05 , 0.0};
static const data_t tx_imag[TX_SIG_LEN] = {-2.0916577335418077e-05 , 0.00016269279040396077 , -0.00032975293284026445 , 0.00035690230014877756 , 0.00011759574602980387 , -0.0007480804252314535 , 0.0019523695361281595 , -0.003105106604156511 , -0.0034589523881418545 , 0.019434445789297736 , 0.03441741941403143 , 0.02403404026778915 , 0.004067238074608422 , -0.033315419765223786 , -0.06042631784930826 , -0.0383711812386052 , -0.00469343111234514 , 0.0009981646181669462 , -0.0034020182439094306 , 0.0005297250246474405 , -0.003740913893957365 , -0.03942263198263472 , -0.060678878077570476 , -0.03150730102762683 , -0.0009983914534305684 , 0.0326109257981456 , 0.04353391655447437 , -0.034355171675806324 , -0.10543066202930043 , -0.07032506441984265 , -0.006426338359474044 , 0.052210830693396486 , 0.11016996737668833 , 0.09025868758972097 , 0.050484393133930855 , 0.09025868758972101 , 0.11016996737668835 , 0.0522108306933965 , -0.006426338359474043 , -0.07032506441984267 , -0.10543066202930043 , -0.03435517167580634 , 0.04353391655447437 , 0.032610925798145604 , -0.0009983914534305695 , -0.031507301027626826 , -0.06067887807757048 , -0.039422631982634716 , -0.003740913893957356 , 0.0005297250246474468 , -0.00334179336879054 , 0.0005297250246474405 , -0.003740913893957365 , -0.03942263198263472 , -0.060678878077570476 , -0.03150730102762683 , -0.0009983914534305684 , 0.0326109257981456 , 0.04353391655447437 , -0.034355171675806324 , -0.10543066202930043 , -0.07032506441984265 , -0.006426338359474044 , 0.052210830693396486 , 0.11016996737668833 , 0.09025868758972097 , 0.050484393133930855 , 0.09025868758972101 , 0.11016996737668835 , 0.0522108306933965 , -0.006426338359474043 , -0.07032506441984267 , -0.10543066202930043 , -0.03435517167580634 , 0.04353391655447437 , 0.032610925798145604 , -0.0009983914534305695 , -0.031507301027626826 , -0.06067887807757048 , -0.039422631982634716 , -0.003740913893957356 , 0.0005297250246474468 , -0.00334179336879054 , 0.0005297250246474405 , -0.003740913893957365 , -0.03942263198263472 , -0.060678878077570476 , -0.03150730102762683 , -0.0009983914534305684 , 0.0326109257981456 , 0.04353391655447437 , -0.034355171675806324 , -0.10543066202930043 , -0.07032506441984265 , -0.006426338359474044 , 0.052210830693396486 , 0.11016996737668833 , 0.09025868758972097 , 0.050484393133930855 , 0.09025868758972101 , 0.11016996737668835 , 0.0522108306933965 , -0.006426338359474043 , -0.07032506441984267 , -0.10543066202930043 , -0.03435517167580634 , 0.04353391655447437 , 0.032610925798145604 , -0.0009983914534305695 , -0.031507301027626826 , -0.06067887807757048 , -0.039422631982634716 , -0.003740913893957356 , 0.0005297250246474468 , -0.00334179336879054 , 0.0005297250246474405 , -0.003740913893957365 , -0.03942263198263472 , -0.060678878077570476 , -0.03150730102762683 , -0.0009983914534305684 , 0.0326109257981456 , 0.04353391655447437 , -0.034355171675806324 , -0.10543066202930043 , -0.07032506441984265 , -0.006426338359474044 , 0.052210830693396486 , 0.11016996737668833 , 0.09025868758972097 , 0.050484393133930855 , 0.09025868758972101 , 0.11016996737668835 , 0.0522108306933965 , -0.006426338359474043 , -0.07032506441984267 , -0.10543066202930043 , -0.03435517167580634 , 0.04353391655447437 , 0.032610925798145604 , -0.0009983914534305695 , -0.031507301027626826 , -0.06067887807757048 , -0.039422631982634716 , -0.003740913893957356 , 0.0005297250246474468 , -0.00334179336879054 , 0.0005297250246474405 , -0.003740913893957365 , -0.03942263198263472 , -0.060678878077570476 , -0.03150730102762683 , -0.0009983914534305684 , 0.0326109257981456 , 0.04353391655447437 , -0.034355171675806324 , -0.10543066202930043 , -0.07032506441984265 , -0.006426338359474044 , 0.052210830693396486 , 0.11016996737668833 , 0.09025868758972097 , 0.050484393133930855 , 0.09025868758972101 , 0.11016996737668835 , 0.0522108306933965 , -0.006426338359474043 , -0.07032506441984267 , -0.10543066202930043 , -0.03435517167580634 , 0.04353391655447437 , 0.032610925798145604 , -0.0009983914534305695 , -0.031507301027626826 , -0.06067887807757048 , -0.039422631982634716 , -0.003740913893957356 , 0.0005297250246474468 , -0.00334179336879054 , 0.0005297250246474405 , -0.003740913893957365 , -0.03942263198263472 , -0.060678878077570476 , -0.03150730102762683 , -0.0009983914534305684 , 0.0326109257981456 , 0.04353391655447437 , -0.034355171675806324 , -0.10543066202930043 , -0.07032506441984265 , -0.006426338359474044 , 0.052210830693396486 , 0.11016996737668833 , 0.09025868758972097 , 0.050484393133930855 , 0.09025868758972101 , 0.11016996737668835 , 0.0522108306933965 , -0.006426338359474043 , -0.07032506441984267 , -0.10543066202930043 , -0.03435517167580634 , 0.04353391655447437 , 0.032610925798145604 , -0.0009983914534305695 , -0.031507301027626826 , -0.06067887807757048 , -0.039422631982634716 , -0.003740913893957356 , 0.0005297250246474468 , -0.00334179336879054 , 0.0005297250246474405 , -0.003740913893957365 , -0.03942263198263472 , -0.060678878077570476 , -0.03150730102762683 , -0.0009983914534305684 , 0.0326109257981456 , 0.04353391655447437 , -0.034355171675806324 , -0.10543066202930043 , -0.07032506441984265 , -0.006426338359474044 , 0.052210830693396486 , 0.11016996737668833 , 0.09025868758972097 , 0.050484393133930855 , 0.09025868758972101 , 0.11016996737668835 , 0.0522108306933965 , -0.006426338359474043 , -0.07032506441984267 , -0.10543066202930043 , -0.03435517167580634 , 0.04353391655447437 , 0.032610925798145604 , -0.0009983914534305695 , -0.031507301027626826 , -0.06067887807757048 , -0.039422631982634716 , -0.003740913893957356 , 0.0005297250246474468 , -0.00334179336879054 , 0.0005297250246474405 , -0.003740913893957365 , -0.03942263198263472 , -0.060678878077570476 , -0.03150730102762683 , -0.0009983914534305684 , 0.0326109257981456 , 0.04353391655447437 , -0.034355171675806324 , -0.10543066202930043 , -0.07032506441984265 , -0.006426338359474044 , 0.052210830693396486 , 0.11016996737668833 , 0.09025868758972097 , 0.050484393133930855 , 0.09025868758972101 , 0.11016996737668835 , 0.0522108306933965 , -0.006426338359474043 , -0.07032506441984267 , -0.10543066202930043 , -0.03435517167580634 , 0.04353391655447437 , 0.032610925798145604 , -0.0009983914534305695 , -0.031507301027626826 , -0.06067887807757048 , -0.039422631982634716 , -0.003740913893957356 , 0.0005297250246474468 , -0.00334179336879054 , 0.0005297250246474405 , -0.003740913893957365 , -0.03942263198263472 , -0.060678878077570476 , -0.03150730102762683 , -0.0009983914534305684 , 0.0326109257981456 , 0.04353391655447437 , -0.034355171675806324 , -0.10543066202930043 , -0.07032506441984265 , -0.006426338359474044 , 0.052210830693396486 , 0.11016996737668833 , 0.09025868758972097 , 0.050484393133930855 , 0.09025868758972101 , 0.11016996737668835 , 0.0522108306933965 , -0.006426338359474043 , -0.07032506441984267 , -0.10543066202930043 , -0.03435517167580634 , 0.04353391655447437 , 0.032610925798145604 , -0.0009983914534305695 , -0.031507301027626826 , -0.06067887807757048 , -0.039422631982634716 , -0.003740913893957356 , 0.0005297250246474468 , -0.00334179336879054 , 0.0005297250246474405 , -0.003740913893957365 , -0.03942263198263472 , -0.060678878077570476 , -0.03150730102762683 , -0.0009983914534305684 , 0.0326109257981456 , 0.04353391655447437 , -0.034355171675806324 , -0.10543066202930043 , -0.07032506441984265 , -0.006426338359474044 , 0.052210830693396486 , 0.11019088395402374 , 0.09009599479931701 , 0.050858526586032196 , 0.08955658586222925 , 0.11079792180613901 , 0.0518447410569435 , -0.0077790615687559315 , -0.06739396561631304 , -0.1042806622330594 , -0.04855101662169647 , 0.013365692530763055 , -0.024665033924613302 , -0.0796755781741304 , -0.07413371278477233 , -0.07099409356095511 , -0.08401863215346432 , -0.0804528998331864 , -0.06641219903216973 , -0.04390132840448908 , 0.014741169553084866 , 0.059722626579095925 , 0.03900827217165102 , 0.013782279527470537 , 0.0016598404051358564 , 0.004056352857718688 , 0.06510116651555017 , 0.11782632725375493 , 0.07346648163852487 , 0.012201143303413845 , -0.031006097524879307 , -0.06411147939255596 , -0.03665147832023016 , 0.0011604757989327934 , -0.03493112376620183 , -0.07359424213765711 , -0.05855110248419985 , -0.04614388320446977 , -0.03424083333221228 , -0.018518623553442363 , -0.0567972300672895 , -0.0831562939324117 , -0.01083155437491363 , 0.05142281208970692 , 0.04103840051779092 , 0.008311766366668591 , -0.06750882808597981 , -0.12754099542598632 , -0.06413902316575379 , 0.022332740699265687 , 0.034994504976914864 , 0.0403633383357396 , 0.039013518518408195 , 0.024256408543564482 , 0.06291708031723263 , 0.09268981172962987 , 0.04002708215528546 , -0.009643017974989027 , -0.0028350020793714093 , 0.01835639795552071 , 0.04923427768218693 , 0.08212371239941804 , 0.06113730743016942 , 0.027865759463854032 , 0.0565594714226681 , 0.06855770724155442 , 0.024729750348441683 , -0.017432104412491763 , -0.05723038737394495 , -0.06629411883898048 , 0.005257818018824588 , 0.0859335455720168 , 0.10099124419099827 , 0.08071966163150382 , 0.05260265614436104 , -1.4907779871675686e-19 , -0.05260265614436104 , -0.08071966163150385 , -0.10099124419099828 , -0.08593354557201678 , -0.0052578180188245895 , 0.06629411883898045 , 0.05723038737394495 , 0.01743210441249176 , -0.024729750348441677 , -0.0685577072415544 , -0.0565594714226681 , -0.027865759463854053 , -0.061137307430169444 , -0.08212371239941804 , -0.04923427768218694 , -0.01835639795552071 , 0.002835002079371415 , 0.009643017974989036 , -0.04002708215528545 , -0.09268981172962985 , -0.06291708031723263 , -0.02425640854356449 , -0.039013518518408195 , -0.0403633383357396 , -0.03499450497691488 , -0.022332740699265708 , 0.06413902316575378 , 0.12754099542598635 , 0.06750882808597983 , -0.008311766366668586 , -0.04103840051779092 , -0.05142281208970692 , 0.010831554374913628 , 0.08315629393241171 , 0.05679723006728948 , 0.01851862355344235 , 0.03424083333221227 , 0.046143883204469785 , 0.05855110248419987 , 0.07359424213765711 , 0.03493112376620183 , -0.001160475798932796 , 0.03665147832023017 , 0.06411147939255597 , 0.031006097524879313 , -0.012201143303413837 , -0.07346648163852486 , -0.11782632725375491 , -0.06510116651555017 , -0.004056352857718692 , -0.0016598404051358583 , -0.013782279527470541 , -0.03900827217165102 , -0.059722626579095946 , -0.014741169553084868 , 0.044005933798869044 , 0.06559856001130727 , 0.08215096722705466 , 0.08185301134775035 , 0.07134117965953915 , 0.07576782372174239 , 0.07230099605419059 , 0.038480520298377355 , -5.421010862427522e-19 , -0.038480520298377355 , -0.07230099605419059 , -0.0757678237217424 , -0.07134117965953915 , -0.08185301134775035 , -0.08215096722705464 , -0.06559856001130726 , -0.044005933798869044 , 0.014741169553084866 , 0.059722626579095925 , 0.03900827217165102 , 0.013782279527470537 , 0.0016598404051358564 , 0.004056352857718688 , 0.06510116651555017 , 0.11782632725375493 , 0.07346648163852487 , 0.012201143303413845 , -0.031006097524879307 , -0.06411147939255596 , -0.03665147832023016 , 0.0011604757989327934 , -0.03493112376620183 , -0.07359424213765711 , -0.05855110248419985 , -0.04614388320446977 , -0.03424083333221228 , -0.018518623553442363 , -0.0567972300672895 , -0.0831562939324117 , -0.01083155437491363 , 0.05142281208970692 , 0.04103840051779092 , 0.008311766366668591 , -0.06750882808597981 , -0.12754099542598632 , -0.06413902316575379 , 0.022332740699265687 , 0.034994504976914864 , 0.0403633383357396 , 0.039013518518408195 , 0.024256408543564482 , 0.06291708031723263 , 0.09268981172962987 , 0.04002708215528546 , -0.009643017974989027 , -0.0028350020793714093 , 0.01835639795552071 , 0.04923427768218693 , 0.08212371239941804 , 0.06113730743016942 , 0.027865759463854032 , 0.0565594714226681 , 0.06855770724155442 , 0.024729750348441683 , -0.017432104412491763 , -0.05723038737394495 , -0.06629411883898048 , 0.005257818018824588 , 0.0859335455720168 , 0.10099124419099827 , 0.08071966163150382 , 0.05260265614436104 , -1.4907779871675686e-19 , -0.05260265614436104 , -0.08071966163150385 , -0.10099124419099828 , -0.08593354557201678 , -0.0052578180188245895 , 0.06629411883898045 , 0.05723038737394495 , 0.01743210441249176 , -0.024729750348441677 , -0.0685577072415544 , -0.0565594714226681 , -0.027865759463854053 , -0.061137307430169444 , -0.08212371239941804 , -0.04923427768218694 , -0.01835639795552071 , 0.002835002079371415 , 0.009643017974989036 , -0.04002708215528545 , -0.09268981172962985 , -0.06291708031723263 , -0.02425640854356449 , -0.039013518518408195 , -0.0403633383357396 , -0.03499450497691488 , -0.022332740699265708 , 0.06413902316575378 , 0.12754099542598635 , 0.06750882808597983 , -0.008311766366668586 , -0.04103840051779092 , -0.05142281208970692 , 0.010831554374913628 , 0.08315629393241171 , 0.05679723006728948 , 0.01851862355344235 , 0.03424083333221227 , 0.046143883204469785 , 0.05855110248419987 , 0.07359424213765711 , 0.03493112376620183 , -0.001160475798932796 , 0.03665147832023017 , 0.06411147939255597 , 0.031006097524879313 , -0.012201143303413837 , -0.07346648163852486 , -0.11782632725375491 , -0.06510116651555017 , -0.004056352857718692 , -0.0016598404051358583 , -0.013782279527470541 , -0.03900827217165102 , -0.059722626579095946 , -0.014741169553084868 , 0.044005933798869044 , 0.06559856001130727 , 0.08215096722705466 , 0.08185301134775035 , 0.07134117965953915 , 0.07576782372174239 , 0.07230099605419059 , 0.038480520298377355 , -5.421010862427522e-19 , -0.038480520298377355 , -0.07230099605419059 , -0.0757678237217424 , -0.07134117965953915 , -0.08185301134775035 , -0.08215096722705464 , -0.06559856001130726 , -0.044005933798869044 , 0.014741169553084866 , 0.059722626579095925 , 0.03900827217165102 , 0.013782279527470537 , 0.0016598404051358564 , 0.004056352857718688 , 0.06510116651555017 , 0.11782632725375493 , 0.07346648163852487 , 0.012201143303413845 , -0.031006097524879307 , -0.06411147939255596 , -0.03665147832023016 , 0.0011604757989327934 , -0.03493112376620183 , -0.07359424213765711 , -0.05855110248419985 , -0.04614388320446977 , -0.03424083333221228 , -0.018518623553442363 , -0.0567972300672895 , -0.0831562939324117 , -0.01083155437491363 , 0.05142281208970692 , 0.04103840051779092 , 0.008311766366668591 , -0.06750882808597981 , -0.12754099542598632 , -0.06413902316575379 , 0.022332740699265687 , 0.034994504976914864 , 0.0403633383357396 , 0.039013518518408195 , 0.024256408543564482 , 0.06291708031723263 , 0.09268981172962987 , 0.04002708215528546 , -0.009643017974989027 , -0.0028350020793714093 , 0.01835639795552071 , 0.04923427768218693 , 0.08212371239941804 , 0.06113730743016942 , 0.027865759463854032 , 0.0565594714226681 , 0.06850330523051285 , 0.025152898688536277 , -0.01835925489001956 , -0.05576157655841455 , -0.06715991853804261 , 0.0050895399116607145 , 0.0901368642584251 , 0.09224254334787062 , 0.07749923689092598 , 0.09197727869011267 , 0.08382347948296716 , 0.06385788927198499 , 0.03510884791884839 , -0.044547171632907154 , -0.11138583312934172 , -0.07779207365170598 , -0.02793888140515385 , -0.05056187096727874 , -0.06653090330629166 , -0.03311051994497374 , -0.0037664098554945798 , 0.03632039964769148 , 0.058681550400594876 , 0.015680226557085994 , -0.03182272053811277 , -0.028360357203838282 , -0.0074641545331510335 , 0.01685856872360006 , 0.045545484975800236 , 0.055422928844440195 , 0.051836270012649004 , 0.04885929828665389 , 0.041195581741598424 , 0.031000337064399374 , 0.03300793260392963 , 0.03368079037889835 , 0.04005283456128035 , 0.06918634962039437 , 0.07497993874350292 , 0.038236589607724254 , -0.016589371595467212 , -0.08799240446974253 , -0.1319975868869183 , -0.08964997537220762 , -0.015932488188863676 , 0.026513667312377517 , 0.05519002020599402 , 0.07084118844332156 , 0.05445712794663963 , 0.02506634295609749 , -0.010815457153839622 , -0.048469891968663505 , -0.0686166056224204 , -0.04666272913756343 , -0.004248143223934221 , -0.01723491755120967 , -0.025115688137506368 , 0.04856598043247938 , 0.09498858685624754 , 0.06381746912874761 , 0.013633945456931118 , -0.08568535825623821 , -0.1584357973421219 , -0.053397179953206045 , 0.06344861961809882 , 0.02424501697839844 , -0.030316010405151077 , -0.0460291859039917 , -0.05723140519503882 , 0.020405777186990295 , 0.10204324035269649 , 0.049151872507273875 , -0.009951429602005658 , 0.03483365430932394 , 0.08001889022487232 , 0.06914794948659804 , 0.05581970762426705 , 0.03853639806907948 , 0.013275943532538515 , 0.03130153345223125 , 0.048809854606219165 , -0.020494030245043975 , -0.07427608096562446 , -0.014092242079407473 , 0.05091356929782758 , 0.054768175305218735 , 0.040081846520590075 , -0.007565796951591279 , -0.06267701506127181 , -0.04079646047201444 , -0.012508334559349828 , -0.04290682991494748 , -0.0652347785506986 , -0.051430673350195265 , -0.02343800725336104 , 0.014980415430184501 , 0.051658829488967335 , 0.08409925119449536 , 0.09149269931322265 , 0.05786221197279217 , 0.015282335679369756 , -0.011602941269610263 , -0.021768118680113982 , 0.01341323460155081 , 0.06045008386505076 , 0.0416592924093027 , 0.019451156139589792 , 0.06901940094554616 , 0.10590549817633929 , 0.07941809148414511 , 0.04803745638840557 , 0.012190320769623288 , -0.01884028763467379 , 0.037516901153840744 , 0.08972622109623409 , -0.00047901805512749946 , -0.08408409459268423 , -0.05367604101216967 , -0.013275266997495474 , 0.032521963532046665 , 0.06085304162195759 , -0.0365057529864094 , -0.1377307042369848 , -0.10276261842277427 , -0.05106375238734848 , -0.04521127767922509 , -0.03989429915026611 , -0.07035076855343844 , -0.09874917180510225 , -0.06747814426475694 , -0.032394978552852435 , -0.011926970875249798 , -0.0083658787847327 , -0.042823790687187675 , -0.0727069777700048 , -0.09828797264911682 , -0.09096255506453761 , 0.006031221505175425 , 0.0952421469956943 , 0.07904086190116072 , 0.027142037405466113 , -0.043478976078147574 , -0.11035965573967395 , -0.08034000752913385 , -0.02616489944985428 , -0.051390848361707285 , -0.0664243259359188 , -0.03311051994497374 , -0.0037664098554945798 , 0.03632039964769148 , 0.058681550400594876 , 0.015680226557085994 , -0.03182272053811277 , -0.028360357203838282 , -0.0074641545331510335 , 0.01685856872360006 , 0.045545484975800236 , 0.055422928844440195 , 0.051836270012649004 , 0.04885929828665389 , 0.04110098773560514 , 0.03173610575847138 , 0.031490142207097 , 0.03550099680442878 , 0.03999596692833136 , 0.0675845471487146 , 0.08124983662499694 , 0.026275513580697633 , -0.029282408214528276 , -0.00792072191517623 , 0.031144636833856317 , 0.023289520896682864 , 0.017616930173056305 , 0.061080732449285115 , 0.08051136817215016 , 0.03519957000427323 , -0.017927588301419304 , -0.06625324236077268 , -0.0913795644757022 , -0.02332448054410884 , 0.05136185724357873 , 0.0241583074518471 , -0.016566755489263885 , -0.010875755031110055 , -0.004422144351792971 , 0.0062764046984950155 , 0.02013900431503661 , 0.012428145086373561 , -0.002017486876460488 , -0.007805074085563692 , -0.012204750685107792 , -0.0362225438023769 , -0.05347097663279058 , -0.017348394958313116 , 0.011080540086296772 , -0.014610541609046245 , -0.04430459763959504 , -0.06025552186223505 , -0.05818677304738778 , 0.0015490825835676166 , 0.0684342456265323 , 0.07952311944257785 , 0.07617969849336251 , 0.07148349297999995 , 0.05582378064834009 , 0.058191176133952 , 0.05334952700373468 , 0.02145962676092286 , -0.007279672066311523 , -0.042347251694831646 , -0.05864065926589934 , -0.002561066316092577 , 0.05403351537485578 , 0.06003351678163006 , 0.0530760169123028 , 0.018239690153732193 , -0.012633926307190024 , 0.05327240503744393 , 0.11358540463583158 , 0.0801656855147558 , 0.03460111651381225 , -0.008410009158761342 , -0.033338887687642885 , 0.015508867433729425 , 0.07388378424525595 , 0.07964298483758647 , 0.05631447903279598 , 0.02342635836388231 , -0.020797277076665066 , -0.07000764868075819 , -0.08814509247133853 , -0.039904270966986566 , 0.02484868438618605 , 0.06061280902072032 , 0.07473427081816097 , 0.04294215479037321 , -0.007541279004236252 , -0.0029798840567453605 , 0.0029136219502222654 , -0.0354495882970898 , -0.0639550992370458 , -0.055431981537191255 , -0.03366495802396812 , -0.009218365754096727 , 0.02324424511829711 , 0.04203450837100714 , 0.05073784077977762 , 0.08800125813204629 , 0.1019650068046805 , 0.04105413499137415 , -0.02134016589837376 , -0.042692370331810774 , -0.03971089150104189 , -0.008941823085304272 , 0.02305212283420637 , 0.025942910433935464 , 0.0066361798697070675 , -0.029076320982509257 , -0.0586755726115766 , -0.06159504474245235 , -0.04161367389698114 , 0.026634127693762267 , 0.09018054839183175 , 0.0539963823581788 , 0.002384118926347892 , 0.012889386595911616 , 0.015996256741599817 , 0.011031840127320489 , 0.006440426000548145 , -0.0746354767382947 , -0.13747194699925375 , -0.06183355654681983 , 0.020814131341496515 , 0.006258701522163116 , -0.022783799239906425 , -0.0527583682593168 , -0.08163737649839689 , -0.04415669595252361 , 0.00013664888420291147 , -0.0283013335936235 , -0.06503054978619775 , -0.04773232366736889 , -0.029565278382551418 , -0.06749248594068888 , -0.08716672467908554 , -0.03216989038311201 , 0.02249151553854431 , 0.05209756264745331 , 0.06724499906060322 , -0.015627243225393796 , -0.09153841117745921 , -9.13930723279346e-05 , 0.0868371622537415 , 0.03656518318818605 , -0.031232433960124897 , -0.09771083062672056 , -0.142669290177401 , -0.06516303418559485 , 0.03948802453511732 , 0.032866439707235844 , 0.012447204019288696 , 0.06174520438291362 , 0.08120879804529677 , 0.03350249836116124 , -0.016749491702079868 , -0.0668033958950697 , -0.09130883405846672 , -0.02332448054410884 , 0.05136185724357873 , 0.0241583074518471 , -0.016566755489263885 , -0.010875755031110055 , -0.004422144351792971 , 0.0062764046984950155 , 0.02013900431503661 , 0.012428145086373561 , -0.002017486876460488 , -0.007805074085563692 , -0.012204750685107792 , -0.0362225438023769 , -0.053420736639100956 , -0.01773917040078488 , 0.011908303972397175 , -0.015745652631984478 , -0.043907672620344035 , -0.05997208442019675 , -0.06118276250262663 , 0.007817331036970878 , 0.07391001591603376 , 0.039895359158775415 , -0.00888056885100122 , -0.0042600127184317695 , 0.002882072588438904 , -0.0016997769882577478 , 0.0007431833475899121 , 0.00039546562995890824 , -0.0005861321625654255 , 0.00030678956479522905 , -3.944236030254013e-05 , 0.0 , -2.0916577335418077e-05 , 0.00016269279040396077 , -0.00032975293284026445 , 0.00035690230014877756 , 0.00011759574602980387 , -0.0007480804252314535 , 0.0019523695361281595 , -0.003105106604156511 , -0.0034589523881418545 , 0.019434445789297736 , 0.03441741941403143 , 0.02403404026778915 , 0.004067238074608422 , -0.033315419765223786 , -0.06042631784930826 , -0.0383711812386052 , -0.00469343111234514 , 0.0009981646181669462 , -0.0034020182439094306 , 0.0005297250246474405 , -0.003740913893957365 , -0.03942263198263472 , -0.060678878077570476 , -0.03150730102762683 , -0.0009983914534305684 , 0.0326109257981456 , 0.04353391655447437 , -0.034355171675806324 , -0.10543066202930043 , -0.07032506441984265 , -0.006426338359474044 , 0.052210830693396486 , 0.11016996737668833 , 0.09025868758972097 , 0.050484393133930855 , 0.09025868758972101 , 0.11016996737668835 , 0.0522108306933965 , -0.006426338359474043 , -0.07032506441984267 , -0.10543066202930043 , -0.03435517167580634 , 0.04353391655447437 , 0.032610925798145604 , -0.0009983914534305695 , -0.031507301027626826 , -0.06067887807757048 , -0.039422631982634716 , -0.003740913893957356 , 0.0005297250246474468 , -0.00334179336879054 , 0.0005297250246474405 , -0.003740913893957365 , -0.03942263198263472 , -0.060678878077570476 , -0.03150730102762683 , -0.0009983914534305684 , 0.0326109257981456 , 0.04353391655447437 , -0.034355171675806324 , -0.10543066202930043 , -0.07032506441984265 , -0.006426338359474044 , 0.052210830693396486 , 0.11016996737668833 , 0.09025868758972097 , 0.050484393133930855 , 0.09025868758972101 , 0.11016996737668835 , 0.0522108306933965 , -0.006426338359474043 , -0.07032506441984267 , -0.10543066202930043 , -0.03435517167580634 , 0.04353391655447437 , 0.032610925798145604 , -0.0009983914534305695 , -0.031507301027626826 , -0.06067887807757048 , -0.039422631982634716 , -0.003740913893957356 , 0.0005297250246474468 , -0.00334179336879054 , 0.0005297250246474405 , -0.003740913893957365 , -0.03942263198263472 , -0.060678878077570476 , -0.03150730102762683 , -0.0009983914534305684 , 0.0326109257981456 , 0.04353391655447437 , -0.034355171675806324 , -0.10543066202930043 , -0.07032506441984265 , -0.006426338359474044 , 0.052210830693396486 , 0.11016996737668833 , 0.09025868758972097 , 0.050484393133930855 , 0.09025868758972101 , 0.11016996737668835 , 0.0522108306933965 , -0.006426338359474043 , -0.07032506441984267 , -0.10543066202930043 , -0.03435517167580634 , 0.04353391655447437 , 0.032610925798145604 , -0.0009983914534305695 , -0.031507301027626826 , -0.06067887807757048 , -0.039422631982634716 , -0.003740913893957356 , 0.0005297250246474468 , -0.00334179336879054 , 0.0005297250246474405 , -0.003740913893957365 , -0.03942263198263472 , -0.060678878077570476 , -0.03150730102762683 , -0.0009983914534305684 , 0.0326109257981456 , 0.04353391655447437 , -0.034355171675806324 , -0.10543066202930043 , -0.07032506441984265 , -0.006426338359474044 , 0.052210830693396486 , 0.11016996737668833 , 0.09025868758972097 , 0.050484393133930855 , 0.09025868758972101 , 0.11016996737668835 , 0.0522108306933965 , -0.006426338359474043 , -0.07032506441984267 , -0.10543066202930043 , -0.03435517167580634 , 0.04353391655447437 , 0.032610925798145604 , -0.0009983914534305695 , -0.031507301027626826 , -0.06067887807757048 , -0.039422631982634716 , -0.003740913893957356 , 0.0005297250246474468 , -0.00334179336879054 , 0.0005297250246474405 , -0.003740913893957365 , -0.03942263198263472 , -0.060678878077570476 , -0.03150730102762683 , -0.0009983914534305684 , 0.0326109257981456 , 0.04353391655447437 , -0.034355171675806324 , -0.10543066202930043 , -0.07032506441984265 , -0.006426338359474044 , 0.052210830693396486 , 0.11016996737668833 , 0.09025868758972097 , 0.050484393133930855 , 0.09025868758972101 , 0.11016996737668835 , 0.0522108306933965 , -0.006426338359474043 , -0.07032506441984267 , -0.10543066202930043 , -0.03435517167580634 , 0.04353391655447437 , 0.032610925798145604 , -0.0009983914534305695 , -0.031507301027626826 , -0.06067887807757048 , -0.039422631982634716 , -0.003740913893957356 , 0.0005297250246474468 , -0.00334179336879054 , 0.0005297250246474405 , -0.003740913893957365 , -0.03942263198263472 , -0.060678878077570476 , -0.03150730102762683 , -0.0009983914534305684 , 0.0326109257981456 , 0.04353391655447437 , -0.034355171675806324 , -0.10543066202930043 , -0.07032506441984265 , -0.006426338359474044 , 0.052210830693396486 , 0.11016996737668833 , 0.09025868758972097 , 0.050484393133930855 , 0.09025868758972101 , 0.11016996737668835 , 0.0522108306933965 , -0.006426338359474043 , -0.07032506441984267 , -0.10543066202930043 , -0.03435517167580634 , 0.04353391655447437 , 0.032610925798145604 , -0.0009983914534305695 , -0.031507301027626826 , -0.06067887807757048 , -0.039422631982634716 , -0.003740913893957356 , 0.0005297250246474468 , -0.00334179336879054 , 0.0005297250246474405 , -0.003740913893957365 , -0.03942263198263472 , -0.060678878077570476 , -0.03150730102762683 , -0.0009983914534305684 , 0.0326109257981456 , 0.04353391655447437 , -0.034355171675806324 , -0.10543066202930043 , -0.07032506441984265 , -0.006426338359474044 , 0.052210830693396486 , 0.11016996737668833 , 0.09025868758972097 , 0.050484393133930855 , 0.09025868758972101 , 0.11016996737668835 , 0.0522108306933965 , -0.006426338359474043 , -0.07032506441984267 , -0.10543066202930043 , -0.03435517167580634 , 0.04353391655447437 , 0.032610925798145604 , -0.0009983914534305695 , -0.031507301027626826 , -0.06067887807757048 , -0.039422631982634716 , -0.003740913893957356 , 0.0005297250246474468 , -0.00334179336879054 , 0.0005297250246474405 , -0.003740913893957365 , -0.03942263198263472 , -0.060678878077570476 , -0.03150730102762683 , -0.0009983914534305684 , 0.0326109257981456 , 0.04353391655447437 , -0.034355171675806324 , -0.10543066202930043 , -0.07032506441984265 , -0.006426338359474044 , 0.052210830693396486 , 0.11016996737668833 , 0.09025868758972097 , 0.050484393133930855 , 0.09025868758972101 , 0.11016996737668835 , 0.0522108306933965 , -0.006426338359474043 , -0.07032506441984267 , -0.10543066202930043 , -0.03435517167580634 , 0.04353391655447437 , 0.032610925798145604 , -0.0009983914534305695 , -0.031507301027626826 , -0.06067887807757048 , -0.039422631982634716 , -0.003740913893957356 , 0.0005297250246474468 , -0.00334179336879054 , 0.0005297250246474405 , -0.003740913893957365 , -0.03942263198263472 , -0.060678878077570476 , -0.03150730102762683 , -0.0009983914534305684 , 0.0326109257981456 , 0.04353391655447437 , -0.034355171675806324 , -0.10543066202930043 , -0.07032506441984265 , -0.006426338359474044 , 0.052210830693396486 , 0.11016996737668833 , 0.09025868758972097 , 0.050484393133930855 , 0.09025868758972101 , 0.11016996737668835 , 0.0522108306933965 , -0.006426338359474043 , -0.07032506441984267 , -0.10543066202930043 , -0.03435517167580634 , 0.04353391655447437 , 0.032610925798145604 , -0.0009983914534305695 , -0.031507301027626826 , -0.06067887807757048 , -0.039422631982634716 , -0.003740913893957356 , 0.0005297250246474468 , -0.00334179336879054 , 0.0005297250246474405 , -0.003740913893957365 , -0.03942263198263472 , -0.060678878077570476 , -0.03150730102762683 , -0.0009983914534305684 , 0.0326109257981456 , 0.04353391655447437 , -0.034355171675806324 , -0.10543066202930043 , -0.07032506441984265 , -0.006426338359474044 , 0.052210830693396486 , 0.11019088395402374 , 0.09009599479931701 , 0.050858526586032196 , 0.08955658586222925 , 0.11079792180613901 , 0.0518447410569435 , -0.0077790615687559315 , -0.06739396561631304 , -0.1042806622330594 , -0.04855101662169647 , 0.013365692530763055 , -0.024665033924613302 , -0.0796755781741304 , -0.07413371278477233 , -0.07099409356095511 , -0.08401863215346432 , -0.0804528998331864 , -0.06641219903216973 , -0.04390132840448908 , 0.014741169553084866 , 0.059722626579095925 , 0.03900827217165102 , 0.013782279527470537 , 0.0016598404051358564 , 0.004056352857718688 , 0.06510116651555017 , 0.11782632725375493 , 0.07346648163852487 , 0.012201143303413845 , -0.031006097524879307 , -0.06411147939255596 , -0.03665147832023016 , 0.0011604757989327934 , -0.03493112376620183 , -0.07359424213765711 , -0.05855110248419985 , -0.04614388320446977 , -0.03424083333221228 , -0.018518623553442363 , -0.0567972300672895 , -0.0831562939324117 , -0.01083155437491363 , 0.05142281208970692 , 0.04103840051779092 , 0.008311766366668591 , -0.06750882808597981 , -0.12754099542598632 , -0.06413902316575379 , 0.022332740699265687 , 0.034994504976914864 , 0.0403633383357396 , 0.039013518518408195 , 0.024256408543564482 , 0.06291708031723263 , 0.09268981172962987 , 0.04002708215528546 , -0.009643017974989027 , -0.0028350020793714093 , 0.01835639795552071 , 0.04923427768218693 , 0.08212371239941804 , 0.06113730743016942 , 0.027865759463854032 , 0.0565594714226681 , 0.06855770724155442 , 0.024729750348441683 , -0.017432104412491763 , -0.05723038737394495 , -0.06629411883898048 , 0.005257818018824588 , 0.0859335455720168 , 0.10099124419099827 , 0.08071966163150382 , 0.05260265614436104 , -1.4907779871675686e-19 , -0.05260265614436104 , -0.08071966163150385 , -0.10099124419099828 , -0.08593354557201678 , -0.0052578180188245895 , 0.06629411883898045 , 0.05723038737394495 , 0.01743210441249176 , -0.024729750348441677 , -0.0685577072415544 , -0.0565594714226681 , -0.027865759463854053 , -0.061137307430169444 , -0.08212371239941804 , -0.04923427768218694 , -0.01835639795552071 , 0.002835002079371415 , 0.009643017974989036 , -0.04002708215528545 , -0.09268981172962985 , -0.06291708031723263 , -0.02425640854356449 , -0.039013518518408195 , -0.0403633383357396 , -0.03499450497691488 , -0.022332740699265708 , 0.06413902316575378 , 0.12754099542598635 , 0.06750882808597983 , -0.008311766366668586 , -0.04103840051779092 , -0.05142281208970692 , 0.010831554374913628 , 0.08315629393241171 , 0.05679723006728948 , 0.01851862355344235 , 0.03424083333221227 , 0.046143883204469785 , 0.05855110248419987 , 0.07359424213765711 , 0.03493112376620183 , -0.001160475798932796 , 0.03665147832023017 , 0.06411147939255597 , 0.031006097524879313 , -0.012201143303413837 , -0.07346648163852486 , -0.11782632725375491 , -0.06510116651555017 , -0.004056352857718692 , -0.0016598404051358583 , -0.013782279527470541 , -0.03900827217165102 , -0.059722626579095946 , -0.014741169553084868 , 0.044005933798869044 , 0.06559856001130727 , 0.08215096722705466 , 0.08185301134775035 , 0.07134117965953915 , 0.07576782372174239 , 0.07230099605419059 , 0.038480520298377355 , -5.421010862427522e-19 , -0.038480520298377355 , -0.07230099605419059 , -0.0757678237217424 , -0.07134117965953915 , -0.08185301134775035 , -0.08215096722705464 , -0.06559856001130726 , -0.044005933798869044 , 0.014741169553084866 , 0.059722626579095925 , 0.03900827217165102 , 0.013782279527470537 , 0.0016598404051358564 , 0.004056352857718688 , 0.06510116651555017 , 0.11782632725375493 , 0.07346648163852487 , 0.012201143303413845 , -0.031006097524879307 , -0.06411147939255596 , -0.03665147832023016 , 0.0011604757989327934 , -0.03493112376620183 , -0.07359424213765711 , -0.05855110248419985 , -0.04614388320446977 , -0.03424083333221228 , -0.018518623553442363 , -0.0567972300672895 , -0.0831562939324117 , -0.01083155437491363 , 0.05142281208970692 , 0.04103840051779092 , 0.008311766366668591 , -0.06750882808597981 , -0.12754099542598632 , -0.06413902316575379 , 0.022332740699265687 , 0.034994504976914864 , 0.0403633383357396 , 0.039013518518408195 , 0.024256408543564482 , 0.06291708031723263 , 0.09268981172962987 , 0.04002708215528546 , -0.009643017974989027 , -0.0028350020793714093 , 0.01835639795552071 , 0.04923427768218693 , 0.08212371239941804 , 0.06113730743016942 , 0.027865759463854032 , 0.0565594714226681 , 0.06855770724155442 , 0.024729750348441683 , -0.017432104412491763 , -0.05723038737394495 , -0.06629411883898048 , 0.005257818018824588 , 0.0859335455720168 , 0.10099124419099827 , 0.08071966163150382 , 0.05260265614436104 , -1.4907779871675686e-19 , -0.05260265614436104 , -0.08071966163150385 , -0.10099124419099828 , -0.08593354557201678 , -0.0052578180188245895 , 0.06629411883898045 , 0.05723038737394495 , 0.01743210441249176 , -0.024729750348441677 , -0.0685577072415544 , -0.0565594714226681 , -0.027865759463854053 , -0.061137307430169444 , -0.08212371239941804 , -0.04923427768218694 , -0.01835639795552071 , 0.002835002079371415 , 0.009643017974989036 , -0.04002708215528545 , -0.09268981172962985 , -0.06291708031723263 , -0.02425640854356449 , -0.039013518518408195 , -0.0403633383357396 , -0.03499450497691488 , -0.022332740699265708 , 0.06413902316575378 , 0.12754099542598635 , 0.06750882808597983 , -0.008311766366668586 , -0.04103840051779092 , -0.05142281208970692 , 0.010831554374913628 , 0.08315629393241171 , 0.05679723006728948 , 0.01851862355344235 , 0.03424083333221227 , 0.046143883204469785 , 0.05855110248419987 , 0.07359424213765711 , 0.03493112376620183 , -0.001160475798932796 , 0.03665147832023017 , 0.06411147939255597 , 0.031006097524879313 , -0.012201143303413837 , -0.07346648163852486 , -0.11782632725375491 , -0.06510116651555017 , -0.004056352857718692 , -0.0016598404051358583 , -0.013782279527470541 , -0.03900827217165102 , -0.059722626579095946 , -0.014741169553084868 , 0.044005933798869044 , 0.06559856001130727 , 0.08215096722705466 , 0.08185301134775035 , 0.0134117965953915 , 0.07576782372174239 , 0.07230099605419059 , 0.038480520298377355 , -5.421010862427522e-19 , -0.038480520298377355 , -0.07230099605419059 , -0.0757678237217424 , -0.07134117965953915 , -0.08185301134775035 , -0.08215096722705464 , -0.06559856001130726 , -0.044005933798869044 , 0.014741169553084866 , 0.059722626579095925 , 0.03900827217165102 , 0.013782279527470537 , 0.0016598404051358564 , 0.004056352857718688 , 0.06510116651555017 , 0.11782632725375493 , 0.07346648163852487 , 0.012201143303413845 , -0.031006097524879307 , -0.06411147939255596 , -0.03665147832023016 , 0.0011604757989327934 , -0.03493112376620183 , -0.07359424213765711 , -0.05855110248419985 , -0.04614388320446977 , -0.03424083333221228 , -0.018518623553442363 , -0.0567972300672895 , -0.0831562939324117 , -0.01083155437491363 , 0.05142281208970692 , 0.04103840051779092 , 0.008311766366668591 , -0.06750882808597981 , -0.12754099542598632 , -0.06413902316575379 , 0.022332740699265687 , 0.034994504976914864 , 0.0403633383357396 , 0.039013518518408195 , 0.024256408543564482 , 0.06291708031723263 , 0.09268981172962987 , 0.04002708215528546 , -0.009643017974989027 , -0.0028350020793714093 , 0.01835639795552071 , 0.04923427768218693 , 0.08212371239941804 , 0.06113730743016942 , 0.027865759463854032 , 0.0565594714226681 , 0.06850330523051285 , 0.025152898688536277 , -0.01835925489001956 , -0.05576157655841455 , -0.06715991853804261 , 0.0050895399116607145 , 0.0901368642584251 , 0.09224254334787062 , 0.07749923689092598 , 0.09197727869011267 , 0.08382347948296716 , 0.06385788927198499 , 0.03510884791884839 , -0.044547171632907154 , -0.11138583312934172 , -0.07779207365170598 , -0.02793888140515385 , -0.05056187096727874 , -0.06653090330629166 , -0.03311051994497374 , -0.0037664098554945798 , 0.03632039964769148 , 0.058681550400594876 , 0.015680226557085994 , -0.03182272053811277 , -0.028360357203838282 , -0.0074641545331510335 , 0.01685856872360006 , 0.045545484975800236 , 0.055422928844440195 , 0.051836270012649004 , 0.04885929828665389 , 0.041195581741598424 , 0.031000337064399374 , 0.03300793260392963 , 0.03368079037889835 , 0.04005283456128035 , 0.06918634962039437 , 0.07497993874350292 , 0.038236589607724254 , -0.016589371595467212 , -0.08799240446974253 , -0.1319975868869183 , -0.08964997537220762 , -0.015932488188863676 , 0.026513667312377517 , 0.05519002020599402 , 0.07084118844332156 , 0.05445712794663963 , 0.02506634295609749 , -0.010815457153839622 , -0.048469891968663505 , -0.0686166056224204 , -0.04666272913756343 , -0.004248143223934221 , -0.01723491755120967 , -0.025115688137506368 , 0.04856598043247938 , 0.09498858685624754 , 0.06381746912874761 , 0.013633945456931118 , -0.08568535825623821 , -0.1584357973421219 , -0.053397179953206045 , 0.06344861961809882 , 0.02424501697839844 , -0.030316010405151077 , -0.0460291859039917 , -0.05723140519503882 , 0.020405777186990295 , 0.10204324035269649 , 0.049151872507273875 , -0.009951429602005658 , 0.03483365430932394 , 0.08001889022487232 , 0.06914794948659804 , 0.05581970762426705 , 0.03853639806907948 , 0.013275943532538515 , 0.03130153345223125 , 0.048809854606219165 , -0.020494030245043975 , -0.07427608096562446 , -0.014092242079407473 , 0.05091356929782758 , 0.054768175305218735 , 0.040081846520590075 , -0.007565796951591279 , -0.06267701506127181 , -0.04079646047201444 , -0.012508334559349828 , -0.04290682991494748 , -0.0652347785506986 , -0.051430673350195265 , -0.02343800725336104 , 0.014980415430184501 , 0.051658829488967335 , 0.08409925119449536 , 0.09149269931322265 , 0.05786221197279217 , 0.015282335679369756 , -0.011602941269610263 , -0.021768118680113982 , 0.01341323460155081 , 0.06045008386505076 , 0.0416592924093027 , 0.019451156139589792 , 0.06901940094554616 , 0.10590549817633929 , 0.07941809148414511 , 0.04803745638840557 , 0.012190320769623288 , -0.01884028763467379 , 0.037516901153840744 , 0.08972622109623409 , -0.00047901805512749946 , -0.08408409459268423 , -0.05367604101216967 , -0.013275266997495474 , 0.032521963532046665 , 0.06085304162195759 , -0.0365057529864094 , -0.1377307042369848 , -0.10276261842277427 , -0.05106375238734848 , -0.04521127767922509 , -0.03989429915026611 , -0.07035076855343844 , -0.09874917180510225 , -0.06747814426475694 , -0.032394978552852435 , -0.011926970875249798 , -0.0083658787847327 , -0.042823790687187675 , -0.0727069777700048 , -0.09828797264911682 , -0.09096255506453761 , 0.006031221505175425 , 0.0952421469956943 , 0.07904086190116072 , 0.027142037405466113 , -0.043478976078147574 , -0.11035965573967395 , -0.08034000752913385 , -0.02616489944985428 , -0.051390848361707285 , -0.0664243259359188 , -0.03311051994497374 , -0.0037664098554945798 , 0.03632039964769148 , 0.058681550400594876 , 0.015680226557085994 , -0.03182272053811277 , -0.028360357203838282 , -0.0074641545331510335 , 0.01685856872360006 , 0.045545484975800236 , 0.055422928844440195 , 0.051836270012649004 , 0.04885929828665389 , 0.04110098773560514 , 0.03173610575847138 , 0.031490142207097 , 0.03550099680442878 , 0.03999596692833136 , 0.0675845471487146 , 0.08124983662499694 , 0.026275513580697633 , -0.029282408214528276 , -0.00792072191517623 , 0.031144636833856317 , 0.023289520896682864 , 0.017616930173056305 , 0.061080732449285115 , 0.08051136817215016 , 0.03519957000427323 , -0.017927588301419304 , -0.06625324236077268 , -0.0913795644757022 , -0.02332448054410884 , 0.05136185724357873 , 0.0241583074518471 , -0.016566755489263885 , -0.010875755031110055 , -0.004422144351792971 , 0.0062764046984950155 , 0.02013900431503661 , 0.012428145086373561 , -0.002017486876460488 , -0.007805074085563692 , -0.012204750685107792 , -0.0362225438023769 , -0.05347097663279058 , -0.017348394958313116 , 0.011080540086296772 , -0.014610541609046245 , -0.04430459763959504 , -0.06025552186223505 , -0.05818677304738778 , 0.0015490825835676166 , 0.0684342456265323 , 0.07952311944257785 , 0.07617969849336251 , 0.07148349297999995 , 0.05582378064834009 , 0.058191176133952 , 0.05334952700373468 , 0.02145962676092286 , -0.007279672066311523 , -0.042347251694831646 , -0.05864065926589934 , -0.002561066316092577 , 0.05403351537485578 , 0.06003351678163006 , 0.0530760169123028 , 0.018239690153732193 , -0.012633926307190024 , 0.05327240503744393 , 0.11358540463583158 , 0.0801656855147558 , 0.03460111651381225 , -0.008410009158761342 , -0.033338887687642885 , 0.015508867433729425 , 0.07388378424525595 , 0.07964298483758647 , 0.05631447903279598 , 0.02342635836388231 , -0.020797277076665066 , -0.07000764868075819 , -0.08814509247133853 , -0.039904270966986566 , 0.02484868438618605 , 0.06061280902072032 , 0.07473427081816097 , 0.04294215479037321 , -0.007541279004236252 , -0.0029798840567453605 , 0.0029136219502222654 , -0.0354495882970898 , -0.0639550992370458 , -0.055431981537191255 , -0.03366495802396812 , -0.009218365754096727 , 0.02324424511829711 , 0.04203450837100714 , 0.05073784077977762 , 0.08800125813204629 , 0.1019650068046805 , 0.04105413499137415 , -0.02134016589837376 , -0.042692370331810774 , -0.03971089150104189 , -0.008941823085304272 , 0.02305212283420637 , 0.025942910433935464 , 0.0066361798697070675 , -0.029076320982509257 , -0.0586755726115766 , -0.06159504474245235 , -0.04161367389698114 , 0.026634127693762267 , 0.09018054839183175 , 0.0539963823581788 , 0.002384118926347892 , 0.012889386595911616 , 0.015996256741599817 , 0.011031840127320489 , 0.006440426000548145 , -0.0746354767382947 , -0.13747194699925375 , -0.06183355654681983 , 0.020814131341496515 , 0.006258701522163116 , -0.022783799239906425 , -0.0527583682593168 , -0.08163737649839689 , -0.04415669595252361 , 0.00013664888420291147 , -0.0283013335936235 , -0.06503054978619775 , -0.04773232366736889 , -0.029565278382551418 , -0.06749248594068888 , -0.08716672467908554 , -0.03216989038311201 , 0.02249151553854431 , 0.05209756264745331 , 0.06724499906060322 , -0.015627243225393796 , -0.09153841117745921 , -9.13930723279346e-05 , 0.0868371622537415 , 0.03656518318818605 , -0.031232433960124897 , -0.09771083062672056 , -0.142669290177401 , -0.06516303418559485 , 0.03948802453511732 , 0.032866439707235844 , 0.012447204019288696 , 0.06174520438291362 , 0.08120879804529677 , 0.03350249836116124 , -0.016749491702079868 , -0.0668033958950697 , -0.09130883405846672 , -0.02332448054410884 , 0.05136185724357873 , 0.0241583074518471 , -0.016566755489263885 , -0.010875755031110055 , -0.004422144351792971 , 0.0062764046984950155 , 0.02013900431503661 , 0.012428145086373561 , -0.002017486876460488 , -0.007805074085563692 , -0.012204750685107792 , -0.0362225438023769 , -0.053420736639100956 , -0.01773917040078488 , 0.011908303972397175 , -0.015745652631984478 , -0.043907672620344035 , -0.05997208442019675 , -0.06118276250262663 , 0.007817331036970878 , 0.07391001591603376 , 0.039895359158775415 , -0.00888056885100122 , -0.0042600127184317695 , 0.002882072588438904 , -0.0016997769882577478 , 0.0007431833475899121 , 0.00039546562995890824 , -0.0005861321625654255 , 0.00030678956479522905 , -3.944236030254013e-05 , 0.0 , -2.0916577335418077e-05 , 0.00016269279040396077 , -0.00032975293284026445 , 0.00035690230014877756 , 0.00011759574602980387 , -0.0007480804252314535 , 0.0019523695361281595 , -0.003105106604156511 , -0.0034589523881418545 , 0.019434445789297736 , 0.03441741941403143 , 0.02403404026778915 , 0.004067238074608422 , -0.033315419765223786 , -0.06042631784930826 , -0.0383711812386052 , -0.00469343111234514 , 0.0009981646181669462 , -0.0034020182439094306 , 0.0005297250246474405 , -0.003740913893957365 , -0.03942263198263472 , -0.060678878077570476 , -0.03150730102762683 , -0.0009983914534305684 , 0.0326109257981456 , 0.04353391655447437 , -0.034355171675806324 , -0.10543066202930043 , -0.07032506441984265 , -0.006426338359474044 , 0.052210830693396486 , 0.11016996737668833 , 0.09025868758972097 , 0.050484393133930855 , 0.09025868758972101 , 0.11016996737668835 , 0.0522108306933965 , -0.006426338359474043 , -0.07032506441984267 , -0.10543066202930043 , -0.03435517167580634 , 0.04353391655447437 , 0.032610925798145604 , -0.0009983914534305695 , -0.031507301027626826 , -0.06067887807757048 , -0.039422631982634716 , -0.003740913893957356 , 0.0005297250246474468 , -0.00334179336879054 , 0.0005297250246474405 , -0.003740913893957365 , -0.03942263198263472 , -0.060678878077570476 , -0.03150730102762683 , -0.0009983914534305684 , 0.0326109257981456 , 0.04353391655447437 , -0.034355171675806324 , -0.10543066202930043 , -0.07032506441984265 , -0.006426338359474044 , 0.052210830693396486 , 0.11016996737668833 , 0.09025868758972097 , 0.050484393133930855 , 0.09025868758972101 , 0.11016996737668835 , 0.0522108306933965 , -0.006426338359474043 , -0.07032506441984267 , -0.10543066202930043 , -0.03435517167580634 , 0.04353391655447437 , 0.032610925798145604 , -0.0009983914534305695 , -0.031507301027626826 , -0.06067887807757048 , -0.039422631982634716 , -0.003740913893957356 , 0.0005297250246474468 , -0.00334179336879054 , 0.0005297250246474405 , -0.003740913893957365 , -0.03942263198263472 , -0.060678878077570476 , -0.03150730102762683 , -0.0009983914534305684 , 0.0326109257981456 , 0.04353391655447437 , -0.034355171675806324 , -0.10543066202930043 , -0.07032506441984265 , -0.006426338359474044 , 0.052210830693396486 , 0.11016996737668833 , 0.09025868758972097 , 0.050484393133930855 , 0.09025868758972101 , 0.11016996737668835 , 0.0522108306933965 , -0.006426338359474043 , -0.07032506441984267 , -0.10543066202930043 , -0.03435517167580634 , 0.04353391655447437 , 0.032610925798145604 , -0.0009983914534305695 , -0.031507301027626826 , -0.06067887807757048 , -0.039422631982634716 , -0.003740913893957356 , 0.0005297250246474468 , -0.00334179336879054 , 0.0005297250246474405 , -0.003740913893957365 , -0.03942263198263472 , -0.060678878077570476 , -0.03150730102762683 , -0.0009983914534305684 , 0.0326109257981456 , 0.04353391655447437 , -0.034355171675806324 , -0.10543066202930043 , -0.07032506441984265 , -0.006426338359474044 , 0.052210830693396486 , 0.11016996737668833 , 0.09025868758972097 , 0.050484393133930855 , 0.09025868758972101 , 0.11016996737668835 , 0.0522108306933965 , -0.006426338359474043 , -0.07032506441984267 , -0.10543066202930043 , -0.03435517167580634 , 0.04353391655447437 , 0.032610925798145604 , -0.0009983914534305695 , -0.031507301027626826 , -0.06067887807757048 , -0.039422631982634716 , -0.003740913893957356 , 0.0005297250246474468 , -0.00334179336879054 , 0.0005297250246474405 , -0.003740913893957365 , -0.03942263198263472 , -0.060678878077570476 , -0.03150730102762683 , -0.0009983914534305684 , 0.0326109257981456 , 0.04353391655447437 , -0.034355171675806324 , -0.10543066202930043 , -0.07032506441984265 , -0.006426338359474044 , 0.052210830693396486 , 0.11016996737668833 , 0.09025868758972097 , 0.050484393133930855 , 0.09025868758972101 , 0.11016996737668835 , 0.0522108306933965 , -0.006426338359474043 , -0.07032506441984267 , -0.10543066202930043 , -0.03435517167580634 , 0.04353391655447437 , 0.032610925798145604 , -0.0009983914534305695 , -0.031507301027626826 , -0.06067887807757048 , -0.039422631982634716 , -0.003740913893957356 , 0.0005297250246474468 , -0.00334179336879054 , 0.0005297250246474405 , -0.003740913893957365 , -0.03942263198263472 , -0.060678878077570476 , -0.03150730102762683 , -0.0009983914534305684 , 0.0326109257981456 , 0.04353391655447437 , -0.034355171675806324 , -0.10543066202930043 , -0.07032506441984265 , -0.006426338359474044 , 0.052210830693396486 , 0.11016996737668833 , 0.09025868758972097 , 0.050484393133930855 , 0.09025868758972101 , 0.11016996737668835 , 0.0522108306933965 , -0.006426338359474043 , -0.07032506441984267 , -0.10543066202930043 , -0.03435517167580634 , 0.04353391655447437 , 0.032610925798145604 , -0.0009983914534305695 , -0.031507301027626826 , -0.06067887807757048 , -0.039422631982634716 , -0.003740913893957356 , 0.0005297250246474468 , -0.00334179336879054 , 0.0005297250246474405 , -0.003740913893957365 , -0.03942263198263472 , -0.060678878077570476 , -0.03150730102762683 , -0.0009983914534305684 , 0.0326109257981456 , 0.04353391655447437 , -0.034355171675806324 , -0.10543066202930043 , -0.07032506441984265 , -0.006426338359474044 , 0.052210830693396486 , 0.11016996737668833 , 0.09025868758972097 , 0.050484393133930855 , 0.09025868758972101 , 0.11016996737668835 , 0.0522108306933965 , -0.006426338359474043 , -0.07032506441984267 , -0.10543066202930043 , -0.03435517167580634 , 0.04353391655447437 , 0.032610925798145604 , -0.0009983914534305695 , -0.031507301027626826 , -0.06067887807757048 , -0.039422631982634716 , -0.003740913893957356 , 0.0005297250246474468 , -0.00334179336879054 , 0.0005297250246474405 , -0.003740913893957365 , -0.03942263198263472 , -0.060678878077570476 , -0.03150730102762683 , -0.0009983914534305684 , 0.0326109257981456 , 0.04353391655447437 , -0.034355171675806324 , -0.10543066202930043 , -0.07032506441984265 , -0.006426338359474044 , 0.052210830693396486 , 0.11016996737668833 , 0.09025868758972097 , 0.050484393133930855 , 0.09025868758972101 , 0.11016996737668835 , 0.0522108306933965 , -0.006426338359474043 , -0.07032506441984267 , -0.10543066202930043 , -0.03435517167580634 , 0.04353391655447437 , 0.032610925798145604 , -0.0009983914534305695 , -0.031507301027626826 , -0.06067887807757048 , -0.039422631982634716 , -0.003740913893957356 , 0.0005297250246474468 , -0.00334179336879054 , 0.0005297250246474405 , -0.003740913893957365 , -0.03942263198263472 , -0.060678878077570476 , -0.03150730102762683 , -0.0009983914534305684 , 0.0326109257981456 , 0.04353391655447437 , -0.034355171675806324 , -0.10543066202930043 , -0.07032506441984265 , -0.006426338359474044 , 0.052210830693396486 , 0.11016996737668833 , 0.09025868758972097 , 0.050484393133930855 , 0.09025868758972101 , 0.11016996737668835 , 0.0522108306933965 , -0.006426338359474043 , -0.07032506441984267 , -0.10543066202930043 , -0.03435517167580634 , 0.04353391655447437 , 0.032610925798145604 , -0.0009983914534305695 , -0.031507301027626826 , -0.06067887807757048 , -0.039422631982634716 , -0.003740913893957356 , 0.0005297250246474468 , -0.00334179336879054 , 0.0005297250246474405 , -0.003740913893957365 , -0.03942263198263472 , -0.060678878077570476 , -0.03150730102762683 , -0.0009983914534305684 , 0.0326109257981456 , 0.04353391655447437 , -0.034355171675806324 , -0.10543066202930043 , -0.07032506441984265 , -0.006426338359474044 , 0.052210830693396486 , 0.11019088395402374 , 0.09009599479931701 , 0.050858526586032196 , 0.08955658586222925 , 0.11079792180613901 , 0.0518447410569435 , -0.0077790615687559315 , -0.06739396561631304 , -0.1042806622330594 , -0.04855101662169647 , 0.013365692530763055 , -0.024665033924613302 , -0.0796755781741304 , -0.07413371278477233 , -0.07099409356095511 , -0.08401863215346432 , -0.0804528998331864 , -0.06641219903216973 , -0.04390132840448908 , 0.014741169553084866 , 0.059722626579095925 , 0.03900827217165102 , 0.013782279527470537 , 0.0016598404051358564 , 0.004056352857718688 , 0.06510116651555017 , 0.11782632725375493 , 0.07346648163852487 , 0.012201143303413845 , -0.031006097524879307 , -0.06411147939255596 , -0.03665147832023016 , 0.0011604757989327934 , -0.03493112376620183 , -0.07359424213765711 , -0.05855110248419985 , -0.04614388320446977 , -0.03424083333221228 , -0.018518623553442363 , -0.0567972300672895 , -0.0831562939324117 , -0.01083155437491363 , 0.05142281208970692 , 0.04103840051779092 , 0.008311766366668591 , -0.06750882808597981 , -0.12754099542598632 , -0.06413902316575379 , 0.022332740699265687 , 0.034994504976914864 , 0.0403633383357396 , 0.039013518518408195 , 0.024256408543564482 , 0.06291708031723263 , 0.09268981172962987 , 0.04002708215528546 , -0.009643017974989027 , -0.0028350020793714093 , 0.01835639795552071 , 0.04923427768218693 , 0.08212371239941804 , 0.06113730743016942 , 0.027865759463854032 , 0.0565594714226681 , 0.06855770724155442 , 0.024729750348441683 , -0.017432104412491763 , -0.05723038737394495 , -0.06629411883898048 , 0.005257818018824588 , 0.0859335455720168 , 0.10099124419099827 , 0.08071966163150382 , 0.05260265614436104 , -1.4907779871675686e-19 , -0.05260265614436104 , -0.08071966163150385 , -0.10099124419099828 , -0.08593354557201678 , -0.0052578180188245895 , 0.06629411883898045 , 0.05723038737394495 , 0.01743210441249176 , -0.024729750348441677 , -0.0685577072415544 , -0.0565594714226681 , -0.027865759463854053 , -0.061137307430169444 , -0.08212371239941804 , -0.04923427768218694 , -0.01835639795552071 , 0.002835002079371415 , 0.009643017974989036 , -0.04002708215528545 , -0.09268981172962985 , -0.06291708031723263 , -0.02425640854356449 , -0.039013518518408195 , -0.0403633383357396 , -0.03499450497691488 , -0.022332740699265708 , 0.06413902316575378 , 0.12754099542598635 , 0.06750882808597983 , -0.008311766366668586 , -0.04103840051779092 , -0.05142281208970692 , 0.010831554374913628 , 0.08315629393241171 , 0.05679723006728948 , 0.01851862355344235 , 0.03424083333221227 , 0.046143883204469785 , 0.05855110248419987 , 0.07359424213765711 , 0.03493112376620183 , -0.001160475798932796 , 0.03665147832023017 , 0.06411147939255597 , 0.031006097524879313 , -0.012201143303413837 , -0.07346648163852486 , -0.11782632725375491 , -0.06510116651555017 , -0.004056352857718692 , -0.0016598404051358583 , -0.013782279527470541 , -0.03900827217165102 , -0.059722626579095946 , -0.014741169553084868 , 0.044005933798869044 , 0.06559856001130727 , 0.08215096722705466 , 0.08185301134775035 , 0.07134117965953915 , 0.07576782372174239 , 0.07230099605419059 , 0.038480520298377355 , -5.421010862427522e-19 , -0.038480520298377355 , -0.07230099605419059 , -0.0757678237217424 , -0.07134117965953915 , -0.08185301134775035 , -0.08215096722705464 , -0.06559856001130726 , -0.044005933798869044 , 0.014741169553084866 , 0.059722626579095925 , 0.03900827217165102 , 0.013782279527470537 , 0.0016598404051358564 , 0.004056352857718688 , 0.06510116651555017 , 0.11782632725375493 , 0.07346648163852487 , 0.012201143303413845 , -0.031006097524879307 , -0.06411147939255596 , -0.03665147832023016 , 0.0011604757989327934 , -0.03493112376620183 , -0.07359424213765711 , -0.05855110248419985 , -0.04614388320446977 , -0.03424083333221228 , -0.018518623553442363 , -0.0567972300672895 , -0.0831562939324117 , -0.01083155437491363 , 0.05142281208970692 , 0.04103840051779092 , 0.008311766366668591 , -0.06750882808597981 , -0.12754099542598632 , -0.06413902316575379 , 0.022332740699265687 , 0.034994504976914864 , 0.0403633383357396 , 0.039013518518408195 , 0.024256408543564482 , 0.06291708031723263 , 0.09268981172962987 , 0.04002708215528546 , -0.009643017974989027 , -0.0028350020793714093 , 0.01835639795552071 , 0.04923427768218693 , 0.08212371239941804 , 0.06113730743016942 , 0.027865759463854032 , 0.0565594714226681 , 0.06855770724155442 , 0.024729750348441683 , -0.017432104412491763 , -0.05723038737394495 , -0.06629411883898048 , 0.005257818018824588 , 0.0859335455720168 , 0.10099124419099827 , 0.08071966163150382 , 0.05260265614436104 , -1.4907779871675686e-19 , -0.05260265614436104 , -0.08071966163150385 , -0.10099124419099828 , -0.08593354557201678 , -0.0052578180188245895 , 0.06629411883898045 , 0.05723038737394495 , 0.01743210441249176 , -0.024729750348441677 , -0.0685577072415544 , -0.0565594714226681 , -0.027865759463854053 , -0.061137307430169444 , -0.08212371239941804 , -0.04923427768218694 , -0.01835639795552071 , 0.002835002079371415 , 0.009643017974989036 , -0.04002708215528545 , -0.09268981172962985 , -0.06291708031723263 , -0.02425640854356449 , -0.039013518518408195 , -0.0403633383357396 , -0.03499450497691488 , -0.022332740699265708 , 0.06413902316575378 , 0.12754099542598635 , 0.06750882808597983 , -0.008311766366668586 , -0.04103840051779092 , -0.05142281208970692 , 0.010831554374913628 , 0.08315629393241171 , 0.05679723006728948 , 0.01851862355344235 , 0.03424083333221227 , 0.046143883204469785 , 0.05855110248419987 , 0.07359424213765711 , 0.03493112376620183 , -0.001160475798932796 , 0.03665147832023017 , 0.06411147939255597 , 0.031006097524879313 , -0.012201143303413837 , -0.07346648163852486 , -0.11782632725375491 , -0.06510116651555017 , -0.004056352857718692 , -0.0016598404051358583 , -0.013782279527470541 , -0.03900827217165102 , -0.059722626579095946 , -0.014741169553084868 , 0.044005933798869044 , 0.06559856001130727 , 0.08215096722705466 , 0.08185301134775035 , 0.07134117965953915 , 0.07576782372174239 , 0.07230099605419059 , 0.038480520298377355 , -5.421010862427522e-19 , -0.038480520298377355 , -0.07230099605419059 , -0.0757678237217424 , -0.07134117965953915 , -0.08185301134775035 , -0.08215096722705464 , -0.06559856001130726 , -0.044005933798869044 , 0.014741169553084866 , 0.059722626579095925 , 0.03900827217165102 , 0.013782279527470537 , 0.0016598404051358564 , 0.004056352857718688 , 0.06510116651555017 , 0.11782632725375493 , 0.07346648163852487 , 0.012201143303413845 , -0.031006097524879307 , -0.06411147939255596 , -0.03665147832023016 , 0.0011604757989327934 , -0.03493112376620183 , -0.07359424213765711 , -0.05855110248419985 , -0.04614388320446977 , -0.03424083333221228 , -0.018518623553442363 , -0.0567972300672895 , -0.0831562939324117 , -0.01083155437491363 , 0.05142281208970692 , 0.04103840051779092 , 0.008311766366668591 , -0.06750882808597981 , -0.12754099542598632 , -0.06413902316575379 , 0.022332740699265687 , 0.034994504976914864 , 0.0403633383357396 , 0.039013518518408195 , 0.024256408543564482 , 0.06291708031723263 , 0.09268981172962987 , 0.04002708215528546 , -0.009643017974989027 , -0.0028350020793714093 , 0.01835639795552071 , 0.04923427768218693 , 0.08212371239941804 , 0.06113730743016942 , 0.027865759463854032 , 0.0565594714226681 , 0.06850330523051285 , 0.025152898688536277 , -0.01835925489001956 , -0.05576157655841455 , -0.06715991853804261 , 0.0050895399116607145 , 0.0901368642584251 , 0.09224254334787062 , 0.07749923689092598 , 0.09197727869011267 , 0.08382347948296716 , 0.06385788927198499 , 0.03510884791884839 , -0.044547171632907154 , -0.11138583312934172 , -0.07779207365170598 , -0.02793888140515385 , -0.05056187096727874 , -0.06653090330629166 , -0.03311051994497374 , -0.0037664098554945798 , 0.03632039964769148 , 0.058681550400594876 , 0.015680226557085994 , -0.03182272053811277 , -0.028360357203838282 , -0.0074641545331510335 , 0.01685856872360006 , 0.045545484975800236 , 0.055422928844440195 , 0.051836270012649004 , 0.04885929828665389 , 0.041195581741598424 , 0.031000337064399374 , 0.03300793260392963 , 0.03368079037889835 , 0.04005283456128035 , 0.06918634962039437 , 0.07497993874350292 , 0.038236589607724254 , -0.016589371595467212 , -0.08799240446974253 , -0.1319975868869183 , -0.08964997537220762 , -0.015932488188863676 , 0.026513667312377517 , 0.05519002020599402 , 0.07084118844332156 , 0.05445712794663963 , 0.02506634295609749 , -0.010815457153839622 , -0.048469891968663505 , -0.0686166056224204 , -0.04666272913756343 , -0.004248143223934221 , -0.01723491755120967 , -0.025115688137506368 , 0.04856598043247938 , 0.09498858685624754 , 0.06381746912874761 , 0.013633945456931118 , -0.08568535825623821 , -0.1584357973421219 , -0.053397179953206045 , 0.06344861961809882 , 0.02424501697839844 , -0.030316010405151077 , -0.0460291859039917 , -0.05723140519503882 , 0.020405777186990295 , 0.10204324035269649 , 0.049151872507273875 , -0.009951429602005658 , 0.03483365430932394 , 0.08001889022487232 , 0.06914794948659804 , 0.05581970762426705 , 0.03853639806907948 , 0.013275943532538515 , 0.03130153345223125 , 0.048809854606219165 , -0.020494030245043975 , -0.07427608096562446 , -0.014092242079407473 , 0.05091356929782758 , 0.054768175305218735 , 0.040081846520590075 , -0.007565796951591279 , -0.06267701506127181 , -0.04079646047201444 , -0.012508334559349828 , -0.04290682991494748 , -0.0652347785506986 , -0.051430673350195265 , -0.02343800725336104 , 0.014980415430184501 , 0.051658829488967335 , 0.08409925119449536 , 0.09149269931322265 , 0.05786221197279217 , 0.015282335679369756 , -0.011602941269610263 , -0.021768118680113982 , 0.01341323460155081 , 0.06045008386505076 , 0.0416592924093027 , 0.019451156139589792 , 0.06901940094554616 , 0.10590549817633929 , 0.07941809148414511 , 0.04803745638840557 , 0.012190320769623288 , -0.01884028763467379 , 0.037516901153840744 , 0.08972622109623409 , -0.00047901805512749946 , -0.08408409459268423 , -0.05367604101216967 , -0.013275266997495474 , 0.032521963532046665 , 0.06085304162195759 , -0.0365057529864094 , -0.1377307042369848 , -0.10276261842277427 , -0.05106375238734848 , -0.04521127767922509 , -0.03989429915026611 , -0.07035076855343844 , -0.09874917180510225 , -0.06747814426475694 , -0.032394978552852435 , -0.011926970875249798 , -0.0083658787847327 , -0.042823790687187675 , -0.0727069777700048 , -0.09828797264911682 , -0.09096255506453761 , 0.006031221505175425 , 0.0952421469956943 , 0.07904086190116072 , 0.027142037405466113 , -0.043478976078147574 , -0.11035965573967395 , -0.08034000752913385 , -0.02616489944985428 , -0.051390848361707285 , -0.0664243259359188 , -0.03311051994497374 , -0.0037664098554945798 , 0.03632039964769148 , 0.058681550400594876 , 0.015680226557085994 , -0.03182272053811277 , -0.028360357203838282 , -0.0074641545331510335 , 0.01685856872360006 , 0.045545484975800236 , 0.055422928844440195 , 0.051836270012649004 , 0.04885929828665389 , 0.04110098773560514 , 0.03173610575847138 , 0.031490142207097 , 0.03550099680442878 , 0.03999596692833136 , 0.0675845471487146 , 0.08124983662499694 , 0.026275513580697633 , -0.029282408214528276 , -0.00792072191517623 , 0.031144636833856317 , 0.023289520896682864 , 0.017616930173056305 , 0.061080732449285115 , 0.08051136817215016 , 0.03519957000427323 , -0.017927588301419304 , -0.06625324236077268 , -0.0913795644757022 , -0.02332448054410884 , 0.05136185724357873 , 0.0241583074518471 , -0.016566755489263885 , -0.010875755031110055 , -0.004422144351792971 , 0.0062764046984950155 , 0.02013900431503661 , 0.012428145086373561 , -0.002017486876460488 , -0.007805074085563692 , -0.012204750685107792 , -0.0362225438023769 , -0.05347097663279058 , -0.017348394958313116 , 0.011080540086296772 , -0.014610541609046245 , -0.04430459763959504 , -0.06025552186223505 , -0.05818677304738778 , 0.0015490825835676166 , 0.0684342456265323 , 0.07952311944257785 , 0.07617969849336251 , 0.07148349297999995 , 0.05582378064834009 , 0.058191176133952 , 0.05334952700373468 , 0.02145962676092286 , -0.007279672066311523 , -0.042347251694831646 , -0.05864065926589934 , -0.002561066316092577 , 0.05403351537485578 , 0.06003351678163006 , 0.0530760169123028 , 0.018239690153732193 , -0.012633926307190024 , 0.05327240503744393 , 0.11358540463583158 , 0.0801656855147558 , 0.03460111651381225 , -0.008410009158761342 , -0.033338887687642885 , 0.015508867433729425 , 0.07388378424525595 , 0.07964298483758647 , 0.05631447903279598 , 0.02342635836388231 , -0.020797277076665066 , -0.07000764868075819 , -0.08814509247133853 , -0.039904270966986566 , 0.02484868438618605 , 0.06061280902072032 , 0.07473427081816097 , 0.04294215479037321 , -0.007541279004236252 , -0.0029798840567453605 , 0.0029136219502222654 , -0.0354495882970898 , -0.0639550992370458 , -0.055431981537191255 , -0.03366495802396812 , -0.009218365754096727 , 0.02324424511829711 , 0.04203450837100714 , 0.05073784077977762 , 0.08800125813204629 , 0.1019650068046805 , 0.04105413499137415 , -0.02134016589837376 , -0.042692370331810774 , -0.03971089150104189 , -0.008941823085304272 , 0.02305212283420637 , 0.025942910433935464 , 0.0066361798697070675 , -0.029076320982509257 , -0.0586755726115766 , -0.06159504474245235 , -0.04161367389698114 , 0.026634127693762267 , 0.09018054839183175 , 0.0539963823581788 , 0.002384118926347892 , 0.012889386595911616 , 0.015996256741599817 , 0.011031840127320489 , 0.006440426000548145 , -0.0746354767382947 , -0.13747194699925375 , -0.06183355654681983 , 0.020814131341496515 , 0.006258701522163116 , -0.022783799239906425 , -0.0527583682593168 , -0.08163737649839689 , -0.04415669595252361 , 0.00013664888420291147 , -0.0283013335936235 , -0.06503054978619775 , -0.04773232366736889 , -0.029565278382551418 , -0.06749248594068888 , -0.08716672467908554 , -0.03216989038311201 , 0.02249151553854431 , 0.05209756264745331 , 0.06724499906060322 , -0.015627243225393796 , -0.09153841117745921 , -9.13930723279346e-05 , 0.0868371622537415 , 0.03656518318818605 , -0.031232433960124897 , -0.09771083062672056 , -0.142669290177401 , -0.06516303418559485 , 0.03948802453511732 , 0.032866439707235844 , 0.012447204019288696 , 0.06174520438291362 , 0.08120879804529677 , 0.03350249836116124 , -0.016749491702079868 , -0.0668033958950697 , -0.09130883405846672 , -0.02332448054410884 , 0.05136185724357873 , 0.0241583074518471 , -0.016566755489263885 , -0.010875755031110055 , -0.004422144351792971 , 0.0062764046984950155 , 0.02013900431503661 , 0.012428145086373561 , -0.002017486876460488 , -0.007805074085563692 , -0.012204750685107792 , -0.0362225438023769 , -0.053420736639100956 , -0.01773917040078488 , 0.011908303972397175 , -0.015745652631984478 , -0.043907672620344035 , -0.05997208442019675 , -0.06118276250262663 , 0.007817331036970878 , 0.07391001591603376 , 0.039895359158775415 , -0.00888056885100122 , -0.0042600127184317695 , 0.002882072588438904 , -0.0016997769882577478 , 0.0007431833475899121 , 0.00039546562995890824 , -0.0005861321625654255 , 0.00030678956479522905 , -3.944236030254013e-05 , 0.0 , -2.0916577335418077e-05 , 0.00016269279040396077 , -0.00032975293284026445 , 0.00035690230014877756 , 0.00011759574602980387 , -0.0007480804252314535 , 0.0019523695361281595 , -0.003105106604156511 , -0.0034589523881418545 , 0.019434445789297736 , 0.03441741941403143 , 0.02403404026778915 , 0.004067238074608422 , -0.033315419765223786 , -0.06042631784930826 , -0.0383711812386052 , -0.00469343111234514 , 0.0009981646181669462 , -0.0034020182439094306 , 0.0005297250246474405 , -0.003740913893957365 , -0.03942263198263472 , -0.060678878077570476 , -0.03150730102762683 , -0.0009983914534305684 , 0.0326109257981456 , 0.04353391655447437 , -0.034355171675806324 , -0.10543066202930043 , -0.07032506441984265 , -0.006426338359474044 , 0.052210830693396486 , 0.11016996737668833 , 0.09025868758972097 , 0.050484393133930855 , 0.09025868758972101 , 0.11016996737668835 , 0.0522108306933965 , -0.006426338359474043 , -0.07032506441984267 , -0.10543066202930043 , -0.03435517167580634 , 0.04353391655447437 , 0.032610925798145604 , -0.0009983914534305695 , -0.031507301027626826 , -0.06067887807757048 , -0.039422631982634716 , -0.003740913893957356 , 0.0005297250246474468 , -0.00334179336879054 , 0.0005297250246474405 , -0.003740913893957365 , -0.03942263198263472 , -0.060678878077570476 , -0.03150730102762683 , -0.0009983914534305684 , 0.0326109257981456 , 0.04353391655447437 , -0.034355171675806324 , -0.10543066202930043 , -0.07032506441984265 , -0.006426338359474044 , 0.052210830693396486 , 0.11016996737668833 , 0.09025868758972097 , 0.050484393133930855 , 0.09025868758972101 , 0.11016996737668835 , 0.0522108306933965 , -0.006426338359474043 , -0.07032506441984267 , -0.10543066202930043 , -0.03435517167580634 , 0.04353391655447437 , 0.032610925798145604 , -0.0009983914534305695 , -0.031507301027626826 , -0.06067887807757048 , -0.039422631982634716 , -0.003740913893957356 , 0.0005297250246474468 , -0.00334179336879054 , 0.0005297250246474405 , -0.003740913893957365 , -0.03942263198263472 , -0.060678878077570476 , -0.03150730102762683 , -0.0009983914534305684 , 0.0326109257981456 , 0.04353391655447437 , -0.034355171675806324 , -0.10543066202930043 , -0.07032506441984265 , -0.006426338359474044 , 0.052210830693396486 , 0.11016996737668833 , 0.09025868758972097 , 0.050484393133930855 , 0.09025868758972101 , 0.11016996737668835 , 0.0522108306933965 , -0.006426338359474043 , -0.07032506441984267 , -0.10543066202930043 , -0.03435517167580634 , 0.04353391655447437 , 0.032610925798145604 , -0.0009983914534305695 , -0.031507301027626826 , -0.06067887807757048 , -0.039422631982634716 , -0.003740913893957356 , 0.0005297250246474468 , -0.00334179336879054 , 0.0005297250246474405 , -0.003740913893957365 , -0.03942263198263472 , -0.060678878077570476 , -0.03150730102762683 , -0.0009983914534305684 , 0.0326109257981456 , 0.04353391655447437 , -0.034355171675806324 , -0.10543066202930043 , -0.07032506441984265 , -0.006426338359474044 , 0.052210830693396486 , 0.11016996737668833 , 0.09025868758972097 , 0.050484393133930855 , 0.09025868758972101 , 0.11016996737668835 , 0.0522108306933965 , -0.006426338359474043 , -0.07032506441984267 , -0.10543066202930043 , -0.03435517167580634 , 0.04353391655447437 , 0.032610925798145604 , -0.0009983914534305695 , -0.031507301027626826 , -0.06067887807757048 , -0.039422631982634716 , -0.003740913893957356 , 0.0005297250246474468 , -0.00334179336879054 , 0.0005297250246474405 , -0.003740913893957365 , -0.03942263198263472 , -0.060678878077570476 , -0.03150730102762683 , -0.0009983914534305684 , 0.0326109257981456 , 0.04353391655447437 , -0.034355171675806324 , -0.10543066202930043 , -0.07032506441984265 , -0.006426338359474044 , 0.052210830693396486 , 0.11016996737668833 , 0.09025868758972097 , 0.050484393133930855 , 0.09025868758972101 , 0.11016996737668835 , 0.0522108306933965 , -0.006426338359474043 , -0.07032506441984267 , -0.10543066202930043 , -0.03435517167580634 , 0.04353391655447437 , 0.032610925798145604 , -0.0009983914534305695 , -0.031507301027626826 , -0.06067887807757048 , -0.039422631982634716 , -0.003740913893957356 , 0.0005297250246474468 , -0.00334179336879054 , 0.0005297250246474405 , -0.003740913893957365 , -0.03942263198263472 , -0.060678878077570476 , -0.03150730102762683 , -0.0009983914534305684 , 0.0326109257981456 , 0.04353391655447437 , -0.034355171675806324 , -0.10543066202930043 , -0.07032506441984265 , -0.006426338359474044 , 0.052210830693396486 , 0.11016996737668833 , 0.09025868758972097 , 0.050484393133930855 , 0.09025868758972101 , 0.11016996737668835 , 0.0522108306933965 , -0.006426338359474043 , -0.07032506441984267 , -0.10543066202930043 , -0.03435517167580634 , 0.04353391655447437 , 0.032610925798145604 , -0.0009983914534305695 , -0.031507301027626826 , -0.06067887807757048 , -0.039422631982634716 , -0.003740913893957356 , 0.0005297250246474468 , -0.00334179336879054 , 0.0005297250246474405 , -0.003740913893957365 , -0.03942263198263472 , -0.060678878077570476 , -0.03150730102762683 , -0.0009983914534305684 , 0.0326109257981456 , 0.04353391655447437 , -0.034355171675806324 , -0.10543066202930043 , -0.07032506441984265 , -0.006426338359474044 , 0.052210830693396486 , 0.11016996737668833 , 0.09025868758972097 , 0.050484393133930855 , 0.09025868758972101 , 0.11016996737668835 , 0.0522108306933965 , -0.006426338359474043 , -0.07032506441984267 , -0.10543066202930043 , -0.03435517167580634 , 0.04353391655447437 , 0.032610925798145604 , -0.0009983914534305695 , -0.031507301027626826 , -0.06067887807757048 , -0.039422631982634716 , -0.003740913893957356 , 0.0005297250246474468 , -0.00334179336879054 , 0.0005297250246474405 , -0.003740913893957365 , -0.03942263198263472 , -0.060678878077570476 , -0.03150730102762683 , -0.0009983914534305684 , 0.0326109257981456 , 0.04353391655447437 , -0.034355171675806324 , -0.10543066202930043 , -0.07032506441984265 , -0.006426338359474044 , 0.052210830693396486 , 0.11016996737668833 , 0.09025868758972097 , 0.050484393133930855 , 0.09025868758972101 , 0.11016996737668835 , 0.0522108306933965 , -0.006426338359474043 , -0.07032506441984267 , -0.10543066202930043 , -0.03435517167580634 , 0.04353391655447437 , 0.032610925798145604 , -0.0009983914534305695 , -0.031507301027626826 , -0.06067887807757048 , -0.039422631982634716 , -0.003740913893957356 , 0.0005297250246474468 , -0.00334179336879054 , 0.0005297250246474405 , -0.003740913893957365 , -0.03942263198263472 , -0.060678878077570476 , -0.03150730102762683 , -0.0009983914534305684 , 0.0326109257981456 , 0.04353391655447437 , -0.034355171675806324 , -0.10543066202930043 , -0.07032506441984265 , -0.006426338359474044 , 0.052210830693396486 , 0.11016996737668833 , 0.09025868758972097 , 0.050484393133930855 , 0.09025868758972101 , 0.11016996737668835 , 0.0522108306933965 , -0.006426338359474043 , -0.07032506441984267 , -0.10543066202930043 , -0.03435517167580634 , 0.04353391655447437 , 0.032610925798145604 , -0.0009983914534305695 , -0.031507301027626826 , -0.06067887807757048 , -0.039422631982634716 , -0.003740913893957356 , 0.0005297250246474468 , -0.00334179336879054 , 0.0005297250246474405 , -0.003740913893957365 , -0.03942263198263472 , -0.060678878077570476 , -0.03150730102762683 , -0.0009983914534305684 , 0.0326109257981456 , 0.04353391655447437 , -0.034355171675806324 , -0.10543066202930043 , -0.07032506441984265 , -0.006426338359474044 , 0.052210830693396486 , 0.11019088395402374 , 0.09009599479931701 , 0.050858526586032196 , 0.08955658586222925 , 0.11079792180613901 , 0.0518447410569435 , -0.0077790615687559315 , -0.06739396561631304 , -0.1042806622330594 , -0.04855101662169647 , 0.013365692530763055 , -0.024665033924613302 , -0.0796755781741304 , -0.07413371278477233 , -0.07099409356095511 , -0.08401863215346432 , -0.0804528998331864 , -0.06641219903216973 , -0.04390132840448908 , 0.014741169553084866 , 0.059722626579095925 , 0.03900827217165102 , 0.013782279527470537 , 0.0016598404051358564 , 0.004056352857718688 , 0.06510116651555017 , 0.11782632725375493 , 0.07346648163852487 , 0.012201143303413845 , -0.031006097524879307 , -0.06411147939255596 , -0.03665147832023016 , 0.0011604757989327934 , -0.03493112376620183 , -0.07359424213765711 , -0.05855110248419985 , -0.04614388320446977 , -0.03424083333221228 , -0.018518623553442363 , -0.0567972300672895 , -0.0831562939324117 , -0.01083155437491363 , 0.05142281208970692 , 0.04103840051779092 , 0.008311766366668591 , -0.06750882808597981 , -0.12754099542598632 , -0.06413902316575379 , 0.022332740699265687 , 0.034994504976914864 , 0.0403633383357396 , 0.039013518518408195 , 0.024256408543564482 , 0.06291708031723263 , 0.09268981172962987 , 0.04002708215528546 , -0.009643017974989027 , -0.0028350020793714093 , 0.01835639795552071 , 0.04923427768218693 , 0.08212371239941804 , 0.06113730743016942 , 0.027865759463854032 , 0.0565594714226681 , 0.06855770724155442 , 0.024729750348441683 , -0.017432104412491763 , -0.05723038737394495 , -0.06629411883898048 , 0.005257818018824588 , 0.0859335455720168 , 0.10099124419099827 , 0.08071966163150382 , 0.05260265614436104 , -1.4907779871675686e-19 , -0.05260265614436104 , -0.08071966163150385 , -0.10099124419099828 , -0.08593354557201678 , -0.0052578180188245895 , 0.06629411883898045 , 0.05723038737394495 , 0.01743210441249176 , -0.024729750348441677 , -0.0685577072415544 , -0.0565594714226681 , -0.027865759463854053 , -0.061137307430169444 , -0.08212371239941804 , -0.04923427768218694 , -0.01835639795552071 , 0.002835002079371415 , 0.009643017974989036 , -0.04002708215528545 , -0.09268981172962985 , -0.06291708031723263 , -0.02425640854356449 , -0.039013518518408195 , -0.0403633383357396 , -0.03499450497691488 , -0.022332740699265708 , 0.06413902316575378 , 0.12754099542598635 , 0.06750882808597983 , -0.008311766366668586 , -0.04103840051779092 , -0.05142281208970692 , 0.010831554374913628 , 0.08315629393241171 , 0.05679723006728948 , 0.01851862355344235 , 0.03424083333221227 , 0.046143883204469785 , 0.05855110248419987 , 0.07359424213765711 , 0.03493112376620183 , -0.001160475798932796 , 0.03665147832023017 , 0.06411147939255597 , 0.031006097524879313 , -0.012201143303413837 , -0.07346648163852486 , -0.11782632725375491 , -0.06510116651555017 , -0.004056352857718692 , -0.0016598404051358583 , -0.013782279527470541 , -0.03900827217165102 , -0.059722626579095946 , -0.014741169553084868 , 0.044005933798869044 , 0.06559856001130727 , 0.08215096722705466 , 0.08185301134775035 , 0.07134117965953915 , 0.07576782372174239 , 0.07230099605419059 , 0.038480520298377355 , -5.421010862427522e-19 , -0.038480520298377355 , -0.07230099605419059 , -0.0757678237217424 , -0.07134117965953915 , -0.08185301134775035 , -0.08215096722705464 , -0.06559856001130726 , -0.044005933798869044 , 0.014741169553084866 , 0.059722626579095925 , 0.03900827217165102 , 0.013782279527470537 , 0.0016598404051358564 , 0.004056352857718688 , 0.06510116651555017 , 0.11782632725375493 , 0.07346648163852487 , 0.012201143303413845 , -0.031006097524879307 , -0.06411147939255596 , -0.03665147832023016 , 0.0011604757989327934 , -0.03493112376620183 , -0.07359424213765711 , -0.05855110248419985 , -0.04614388320446977 , -0.03424083333221228 , -0.018518623553442363 , -0.0567972300672895 , -0.0831562939324117 , -0.01083155437491363 , 0.05142281208970692 , 0.04103840051779092 , 0.008311766366668591 , -0.06750882808597981 , -0.12754099542598632 , -0.06413902316575379 , 0.022332740699265687 , 0.034994504976914864 , 0.0403633383357396 , 0.039013518518408195 , 0.024256408543564482 , 0.06291708031723263 , 0.09268981172962987 , 0.04002708215528546 , -0.009643017974989027 , -0.0028350020793714093 , 0.01835639795552071 , 0.04923427768218693 , 0.08212371239941804 , 0.06113730743016942 , 0.027865759463854032 , 0.0565594714226681 , 0.06855770724155442 , 0.024729750348441683 , -0.017432104412491763 , -0.05723038737394495 , -0.06629411883898048 , 0.005257818018824588 , 0.0859335455720168 , 0.10099124419099827 , 0.08071966163150382 , 0.05260265614436104 , -1.4907779871675686e-19 , -0.05260265614436104 , -0.08071966163150385 , -0.10099124419099828 , -0.08593354557201678 , -0.0052578180188245895 , 0.06629411883898045 , 0.05723038737394495 , 0.01743210441249176 , -0.024729750348441677 , -0.0685577072415544 , -0.0565594714226681 , -0.027865759463854053 , -0.061137307430169444 , -0.08212371239941804 , -0.04923427768218694 , -0.01835639795552071 , 0.002835002079371415 , 0.009643017974989036 , -0.04002708215528545 , -0.09268981172962985 , -0.06291708031723263 , -0.02425640854356449 , -0.039013518518408195 , -0.0403633383357396 , -0.03499450497691488 , -0.022332740699265708 , 0.06413902316575378 , 0.12754099542598635 , 0.06750882808597983 , -0.008311766366668586 , -0.04103840051779092 , -0.05142281208970692 , 0.010831554374913628 , 0.08315629393241171 , 0.05679723006728948 , 0.01851862355344235 , 0.03424083333221227 , 0.046143883204469785 , 0.05855110248419987 , 0.07359424213765711 , 0.03493112376620183 , -0.001160475798932796 , 0.03665147832023017 , 0.06411147939255597 , 0.031006097524879313 , -0.012201143303413837 , -0.07346648163852486 , -0.11782632725375491 , -0.06510116651555017 , -0.004056352857718692 , -0.0016598404051358583 , -0.013782279527470541 , -0.03900827217165102 , -0.059722626579095946 , -0.014741169553084868 , 0.044005933798869044 , 0.06559856001130727 , 0.08215096722705466 , 0.08185301134775035 , 0.07134117965953915 , 0.07576782372174239 , 0.07230099605419059 , 0.038480520298377355 , -5.421010862427522e-19 , -0.038480520298377355 , -0.07230099605419059 , -0.0757678237217424 , -0.07134117965953915 , -0.08185301134775035 , -0.08215096722705464 , -0.06559856001130726 , -0.044005933798869044 , 0.014741169553084866 , 0.059722626579095925 , 0.03900827217165102 , 0.013782279527470537 , 0.0016598404051358564 , 0.004056352857718688 , 0.06510116651555017 , 0.11782632725375493 , 0.07346648163852487 , 0.012201143303413845 , -0.031006097524879307 , -0.06411147939255596 , -0.03665147832023016 , 0.0011604757989327934 , -0.03493112376620183 , -0.07359424213765711 , -0.05855110248419985 , -0.04614388320446977 , -0.03424083333221228 , -0.018518623553442363 , -0.0567972300672895 , -0.0831562939324117 , -0.01083155437491363 , 0.05142281208970692 , 0.04103840051779092 , 0.008311766366668591 , -0.06750882808597981 , -0.12754099542598632 , -0.06413902316575379 , 0.022332740699265687 , 0.034994504976914864 , 0.0403633383357396 , 0.039013518518408195 , 0.024256408543564482 , 0.06291708031723263 , 0.09268981172962987 , 0.04002708215528546 , -0.009643017974989027 , -0.0028350020793714093 , 0.01835639795552071 , 0.04923427768218693 , 0.08212371239941804 , 0.06113730743016942 , 0.027865759463854032 , 0.0565594714226681 , 0.06850330523051285 , 0.025152898688536277 , -0.01835925489001956 , -0.05576157655841455 , -0.06715991853804261 , 0.0050895399116607145 , 0.0901368642584251 , 0.09224254334787062 , 0.07749923689092598 , 0.09197727869011267 , 0.08382347948296716 , 0.06385788927198499 , 0.03510884791884839 , -0.044547171632907154 , -0.11138583312934172 , -0.07779207365170598 , -0.02793888140515385 , -0.05056187096727874 , -0.06653090330629166 , -0.03311051994497374 , -0.0037664098554945798 , 0.03632039964769148 , 0.058681550400594876 , 0.015680226557085994 , -0.03182272053811277 , -0.028360357203838282 , -0.0074641545331510335 , 0.01685856872360006 , 0.045545484975800236 , 0.055422928844440195 , 0.051836270012649004 , 0.04885929828665389 , 0.041195581741598424 , 0.031000337064399374 , 0.03300793260392963 , 0.03368079037889835 , 0.04005283456128035 , 0.06918634962039437 , 0.07497993874350292 , 0.038236589607724254 , -0.016589371595467212 , -0.08799240446974253 , -0.1319975868869183 , -0.08964997537220762 , -0.015932488188863676 , 0.026513667312377517 , 0.05519002020599402 , 0.07084118844332156 , 0.05445712794663963 , 0.02506634295609749 , -0.010815457153839622 , -0.048469891968663505 , -0.0686166056224204 , -0.04666272913756343 , -0.004248143223934221 , -0.01723491755120967 , -0.025115688137506368 , 0.04856598043247938 , 0.09498858685624754 , 0.06381746912874761 , 0.013633945456931118 , -0.08568535825623821 , -0.1584357973421219 , -0.053397179953206045 , 0.06344861961809882 , 0.02424501697839844 , -0.030316010405151077 , -0.0460291859039917 , -0.05723140519503882 , 0.020405777186990295 , 0.10204324035269649 , 0.049151872507273875 , -0.009951429602005658 , 0.03483365430932394 , 0.08001889022487232 , 0.06914794948659804 , 0.05581970762426705 , 0.03853639806907948 , 0.013275943532538515 , 0.03130153345223125 , 0.048809854606219165 , -0.020494030245043975 , -0.07427608096562446 , -0.014092242079407473 , 0.05091356929782758 , 0.054768175305218735 , 0.040081846520590075 , -0.007565796951591279 , -0.06267701506127181 , -0.04079646047201444 , -0.012508334559349828 , -0.04290682991494748 , -0.0652347785506986 , -0.051430673350195265 , -0.02343800725336104 , 0.014980415430184501 , 0.051658829488967335 , 0.08409925119449536 , 0.09149269931322265 , 0.05786221197279217 , 0.015282335679369756 , -0.011602941269610263 , -0.021768118680113982 , 0.01341323460155081 , 0.06045008386505076 , 0.0416592924093027 , 0.019451156139589792 , 0.06901940094554616 , 0.10590549817633929 , 0.07941809148414511 , 0.04803745638840557 , 0.012190320769623288 , -0.01884028763467379 , 0.037516901153840744 , 0.08972622109623409 , -0.00047901805512749946 , -0.08408409459268423 , -0.05367604101216967 , -0.013275266997495474 , 0.032521963532046665 , 0.06085304162195759 , -0.0365057529864094 , -0.1377307042369848 , -0.10276261842277427 , -0.05106375238734848 , -0.04521127767922509 , -0.03989429915026611 , -0.07035076855343844 , -0.09874917180510225 , -0.06747814426475694 , -0.032394978552852435 , -0.011926970875249798 , -0.0083658787847327 , -0.042823790687187675 , -0.0727069777700048 , -0.09828797264911682 , -0.09096255506453761 , 0.006031221505175425 , 0.0952421469956943 , 0.07904086190116072 , 0.027142037405466113 , -0.043478976078147574 , -0.11035965573967395 , -0.08034000752913385 , -0.02616489944985428 , -0.051390848361707285 , -0.0664243259359188 , -0.03311051994497374 , -0.0037664098554945798 , 0.03632039964769148 , 0.058681550400594876 , 0.015680226557085994 , -0.03182272053811277 , -0.028360357203838282 , -0.0074641545331510335 , 0.01685856872360006 , 0.045545484975800236 , 0.055422928844440195 , 0.051836270012649004 , 0.04885929828665389 , 0.04110098773560514 , 0.03173610575847138 , 0.031490142207097 , 0.03550099680442878 , 0.03999596692833136 , 0.0675845471487146 , 0.08124983662499694 , 0.026275513580697633 , -0.029282408214528276 , -0.00792072191517623 , 0.031144636833856317 , 0.023289520896682864 , 0.017616930173056305 , 0.061080732449285115 , 0.08051136817215016 , 0.03519957000427323 , -0.017927588301419304 , -0.06625324236077268 , -0.0913795644757022 , -0.02332448054410884 , 0.05136185724357873 , 0.0241583074518471 , -0.016566755489263885 , -0.010875755031110055 , -0.004422144351792971 , 0.0062764046984950155 , 0.02013900431503661 , 0.012428145086373561 , -0.002017486876460488 , -0.007805074085563692 , -0.012204750685107792 , -0.0362225438023769 , -0.05347097663279058 , -0.017348394958313116 , 0.011080540086296772 , -0.014610541609046245 , -0.04430459763959504 , -0.06025552186223505 , -0.05818677304738778 , 0.0015490825835676166 , 0.0684342456265323 , 0.07952311944257785 , 0.07617969849336251 , 0.07148349297999995 , 0.05582378064834009 , 0.058191176133952 , 0.05334952700373468 , 0.02145962676092286 , -0.007279672066311523 , -0.042347251694831646 , -0.05864065926589934 , -0.002561066316092577 , 0.05403351537485578 , 0.06003351678163006 , 0.0530760169123028 , 0.018239690153732193 , -0.012633926307190024 , 0.05327240503744393 , 0.11358540463583158 , 0.0801656855147558 , 0.03460111651381225 , -0.008410009158761342 , -0.033338887687642885 , 0.015508867433729425 , 0.07388378424525595 , 0.07964298483758647 , 0.05631447903279598 , 0.02342635836388231 , -0.020797277076665066 , -0.07000764868075819 , -0.08814509247133853 , -0.039904270966986566 , 0.02484868438618605 , 0.06061280902072032 , 0.07473427081816097 , 0.04294215479037321 , -0.007541279004236252 , -0.0029798840567453605 , 0.0029136219502222654 , -0.0354495882970898 , -0.0639550992370458 , -0.055431981537191255 , -0.03366495802396812 , -0.009218365754096727 , 0.02324424511829711 , 0.04203450837100714 , 0.05073784077977762 , 0.08800125813204629 , 0.1019650068046805 , 0.04105413499137415 , -0.02134016589837376 , -0.042692370331810774 , -0.03971089150104189 , -0.008941823085304272 , 0.02305212283420637 , 0.025942910433935464 , 0.0066361798697070675 , -0.029076320982509257 , -0.0586755726115766 , -0.06159504474245235 , -0.04161367389698114 , 0.026634127693762267 , 0.09018054839183175 , 0.0539963823581788 , 0.002384118926347892 , 0.012889386595911616 , 0.015996256741599817 , 0.011031840127320489 , 0.006440426000548145 , -0.0746354767382947 , -0.13747194699925375 , -0.06183355654681983 , 0.020814131341496515 , 0.006258701522163116 , -0.022783799239906425 , -0.0527583682593168 , -0.08163737649839689 , -0.04415669595252361 , 0.00013664888420291147 , -0.0283013335936235 , -0.06503054978619775 , -0.04773232366736889 , -0.029565278382551418 , -0.06749248594068888 , -0.08716672467908554 , -0.03216989038311201 , 0.02249151553854431 , 0.05209756264745331 , 0.06724499906060322 , -0.015627243225393796 , -0.09153841117745921 , -9.13930723279346e-05 , 0.0868371622537415 , 0.03656518318818605 , -0.031232433960124897 , -0.09771083062672056 , -0.142669290177401 , -0.06516303418559485 , 0.03948802453511732 , 0.032866439707235844 , 0.012447204019288696 , 0.06174520438291362 , 0.08120879804529677 , 0.03350249836116124 , -0.016749491702079868 , -0.0668033958950697 , -0.09130883405846672 , -0.02332448054410884 , 0.05136185724357873 , 0.0241583074518471 , -0.016566755489263885 , -0.010875755031110055 , -0.004422144351792971 , 0.0062764046984950155 , 0.02013900431503661 , 0.012428145086373561 , -0.002017486876460488 , -0.007805074085563692 , -0.012204750685107792 , -0.0362225438023769 , -0.053420736639100956 , -0.01773917040078488 , 0.011908303972397175 , -0.015745652631984478 , -0.043907672620344035 , -0.05997208442019675 , -0.06118276250262663 , 0.007817331036970878 , 0.07391001591603376 , 0.039895359158775415 , -0.00888056885100122 , -0.0042600127184317695 , 0.002882072588438904 , -0.0016997769882577478 , 0.0007431833475899121 , 0.00039546562995890824 , -0.0005861321625654255 , 0.00030678956479522905 , -3.944236030254013e-05 , 0.0 , -2.0916577335418077e-05 , 0.00016269279040396077 , -0.00032975293284026445 , 0.00035690230014877756 , 0.00011759574602980387 , -0.0007480804252314535 , 0.0019523695361281595 , -0.003105106604156511 , -0.0034589523881418545 , 0.019434445789297736 , 0.03441741941403143 , 0.02403404026778915 , 0.004067238074608422 , -0.033315419765223786 , -0.06042631784930826 , -0.0383711812386052 , -0.00469343111234514 , 0.0009981646181669462 , -0.0034020182439094306 , 0.0005297250246474405 , -0.003740913893957365 , -0.03942263198263472 , -0.060678878077570476 , -0.03150730102762683 , -0.0009983914534305684 , 0.0326109257981456 , 0.04353391655447437 , -0.034355171675806324 , -0.10543066202930043 , -0.07032506441984265 , -0.006426338359474044 , 0.052210830693396486 , 0.11016996737668833 , 0.09025868758972097 , 0.050484393133930855 , 0.09025868758972101 , 0.11016996737668835 , 0.0522108306933965 , -0.006426338359474043 , -0.07032506441984267 , -0.10543066202930043 , -0.03435517167580634 , 0.04353391655447437 , 0.032610925798145604 , -0.0009983914534305695 , -0.031507301027626826 , -0.06067887807757048 , -0.039422631982634716 , -0.003740913893957356 , 0.0005297250246474468 , -0.00334179336879054 , 0.0005297250246474405 , -0.003740913893957365 , -0.03942263198263472 , -0.060678878077570476 , -0.03150730102762683 , -0.0009983914534305684 , 0.0326109257981456 , 0.04353391655447437 , -0.034355171675806324 , -0.10543066202930043 , -0.07032506441984265 , -0.006426338359474044 , 0.052210830693396486 , 0.11016996737668833 , 0.09025868758972097 , 0.050484393133930855 , 0.09025868758972101 , 0.11016996737668835 , 0.0522108306933965 , -0.006426338359474043 , -0.07032506441984267 , -0.10543066202930043 , -0.03435517167580634 , 0.04353391655447437 , 0.032610925798145604 , -0.0009983914534305695 , -0.031507301027626826 , -0.06067887807757048 , -0.039422631982634716 , -0.003740913893957356 , 0.0005297250246474468 , -0.00334179336879054 , 0.0005297250246474405 , -0.003740913893957365 , -0.03942263198263472 , -0.060678878077570476 , -0.03150730102762683 , -0.0009983914534305684 , 0.0326109257981456 , 0.04353391655447437 , -0.034355171675806324 , -0.10543066202930043 , -0.07032506441984265 , -0.006426338359474044 , 0.052210830693396486 , 0.11016996737668833 , 0.09025868758972097 , 0.050484393133930855 , 0.09025868758972101 , 0.11016996737668835 , 0.0522108306933965 , -0.006426338359474043 , -0.07032506441984267 , -0.10543066202930043 , -0.03435517167580634 , 0.04353391655447437 , 0.032610925798145604 , -0.0009983914534305695 , -0.031507301027626826 , -0.06067887807757048 , -0.039422631982634716 , -0.003740913893957356 , 0.0005297250246474468 , -0.00334179336879054 , 0.0005297250246474405 , -0.003740913893957365 , -0.03942263198263472 , -0.060678878077570476 , -0.03150730102762683 , -0.0009983914534305684 , 0.0326109257981456 , 0.04353391655447437 , -0.034355171675806324 , -0.10543066202930043 , -0.07032506441984265 , -0.006426338359474044 , 0.052210830693396486 , 0.11016996737668833 , 0.09025868758972097 , 0.050484393133930855 , 0.09025868758972101 , 0.11016996737668835 , 0.0522108306933965 , -0.006426338359474043 , -0.07032506441984267 , -0.10543066202930043 , -0.03435517167580634 , 0.04353391655447437 , 0.032610925798145604 , -0.0009983914534305695 , -0.031507301027626826 , -0.06067887807757048 , -0.039422631982634716 , -0.003740913893957356 , 0.0005297250246474468 , -0.00334179336879054 , 0.0005297250246474405 , -0.003740913893957365 , -0.03942263198263472 , -0.060678878077570476 , -0.03150730102762683 , -0.0009983914534305684 , 0.0326109257981456 , 0.04353391655447437 , -0.034355171675806324 , -0.10543066202930043 , -0.07032506441984265 , -0.006426338359474044 , 0.052210830693396486 , 0.11016996737668833 , 0.09025868758972097 , 0.050484393133930855 , 0.09025868758972101 , 0.11016996737668835 , 0.0522108306933965 , -0.006426338359474043 , -0.07032506441984267 , -0.10543066202930043 , -0.03435517167580634 , 0.04353391655447437 , 0.032610925798145604 , -0.0009983914534305695 , -0.031507301027626826 , -0.06067887807757048 , -0.039422631982634716 , -0.003740913893957356 , 0.0005297250246474468 , -0.00334179336879054 , 0.0005297250246474405 , -0.003740913893957365 , -0.03942263198263472 , -0.060678878077570476 , -0.03150730102762683 , -0.0009983914534305684 , 0.0326109257981456 , 0.04353391655447437 , -0.034355171675806324 , -0.10543066202930043 , -0.07032506441984265 , -0.006426338359474044 , 0.052210830693396486 , 0.11016996737668833 , 0.09025868758972097 , 0.050484393133930855 , 0.09025868758972101 , 0.11016996737668835 , 0.0522108306933965 , -0.006426338359474043 , -0.07032506441984267 , -0.10543066202930043 , -0.03435517167580634 , 0.04353391655447437 , 0.032610925798145604 , -0.0009983914534305695 , -0.031507301027626826 , -0.06067887807757048 , -0.039422631982634716 , -0.003740913893957356 , 0.0005297250246474468 , -0.00334179336879054 , 0.0005297250246474405 , -0.003740913893957365 , -0.03942263198263472 , -0.060678878077570476 , -0.03150730102762683 , -0.0009983914534305684 , 0.0326109257981456 , 0.04353391655447437 , -0.034355171675806324 , -0.10543066202930043 , -0.07032506441984265 , -0.006426338359474044 , 0.052210830693396486 , 0.11016996737668833 , 0.09025868758972097 , 0.050484393133930855 , 0.09025868758972101 , 0.11016996737668835 , 0.0522108306933965 , -0.006426338359474043 , -0.07032506441984267 , -0.10543066202930043 , -0.03435517167580634 , 0.04353391655447437 , 0.032610925798145604 , -0.0009983914534305695 , -0.031507301027626826 , -0.06067887807757048 , -0.039422631982634716 , -0.003740913893957356 , 0.0005297250246474468 , -0.00334179336879054 , 0.0005297250246474405 , -0.003740913893957365 , -0.03942263198263472 , -0.060678878077570476 , -0.03150730102762683 , -0.0009983914534305684 , 0.0326109257981456 , 0.04353391655447437 , -0.034355171675806324 , -0.10543066202930043 , -0.07032506441984265 , -0.006426338359474044 , 0.052210830693396486 , 0.11016996737668833 , 0.09025868758972097 , 0.050484393133930855 , 0.09025868758972101 , 0.11016996737668835 , 0.0522108306933965 , -0.006426338359474043 , -0.07032506441984267 , -0.10543066202930043 , -0.03435517167580634 , 0.04353391655447437 , 0.032610925798145604 , -0.0009983914534305695 , -0.031507301027626826 , -0.06067887807757048 , -0.039422631982634716 , -0.003740913893957356 , 0.0005297250246474468 , -0.00334179336879054 , 0.0005297250246474405 , -0.003740913893957365 , -0.03942263198263472 , -0.060678878077570476 , -0.03150730102762683 , -0.0009983914534305684 , 0.0326109257981456 , 0.04353391655447437 , -0.034355171675806324 , -0.10543066202930043 , -0.07032506441984265 , -0.006426338359474044 , 0.052210830693396486 , 0.11016996737668833 , 0.09025868758972097 , 0.050484393133930855 , 0.09025868758972101 , 0.11016996737668835 , 0.0522108306933965 , -0.006426338359474043 , -0.07032506441984267 , -0.10543066202930043 , -0.03435517167580634 , 0.04353391655447437 , 0.032610925798145604 , -0.0009983914534305695 , -0.031507301027626826 , -0.06067887807757048 , -0.039422631982634716 , -0.003740913893957356 , 0.0005297250246474468 , -0.00334179336879054 , 0.0005297250246474405 , -0.003740913893957365 , -0.03942263198263472 , -0.060678878077570476 , -0.03150730102762683 , -0.0009983914534305684 , 0.0326109257981456 , 0.04353391655447437 , -0.034355171675806324 , -0.10543066202930043 , -0.07032506441984265 , -0.006426338359474044 , 0.052210830693396486 , 0.11019088395402374 , 0.09009599479931701 , 0.050858526586032196 , 0.08955658586222925 , 0.11079792180613901 , 0.0518447410569435 , -0.0077790615687559315 , -0.06739396561631304 , -0.1042806622330594 , -0.04855101662169647 , 0.013365692530763055 , -0.024665033924613302 , -0.0796755781741304 , -0.07413371278477233 , -0.07099409356095511 , -0.08401863215346432 , -0.0804528998331864 , -0.06641219903216973 , -0.04390132840448908 , 0.014741169553084866 , 0.059722626579095925 , 0.03900827217165102 , 0.013782279527470537 , 0.0016598404051358564 , 0.004056352857718688 , 0.06510116651555017 , 0.11782632725375493 , 0.07346648163852487 , 0.012201143303413845 , -0.031006097524879307 , -0.06411147939255596 , -0.03665147832023016 , 0.0011604757989327934 , -0.03493112376620183 , -0.07359424213765711 , -0.05855110248419985 , -0.04614388320446977 , -0.03424083333221228 , -0.018518623553442363 , -0.0567972300672895 , -0.0831562939324117 , -0.01083155437491363 , 0.05142281208970692 , 0.04103840051779092 , 0.008311766366668591 , -0.06750882808597981 , -0.12754099542598632 , -0.06413902316575379 , 0.022332740699265687 , 0.034994504976914864 , 0.0403633383357396 , 0.039013518518408195 , 0.024256408543564482 , 0.06291708031723263 , 0.09268981172962987 , 0.04002708215528546 , -0.009643017974989027 , -0.0028350020793714093 , 0.01835639795552071 , 0.04923427768218693 , 0.08212371239941804 , 0.06113730743016942 , 0.027865759463854032 , 0.0565594714226681 , 0.06855770724155442 , 0.024729750348441683 , -0.017432104412491763 , -0.05723038737394495 , -0.06629411883898048 , 0.005257818018824588 , 0.0859335455720168 , 0.10099124419099827 , 0.08071966163150382 , 0.05260265614436104 , -1.4907779871675686e-19 , -0.05260265614436104 , -0.08071966163150385 , -0.10099124419099828 , -0.08593354557201678 , -0.0052578180188245895 , 0.06629411883898045 , 0.05723038737394495 , 0.01743210441249176 , -0.024729750348441677 , -0.0685577072415544 , -0.0565594714226681 , -0.027865759463854053 , -0.061137307430169444 , -0.08212371239941804 , -0.04923427768218694 , -0.01835639795552071 , 0.002835002079371415 , 0.009643017974989036 , -0.04002708215528545 , -0.09268981172962985 , -0.06291708031723263 , -0.02425640854356449 , -0.039013518518408195 , -0.0403633383357396 , -0.03499450497691488 , -0.022332740699265708 , 0.06413902316575378 , 0.12754099542598635 , 0.06750882808597983 , -0.008311766366668586 , -0.04103840051779092 , -0.05142281208970692 , 0.010831554374913628 , 0.08315629393241171 , 0.05679723006728948 , 0.01851862355344235 , 0.03424083333221227 , 0.046143883204469785 , 0.05855110248419987 , 0.07359424213765711 , 0.03493112376620183 , -0.001160475798932796 , 0.03665147832023017 , 0.06411147939255597 , 0.031006097524879313 , -0.012201143303413837 , -0.07346648163852486 , -0.11782632725375491 , -0.06510116651555017 , -0.004056352857718692 , -0.0016598404051358583 , -0.013782279527470541 , -0.03900827217165102 , -0.059722626579095946 , -0.014741169553084868 , 0.044005933798869044 , 0.06559856001130727 , 0.08215096722705466 , 0.08185301134775035 , 0.07134117965953915 , 0.07576782372174239 , 0.07230099605419059 , 0.038480520298377355 , -5.421010862427522e-19 , -0.038480520298377355 , -0.07230099605419059 , -0.0757678237217424 , -0.07134117965953915 , -0.08185301134775035 , -0.08215096722705464 , -0.06559856001130726 , -0.044005933798869044 , 0.014741169553084866 , 0.059722626579095925 , 0.03900827217165102 , 0.013782279527470537 , 0.0016598404051358564 , 0.004056352857718688 , 0.06510116651555017 , 0.11782632725375493 , 0.07346648163852487 , 0.012201143303413845 , -0.031006097524879307 , -0.06411147939255596 , -0.03665147832023016 , 0.0011604757989327934 , -0.03493112376620183 , -0.07359424213765711 , -0.05855110248419985 , -0.04614388320446977 , -0.03424083333221228 , -0.018518623553442363 , -0.0567972300672895 , -0.0831562939324117 , -0.01083155437491363 , 0.05142281208970692 , 0.04103840051779092 , 0.008311766366668591 , -0.06750882808597981 , -0.12754099542598632 , -0.06413902316575379 , 0.022332740699265687 , 0.034994504976914864 , 0.0403633383357396 , 0.039013518518408195 , 0.024256408543564482 , 0.06291708031723263 , 0.09268981172962987 , 0.04002708215528546 , -0.009643017974989027 , -0.0028350020793714093 , 0.01835639795552071 , 0.04923427768218693 , 0.08212371239941804 , 0.06113730743016942 , 0.027865759463854032 , 0.0565594714226681 , 0.06855770724155442 , 0.024729750348441683 , -0.017432104412491763 , -0.05723038737394495 , -0.06629411883898048 , 0.005257818018824588 , 0.0859335455720168 , 0.10099124419099827 , 0.08071966163150382 , 0.05260265614436104 , -1.4907779871675686e-19 , -0.05260265614436104 , -0.08071966163150385 , -0.10099124419099828 , -0.08593354557201678 , -0.0052578180188245895 , 0.06629411883898045 , 0.05723038737394495 , 0.01743210441249176 , -0.024729750348441677 , -0.0685577072415544 , -0.0565594714226681 , -0.027865759463854053 , -0.061137307430169444 , -0.08212371239941804 , -0.04923427768218694 , -0.01835639795552071 , 0.002835002079371415 , 0.009643017974989036 , -0.04002708215528545 , -0.09268981172962985 , -0.06291708031723263 , -0.02425640854356449 , -0.039013518518408195 , -0.0403633383357396 , -0.03499450497691488 , -0.022332740699265708 , 0.06413902316575378 , 0.12754099542598635 , 0.06750882808597983 , -0.008311766366668586 , -0.04103840051779092 , -0.05142281208970692 , 0.010831554374913628 , 0.08315629393241171 , 0.05679723006728948 , 0.01851862355344235 , 0.03424083333221227 , 0.046143883204469785 , 0.05855110248419987 , 0.07359424213765711 , 0.03493112376620183 , -0.001160475798932796 , 0.03665147832023017 , 0.06411147939255597 , 0.031006097524879313 , -0.012201143303413837 , -0.07346648163852486 , -0.11782632725375491 , -0.06510116651555017 , -0.004056352857718692 , -0.0016598404051358583 , -0.013782279527470541 , -0.03900827217165102 , -0.059722626579095946 , -0.014741169553084868 , 0.044005933798869044 , 0.06559856001130727 , 0.08215096722705466 , 0.08185301134775035 , 0.07134117965953915 , 0.07576782372174239 , 0.07230099605419059 , 0.038480520298377355 , -5.421010862427522e-19 , -0.038480520298377355 , -0.07230099605419059 , -0.0757678237217424 , -0.07134117965953915 , -0.08185301134775035 , -0.08215096722705464 , -0.06559856001130726 , -0.044005933798869044 , 0.014741169553084866 , 0.059722626579095925 , 0.03900827217165102 , 0.013782279527470537 , 0.0016598404051358564 , 0.004056352857718688 , 0.06510116651555017 , 0.11782632725375493 , 0.07346648163852487 , 0.012201143303413845 , -0.031006097524879307 , -0.06411147939255596 , -0.03665147832023016 , 0.0011604757989327934 , -0.03493112376620183 , -0.07359424213765711 , -0.05855110248419985 , -0.04614388320446977 , -0.03424083333221228 , -0.018518623553442363 , -0.0567972300672895 , -0.0831562939324117 , -0.01083155437491363 , 0.05142281208970692 , 0.04103840051779092 , 0.008311766366668591 , -0.06750882808597981 , -0.12754099542598632 , -0.06413902316575379 , 0.022332740699265687 , 0.034994504976914864 , 0.0403633383357396 , 0.039013518518408195 , 0.024256408543564482 , 0.06291708031723263 , 0.09268981172962987 , 0.04002708215528546 , -0.009643017974989027 , -0.0028350020793714093 , 0.01835639795552071 , 0.04923427768218693 , 0.08212371239941804 , 0.06113730743016942 , 0.027865759463854032 , 0.0565594714226681 , 0.06850330523051285 , 0.025152898688536277 , -0.01835925489001956 , -0.05576157655841455 , -0.06715991853804261 , 0.0050895399116607145 , 0.0901368642584251 , 0.09224254334787062 , 0.07749923689092598 , 0.09197727869011267 , 0.08382347948296716 , 0.06385788927198499 , 0.03510884791884839 , -0.044547171632907154 , -0.11138583312934172 , -0.07779207365170598 , -0.02793888140515385 , -0.05056187096727874 , -0.06653090330629166 , -0.03311051994497374 , -0.0037664098554945798 , 0.03632039964769148 , 0.058681550400594876 , 0.015680226557085994 , -0.03182272053811277 , -0.028360357203838282 , -0.0074641545331510335 , 0.01685856872360006 , 0.045545484975800236 , 0.055422928844440195 , 0.051836270012649004 , 0.04885929828665389 , 0.041195581741598424 , 0.031000337064399374 , 0.03300793260392963 , 0.03368079037889835 , 0.04005283456128035 , 0.06918634962039437 , 0.07497993874350292 , 0.038236589607724254 , -0.016589371595467212 , -0.08799240446974253 , -0.1319975868869183 , -0.08964997537220762 , -0.015932488188863676 , 0.026513667312377517 , 0.05519002020599402 , 0.07084118844332156 , 0.05445712794663963 , 0.02506634295609749 , -0.010815457153839622 , -0.048469891968663505 , -0.0686166056224204 , -0.04666272913756343 , -0.004248143223934221 , -0.01723491755120967 , -0.025115688137506368 , 0.04856598043247938 , 0.09498858685624754 , 0.06381746912874761 , 0.013633945456931118 , -0.08568535825623821 , -0.1584357973421219 , -0.053397179953206045 , 0.06344861961809882 , 0.02424501697839844 , -0.030316010405151077 , -0.0460291859039917 , -0.05723140519503882 , 0.020405777186990295 , 0.10204324035269649 , 0.049151872507273875 , -0.009951429602005658 , 0.03483365430932394 , 0.08001889022487232 , 0.06914794948659804 , 0.05581970762426705 , 0.03853639806907948 , 0.013275943532538515 , 0.03130153345223125 , 0.048809854606219165 , -0.020494030245043975 , -0.07427608096562446 , -0.014092242079407473 , 0.05091356929782758 , 0.054768175305218735 , 0.040081846520590075 , -0.007565796951591279 , -0.06267701506127181 , -0.04079646047201444 , -0.012508334559349828 , -0.04290682991494748 , -0.0652347785506986 , -0.051430673350195265 , -0.02343800725336104 , 0.014980415430184501 , 0.051658829488967335 , 0.08409925119449536 , 0.09149269931322265 , 0.05786221197279217 , 0.015282335679369756 , -0.011602941269610263 , -0.021768118680113982 , 0.01341323460155081 , 0.06045008386505076 , 0.0416592924093027 , 0.019451156139589792 , 0.06901940094554616 , 0.10590549817633929 , 0.07941809148414511 , 0.04803745638840557 , 0.012190320769623288 , -0.01884028763467379 , 0.037516901153840744 , 0.08972622109623409 , -0.00047901805512749946 , -0.08408409459268423 , -0.05367604101216967 , -0.013275266997495474 , 0.032521963532046665 , 0.06085304162195759 , -0.0365057529864094 , -0.1377307042369848 , -0.10276261842277427 , -0.05106375238734848 , -0.04521127767922509 , -0.03989429915026611 , -0.07035076855343844 , -0.09874917180510225 , -0.06747814426475694 , -0.032394978552852435 , -0.011926970875249798 , -0.0083658787847327 , -0.042823790687187675 , -0.0727069777700048 , -0.09828797264911682 , -0.09096255506453761 , 0.006031221505175425 , 0.0952421469956943 , 0.07904086190116072 , 0.027142037405466113 , -0.043478976078147574 , -0.11035965573967395 , -0.08034000752913385 , -0.02616489944985428 , -0.051390848361707285 , -0.0664243259359188 , -0.03311051994497374 , -0.0037664098554945798 , 0.03632039964769148 , 0.058681550400594876 , 0.015680226557085994 , -0.03182272053811277 , -0.028360357203838282 , -0.0074641545331510335 , 0.01685856872360006 , 0.045545484975800236 , 0.055422928844440195 , 0.051836270012649004 , 0.04885929828665389 , 0.04110098773560514 , 0.03173610575847138 , 0.031490142207097 , 0.03550099680442878 , 0.03999596692833136 , 0.0675845471487146 , 0.08124983662499694 , 0.026275513580697633 , -0.029282408214528276 , -0.00792072191517623 , 0.031144636833856317 , 0.023289520896682864 , 0.017616930173056305 , 0.061080732449285115 , 0.08051136817215016 , 0.03519957000427323 , -0.017927588301419304 , -0.06625324236077268 , -0.0913795644757022 , -0.02332448054410884 , 0.05136185724357873 , 0.0241583074518471 , -0.016566755489263885 , -0.010875755031110055 , -0.004422144351792971 , 0.0062764046984950155 , 0.02013900431503661 , 0.012428145086373561 , -0.002017486876460488 , -0.007805074085563692 , -0.012204750685107792 , -0.0362225438023769 , -0.05347097663279058 , -0.017348394958313116 , 0.011080540086296772 , -0.014610541609046245 , -0.04430459763959504 , -0.06025552186223505 , -0.05818677304738778 , 0.0015490825835676166 , 0.0684342456265323 , 0.07952311944257785 , 0.07617969849336251 , 0.07148349297999995 , 0.05582378064834009 , 0.058191176133952 , 0.05334952700373468 , 0.02145962676092286 , -0.007279672066311523 , -0.042347251694831646 , -0.05864065926589934 , -0.002561066316092577 , 0.05403351537485578 , 0.06003351678163006 , 0.0530760169123028 , 0.018239690153732193 , -0.012633926307190024 , 0.05327240503744393 , 0.11358540463583158 , 0.0801656855147558 , 0.03460111651381225 , -0.008410009158761342 , -0.033338887687642885 , 0.015508867433729425 , 0.07388378424525595 , 0.07964298483758647 , 0.05631447903279598 , 0.02342635836388231 , -0.020797277076665066 , -0.07000764868075819 , -0.08814509247133853 , -0.039904270966986566 , 0.02484868438618605 , 0.06061280902072032 , 0.07473427081816097 , 0.04294215479037321 , -0.007541279004236252 , -0.0029798840567453605 , 0.0029136219502222654 , -0.0354495882970898 , -0.0639550992370458 , -0.055431981537191255 , -0.03366495802396812 , -0.009218365754096727 , 0.02324424511829711 , 0.04203450837100714 , 0.05073784077977762 , 0.08800125813204629 , 0.1019650068046805 , 0.04105413499137415 , -0.02134016589837376 , -0.042692370331810774 , -0.03971089150104189 , -0.008941823085304272 , 0.02305212283420637 , 0.025942910433935464 , 0.0066361798697070675 , -0.029076320982509257 , -0.0586755726115766 , -0.06159504474245235 , -0.04161367389698114 , 0.026634127693762267 , 0.09018054839183175 , 0.0539963823581788 , 0.002384118926347892 , 0.012889386595911616 , 0.015996256741599817 , 0.011031840127320489 , 0.006440426000548145 , -0.0746354767382947 , -0.13747194699925375 , -0.06183355654681983 , 0.020814131341496515 , 0.006258701522163116 , -0.022783799239906425 , -0.0527583682593168 , -0.08163737649839689 , -0.04415669595252361 , 0.00013664888420291147 , -0.0283013335936235 , -0.06503054978619775 , -0.04773232366736889 , -0.029565278382551418 , -0.06749248594068888 , -0.08716672467908554 , -0.03216989038311201 , 0.02249151553854431 , 0.05209756264745331 , 0.06724499906060322 , -0.015627243225393796 , -0.09153841117745921 , -9.13930723279346e-05 , 0.0868371622537415 , 0.03656518318818605 , -0.031232433960124897 , -0.09771083062672056 , -0.142669290177401 , -0.06516303418559485 , 0.03948802453511732 , 0.032866439707235844 , 0.012447204019288696 , 0.06174520438291362 , 0.08120879804529677 , 0.03350249836116124 , -0.016749491702079868 , -0.0668033958950697 , -0.09130883405846672 , -0.02332448054410884 , 0.05136185724357873 , 0.0241583074518471 , -0.016566755489263885 , -0.010875755031110055 , -0.004422144351792971 , 0.0062764046984950155 , 0.02013900431503661 , 0.012428145086373561 , -0.002017486876460488 , -0.007805074085563692 , -0.012204750685107792 , -0.0362225438023769 , -0.053420736639100956 , -0.01773917040078488 , 0.011908303972397175 , -0.015745652631984478 , -0.043907672620344035 , -0.05997208442019675 , -0.06118276250262663 , 0.007817331036970878 , 0.07391001591603376 , 0.039895359158775415 , -0.00888056885100122 , -0.0042600127184317695 , 0.002882072588438904 , -0.0016997769882577478 , 0.0007431833475899121 , 0.00039546562995890824 , -0.0005861321625654255 , 0.00030678956479522905 , -3.944236030254013e-05 , 0.0 , -2.0916577335418077e-05 , 0.00016269279040396077 , -0.00032975293284026445 , 0.00035690230014877756 , 0.00011759574602980387 , -0.0007480804252314535 , 0.0019523695361281595 , -0.003105106604156511 , -0.0034589523881418545 , 0.019434445789297736 , 0.03441741941403143 , 0.02403404026778915 , 0.004067238074608422 , -0.033315419765223786 , -0.06042631784930826 , -0.0383711812386052 , -0.00469343111234514 , 0.0009981646181669462 , -0.0034020182439094306 , 0.0005297250246474405 , -0.003740913893957365 , -0.03942263198263472 , -0.060678878077570476 , -0.03150730102762683 , -0.0009983914534305684 , 0.0326109257981456 , 0.04353391655447437 , -0.034355171675806324 , -0.10543066202930043 , -0.07032506441984265 , -0.006426338359474044 , 0.052210830693396486 , 0.11016996737668833 , 0.09025868758972097 , 0.050484393133930855 , 0.09025868758972101 , 0.11016996737668835 , 0.0522108306933965 , -0.006426338359474043 , -0.07032506441984267 , -0.10543066202930043 , -0.03435517167580634 , 0.04353391655447437 , 0.032610925798145604 , -0.0009983914534305695 , -0.031507301027626826 , -0.06067887807757048 , -0.039422631982634716 , -0.003740913893957356 , 0.0005297250246474468 , -0.00334179336879054 , 0.0005297250246474405 , -0.003740913893957365 , -0.03942263198263472 , -0.060678878077570476 , -0.03150730102762683 , -0.0009983914534305684 , 0.0326109257981456 , 0.04353391655447437 , -0.034355171675806324 , -0.10543066202930043 , -0.07032506441984265 , -0.006426338359474044 , 0.052210830693396486 , 0.11016996737668833 , 0.09025868758972097 , 0.050484393133930855 , 0.09025868758972101 , 0.11016996737668835 , 0.0522108306933965 , -0.006426338359474043 , -0.07032506441984267 , -0.10543066202930043 , -0.03435517167580634 , 0.04353391655447437 , 0.032610925798145604 , -0.0009983914534305695 , -0.031507301027626826 , -0.06067887807757048 , -0.039422631982634716 , -0.003740913893957356 , 0.0005297250246474468 , -0.00334179336879054 , 0.0005297250246474405 , -0.003740913893957365 , -0.03942263198263472 , -0.060678878077570476 , -0.03150730102762683 , -0.0009983914534305684 , 0.0326109257981456 , 0.04353391655447437 , -0.034355171675806324 , -0.10543066202930043 , -0.07032506441984265 , -0.006426338359474044 , 0.052210830693396486 , 0.11016996737668833 , 0.09025868758972097 , 0.050484393133930855 , 0.09025868758972101 , 0.11016996737668835 , 0.0522108306933965 , -0.006426338359474043 , -0.07032506441984267 , -0.10543066202930043 , -0.03435517167580634 , 0.04353391655447437 , 0.032610925798145604 , -0.0009983914534305695 , -0.031507301027626826 , -0.06067887807757048 , -0.039422631982634716 , -0.003740913893957356 , 0.0005297250246474468 , -0.00334179336879054 , 0.0005297250246474405 , -0.003740913893957365 , -0.03942263198263472 , -0.060678878077570476 , -0.03150730102762683 , -0.0009983914534305684 , 0.0326109257981456 , 0.04353391655447437 , -0.034355171675806324 , -0.10543066202930043 , -0.07032506441984265 , -0.006426338359474044 , 0.052210830693396486 , 0.11016996737668833 , 0.09025868758972097 , 0.050484393133930855 , 0.09025868758972101 , 0.11016996737668835 , 0.0522108306933965 , -0.006426338359474043 , -0.07032506441984267 , -0.10543066202930043 , -0.03435517167580634 , 0.04353391655447437 , 0.032610925798145604 , -0.0009983914534305695 , -0.031507301027626826 , -0.06067887807757048 , -0.039422631982634716 , -0.003740913893957356 , 0.0005297250246474468 , -0.00334179336879054 , 0.0005297250246474405 , -0.003740913893957365 , -0.03942263198263472 , -0.060678878077570476 , -0.03150730102762683 , -0.0009983914534305684 , 0.0326109257981456 , 0.04353391655447437 , -0.034355171675806324 , -0.10543066202930043 , -0.07032506441984265 , -0.006426338359474044 , 0.052210830693396486 , 0.11016996737668833 , 0.09025868758972097 , 0.050484393133930855 , 0.09025868758972101 , 0.11016996737668835 , 0.0522108306933965 , -0.006426338359474043 , -0.07032506441984267 , -0.10543066202930043 , -0.03435517167580634 , 0.04353391655447437 , 0.032610925798145604 , -0.0009983914534305695 , -0.031507301027626826 , -0.06067887807757048 , -0.039422631982634716 , -0.003740913893957356 , 0.0005297250246474468 , -0.00334179336879054 , 0.0005297250246474405 , -0.003740913893957365 , -0.03942263198263472 , -0.060678878077570476 , -0.03150730102762683 , -0.0009983914534305684 , 0.0326109257981456 , 0.04353391655447437 , -0.034355171675806324 , -0.10543066202930043 , -0.07032506441984265 , -0.006426338359474044 , 0.052210830693396486 , 0.11016996737668833 , 0.09025868758972097 , 0.050484393133930855 , 0.09025868758972101 , 0.11016996737668835 , 0.0522108306933965 , -0.006426338359474043 , -0.07032506441984267 , -0.10543066202930043 , -0.03435517167580634 , 0.04353391655447437 , 0.032610925798145604 , -0.0009983914534305695 , -0.031507301027626826 , -0.06067887807757048 , -0.039422631982634716 , -0.003740913893957356 , 0.0005297250246474468 , -0.00334179336879054 , 0.0005297250246474405 , -0.003740913893957365 , -0.03942263198263472 , -0.060678878077570476 , -0.03150730102762683 , -0.0009983914534305684 , 0.0326109257981456 , 0.04353391655447437 , -0.034355171675806324 , -0.10543066202930043 , -0.07032506441984265 , -0.006426338359474044 , 0.052210830693396486 , 0.11016996737668833 , 0.09025868758972097 , 0.050484393133930855 , 0.09025868758972101 , 0.11016996737668835 , 0.0522108306933965 , -0.006426338359474043 , -0.07032506441984267 , -0.10543066202930043 , -0.03435517167580634 , 0.04353391655447437 , 0.032610925798145604 , -0.0009983914534305695 , -0.031507301027626826 , -0.06067887807757048 , -0.039422631982634716 , -0.003740913893957356 , 0.0005297250246474468 , -0.00334179336879054 , 0.0005297250246474405 , -0.003740913893957365 , -0.03942263198263472 , -0.060678878077570476 , -0.03150730102762683 , -0.0009983914534305684 , 0.0326109257981456 , 0.04353391655447437 , -0.034355171675806324 , -0.10543066202930043 , -0.07032506441984265 , -0.006426338359474044 , 0.052210830693396486 , 0.11016996737668833 , 0.09025868758972097 , 0.050484393133930855 , 0.09025868758972101 , 0.11016996737668835 , 0.0522108306933965 , -0.006426338359474043 , -0.07032506441984267 , -0.10543066202930043 , -0.03435517167580634 , 0.04353391655447437 , 0.032610925798145604 , -0.0009983914534305695 , -0.031507301027626826 , -0.06067887807757048 , -0.039422631982634716 , -0.003740913893957356 , 0.0005297250246474468 , -0.00334179336879054 , 0.0005297250246474405 , -0.003740913893957365 , -0.03942263198263472 , -0.060678878077570476 , -0.03150730102762683 , -0.0009983914534305684 , 0.0326109257981456 , 0.04353391655447437 , -0.034355171675806324 , -0.10543066202930043 , -0.07032506441984265 , -0.006426338359474044 , 0.052210830693396486 , 0.11016996737668833 , 0.09025868758972097 , 0.050484393133930855 , 0.09025868758972101 , 0.11016996737668835 , 0.0522108306933965 , -0.006426338359474043 , -0.07032506441984267 , -0.10543066202930043 , -0.03435517167580634 , 0.04353391655447437 , 0.032610925798145604 , -0.0009983914534305695 , -0.031507301027626826 , -0.06067887807757048 , -0.039422631982634716 , -0.003740913893957356 , 0.0005297250246474468 , -0.00334179336879054 , 0.0005297250246474405 , -0.003740913893957365 , -0.03942263198263472 , -0.060678878077570476 , -0.03150730102762683 , -0.0009983914534305684 , 0.0326109257981456 , 0.04353391655447437 , -0.034355171675806324 , -0.10543066202930043 , -0.07032506441984265 , -0.006426338359474044 , 0.052210830693396486 , 0.11019088395402374 , 0.09009599479931701 , 0.050858526586032196 , 0.08955658586222925 , 0.11079792180613901 , 0.0518447410569435 , -0.0077790615687559315 , -0.06739396561631304 , -0.1042806622330594 , -0.04855101662169647 , 0.013365692530763055 , -0.024665033924613302 , -0.0796755781741304 , -0.07413371278477233 , -0.07099409356095511 , -0.08401863215346432 , -0.0804528998331864 , -0.06641219903216973 , -0.04390132840448908 , 0.014741169553084866 , 0.059722626579095925 , 0.03900827217165102 , 0.013782279527470537 , 0.0016598404051358564 , 0.004056352857718688 , 0.06510116651555017 , 0.11782632725375493 , 0.07346648163852487 , 0.012201143303413845 , -0.031006097524879307 , -0.06411147939255596 , -0.03665147832023016 , 0.0011604757989327934 , -0.03493112376620183 , -0.07359424213765711 , -0.05855110248419985 , -0.04614388320446977 , -0.03424083333221228 , -0.018518623553442363 , -0.0567972300672895 , -0.0831562939324117 , -0.01083155437491363 , 0.05142281208970692 , 0.04103840051779092 , 0.008311766366668591 , -0.06750882808597981 , -0.12754099542598632 , -0.06413902316575379 , 0.022332740699265687 , 0.034994504976914864 , 0.0403633383357396 , 0.039013518518408195 , 0.024256408543564482 , 0.06291708031723263 , 0.09268981172962987 , 0.04002708215528546 , -0.009643017974989027 , -0.0028350020793714093 , 0.01835639795552071 , 0.04923427768218693 , 0.08212371239941804 , 0.06113730743016942 , 0.027865759463854032 , 0.0565594714226681 , 0.06855770724155442 , 0.024729750348441683 , -0.017432104412491763 , -0.05723038737394495 , -0.06629411883898048 , 0.005257818018824588 , 0.0859335455720168 , 0.10099124419099827 , 0.08071966163150382 , 0.05260265614436104 , -1.4907779871675686e-19 , -0.05260265614436104 , -0.08071966163150385 , -0.10099124419099828 , -0.08593354557201678 , -0.0052578180188245895 , 0.06629411883898045 , 0.05723038737394495 , 0.01743210441249176 , -0.024729750348441677 , -0.0685577072415544 , -0.0565594714226681 , -0.027865759463854053 , -0.061137307430169444 , -0.08212371239941804 , -0.04923427768218694 , -0.01835639795552071 , 0.002835002079371415 , 0.009643017974989036 , -0.04002708215528545 , -0.09268981172962985 , -0.06291708031723263 , -0.02425640854356449 , -0.039013518518408195 , -0.0403633383357396 , -0.03499450497691488 , -0.022332740699265708 , 0.06413902316575378 , 0.12754099542598635 , 0.06750882808597983 , -0.008311766366668586 , -0.04103840051779092 , -0.05142281208970692 , 0.010831554374913628 , 0.08315629393241171 , 0.05679723006728948 , 0.01851862355344235 , 0.03424083333221227 , 0.046143883204469785 , 0.05855110248419987 , 0.07359424213765711 , 0.03493112376620183 , -0.001160475798932796 , 0.03665147832023017 , 0.06411147939255597 , 0.031006097524879313 , -0.012201143303413837 , -0.07346648163852486 , -0.11782632725375491 , -0.06510116651555017 , -0.004056352857718692 , -0.0016598404051358583 , -0.013782279527470541 , -0.03900827217165102 , -0.059722626579095946 , -0.014741169553084868 , 0.044005933798869044 , 0.06559856001130727 , 0.08215096722705466 , 0.08185301134775035 , 0.07134117965953915 , 0.07576782372174239 , 0.07230099605419059 , 0.038480520298377355 , -5.421010862427522e-19 , -0.038480520298377355 , -0.07230099605419059 , -0.0757678237217424 , -0.07134117965953915 , -0.08185301134775035 , -0.08215096722705464 , -0.06559856001130726 , -0.044005933798869044 , 0.014741169553084866 , 0.059722626579095925 , 0.03900827217165102 , 0.013782279527470537 , 0.0016598404051358564 , 0.004056352857718688 , 0.06510116651555017 , 0.11782632725375493 , 0.07346648163852487 , 0.012201143303413845 , -0.031006097524879307 , -0.06411147939255596 , -0.03665147832023016 , 0.0011604757989327934 , -0.03493112376620183 , -0.07359424213765711 , -0.05855110248419985 , -0.04614388320446977 , -0.03424083333221228 , -0.018518623553442363 , -0.0567972300672895 , -0.0831562939324117 , -0.01083155437491363 , 0.05142281208970692 , 0.04103840051779092 , 0.008311766366668591 , -0.06750882808597981 , -0.12754099542598632 , -0.06413902316575379 , 0.022332740699265687 , 0.034994504976914864 , 0.0403633383357396 , 0.039013518518408195 , 0.024256408543564482 , 0.06291708031723263 , 0.09268981172962987 , 0.04002708215528546 , -0.009643017974989027 , -0.0028350020793714093 , 0.01835639795552071 , 0.04923427768218693 , 0.08212371239941804 , 0.06113730743016942 , 0.027865759463854032 , 0.0565594714226681 , 0.06855770724155442 , 0.024729750348441683 , -0.017432104412491763 , -0.05723038737394495 , -0.06629411883898048 , 0.005257818018824588 , 0.0859335455720168 , 0.10099124419099827 , 0.08071966163150382 , 0.05260265614436104 , -1.4907779871675686e-19 , -0.05260265614436104 , -0.08071966163150385 , -0.10099124419099828 , -0.08593354557201678 , -0.0052578180188245895 , 0.06629411883898045 , 0.05723038737394495 , 0.01743210441249176 , -0.024729750348441677 , -0.0685577072415544 , -0.0565594714226681 , -0.027865759463854053 , -0.061137307430169444 , -0.08212371239941804 , -0.04923427768218694 , -0.01835639795552071 , 0.002835002079371415 , 0.009643017974989036 , -0.04002708215528545 , -0.09268981172962985 , -0.06291708031723263 , -0.02425640854356449 , -0.039013518518408195 , -0.0403633383357396 , -0.03499450497691488 , -0.022332740699265708 , 0.06413902316575378 , 0.12754099542598635 , 0.06750882808597983 , -0.008311766366668586 , -0.04103840051779092 , -0.05142281208970692 , 0.010831554374913628 , 0.08315629393241171 , 0.05679723006728948 , 0.01851862355344235 , 0.03424083333221227 , 0.046143883204469785 , 0.05855110248419987 , 0.07359424213765711 , 0.03493112376620183 , -0.001160475798932796 , 0.03665147832023017 , 0.06411147939255597 , 0.031006097524879313 , -0.012201143303413837 , -0.07346648163852486 , -0.11782632725375491 , -0.06510116651555017 , -0.004056352857718692 , -0.0016598404051358583 , -0.013782279527470541 , -0.03900827217165102 , -0.059722626579095946 , -0.014741169553084868 , 0.044005933798869044 , 0.06559856001130727 , 0.08215096722705466 , 0.08185301134775035 , 0.07134117965953915 , 0.07576782372174239 , 0.07230099605419059 , 0.038480520298377355 , -5.421010862427522e-19 , -0.038480520298377355 , -0.07230099605419059 , -0.0757678237217424 , -0.07134117965953915 , -0.08185301134775035 , -0.08215096722705464 , -0.06559856001130726 , -0.044005933798869044 , 0.014741169553084866 , 0.059722626579095925 , 0.03900827217165102 , 0.013782279527470537 , 0.0016598404051358564 , 0.004056352857718688 , 0.06510116651555017 , 0.11782632725375493 , 0.07346648163852487 , 0.012201143303413845 , -0.031006097524879307 , -0.06411147939255596 , -0.03665147832023016 , 0.0011604757989327934 , -0.03493112376620183 , -0.07359424213765711 , -0.05855110248419985 , -0.04614388320446977 , -0.03424083333221228 , -0.018518623553442363 , -0.0567972300672895 , -0.0831562939324117 , -0.01083155437491363 , 0.05142281208970692 , 0.04103840051779092 , 0.008311766366668591 , -0.06750882808597981 , -0.12754099542598632 , -0.06413902316575379 , 0.022332740699265687 , 0.034994504976914864 , 0.0403633383357396 , 0.039013518518408195 , 0.024256408543564482 , 0.06291708031723263 , 0.09268981172962987 , 0.04002708215528546 , -0.009643017974989027 , -0.0028350020793714093 , 0.01835639795552071 , 0.04923427768218693 , 0.08212371239941804 , 0.06113730743016942 , 0.027865759463854032 , 0.0565594714226681 , 0.06850330523051285 , 0.025152898688536277 , -0.01835925489001956 , -0.05576157655841455 , -0.06715991853804261 , 0.0050895399116607145 , 0.0901368642584251 , 0.09224254334787062 , 0.07749923689092598 , 0.09197727869011267 , 0.08382347948296716 , 0.06385788927198499 , 0.03510884791884839 , -0.044547171632907154 , -0.11138583312934172 , -0.07779207365170598 , -0.02793888140515385 , -0.05056187096727874 , -0.06653090330629166 , -0.03311051994497374 , -0.0037664098554945798 , 0.03632039964769148 , 0.058681550400594876 , 0.015680226557085994 , -0.03182272053811277 , -0.028360357203838282 , -0.0074641545331510335 , 0.01685856872360006 , 0.045545484975800236 , 0.055422928844440195 , 0.051836270012649004 , 0.04885929828665389 , 0.041195581741598424 , 0.031000337064399374 , 0.03300793260392963 , 0.03368079037889835 , 0.04005283456128035 , 0.06918634962039437 , 0.07497993874350292 , 0.038236589607724254 , -0.016589371595467212 , -0.08799240446974253 , -0.1319975868869183 , -0.08964997537220762 , -0.015932488188863676 , 0.026513667312377517 , 0.05519002020599402 , 0.07084118844332156 , 0.05445712794663963 , 0.02506634295609749 , -0.010815457153839622 , -0.048469891968663505 , -0.0686166056224204 , -0.04666272913756343 , -0.004248143223934221 , -0.01723491755120967 , -0.025115688137506368 , 0.04856598043247938 , 0.09498858685624754 , 0.06381746912874761 , 0.013633945456931118 , -0.08568535825623821 , -0.1584357973421219 , -0.053397179953206045 , 0.06344861961809882 , 0.02424501697839844 , -0.030316010405151077 , -0.0460291859039917 , -0.05723140519503882 , 0.020405777186990295 , 0.10204324035269649 , 0.049151872507273875 , -0.009951429602005658 , 0.03483365430932394 , 0.08001889022487232 , 0.06914794948659804 , 0.05581970762426705 , 0.03853639806907948 , 0.013275943532538515 , 0.03130153345223125 , 0.048809854606219165 , -0.020494030245043975 , -0.07427608096562446 , -0.014092242079407473 , 0.05091356929782758 , 0.054768175305218735 , 0.040081846520590075 , -0.007565796951591279 , -0.06267701506127181 , -0.04079646047201444 , -0.012508334559349828 , -0.04290682991494748 , -0.0652347785506986 , -0.051430673350195265 , -0.02343800725336104 , 0.014980415430184501 , 0.051658829488967335 , 0.08409925119449536 , 0.09149269931322265 , 0.05786221197279217 , 0.015282335679369756 , -0.011602941269610263 , -0.021768118680113982 , 0.01341323460155081 , 0.06045008386505076 , 0.0416592924093027 , 0.019451156139589792 , 0.06901940094554616 , 0.10590549817633929 , 0.07941809148414511 , 0.04803745638840557 , 0.012190320769623288 , -0.01884028763467379 , 0.037516901153840744 , 0.08972622109623409 , -0.00047901805512749946 , -0.08408409459268423 , -0.05367604101216967 , -0.013275266997495474 , 0.032521963532046665 , 0.06085304162195759 , -0.0365057529864094 , -0.1377307042369848 , -0.10276261842277427 , -0.05106375238734848 , -0.04521127767922509 , -0.03989429915026611 , -0.07035076855343844 , -0.09874917180510225 , -0.06747814426475694 , -0.032394978552852435 , -0.011926970875249798 , -0.0083658787847327 , -0.042823790687187675 , -0.0727069777700048 , -0.09828797264911682 , -0.09096255506453761 , 0.006031221505175425 , 0.0952421469956943 , 0.07904086190116072 , 0.027142037405466113 , -0.043478976078147574 , -0.11035965573967395 , -0.08034000752913385 , -0.02616489944985428 , -0.051390848361707285 , -0.0664243259359188 , -0.03311051994497374 , -0.0037664098554945798 , 0.03632039964769148 , 0.058681550400594876 , 0.015680226557085994 , -0.03182272053811277 , -0.028360357203838282 , -0.0074641545331510335 , 0.01685856872360006 , 0.045545484975800236 , 0.055422928844440195 , 0.051836270012649004 , 0.04885929828665389 , 0.04110098773560514 , 0.03173610575847138 , 0.031490142207097 , 0.03550099680442878 , 0.03999596692833136 , 0.0675845471487146 , 0.08124983662499694 , 0.026275513580697633 , -0.029282408214528276 , -0.00792072191517623 , 0.031144636833856317 , 0.023289520896682864 , 0.017616930173056305 , 0.061080732449285115 , 0.08051136817215016 , 0.03519957000427323 , -0.017927588301419304 , -0.06625324236077268 , -0.0913795644757022 , -0.02332448054410884 , 0.05136185724357873 , 0.0241583074518471 , -0.016566755489263885 , -0.010875755031110055 , -0.004422144351792971 , 0.0062764046984950155 , 0.02013900431503661 , 0.012428145086373561 , -0.002017486876460488 , -0.007805074085563692 , -0.012204750685107792 , -0.0362225438023769 , -0.05347097663279058 , -0.017348394958313116 , 0.011080540086296772 , -0.014610541609046245 , -0.04430459763959504 , -0.06025552186223505 , -0.05818677304738778 , 0.0015490825835676166 , 0.0684342456265323 , 0.07952311944257785 , 0.07617969849336251 , 0.07148349297999995 , 0.05582378064834009 , 0.058191176133952 , 0.05334952700373468 , 0.02145962676092286 , -0.007279672066311523 , -0.042347251694831646 , -0.05864065926589934 , -0.002561066316092577 , 0.05403351537485578 , 0.06003351678163006 , 0.0530760169123028 , 0.018239690153732193 , -0.012633926307190024 , 0.05327240503744393 , 0.11358540463583158 , 0.0801656855147558 , 0.03460111651381225 , -0.008410009158761342 , -0.033338887687642885 , 0.015508867433729425 , 0.07388378424525595 , 0.07964298483758647 , 0.05631447903279598 , 0.02342635836388231 , -0.020797277076665066 , -0.07000764868075819 , -0.08814509247133853 , -0.039904270966986566 , 0.02484868438618605 , 0.06061280902072032 , 0.07473427081816097 , 0.04294215479037321 , -0.007541279004236252 , -0.0029798840567453605 , 0.0029136219502222654 , -0.0354495882970898 , -0.0639550992370458 , -0.055431981537191255 , -0.03366495802396812 , -0.009218365754096727 , 0.02324424511829711 , 0.04203450837100714 , 0.05073784077977762 , 0.08800125813204629 , 0.1019650068046805 , 0.04105413499137415 , -0.02134016589837376 , -0.042692370331810774 , -0.03971089150104189 , -0.008941823085304272 , 0.02305212283420637 , 0.025942910433935464 , 0.0066361798697070675 , -0.029076320982509257 , -0.0586755726115766 , -0.06159504474245235 , -0.04161367389698114 , 0.026634127693762267 , 0.09018054839183175 , 0.0539963823581788 , 0.002384118926347892 , 0.012889386595911616 , 0.015996256741599817 , 0.011031840127320489 , 0.006440426000548145 , -0.0746354767382947 , -0.13747194699925375 , -0.06183355654681983 , 0.020814131341496515 , 0.006258701522163116 , -0.022783799239906425 , -0.0527583682593168 , -0.08163737649839689 , -0.04415669595252361 , 0.00013664888420291147 , -0.0283013335936235 , -0.06503054978619775 , -0.04773232366736889 , -0.029565278382551418 , -0.06749248594068888 , -0.08716672467908554 , -0.03216989038311201 , 0.02249151553854431 , 0.05209756264745331 , 0.06724499906060322 , -0.015627243225393796 , -0.09153841117745921 , -9.13930723279346e-05 , 0.0868371622537415 , 0.03656518318818605 , -0.031232433960124897 , -0.09771083062672056 , -0.142669290177401 , -0.06516303418559485 , 0.03948802453511732 , 0.032866439707235844 , 0.012447204019288696 , 0.06174520438291362 , 0.08120879804529677 , 0.03350249836116124 , -0.016749491702079868 , -0.0668033958950697 , -0.09130883405846672 , -0.02332448054410884 , 0.05136185724357873 , 0.0241583074518471 , -0.016566755489263885 , -0.010875755031110055 , -0.004422144351792971 , 0.0062764046984950155 , 0.02013900431503661 , 0.012428145086373561 , -0.002017486876460488 , -0.007805074085563692 , -0.012204750685107792 , -0.0362225438023769 , -0.053420736639100956 , -0.01773917040078488 , 0.011908303972397175 , -0.015745652631984478 , -0.043907672620344035 , -0.05997208442019675 , -0.06118276250262663 , 0.007817331036970878 , 0.07391001591603376 , 0.039895359158775415 , -0.00888056885100122 , -0.0042600127184317695 , 0.002882072588438904 , -0.0016997769882577478 , 0.0007431833475899121 , 0.00039546562995890824 , -0.0005861321625654255 , 0.00030678956479522905 , -3.944236030254013e-05 , 0.0 , -2.0916577335418077e-05 , 0.00016269279040396077 , -0.00032975293284026445 , 0.00035690230014877756 , 0.00011759574602980387 , -0.0007480804252314535 , 0.0019523695361281595 , -0.003105106604156511 , -0.0034589523881418545 , 0.019434445789297736 , 0.03441741941403143 , 0.02403404026778915 , 0.004067238074608422 , -0.033315419765223786 , -0.06042631784930826 , -0.0383711812386052 , -0.00469343111234514 , 0.0009981646181669462 , -0.0034020182439094306 , 0.0005297250246474405 , -0.003740913893957365 , -0.03942263198263472 , -0.060678878077570476 , -0.03150730102762683 , -0.0009983914534305684 , 0.0326109257981456 , 0.04353391655447437 , -0.034355171675806324 , -0.10543066202930043 , -0.07032506441984265 , -0.006426338359474044 , 0.052210830693396486 , 0.11016996737668833 , 0.09025868758972097 , 0.050484393133930855 , 0.09025868758972101 , 0.11016996737668835 , 0.0522108306933965 , -0.006426338359474043 , -0.07032506441984267 , -0.10543066202930043 , -0.03435517167580634 , 0.04353391655447437 , 0.032610925798145604 , -0.0009983914534305695 , -0.031507301027626826 , -0.06067887807757048 , -0.039422631982634716 , -0.003740913893957356 , 0.0005297250246474468 , -0.00334179336879054 , 0.0005297250246474405 , -0.003740913893957365 , -0.03942263198263472 , -0.060678878077570476 , -0.03150730102762683 , -0.0009983914534305684 , 0.0326109257981456 , 0.04353391655447437 , -0.034355171675806324 , -0.10543066202930043 , -0.07032506441984265 , -0.006426338359474044 , 0.052210830693396486 , 0.11016996737668833 , 0.09025868758972097 , 0.050484393133930855 , 0.09025868758972101 , 0.11016996737668835 , 0.0522108306933965 , -0.006426338359474043 , -0.07032506441984267 , -0.10543066202930043 , -0.03435517167580634 , 0.04353391655447437 , 0.032610925798145604 , -0.0009983914534305695 , -0.031507301027626826 , -0.06067887807757048 , -0.039422631982634716 , -0.003740913893957356 , 0.0005297250246474468 , -0.00334179336879054 , 0.0005297250246474405 , -0.003740913893957365 , -0.03942263198263472 , -0.060678878077570476 , -0.03150730102762683 , -0.0009983914534305684 , 0.0326109257981456 , 0.04353391655447437 , -0.034355171675806324 , -0.10543066202930043 , -0.07032506441984265 , -0.006426338359474044 , 0.052210830693396486 , 0.11016996737668833 , 0.09025868758972097 , 0.050484393133930855 , 0.09025868758972101 , 0.11016996737668835 , 0.0522108306933965 , -0.006426338359474043 , -0.07032506441984267 , -0.10543066202930043 , -0.03435517167580634 , 0.04353391655447437 , 0.032610925798145604 , -0.0009983914534305695 , -0.031507301027626826 , -0.06067887807757048 , -0.039422631982634716 , -0.003740913893957356 , 0.0005297250246474468 , -0.00334179336879054 , 0.0005297250246474405 , -0.003740913893957365 , -0.03942263198263472 , -0.060678878077570476 , -0.03150730102762683 , -0.0009983914534305684 , 0.0326109257981456 , 0.04353391655447437 , -0.034355171675806324 , -0.10543066202930043 , -0.07032506441984265 , -0.006426338359474044 , 0.052210830693396486 , 0.11016996737668833 , 0.09025868758972097 , 0.050484393133930855 , 0.09025868758972101 , 0.11016996737668835 , 0.0522108306933965 , -0.006426338359474043 , -0.07032506441984267 , -0.10543066202930043 , -0.03435517167580634 , 0.04353391655447437 , 0.032610925798145604 , -0.0009983914534305695 , -0.031507301027626826 , -0.06067887807757048 , -0.039422631982634716 , -0.003740913893957356 , 0.0005297250246474468 , -0.00334179336879054 , 0.0005297250246474405 , -0.003740913893957365 , -0.03942263198263472 , -0.060678878077570476 , -0.03150730102762683 , -0.0009983914534305684 , 0.0326109257981456 , 0.04353391655447437 , -0.034355171675806324 , -0.10543066202930043 , -0.07032506441984265 , -0.006426338359474044 , 0.052210830693396486 , 0.11016996737668833 , 0.09025868758972097 , 0.050484393133930855 , 0.09025868758972101 , 0.11016996737668835 , 0.0522108306933965 , -0.006426338359474043 , -0.07032506441984267 , -0.10543066202930043 , -0.03435517167580634 , 0.04353391655447437 , 0.032610925798145604 , -0.0009983914534305695 , -0.031507301027626826 , -0.06067887807757048 , -0.039422631982634716 , -0.003740913893957356 , 0.0005297250246474468 , -0.00334179336879054 , 0.0005297250246474405 , -0.003740913893957365 , -0.03942263198263472 , -0.060678878077570476 , -0.03150730102762683 , -0.0009983914534305684 , 0.0326109257981456 , 0.04353391655447437 , -0.034355171675806324 , -0.10543066202930043 , -0.07032506441984265 , -0.006426338359474044 , 0.052210830693396486 , 0.11016996737668833 , 0.09025868758972097 , 0.050484393133930855 , 0.09025868758972101 , 0.11016996737668835 , 0.0522108306933965 , -0.006426338359474043 , -0.07032506441984267 , -0.10543066202930043 , -0.03435517167580634 , 0.04353391655447437 , 0.032610925798145604 , -0.0009983914534305695 , -0.031507301027626826 , -0.06067887807757048 , -0.039422631982634716 , -0.003740913893957356 , 0.0005297250246474468 , -0.00334179336879054 , 0.0005297250246474405 , -0.003740913893957365 , -0.03942263198263472 , -0.060678878077570476 , -0.03150730102762683 , -0.0009983914534305684 , 0.0326109257981456 , 0.04353391655447437 , -0.034355171675806324 , -0.10543066202930043 , -0.07032506441984265 , -0.006426338359474044 , 0.052210830693396486 , 0.11016996737668833 , 0.09025868758972097 , 0.050484393133930855 , 0.09025868758972101 , 0.11016996737668835 , 0.0522108306933965 , -0.006426338359474043 , -0.07032506441984267 , -0.10543066202930043 , -0.03435517167580634 , 0.04353391655447437 , 0.032610925798145604 , -0.0009983914534305695 , -0.031507301027626826 , -0.06067887807757048 , -0.039422631982634716 , -0.003740913893957356 , 0.0005297250246474468 , -0.00334179336879054 , 0.0005297250246474405 , -0.003740913893957365 , -0.03942263198263472 , -0.060678878077570476 , -0.03150730102762683 , -0.0009983914534305684 , 0.0326109257981456 , 0.04353391655447437 , -0.034355171675806324 , -0.10543066202930043 , -0.07032506441984265 , -0.006426338359474044 , 0.052210830693396486 , 0.11016996737668833 , 0.09025868758972097 , 0.050484393133930855 , 0.09025868758972101 , 0.11016996737668835 , 0.0522108306933965 , -0.006426338359474043 , -0.07032506441984267 , -0.10543066202930043 , -0.03435517167580634 , 0.04353391655447437 , 0.032610925798145604 , -0.0009983914534305695 , -0.031507301027626826 , -0.06067887807757048 , -0.039422631982634716 , -0.003740913893957356 , 0.0005297250246474468 , -0.00334179336879054 , 0.0005297250246474405 , -0.003740913893957365 , -0.03942263198263472 , -0.060678878077570476 , -0.03150730102762683 , -0.0009983914534305684 , 0.0326109257981456 , 0.04353391655447437 , -0.034355171675806324 , -0.10543066202930043 , -0.07032506441984265 , -0.006426338359474044 , 0.052210830693396486 , 0.11016996737668833 , 0.09025868758972097 , 0.050484393133930855 , 0.09025868758972101 , 0.11016996737668835 , 0.0522108306933965 , -0.006426338359474043 , -0.07032506441984267 , -0.10543066202930043 , -0.03435517167580634 , 0.04353391655447437 , 0.032610925798145604 , -0.0009983914534305695 , -0.031507301027626826 , -0.06067887807757048 , -0.039422631982634716 , -0.003740913893957356 , 0.0005297250246474468 , -0.00334179336879054 , 0.0005297250246474405 , -0.003740913893957365 , -0.03942263198263472 , -0.060678878077570476 , -0.03150730102762683 , -0.0009983914534305684 , 0.0326109257981456 , 0.04353391655447437 , -0.034355171675806324 , -0.10543066202930043 , -0.07032506441984265 , -0.006426338359474044 , 0.052210830693396486 , 0.11019088395402374 , 0.09009599479931701 , 0.050858526586032196 , 0.08955658586222925 , 0.11079792180613901 , 0.0518447410569435 , -0.0077790615687559315 , -0.06739396561631304 , -0.1042806622330594 , -0.04855101662169647 , 0.013365692530763055 , -0.024665033924613302 , -0.0796755781741304 , -0.07413371278477233 , -0.07099409356095511 , -0.08401863215346432 , -0.0804528998331864 , -0.06641219903216973 , -0.04390132840448908 , 0.014741169553084866 , 0.059722626579095925 , 0.03900827217165102 , 0.013782279527470537 , 0.0016598404051358564 , 0.004056352857718688 , 0.06510116651555017 , 0.11782632725375493 , 0.07346648163852487 , 0.012201143303413845 , -0.031006097524879307 , -0.06411147939255596 , -0.03665147832023016 , 0.0011604757989327934 , -0.03493112376620183 , -0.07359424213765711 , -0.05855110248419985 , -0.04614388320446977 , -0.03424083333221228 , -0.018518623553442363 , -0.0567972300672895 , -0.0831562939324117 , -0.01083155437491363 , 0.05142281208970692 , 0.04103840051779092 , 0.008311766366668591 , -0.06750882808597981 , -0.12754099542598632 , -0.06413902316575379 , 0.022332740699265687 , 0.034994504976914864 , 0.0403633383357396 , 0.039013518518408195 , 0.024256408543564482 , 0.06291708031723263 , 0.09268981172962987 , 0.04002708215528546 , -0.009643017974989027 , -0.0028350020793714093 , 0.01835639795552071 , 0.04923427768218693 , 0.08212371239941804 , 0.06113730743016942 , 0.027865759463854032 , 0.0565594714226681 , 0.06855770724155442 , 0.024729750348441683 , -0.017432104412491763 , -0.05723038737394495 , -0.06629411883898048 , 0.005257818018824588 , 0.0859335455720168 , 0.10099124419099827 , 0.08071966163150382 , 0.05260265614436104 , -1.4907779871675686e-19 , -0.05260265614436104 , -0.08071966163150385 , -0.10099124419099828 , -0.08593354557201678 , -0.0052578180188245895 , 0.06629411883898045 , 0.05723038737394495 , 0.01743210441249176 , -0.024729750348441677 , -0.0685577072415544 , -0.0565594714226681 , -0.027865759463854053 , -0.061137307430169444 , -0.08212371239941804 , -0.04923427768218694 , -0.01835639795552071 , 0.002835002079371415 , 0.009643017974989036 , -0.04002708215528545 , -0.09268981172962985 , -0.06291708031723263 , -0.02425640854356449 , -0.039013518518408195 , -0.0403633383357396 , -0.03499450497691488 , -0.022332740699265708 , 0.06413902316575378 , 0.12754099542598635 , 0.06750882808597983 , -0.008311766366668586 , -0.04103840051779092 , -0.05142281208970692 , 0.010831554374913628 , 0.08315629393241171 , 0.05679723006728948 , 0.01851862355344235 , 0.03424083333221227 , 0.046143883204469785 , 0.05855110248419987 , 0.07359424213765711 , 0.03493112376620183 , -0.001160475798932796 , 0.03665147832023017 , 0.06411147939255597 , 0.031006097524879313 , -0.012201143303413837 , -0.07346648163852486 , -0.11782632725375491 , -0.06510116651555017 , -0.004056352857718692 , -0.0016598404051358583 , -0.013782279527470541 , -0.03900827217165102 , -0.059722626579095946 , -0.014741169553084868 , 0.044005933798869044 , 0.06559856001130727 , 0.08215096722705466 , 0.08185301134775035 , 0.07134117965953915 , 0.07576782372174239 , 0.07230099605419059 , 0.038480520298377355 , -5.421010862427522e-19 , -0.038480520298377355 , -0.07230099605419059 , -0.0757678237217424 , -0.07134117965953915 , -0.08185301134775035 , -0.08215096722705464 , -0.06559856001130726 , -0.044005933798869044 , 0.014741169553084866 , 0.059722626579095925 , 0.03900827217165102 , 0.013782279527470537 , 0.0016598404051358564 , 0.004056352857718688 , 0.06510116651555017 , 0.11782632725375493 , 0.07346648163852487 , 0.012201143303413845 , -0.031006097524879307 , -0.06411147939255596 , -0.03665147832023016 , 0.0011604757989327934 , -0.03493112376620183 , -0.07359424213765711 , -0.05855110248419985 , -0.04614388320446977 , -0.03424083333221228 , -0.018518623553442363 , -0.0567972300672895 , -0.0831562939324117 , -0.01083155437491363 , 0.05142281208970692 , 0.04103840051779092 , 0.008311766366668591 , -0.06750882808597981 , -0.12754099542598632 , -0.06413902316575379 , 0.022332740699265687 , 0.034994504976914864 , 0.0403633383357396 , 0.039013518518408195 , 0.024256408543564482 , 0.06291708031723263 , 0.09268981172962987 , 0.04002708215528546 , -0.009643017974989027 , -0.0028350020793714093 , 0.01835639795552071 , 0.04923427768218693 , 0.08212371239941804 , 0.06113730743016942 , 0.027865759463854032 , 0.0565594714226681 , 0.06855770724155442 , 0.024729750348441683 , -0.017432104412491763 , -0.05723038737394495 , -0.06629411883898048 , 0.005257818018824588 , 0.0859335455720168 , 0.10099124419099827 , 0.08071966163150382 , 0.05260265614436104 , -1.4907779871675686e-19 , -0.05260265614436104 , -0.08071966163150385 , -0.10099124419099828 , -0.08593354557201678 , -0.0052578180188245895 , 0.06629411883898045 , 0.05723038737394495 , 0.01743210441249176 , -0.024729750348441677 , -0.0685577072415544 , -0.0565594714226681 , -0.027865759463854053 , -0.061137307430169444 , -0.08212371239941804 , -0.04923427768218694 , -0.01835639795552071 , 0.002835002079371415 , 0.009643017974989036 , -0.04002708215528545 , -0.09268981172962985 , -0.06291708031723263 , -0.02425640854356449 , -0.039013518518408195 , -0.0403633383357396 , -0.03499450497691488 , -0.022332740699265708 , 0.06413902316575378 , 0.12754099542598635 , 0.06750882808597983 , -0.008311766366668586 , -0.04103840051779092 , -0.05142281208970692 , 0.010831554374913628 , 0.08315629393241171 , 0.05679723006728948 , 0.01851862355344235 , 0.03424083333221227 , 0.046143883204469785 , 0.05855110248419987 , 0.07359424213765711 , 0.03493112376620183 , -0.001160475798932796 , 0.03665147832023017 , 0.06411147939255597 , 0.031006097524879313 , -0.012201143303413837 , -0.07346648163852486 , -0.11782632725375491 , -0.06510116651555017 , -0.004056352857718692 , -0.0016598404051358583 , -0.013782279527470541 , -0.03900827217165102 , -0.059722626579095946 , -0.014741169553084868 , 0.044005933798869044 , 0.06559856001130727 , 0.08215096722705466 , 0.08185301134775035 , 0.07134117965953915 , 0.07576782372174239 , 0.07230099605419059 , 0.038480520298377355 , -5.421010862427522e-19 , -0.038480520298377355 , -0.07230099605419059 , -0.0757678237217424 , -0.07134117965953915 , -0.08185301134775035 , -0.08215096722705464 , -0.06559856001130726 , -0.044005933798869044 , 0.014741169553084866 , 0.059722626579095925 , 0.03900827217165102 , 0.013782279527470537 , 0.0016598404051358564 , 0.004056352857718688 , 0.06510116651555017 , 0.11782632725375493 , 0.07346648163852487 , 0.012201143303413845 , -0.031006097524879307 , -0.06411147939255596 , -0.03665147832023016 , 0.0011604757989327934 , -0.03493112376620183 , -0.07359424213765711 , -0.05855110248419985 , -0.04614388320446977 , -0.03424083333221228 , -0.018518623553442363 , -0.0567972300672895 , -0.0831562939324117 , -0.01083155437491363 , 0.05142281208970692 , 0.04103840051779092 , 0.008311766366668591 , -0.06750882808597981 , -0.12754099542598632 , -0.06413902316575379 , 0.022332740699265687 , 0.034994504976914864 , 0.0403633383357396 , 0.039013518518408195 , 0.024256408543564482 , 0.06291708031723263 , 0.09268981172962987 , 0.04002708215528546 , -0.009643017974989027 , -0.0028350020793714093 , 0.01835639795552071 , 0.04923427768218693 , 0.08212371239941804 , 0.06113730743016942 , 0.027865759463854032 , 0.0565594714226681 , 0.06850330523051285 , 0.025152898688536277 , -0.01835925489001956 , -0.05576157655841455 , -0.06715991853804261 , 0.0050895399116607145 , 0.0901368642584251 , 0.09224254334787062 , 0.07749923689092598 , 0.09197727869011267 , 0.08382347948296716 , 0.06385788927198499 , 0.03510884791884839 , -0.044547171632907154 , -0.11138583312934172 , -0.07779207365170598 , -0.02793888140515385 , -0.05056187096727874 , -0.06653090330629166 , -0.03311051994497374 , -0.0037664098554945798 , 0.03632039964769148 , 0.058681550400594876 , 0.015680226557085994 , -0.03182272053811277 , -0.028360357203838282 , -0.0074641545331510335 , 0.01685856872360006 , 0.045545484975800236 , 0.055422928844440195 , 0.051836270012649004 , 0.04885929828665389 , 0.041195581741598424 , 0.031000337064399374 , 0.03300793260392963 , 0.03368079037889835 , 0.04005283456128035 , 0.06918634962039437 , 0.07497993874350292 , 0.038236589607724254 , -0.016589371595467212 , -0.08799240446974253 , -0.1319975868869183 , -0.08964997537220762 , -0.015932488188863676 , 0.026513667312377517 , 0.05519002020599402 , 0.07084118844332156 , 0.05445712794663963 , 0.02506634295609749 , -0.010815457153839622 , -0.048469891968663505 , -0.0686166056224204 , -0.04666272913756343 , -0.004248143223934221 , -0.01723491755120967 , -0.025115688137506368 , 0.04856598043247938 , 0.09498858685624754 , 0.06381746912874761 , 0.013633945456931118 , -0.08568535825623821 , -0.1584357973421219 , -0.053397179953206045 , 0.06344861961809882 , 0.02424501697839844 , -0.030316010405151077 , -0.0460291859039917 , -0.05723140519503882 , 0.020405777186990295 , 0.10204324035269649 , 0.049151872507273875 , -0.009951429602005658 , 0.03483365430932394 , 0.08001889022487232 , 0.06914794948659804 , 0.05581970762426705 , 0.03853639806907948 , 0.013275943532538515 , 0.03130153345223125 , 0.048809854606219165 , -0.020494030245043975 , -0.07427608096562446 , -0.014092242079407473 , 0.05091356929782758 , 0.054768175305218735 , 0.040081846520590075 , -0.007565796951591279 , -0.06267701506127181 , -0.04079646047201444 , -0.012508334559349828 , -0.04290682991494748 , -0.0652347785506986 , -0.051430673350195265 , -0.02343800725336104 , 0.014980415430184501 , 0.051658829488967335 , 0.08409925119449536 , 0.09149269931322265 , 0.05786221197279217 , 0.015282335679369756 , -0.011602941269610263 , -0.021768118680113982 , 0.01341323460155081 , 0.06045008386505076 , 0.0416592924093027 , 0.019451156139589792 , 0.06901940094554616 , 0.10590549817633929 , 0.07941809148414511 , 0.04803745638840557 , 0.012190320769623288 , -0.01884028763467379 , 0.037516901153840744 , 0.08972622109623409 , -0.00047901805512749946 , -0.08408409459268423 , -0.05367604101216967 , -0.013275266997495474 , 0.032521963532046665 , 0.06085304162195759 , -0.0365057529864094 , -0.1377307042369848 , -0.10276261842277427 , -0.05106375238734848 , -0.04521127767922509 , -0.03989429915026611 , -0.07035076855343844 , -0.09874917180510225 , -0.06747814426475694 , -0.032394978552852435 , -0.011926970875249798 , -0.0083658787847327 , -0.042823790687187675 , -0.0727069777700048 , -0.09828797264911682 , -0.09096255506453761 , 0.006031221505175425 , 0.0952421469956943 , 0.07904086190116072 , 0.027142037405466113 , -0.043478976078147574 , -0.11035965573967395 , -0.08034000752913385 , -0.02616489944985428 , -0.051390848361707285 , -0.0664243259359188 , -0.03311051994497374 , -0.0037664098554945798 , 0.03632039964769148 , 0.058681550400594876 , 0.015680226557085994 , -0.03182272053811277 , -0.028360357203838282 , -0.0074641545331510335 , 0.01685856872360006 , 0.045545484975800236 , 0.055422928844440195 , 0.051836270012649004 , 0.04885929828665389 , 0.04110098773560514 , 0.03173610575847138 , 0.031490142207097 , 0.03550099680442878 , 0.03999596692833136 , 0.0675845471487146 , 0.08124983662499694 , 0.026275513580697633 , -0.029282408214528276 , -0.00792072191517623 , 0.031144636833856317 , 0.023289520896682864 , 0.017616930173056305 , 0.061080732449285115 , 0.08051136817215016 , 0.03519957000427323 , -0.017927588301419304 , -0.06625324236077268 , -0.0913795644757022 , -0.02332448054410884 , 0.05136185724357873 , 0.0241583074518471 , -0.016566755489263885 , -0.010875755031110055 , -0.004422144351792971 , 0.0062764046984950155 , 0.02013900431503661 , 0.012428145086373561 , -0.002017486876460488 , -0.007805074085563692 , -0.012204750685107792 , -0.0362225438023769 , -0.05347097663279058 , -0.017348394958313116 , 0.011080540086296772 , -0.014610541609046245 , -0.04430459763959504 , -0.06025552186223505 , -0.05818677304738778 , 0.0015490825835676166 , 0.0684342456265323 , 0.07952311944257785 , 0.07617969849336251 , 0.07148349297999995 , 0.05582378064834009 , 0.058191176133952 , 0.05334952700373468 , 0.02145962676092286 , -0.007279672066311523 , -0.042347251694831646 , -0.05864065926589934 , -0.002561066316092577 , 0.05403351537485578 , 0.06003351678163006 , 0.0530760169123028 , 0.018239690153732193 , -0.012633926307190024 , 0.05327240503744393 , 0.11358540463583158 , 0.0801656855147558 , 0.03460111651381225 , -0.008410009158761342 , -0.033338887687642885 , 0.015508867433729425 , 0.07388378424525595 , 0.07964298483758647 , 0.05631447903279598 , 0.02342635836388231 , -0.020797277076665066 , -0.07000764868075819 , -0.08814509247133853 , -0.039904270966986566 , 0.02484868438618605 , 0.06061280902072032 , 0.07473427081816097 , 0.04294215479037321 , -0.007541279004236252 , -0.0029798840567453605 , 0.0029136219502222654 , -0.0354495882970898 , -0.0639550992370458 , -0.055431981537191255 , -0.03366495802396812 , -0.009218365754096727 , 0.02324424511829711 , 0.04203450837100714 , 0.05073784077977762 , 0.08800125813204629 , 0.1019650068046805 , 0.04105413499137415 , -0.02134016589837376 , -0.042692370331810774 , -0.03971089150104189 , -0.008941823085304272 , 0.02305212283420637 , 0.025942910433935464 , 0.0066361798697070675 , -0.029076320982509257 , -0.0586755726115766 , -0.06159504474245235 , -0.04161367389698114 , 0.026634127693762267 , 0.09018054839183175 , 0.0539963823581788 , 0.002384118926347892 , 0.012889386595911616 , 0.015996256741599817 , 0.011031840127320489 , 0.006440426000548145 , -0.0746354767382947 , -0.13747194699925375 , -0.06183355654681983 , 0.020814131341496515 , 0.006258701522163116 , -0.022783799239906425 , -0.0527583682593168 , -0.08163737649839689 , -0.04415669595252361 , 0.00013664888420291147 , -0.0283013335936235 , -0.06503054978619775 , -0.04773232366736889 , -0.029565278382551418 , -0.06749248594068888 , -0.08716672467908554 , -0.03216989038311201 , 0.02249151553854431 , 0.05209756264745331 , 0.06724499906060322 , -0.015627243225393796 , -0.09153841117745921 , -9.13930723279346e-05 , 0.0868371622537415 , 0.03656518318818605 , -0.031232433960124897 , -0.09771083062672056 , -0.142669290177401 , -0.06516303418559485 , 0.03948802453511732 , 0.032866439707235844 , 0.012447204019288696 , 0.06174520438291362 , 0.08120879804529677 , 0.03350249836116124 , -0.016749491702079868 , -0.0668033958950697 , -0.09130883405846672 , -0.02332448054410884 , 0.05136185724357873 , 0.0241583074518471 , -0.016566755489263885 , -0.010875755031110055 , -0.004422144351792971 , 0.0062764046984950155 , 0.02013900431503661 , 0.012428145086373561 , -0.002017486876460488 , -0.007805074085563692 , -0.012204750685107792 , -0.0362225438023769 , -0.053420736639100956 , -0.01773917040078488 , 0.011908303972397175 , -0.015745652631984478 , -0.043907672620344035 , -0.05997208442019675 , -0.06118276250262663 , 0.007817331036970878 , 0.07391001591603376 , 0.039895359158775415 , -0.00888056885100122 , -0.0042600127184317695 , 0.002882072588438904 , -0.0016997769882577478 , 0.0007431833475899121 , 0.00039546562995890824 , -0.0005861321625654255 , 0.00030678956479522905 , -3.944236030254013e-05 , 0.0 , -2.0916577335418077e-05 , 0.00016269279040396077 , -0.00032975293284026445 , 0.00035690230014877756 , 0.00011759574602980387 , -0.0007480804252314535 , 0.0019523695361281595 , -0.003105106604156511 , -0.0034589523881418545 , 0.019434445789297736 , 0.03441741941403143 , 0.02403404026778915 , 0.004067238074608422 , -0.033315419765223786 , -0.06042631784930826 , -0.0383711812386052 , -0.00469343111234514 , 0.0009981646181669462 , -0.0034020182439094306 , 0.0005297250246474405 , -0.003740913893957365 , -0.03942263198263472 , -0.060678878077570476 , -0.03150730102762683 , -0.0009983914534305684 , 0.0326109257981456 , 0.04353391655447437 , -0.034355171675806324 , -0.10543066202930043 , -0.07032506441984265 , -0.006426338359474044 , 0.052210830693396486 , 0.11016996737668833 , 0.09025868758972097 , 0.050484393133930855 , 0.09025868758972101 , 0.11016996737668835 , 0.0522108306933965 , -0.006426338359474043 , -0.07032506441984267 , -0.10543066202930043 , -0.03435517167580634 , 0.04353391655447437 , 0.032610925798145604 , -0.0009983914534305695 , -0.031507301027626826 , -0.06067887807757048 , -0.039422631982634716 , -0.003740913893957356 , 0.0005297250246474468 , -0.00334179336879054 , 0.0005297250246474405 , -0.003740913893957365 , -0.03942263198263472 , -0.060678878077570476 , -0.03150730102762683 , -0.0009983914534305684 , 0.0326109257981456 , 0.04353391655447437 , -0.034355171675806324 , -0.10543066202930043 , -0.07032506441984265 , -0.006426338359474044 , 0.052210830693396486 , 0.11016996737668833 , 0.09025868758972097 , 0.050484393133930855 , 0.09025868758972101 , 0.11016996737668835 , 0.0522108306933965 , -0.006426338359474043 , -0.07032506441984267 , -0.10543066202930043 , -0.03435517167580634 , 0.04353391655447437 , 0.032610925798145604 , -0.0009983914534305695 , -0.031507301027626826 , -0.06067887807757048 , -0.039422631982634716 , -0.003740913893957356 , 0.0005297250246474468 , -0.00334179336879054 , 0.0005297250246474405 , -0.003740913893957365 , -0.03942263198263472 , -0.060678878077570476 , -0.03150730102762683 , -0.0009983914534305684 , 0.0326109257981456 , 0.04353391655447437 , -0.034355171675806324 , -0.10543066202930043 , -0.07032506441984265 , -0.006426338359474044 , 0.052210830693396486 , 0.11016996737668833 , 0.09025868758972097 , 0.050484393133930855 , 0.09025868758972101 , 0.11016996737668835 , 0.0522108306933965 , -0.006426338359474043 , -0.07032506441984267 , -0.10543066202930043 , -0.03435517167580634 , 0.04353391655447437 , 0.032610925798145604 , -0.0009983914534305695 , -0.031507301027626826 , -0.06067887807757048 , -0.039422631982634716 , -0.003740913893957356 , 0.0005297250246474468 , -0.00334179336879054 , 0.0005297250246474405 , -0.003740913893957365 , -0.03942263198263472 , -0.060678878077570476 , -0.03150730102762683 , -0.0009983914534305684 , 0.0326109257981456 , 0.04353391655447437 , -0.034355171675806324 , -0.10543066202930043 , -0.07032506441984265 , -0.006426338359474044 , 0.052210830693396486 , 0.11016996737668833 , 0.09025868758972097 , 0.050484393133930855 , 0.09025868758972101 , 0.11016996737668835 , 0.0522108306933965 , -0.006426338359474043 , -0.07032506441984267 , -0.10543066202930043 , -0.03435517167580634 , 0.04353391655447437 , 0.032610925798145604 , -0.0009983914534305695 , -0.031507301027626826 , -0.06067887807757048 , -0.039422631982634716 , -0.003740913893957356 , 0.0005297250246474468 , -0.00334179336879054 , 0.0005297250246474405 , -0.003740913893957365 , -0.03942263198263472 , -0.060678878077570476 , -0.03150730102762683 , -0.0009983914534305684 , 0.0326109257981456 , 0.04353391655447437 , -0.034355171675806324 , -0.10543066202930043 , -0.07032506441984265 , -0.006426338359474044 , 0.052210830693396486 , 0.11016996737668833 , 0.09025868758972097 , 0.050484393133930855 , 0.09025868758972101 , 0.11016996737668835 , 0.0522108306933965 , -0.006426338359474043 , -0.07032506441984267 , -0.10543066202930043 , -0.03435517167580634 , 0.04353391655447437 , 0.032610925798145604 , -0.0009983914534305695 , -0.031507301027626826 , -0.06067887807757048 , -0.039422631982634716 , -0.003740913893957356 , 0.0005297250246474468 , -0.00334179336879054 , 0.0005297250246474405 , -0.003740913893957365 , -0.03942263198263472 , -0.060678878077570476 , -0.03150730102762683 , -0.0009983914534305684 , 0.0326109257981456 , 0.04353391655447437 , -0.034355171675806324 , -0.10543066202930043 , -0.07032506441984265 , -0.006426338359474044 , 0.052210830693396486 , 0.11016996737668833 , 0.09025868758972097 , 0.050484393133930855 , 0.09025868758972101 , 0.11016996737668835 , 0.0522108306933965 , -0.006426338359474043 , -0.07032506441984267 , -0.10543066202930043 , -0.03435517167580634 , 0.04353391655447437 , 0.032610925798145604 , -0.0009983914534305695 , -0.031507301027626826 , -0.06067887807757048 , -0.039422631982634716 , -0.003740913893957356 , 0.0005297250246474468 , -0.00334179336879054 , 0.0005297250246474405 , -0.003740913893957365 , -0.03942263198263472 , -0.060678878077570476 , -0.03150730102762683 , -0.0009983914534305684 , 0.0326109257981456 , 0.04353391655447437 , -0.034355171675806324 , -0.10543066202930043 , -0.07032506441984265 , -0.006426338359474044 , 0.052210830693396486 , 0.11016996737668833 , 0.09025868758972097 , 0.050484393133930855 , 0.09025868758972101 , 0.11016996737668835 , 0.0522108306933965 , -0.006426338359474043 , -0.07032506441984267 , -0.10543066202930043 , -0.03435517167580634 , 0.04353391655447437 , 0.032610925798145604 , -0.0009983914534305695 , -0.031507301027626826 , -0.06067887807757048 , -0.039422631982634716 , -0.003740913893957356 , 0.0005297250246474468 , -0.00334179336879054 , 0.0005297250246474405 , -0.003740913893957365 , -0.03942263198263472 , -0.060678878077570476 , -0.03150730102762683 , -0.0009983914534305684 , 0.0326109257981456 , 0.04353391655447437 , -0.034355171675806324 , -0.10543066202930043 , -0.07032506441984265 , -0.006426338359474044 , 0.052210830693396486 , 0.11016996737668833 , 0.09025868758972097 , 0.050484393133930855 , 0.09025868758972101 , 0.11016996737668835 , 0.0522108306933965 , -0.006426338359474043 , -0.07032506441984267 , -0.10543066202930043 , -0.03435517167580634 , 0.04353391655447437 , 0.032610925798145604 , -0.0009983914534305695 , -0.031507301027626826 , -0.06067887807757048 , -0.039422631982634716 , -0.003740913893957356 , 0.0005297250246474468 , -0.00334179336879054 , 0.0005297250246474405 , -0.003740913893957365 , -0.03942263198263472 , -0.060678878077570476 , -0.03150730102762683 , -0.0009983914534305684 , 0.0326109257981456 , 0.04353391655447437 , -0.034355171675806324 , -0.10543066202930043 , -0.07032506441984265 , -0.006426338359474044 , 0.052210830693396486 , 0.11016996737668833 , 0.09025868758972097 , 0.050484393133930855 , 0.09025868758972101 , 0.11016996737668835 , 0.0522108306933965 , -0.006426338359474043 , -0.07032506441984267 , -0.10543066202930043 , -0.03435517167580634 , 0.04353391655447437 , 0.032610925798145604 , -0.0009983914534305695 , -0.031507301027626826 , -0.06067887807757048 , -0.039422631982634716 , -0.003740913893957356 , 0.0005297250246474468 , -0.00334179336879054 , 0.0005297250246474405 , -0.003740913893957365 , -0.03942263198263472 , -0.060678878077570476 , -0.03150730102762683 , -0.0009983914534305684 , 0.0326109257981456 , 0.04353391655447437 , -0.034355171675806324 , -0.10543066202930043 , -0.07032506441984265 , -0.006426338359474044 , 0.052210830693396486 , 0.11019088395402374 , 0.09009599479931701 , 0.050858526586032196 , 0.08955658586222925 , 0.11079792180613901 , 0.0518447410569435 , -0.0077790615687559315 , -0.06739396561631304 , -0.1042806622330594 , -0.04855101662169647 , 0.013365692530763055 , -0.024665033924613302 , -0.0796755781741304 , -0.07413371278477233 , -0.07099409356095511 , -0.08401863215346432 , -0.0804528998331864 , -0.06641219903216973 , -0.04390132840448908 , 0.014741169553084866 , 0.059722626579095925 , 0.03900827217165102 , 0.013782279527470537 , 0.0016598404051358564 , 0.004056352857718688 , 0.06510116651555017 , 0.11782632725375493 , 0.07346648163852487 , 0.012201143303413845 , -0.031006097524879307 , -0.06411147939255596 , -0.03665147832023016 , 0.0011604757989327934 , -0.03493112376620183 , -0.07359424213765711 , -0.05855110248419985 , -0.04614388320446977 , -0.03424083333221228 , -0.018518623553442363 , -0.0567972300672895 , -0.0831562939324117 , -0.01083155437491363 , 0.05142281208970692 , 0.04103840051779092 , 0.008311766366668591 , -0.06750882808597981 , -0.12754099542598632 , -0.06413902316575379 , 0.022332740699265687 , 0.034994504976914864 , 0.0403633383357396 , 0.039013518518408195 , 0.024256408543564482 , 0.06291708031723263 , 0.09268981172962987 , 0.04002708215528546 , -0.009643017974989027 , -0.0028350020793714093 , 0.01835639795552071 , 0.04923427768218693 , 0.08212371239941804 , 0.06113730743016942 , 0.027865759463854032 , 0.0565594714226681 , 0.06855770724155442 , 0.024729750348441683 , -0.017432104412491763 , -0.05723038737394495 , -0.06629411883898048 , 0.005257818018824588 , 0.0859335455720168 , 0.10099124419099827 , 0.08071966163150382 , 0.05260265614436104 , -1.4907779871675686e-19 , -0.05260265614436104 , -0.08071966163150385 , -0.10099124419099828 , -0.08593354557201678 , -0.0052578180188245895 , 0.06629411883898045 , 0.05723038737394495 , 0.01743210441249176 , -0.024729750348441677 , -0.0685577072415544 , -0.0565594714226681 , -0.027865759463854053 , -0.061137307430169444 , -0.08212371239941804 , -0.04923427768218694 , -0.01835639795552071 , 0.002835002079371415 , 0.009643017974989036 , -0.04002708215528545 , -0.09268981172962985 , -0.06291708031723263 , -0.02425640854356449 , -0.039013518518408195 , -0.0403633383357396 , -0.03499450497691488 , -0.022332740699265708 , 0.06413902316575378 , 0.12754099542598635 , 0.06750882808597983 , -0.008311766366668586 , -0.04103840051779092 , -0.05142281208970692 , 0.010831554374913628 , 0.08315629393241171 , 0.05679723006728948 , 0.01851862355344235 , 0.03424083333221227 , 0.046143883204469785 , 0.05855110248419987 , 0.07359424213765711 , 0.03493112376620183 , -0.001160475798932796 , 0.03665147832023017 , 0.06411147939255597 , 0.031006097524879313 , -0.012201143303413837 , -0.07346648163852486 , -0.11782632725375491 , -0.06510116651555017 , -0.004056352857718692 , -0.0016598404051358583 , -0.013782279527470541 , -0.03900827217165102 , -0.059722626579095946 , -0.014741169553084868 , 0.044005933798869044 , 0.06559856001130727 , 0.08215096722705466 , 0.08185301134775035 , 0.07134117965953915 , 0.07576782372174239 , 0.07230099605419059 , 0.038480520298377355 , -5.421010862427522e-19 , -0.038480520298377355 , -0.07230099605419059 , -0.0757678237217424 , -0.07134117965953915 , -0.08185301134775035 , -0.08215096722705464 , -0.06559856001130726 , -0.044005933798869044 , 0.014741169553084866 , 0.059722626579095925 , 0.03900827217165102 , 0.013782279527470537 , 0.0016598404051358564 , 0.004056352857718688 , 0.06510116651555017 , 0.11782632725375493 , 0.07346648163852487 , 0.012201143303413845 , -0.031006097524879307 , -0.06411147939255596 , -0.03665147832023016 , 0.0011604757989327934 , -0.03493112376620183 , -0.07359424213765711 , -0.05855110248419985 , -0.04614388320446977 , -0.03424083333221228 , -0.018518623553442363 , -0.0567972300672895 , -0.0831562939324117 , -0.01083155437491363 , 0.05142281208970692 , 0.04103840051779092 , 0.008311766366668591 , -0.06750882808597981 , -0.12754099542598632 , -0.06413902316575379 , 0.022332740699265687 , 0.034994504976914864 , 0.0403633383357396 , 0.039013518518408195 , 0.024256408543564482 , 0.06291708031723263 , 0.09268981172962987 , 0.04002708215528546 , -0.009643017974989027 , -0.0028350020793714093 , 0.01835639795552071 , 0.04923427768218693 , 0.08212371239941804 , 0.06113730743016942 , 0.027865759463854032 , 0.0565594714226681 , 0.06855770724155442 , 0.024729750348441683 , -0.017432104412491763 , -0.05723038737394495 , -0.06629411883898048 , 0.005257818018824588 , 0.0859335455720168 , 0.10099124419099827 , 0.08071966163150382 , 0.05260265614436104 , -1.4907779871675686e-19 , -0.05260265614436104 , -0.08071966163150385 , -0.10099124419099828 , -0.08593354557201678 , -0.0052578180188245895 , 0.06629411883898045 , 0.05723038737394495 , 0.01743210441249176 , -0.024729750348441677 , -0.0685577072415544 , -0.0565594714226681 , -0.027865759463854053 , -0.061137307430169444 , -0.08212371239941804 , -0.04923427768218694 , -0.01835639795552071 , 0.002835002079371415 , 0.009643017974989036 , -0.04002708215528545 , -0.09268981172962985 , -0.06291708031723263 , -0.02425640854356449 , -0.039013518518408195 , -0.0403633383357396 , -0.03499450497691488 , -0.022332740699265708 , 0.06413902316575378 , 0.12754099542598635 , 0.06750882808597983 , -0.008311766366668586 , -0.04103840051779092 , -0.05142281208970692 , 0.010831554374913628 , 0.08315629393241171 , 0.05679723006728948 , 0.01851862355344235 , 0.03424083333221227 , 0.046143883204469785 , 0.05855110248419987 , 0.07359424213765711 , 0.03493112376620183 , -0.001160475798932796 , 0.03665147832023017 , 0.06411147939255597 , 0.031006097524879313 , -0.012201143303413837 , -0.07346648163852486 , -0.11782632725375491 , -0.06510116651555017 , -0.004056352857718692 , -0.0016598404051358583 , -0.013782279527470541 , -0.03900827217165102 , -0.059722626579095946 , -0.014741169553084868 , 0.044005933798869044 , 0.06559856001130727 , 0.08215096722705466 , 0.08185301134775035 , 0.07134117965953915 , 0.07576782372174239 , 0.07230099605419059 , 0.038480520298377355 , -5.421010862427522e-19 , -0.038480520298377355 , -0.07230099605419059 , -0.0757678237217424 , -0.07134117965953915 , -0.08185301134775035 , -0.08215096722705464 , -0.06559856001130726 , -0.044005933798869044 , 0.014741169553084866 , 0.059722626579095925 , 0.03900827217165102 , 0.013782279527470537 , 0.0016598404051358564 , 0.004056352857718688 , 0.06510116651555017 , 0.11782632725375493 , 0.07346648163852487 , 0.012201143303413845 , -0.031006097524879307 , -0.06411147939255596 , -0.03665147832023016 , 0.0011604757989327934 , -0.03493112376620183 , -0.07359424213765711 , -0.05855110248419985 , -0.04614388320446977 , -0.03424083333221228 , -0.018518623553442363 , -0.0567972300672895 , -0.0831562939324117 , -0.01083155437491363 , 0.05142281208970692 , 0.04103840051779092 , 0.008311766366668591 , -0.06750882808597981 , -0.12754099542598632 , -0.06413902316575379 , 0.022332740699265687 , 0.034994504976914864 , 0.0403633383357396 , 0.039013518518408195 , 0.024256408543564482 , 0.06291708031723263 , 0.09268981172962987 , 0.04002708215528546 , -0.009643017974989027 , -0.0028350020793714093 , 0.01835639795552071 , 0.04923427768218693 , 0.08212371239941804 , 0.06113730743016942 , 0.027865759463854032 , 0.0565594714226681 , 0.06850330523051285 , 0.025152898688536277 , -0.01835925489001956 , -0.05576157655841455 , -0.06715991853804261 , 0.0050895399116607145 , 0.0901368642584251 , 0.09224254334787062 , 0.07749923689092598 , 0.09197727869011267 , 0.08382347948296716 , 0.06385788927198499 , 0.03510884791884839 , -0.044547171632907154 , -0.11138583312934172 , -0.07779207365170598 , -0.02793888140515385 , -0.05056187096727874 , -0.06653090330629166 , -0.03311051994497374 , -0.0037664098554945798 , 0.03632039964769148 , 0.058681550400594876 , 0.015680226557085994 , -0.03182272053811277 , -0.028360357203838282 , -0.0074641545331510335 , 0.01685856872360006 , 0.045545484975800236 , 0.055422928844440195 , 0.051836270012649004 , 0.04885929828665389 , 0.041195581741598424 , 0.031000337064399374 , 0.03300793260392963 , 0.03368079037889835 , 0.04005283456128035 , 0.06918634962039437 , 0.07497993874350292 , 0.038236589607724254 , -0.016589371595467212 , -0.08799240446974253 , -0.1319975868869183 , -0.08964997537220762 , -0.015932488188863676 , 0.026513667312377517 , 0.05519002020599402 , 0.07084118844332156 , 0.05445712794663963 , 0.02506634295609749 , -0.010815457153839622 , -0.048469891968663505 , -0.0686166056224204 , -0.04666272913756343 , -0.004248143223934221 , -0.01723491755120967 , -0.025115688137506368 , 0.04856598043247938 , 0.09498858685624754 , 0.06381746912874761 , 0.013633945456931118 , -0.08568535825623821 , -0.1584357973421219 , -0.053397179953206045 , 0.06344861961809882 , 0.02424501697839844 , -0.030316010405151077 , -0.0460291859039917 , -0.05723140519503882 , 0.020405777186990295 , 0.10204324035269649 , 0.049151872507273875 , -0.009951429602005658 , 0.03483365430932394 , 0.08001889022487232 , 0.06914794948659804 , 0.05581970762426705 , 0.03853639806907948 , 0.013275943532538515 , 0.03130153345223125 , 0.048809854606219165 , -0.020494030245043975 , -0.07427608096562446 , -0.014092242079407473 , 0.05091356929782758 , 0.054768175305218735 , 0.040081846520590075 , -0.007565796951591279 , -0.06267701506127181 , -0.04079646047201444 , -0.012508334559349828 , -0.04290682991494748 , -0.0652347785506986 , -0.051430673350195265 , -0.02343800725336104 , 0.014980415430184501 , 0.051658829488967335 , 0.08409925119449536 , 0.09149269931322265 , 0.05786221197279217 , 0.015282335679369756 , -0.011602941269610263 , -0.021768118680113982 , 0.01341323460155081 , 0.06045008386505076 , 0.0416592924093027 , 0.019451156139589792 , 0.06901940094554616 , 0.10590549817633929 , 0.07941809148414511 , 0.04803745638840557 , 0.012190320769623288 , -0.01884028763467379 , 0.037516901153840744 , 0.08972622109623409 , -0.00047901805512749946 , -0.08408409459268423 , -0.05367604101216967 , -0.013275266997495474 , 0.032521963532046665 , 0.06085304162195759 , -0.0365057529864094 , -0.1377307042369848 , -0.10276261842277427 , -0.05106375238734848 , -0.04521127767922509 , -0.03989429915026611 , -0.07035076855343844 , -0.09874917180510225 , -0.06747814426475694 , -0.032394978552852435 , -0.011926970875249798 , -0.0083658787847327 , -0.042823790687187675 , -0.0727069777700048 , -0.09828797264911682 , -0.09096255506453761 , 0.006031221505175425 , 0.0952421469956943 , 0.07904086190116072 , 0.027142037405466113 , -0.043478976078147574 , -0.11035965573967395 , -0.08034000752913385 , -0.02616489944985428 , -0.051390848361707285 , -0.0664243259359188 , -0.03311051994497374 , -0.0037664098554945798 , 0.03632039964769148 , 0.058681550400594876 , 0.015680226557085994 , -0.03182272053811277 , -0.028360357203838282 , -0.0074641545331510335 , 0.01685856872360006 , 0.045545484975800236 , 0.055422928844440195 , 0.051836270012649004 , 0.04885929828665389 , 0.04110098773560514 , 0.03173610575847138 , 0.031490142207097 , 0.03550099680442878 , 0.03999596692833136 , 0.0675845471487146 , 0.08124983662499694 , 0.026275513580697633 , -0.029282408214528276 , -0.00792072191517623 , 0.031144636833856317 , 0.023289520896682864 , 0.017616930173056305 , 0.061080732449285115 , 0.08051136817215016 , 0.03519957000427323 , -0.017927588301419304 , -0.06625324236077268 , -0.0913795644757022 , -0.02332448054410884 , 0.05136185724357873 , 0.0241583074518471 , -0.016566755489263885 , -0.010875755031110055 , -0.004422144351792971 , 0.0062764046984950155 , 0.02013900431503661 , 0.012428145086373561 , -0.002017486876460488 , -0.007805074085563692 , -0.012204750685107792 , -0.0362225438023769 , -0.05347097663279058 , -0.017348394958313116 , 0.011080540086296772 , -0.014610541609046245 , -0.04430459763959504 , -0.06025552186223505 , -0.05818677304738778 , 0.0015490825835676166 , 0.0684342456265323 , 0.07952311944257785 , 0.07617969849336251 , 0.07148349297999995 , 0.05582378064834009 , 0.058191176133952 , 0.05334952700373468 , 0.02145962676092286 , -0.007279672066311523 , -0.042347251694831646 , -0.05864065926589934 , -0.002561066316092577 , 0.05403351537485578 , 0.06003351678163006 , 0.0530760169123028 , 0.018239690153732193 , -0.012633926307190024 , 0.05327240503744393 , 0.11358540463583158 , 0.0801656855147558 , 0.03460111651381225 , -0.008410009158761342 , -0.033338887687642885 , 0.015508867433729425 , 0.07388378424525595 , 0.07964298483758647 , 0.05631447903279598 , 0.02342635836388231 , -0.020797277076665066 , -0.07000764868075819 , -0.08814509247133853 , -0.039904270966986566 , 0.02484868438618605 , 0.06061280902072032 , 0.07473427081816097 , 0.04294215479037321 , -0.007541279004236252 , -0.0029798840567453605 , 0.0029136219502222654 , -0.0354495882970898 , -0.0639550992370458 , -0.055431981537191255 , -0.03366495802396812 , -0.009218365754096727 , 0.02324424511829711 , 0.04203450837100714 , 0.05073784077977762 , 0.08800125813204629 , 0.1019650068046805 , 0.04105413499137415 , -0.02134016589837376 , -0.042692370331810774 , -0.03971089150104189 , -0.008941823085304272 , 0.02305212283420637 , 0.025942910433935464 , 0.0066361798697070675 , -0.029076320982509257 , -0.0586755726115766 , -0.06159504474245235 , -0.04161367389698114 , 0.026634127693762267 , 0.09018054839183175 , 0.0539963823581788 , 0.002384118926347892 , 0.012889386595911616 , 0.015996256741599817 , 0.011031840127320489 , 0.006440426000548145 , -0.0746354767382947 , -0.13747194699925375 , -0.06183355654681983 , 0.020814131341496515 , 0.006258701522163116 , -0.022783799239906425 , -0.0527583682593168 , -0.08163737649839689 , -0.04415669595252361 , 0.00013664888420291147 , -0.0283013335936235 , -0.06503054978619775 , -0.04773232366736889 , -0.029565278382551418 , -0.06749248594068888 , -0.08716672467908554 , -0.03216989038311201 , 0.02249151553854431 , 0.05209756264745331 , 0.06724499906060322 , -0.015627243225393796 , -0.09153841117745921 , -9.13930723279346e-05 , 0.0868371622537415 , 0.03656518318818605 , -0.031232433960124897 , -0.09771083062672056 , -0.142669290177401 , -0.06516303418559485 , 0.03948802453511732 , 0.032866439707235844 , 0.012447204019288696 , 0.06174520438291362 , 0.08120879804529677 , 0.03350249836116124 , -0.016749491702079868 , -0.0668033958950697 , -0.09130883405846672 , -0.02332448054410884 , 0.05136185724357873 , 0.0241583074518471 , -0.016566755489263885 , -0.010875755031110055 , -0.004422144351792971 , 0.0062764046984950155 , 0.02013900431503661 , 0.012428145086373561 , -0.002017486876460488 , -0.007805074085563692 , -0.012204750685107792 , -0.0362225438023769 , -0.053420736639100956 , -0.01773917040078488 , 0.011908303972397175 , -0.015745652631984478 , -0.043907672620344035 , -0.05997208442019675 , -0.06118276250262663 , 0.007817331036970878 , 0.07391001591603376 , 0.039895359158775415 , -0.00888056885100122 , -0.0042600127184317695 , 0.002882072588438904 , -0.0016997769882577478 , 0.0007431833475899121 , 0.00039546562995890824 , -0.0005861321625654255 , 0.00030678956479522905 , -3.944236030254013e-05 , 0.0 , -2.0916577335418077e-05 , 0.00016269279040396077 , -0.00032975293284026445 , 0.00035690230014877756 , 0.00011759574602980387 , -0.0007480804252314535 , 0.0019523695361281595 , -0.003105106604156511 , -0.0034589523881418545 , 0.019434445789297736 , 0.03441741941403143 , 0.02403404026778915 , 0.004067238074608422 , -0.033315419765223786 , -0.06042631784930826 , -0.0383711812386052 , -0.00469343111234514 , 0.0009981646181669462 , -0.0034020182439094306 , 0.0005297250246474405 , -0.003740913893957365 , -0.03942263198263472 , -0.060678878077570476 , -0.03150730102762683 , -0.0009983914534305684 , 0.0326109257981456 , 0.04353391655447437 , -0.034355171675806324 , -0.10543066202930043 , -0.07032506441984265 , -0.006426338359474044 , 0.052210830693396486 , 0.11016996737668833 , 0.09025868758972097 , 0.050484393133930855 , 0.09025868758972101 , 0.11016996737668835 , 0.0522108306933965 , -0.006426338359474043 , -0.07032506441984267 , -0.10543066202930043 , -0.03435517167580634 , 0.04353391655447437 , 0.032610925798145604 , -0.0009983914534305695 , -0.031507301027626826 , -0.06067887807757048 , -0.039422631982634716 , -0.003740913893957356 , 0.0005297250246474468 , -0.00334179336879054 , 0.0005297250246474405 , -0.003740913893957365 , -0.03942263198263472 , -0.060678878077570476 , -0.03150730102762683 , -0.0009983914534305684 , 0.0326109257981456 , 0.04353391655447437 , -0.034355171675806324 , -0.10543066202930043 , -0.07032506441984265 , -0.006426338359474044 , 0.052210830693396486 , 0.11016996737668833 , 0.09025868758972097 , 0.050484393133930855 , 0.09025868758972101 , 0.11016996737668835 , 0.0522108306933965 , -0.006426338359474043 , -0.07032506441984267 , -0.10543066202930043 , -0.03435517167580634 , 0.04353391655447437 , 0.032610925798145604 , -0.0009983914534305695 , -0.031507301027626826 , -0.06067887807757048 , -0.039422631982634716 , -0.003740913893957356 , 0.0005297250246474468 , -0.00334179336879054 , 0.0005297250246474405 , -0.003740913893957365 , -0.03942263198263472 , -0.060678878077570476 , -0.03150730102762683 , -0.0009983914534305684 , 0.0326109257981456 , 0.04353391655447437 , -0.034355171675806324 , -0.10543066202930043 , -0.07032506441984265 , -0.006426338359474044 , 0.052210830693396486 , 0.11016996737668833 , 0.09025868758972097 , 0.050484393133930855 , 0.09025868758972101 , 0.11016996737668835 , 0.0522108306933965 , -0.006426338359474043 , -0.07032506441984267 , -0.10543066202930043 , -0.03435517167580634 , 0.04353391655447437 , 0.032610925798145604 , -0.0009983914534305695 , -0.031507301027626826 , -0.06067887807757048 , -0.039422631982634716 , -0.003740913893957356 , 0.0005297250246474468 , -0.00334179336879054 , 0.0005297250246474405 , -0.003740913893957365 , -0.03942263198263472 , -0.060678878077570476 , -0.03150730102762683 , -0.0009983914534305684 , 0.0326109257981456 , 0.04353391655447437 , -0.034355171675806324 , -0.10543066202930043 , -0.07032506441984265 , -0.006426338359474044 , 0.052210830693396486 , 0.11016996737668833 , 0.09025868758972097 , 0.050484393133930855 , 0.09025868758972101 , 0.11016996737668835 , 0.0522108306933965 , -0.006426338359474043 , -0.07032506441984267 , -0.10543066202930043 , -0.03435517167580634 , 0.04353391655447437 , 0.032610925798145604 , -0.0009983914534305695 , -0.031507301027626826 , -0.06067887807757048 , -0.039422631982634716 , -0.003740913893957356 , 0.0005297250246474468 , -0.00334179336879054 , 0.0005297250246474405 , -0.003740913893957365 , -0.03942263198263472 , -0.060678878077570476 , -0.03150730102762683 , -0.0009983914534305684 , 0.0326109257981456 , 0.04353391655447437 , -0.034355171675806324 , -0.10543066202930043 , -0.07032506441984265 , -0.006426338359474044 , 0.052210830693396486 , 0.11016996737668833 , 0.09025868758972097 , 0.050484393133930855 , 0.09025868758972101 , 0.11016996737668835 , 0.0522108306933965 , -0.006426338359474043 , -0.07032506441984267 , -0.10543066202930043 , -0.03435517167580634 , 0.04353391655447437 , 0.032610925798145604 , -0.0009983914534305695 , -0.031507301027626826 , -0.06067887807757048 , -0.039422631982634716 , -0.003740913893957356 , 0.0005297250246474468 , -0.00334179336879054 , 0.0005297250246474405 , -0.003740913893957365 , -0.03942263198263472 , -0.060678878077570476 , -0.03150730102762683 , -0.0009983914534305684 , 0.0326109257981456 , 0.04353391655447437 , -0.034355171675806324 , -0.10543066202930043 , -0.07032506441984265 , -0.006426338359474044 , 0.052210830693396486 , 0.11016996737668833 , 0.09025868758972097 , 0.050484393133930855 , 0.09025868758972101 , 0.11016996737668835 , 0.0522108306933965 , -0.006426338359474043 , -0.07032506441984267 , -0.10543066202930043 , -0.03435517167580634 , 0.04353391655447437 , 0.032610925798145604 , -0.0009983914534305695 , -0.031507301027626826 , -0.06067887807757048 , -0.039422631982634716 , -0.003740913893957356 , 0.0005297250246474468 , -0.00334179336879054 , 0.0005297250246474405 , -0.003740913893957365 , -0.03942263198263472 , -0.060678878077570476 , -0.03150730102762683 , -0.0009983914534305684 , 0.0326109257981456 , 0.04353391655447437 , -0.034355171675806324 , -0.10543066202930043 , -0.07032506441984265 , -0.006426338359474044 , 0.052210830693396486 , 0.11016996737668833 , 0.09025868758972097 , 0.050484393133930855 , 0.09025868758972101 , 0.11016996737668835 , 0.0522108306933965 , -0.006426338359474043 , -0.07032506441984267 , -0.10543066202930043 , -0.03435517167580634 , 0.04353391655447437 , 0.032610925798145604 , -0.0009983914534305695 , -0.031507301027626826 , -0.06067887807757048 , -0.039422631982634716 , -0.003740913893957356 , 0.0005297250246474468 , -0.00334179336879054 , 0.0005297250246474405 , -0.003740913893957365 , -0.03942263198263472 , -0.060678878077570476 , -0.03150730102762683 , -0.0009983914534305684 , 0.0326109257981456 , 0.04353391655447437 , -0.034355171675806324 , -0.10543066202930043 , -0.07032506441984265 , -0.006426338359474044 , 0.052210830693396486 , 0.11016996737668833 , 0.09025868758972097 , 0.050484393133930855 , 0.09025868758972101 , 0.11016996737668835 , 0.0522108306933965 , -0.006426338359474043 , -0.07032506441984267 , -0.10543066202930043 , -0.03435517167580634 , 0.04353391655447437 , 0.032610925798145604 , -0.0009983914534305695 , -0.031507301027626826 , -0.06067887807757048 , -0.039422631982634716 , -0.003740913893957356 , 0.0005297250246474468 , -0.00334179336879054 , 0.0005297250246474405 , -0.003740913893957365 , -0.03942263198263472 , -0.060678878077570476 , -0.03150730102762683 , -0.0009983914534305684 , 0.0326109257981456 , 0.04353391655447437 , -0.034355171675806324 , -0.10543066202930043 , -0.07032506441984265 , -0.006426338359474044 , 0.052210830693396486 , 0.11016996737668833 , 0.09025868758972097 , 0.050484393133930855 , 0.09025868758972101 , 0.11016996737668835 , 0.0522108306933965 , -0.006426338359474043 , -0.07032506441984267 , -0.10543066202930043 , -0.03435517167580634 , 0.04353391655447437 , 0.032610925798145604 , -0.0009983914534305695 , -0.031507301027626826 , -0.06067887807757048 , -0.039422631982634716 , -0.003740913893957356 , 0.0005297250246474468 , -0.00334179336879054 , 0.0005297250246474405 , -0.003740913893957365 , -0.03942263198263472 , -0.060678878077570476 , -0.03150730102762683 , -0.0009983914534305684 , 0.0326109257981456 , 0.04353391655447437 , -0.034355171675806324 , -0.10543066202930043 , -0.07032506441984265 , -0.006426338359474044 , 0.052210830693396486 , 0.11019088395402374 , 0.09009599479931701 , 0.050858526586032196 , 0.08955658586222925 , 0.11079792180613901 , 0.0518447410569435 , -0.0077790615687559315 , -0.06739396561631304 , -0.1042806622330594 , -0.04855101662169647 , 0.013365692530763055 , -0.024665033924613302 , -0.0796755781741304 , -0.07413371278477233 , -0.07099409356095511 , -0.08401863215346432 , -0.0804528998331864 , -0.06641219903216973 , -0.04390132840448908 , 0.014741169553084866 , 0.059722626579095925 , 0.03900827217165102 , 0.013782279527470537 , 0.0016598404051358564 , 0.004056352857718688 , 0.06510116651555017 , 0.11782632725375493 , 0.07346648163852487 , 0.012201143303413845 , -0.031006097524879307 , -0.06411147939255596 , -0.03665147832023016 , 0.0011604757989327934 , -0.03493112376620183 , -0.07359424213765711 , -0.05855110248419985 , -0.04614388320446977 , -0.03424083333221228 , -0.018518623553442363 , -0.0567972300672895 , -0.0831562939324117 , -0.01083155437491363 , 0.05142281208970692 , 0.04103840051779092 , 0.008311766366668591 , -0.06750882808597981 , -0.12754099542598632 , -0.06413902316575379 , 0.022332740699265687 , 0.034994504976914864 , 0.0403633383357396 , 0.039013518518408195 , 0.024256408543564482 , 0.06291708031723263 , 0.09268981172962987 , 0.04002708215528546 , -0.009643017974989027 , -0.0028350020793714093 , 0.01835639795552071 , 0.04923427768218693 , 0.08212371239941804 , 0.06113730743016942 , 0.027865759463854032 , 0.0565594714226681 , 0.06855770724155442 , 0.024729750348441683 , -0.017432104412491763 , -0.05723038737394495 , -0.06629411883898048 , 0.005257818018824588 , 0.0859335455720168 , 0.10099124419099827 , 0.08071966163150382 , 0.05260265614436104 , -1.4907779871675686e-19 , -0.05260265614436104 , -0.08071966163150385 , -0.10099124419099828 , -0.08593354557201678 , -0.0052578180188245895 , 0.06629411883898045 , 0.05723038737394495 , 0.01743210441249176 , -0.024729750348441677 , -0.0685577072415544 , -0.0565594714226681 , -0.027865759463854053 , -0.061137307430169444 , -0.08212371239941804 , -0.04923427768218694 , -0.01835639795552071 , 0.002835002079371415 , 0.009643017974989036 , -0.04002708215528545 , -0.09268981172962985 , -0.06291708031723263 , -0.02425640854356449 , -0.039013518518408195 , -0.0403633383357396 , -0.03499450497691488 , -0.022332740699265708 , 0.06413902316575378 , 0.12754099542598635 , 0.06750882808597983 , -0.008311766366668586 , -0.04103840051779092 , -0.05142281208970692 , 0.010831554374913628 , 0.08315629393241171 , 0.05679723006728948 , 0.01851862355344235 , 0.03424083333221227 , 0.046143883204469785 , 0.05855110248419987 , 0.07359424213765711 , 0.03493112376620183 , -0.001160475798932796 , 0.03665147832023017 , 0.06411147939255597 , 0.031006097524879313 , -0.012201143303413837 , -0.07346648163852486 , -0.11782632725375491 , -0.06510116651555017 , -0.004056352857718692 , -0.0016598404051358583 , -0.013782279527470541 , -0.03900827217165102 , -0.059722626579095946 , -0.014741169553084868 , 0.044005933798869044 , 0.06559856001130727 , 0.08215096722705466 , 0.08185301134775035 , 0.07134117965953915 , 0.07576782372174239 , 0.07230099605419059 , 0.038480520298377355 , -5.421010862427522e-19 , -0.038480520298377355 , -0.07230099605419059 , -0.0757678237217424 , -0.07134117965953915 , -0.08185301134775035 , -0.08215096722705464 , -0.06559856001130726 , -0.044005933798869044 , 0.014741169553084866 , 0.059722626579095925 , 0.03900827217165102 , 0.013782279527470537 , 0.0016598404051358564 , 0.004056352857718688 , 0.06510116651555017 , 0.11782632725375493 , 0.07346648163852487 , 0.012201143303413845 , -0.031006097524879307 , -0.06411147939255596 , -0.03665147832023016 , 0.0011604757989327934 , -0.03493112376620183 , -0.07359424213765711 , -0.05855110248419985 , -0.04614388320446977 , -0.03424083333221228 , -0.018518623553442363 , -0.0567972300672895 , -0.0831562939324117 , -0.01083155437491363 , 0.05142281208970692 , 0.04103840051779092 , 0.008311766366668591 , -0.06750882808597981 , -0.12754099542598632 , -0.06413902316575379 , 0.022332740699265687 , 0.034994504976914864 , 0.0403633383357396 , 0.039013518518408195 , 0.024256408543564482 , 0.06291708031723263 , 0.09268981172962987 , 0.04002708215528546 , -0.009643017974989027 , -0.0028350020793714093 , 0.01835639795552071 , 0.04923427768218693 , 0.08212371239941804 , 0.06113730743016942 , 0.027865759463854032 , 0.0565594714226681 , 0.06855770724155442 , 0.024729750348441683 , -0.017432104412491763 , -0.05723038737394495 , -0.06629411883898048 , 0.005257818018824588 , 0.0859335455720168 , 0.10099124419099827 , 0.08071966163150382 , 0.05260265614436104 , -1.4907779871675686e-19 , -0.05260265614436104 , -0.08071966163150385 , -0.10099124419099828 , -0.08593354557201678 , -0.0052578180188245895 , 0.06629411883898045 , 0.05723038737394495 , 0.01743210441249176 , -0.024729750348441677 , -0.0685577072415544 , -0.0565594714226681 , -0.027865759463854053 , -0.061137307430169444 , -0.08212371239941804 , -0.04923427768218694 , -0.01835639795552071 , 0.002835002079371415 , 0.009643017974989036 , -0.04002708215528545 , -0.09268981172962985 , -0.06291708031723263 , -0.02425640854356449 , -0.039013518518408195 , -0.0403633383357396 , -0.03499450497691488 , -0.022332740699265708 , 0.06413902316575378 , 0.12754099542598635 , 0.06750882808597983 , -0.008311766366668586 , -0.04103840051779092 , -0.05142281208970692 , 0.010831554374913628 , 0.08315629393241171 , 0.05679723006728948 , 0.01851862355344235 , 0.03424083333221227 , 0.046143883204469785 , 0.05855110248419987 , 0.07359424213765711 , 0.03493112376620183 , -0.001160475798932796 , 0.03665147832023017 , 0.06411147939255597 , 0.031006097524879313 , -0.012201143303413837 , -0.07346648163852486 , -0.11782632725375491 , -0.06510116651555017 , -0.004056352857718692 , -0.0016598404051358583 , -0.013782279527470541 , -0.03900827217165102 , -0.059722626579095946 , -0.014741169553084868 , 0.044005933798869044 , 0.06559856001130727 , 0.08215096722705466 , 0.08185301134775035 , 0.07134117965953915 , 0.07576782372174239 , 0.07230099605419059 , 0.038480520298377355 , -5.421010862427522e-19 , -0.038480520298377355 , -0.07230099605419059 , -0.0757678237217424 , -0.07134117965953915 , -0.08185301134775035 , -0.08215096722705464 , -0.06559856001130726 , -0.044005933798869044 , 0.014741169553084866 , 0.059722626579095925 , 0.03900827217165102 , 0.013782279527470537 , 0.0016598404051358564 , 0.004056352857718688 , 0.06510116651555017 , 0.11782632725375493 , 0.07346648163852487 , 0.012201143303413845 , -0.031006097524879307 , -0.06411147939255596 , -0.03665147832023016 , 0.0011604757989327934 , -0.03493112376620183 , -0.07359424213765711 , -0.05855110248419985 , -0.04614388320446977 , -0.03424083333221228 , -0.018518623553442363 , -0.0567972300672895 , -0.0831562939324117 , -0.01083155437491363 , 0.05142281208970692 , 0.04103840051779092 , 0.008311766366668591 , -0.06750882808597981 , -0.12754099542598632 , -0.06413902316575379 , 0.022332740699265687 , 0.034994504976914864 , 0.0403633383357396 , 0.039013518518408195 , 0.024256408543564482 , 0.06291708031723263 , 0.09268981172962987 , 0.04002708215528546 , -0.009643017974989027 , -0.0028350020793714093 , 0.01835639795552071 , 0.04923427768218693 , 0.08212371239941804 , 0.06113730743016942 , 0.027865759463854032 , 0.0565594714226681 , 0.06850330523051285 , 0.025152898688536277 , -0.01835925489001956 , -0.05576157655841455 , -0.06715991853804261 , 0.0050895399116607145 , 0.0901368642584251 , 0.09224254334787062 , 0.07749923689092598 , 0.09197727869011267 , 0.08382347948296716 , 0.06385788927198499 , 0.03510884791884839 , -0.044547171632907154 , -0.11138583312934172 , -0.07779207365170598 , -0.02793888140515385 , -0.05056187096727874 , -0.06653090330629166 , -0.03311051994497374 , -0.0037664098554945798 , 0.03632039964769148 , 0.058681550400594876 , 0.015680226557085994 , -0.03182272053811277 , -0.028360357203838282 , -0.0074641545331510335 , 0.01685856872360006 , 0.045545484975800236 , 0.055422928844440195 , 0.051836270012649004 , 0.04885929828665389 , 0.041195581741598424 , 0.031000337064399374 , 0.03300793260392963 , 0.03368079037889835 , 0.04005283456128035 , 0.06918634962039437 , 0.07497993874350292 , 0.038236589607724254 , -0.016589371595467212 , -0.08799240446974253 , -0.1319975868869183 , -0.08964997537220762 , -0.015932488188863676 , 0.026513667312377517 , 0.05519002020599402 , 0.07084118844332156 , 0.05445712794663963 , 0.02506634295609749 , -0.010815457153839622 , -0.048469891968663505 , -0.0686166056224204 , -0.04666272913756343 , -0.004248143223934221 , -0.01723491755120967 , -0.025115688137506368 , 0.04856598043247938 , 0.09498858685624754 , 0.06381746912874761 , 0.013633945456931118 , -0.08568535825623821 , -0.1584357973421219 , -0.053397179953206045 , 0.06344861961809882 , 0.02424501697839844 , -0.030316010405151077 , -0.0460291859039917 , -0.05723140519503882 , 0.020405777186990295 , 0.10204324035269649 , 0.049151872507273875 , -0.009951429602005658 , 0.03483365430932394 , 0.08001889022487232 , 0.06914794948659804 , 0.05581970762426705 , 0.03853639806907948 , 0.013275943532538515 , 0.03130153345223125 , 0.048809854606219165 , -0.020494030245043975 , -0.07427608096562446 , -0.014092242079407473 , 0.05091356929782758 , 0.054768175305218735 , 0.040081846520590075 , -0.007565796951591279 , -0.06267701506127181 , -0.04079646047201444 , -0.012508334559349828 , -0.04290682991494748 , -0.0652347785506986 , -0.051430673350195265 , -0.02343800725336104 , 0.014980415430184501 , 0.051658829488967335 , 0.08409925119449536 , 0.09149269931322265 , 0.05786221197279217 , 0.015282335679369756 , -0.011602941269610263 , -0.021768118680113982 , 0.01341323460155081 , 0.06045008386505076 , 0.0416592924093027 , 0.019451156139589792 , 0.06901940094554616 , 0.10590549817633929 , 0.07941809148414511 , 0.04803745638840557 , 0.012190320769623288 , -0.01884028763467379 , 0.037516901153840744 , 0.08972622109623409 , -0.00047901805512749946 , -0.08408409459268423 , -0.05367604101216967 , -0.013275266997495474 , 0.032521963532046665 , 0.06085304162195759 , -0.0365057529864094 , -0.1377307042369848 , -0.10276261842277427 , -0.05106375238734848 , -0.04521127767922509 , -0.03989429915026611 , -0.07035076855343844 , -0.09874917180510225 , -0.06747814426475694 , -0.032394978552852435 , -0.011926970875249798 , -0.0083658787847327 , -0.042823790687187675 , -0.0727069777700048 , -0.09828797264911682 , -0.09096255506453761 , 0.006031221505175425 , 0.0952421469956943 , 0.07904086190116072 , 0.027142037405466113 , -0.043478976078147574 , -0.11035965573967395 , -0.08034000752913385 , -0.02616489944985428 , -0.051390848361707285 , -0.0664243259359188 , -0.03311051994497374 , -0.0037664098554945798 , 0.03632039964769148 , 0.058681550400594876 , 0.015680226557085994 , -0.03182272053811277 , -0.028360357203838282 , -0.0074641545331510335 , 0.01685856872360006 , 0.045545484975800236 , 0.055422928844440195 , 0.051836270012649004 , 0.04885929828665389 , 0.04110098773560514 , 0.03173610575847138 , 0.031490142207097 , 0.03550099680442878 , 0.03999596692833136 , 0.0675845471487146 , 0.08124983662499694 , 0.026275513580697633 , -0.029282408214528276 , -0.00792072191517623 , 0.031144636833856317 , 0.023289520896682864 , 0.017616930173056305 , 0.061080732449285115 , 0.08051136817215016 , 0.03519957000427323 , -0.017927588301419304 , -0.06625324236077268 , -0.0913795644757022 , -0.02332448054410884 , 0.05136185724357873 , 0.0241583074518471 , -0.016566755489263885 , -0.010875755031110055 , -0.004422144351792971 , 0.0062764046984950155 , 0.02013900431503661 , 0.012428145086373561 , -0.002017486876460488 , -0.007805074085563692 , -0.012204750685107792 , -0.0362225438023769 , -0.05347097663279058 , -0.017348394958313116 , 0.011080540086296772 , -0.014610541609046245 , -0.04430459763959504 , -0.06025552186223505 , -0.05818677304738778 , 0.0015490825835676166 , 0.0684342456265323 , 0.07952311944257785 , 0.07617969849336251 , 0.07148349297999995 , 0.05582378064834009 , 0.058191176133952 , 0.05334952700373468 , 0.02145962676092286 , -0.007279672066311523 , -0.042347251694831646 , -0.05864065926589934 , -0.002561066316092577 , 0.05403351537485578 , 0.06003351678163006 , 0.0530760169123028 , 0.018239690153732193 , -0.012633926307190024 , 0.05327240503744393 , 0.11358540463583158 , 0.0801656855147558 , 0.03460111651381225 , -0.008410009158761342 , -0.033338887687642885 , 0.015508867433729425 , 0.07388378424525595 , 0.07964298483758647 , 0.05631447903279598 , 0.02342635836388231 , -0.020797277076665066 , -0.07000764868075819 , -0.08814509247133853 , -0.039904270966986566 , 0.02484868438618605 , 0.06061280902072032 , 0.07473427081816097 , 0.04294215479037321 , -0.007541279004236252 , -0.0029798840567453605 , 0.0029136219502222654 , -0.0354495882970898 , -0.0639550992370458 , -0.055431981537191255 , -0.03366495802396812 , -0.009218365754096727 , 0.02324424511829711 , 0.04203450837100714 , 0.05073784077977762 , 0.08800125813204629 , 0.1019650068046805 , 0.04105413499137415 , -0.02134016589837376 , -0.042692370331810774 , -0.03971089150104189 , -0.008941823085304272 , 0.02305212283420637 , 0.025942910433935464 , 0.0066361798697070675 , -0.029076320982509257 , -0.0586755726115766 , -0.06159504474245235 , -0.04161367389698114 , 0.026634127693762267 , 0.09018054839183175 , 0.0539963823581788 , 0.002384118926347892 , 0.012889386595911616 , 0.015996256741599817 , 0.011031840127320489 , 0.006440426000548145 , -0.0746354767382947 , -0.13747194699925375 , -0.06183355654681983 , 0.020814131341496515 , 0.006258701522163116 , -0.022783799239906425 , -0.0527583682593168 , -0.08163737649839689 , -0.04415669595252361 , 0.00013664888420291147 , -0.0283013335936235 , -0.06503054978619775 , -0.04773232366736889 , -0.029565278382551418 , -0.06749248594068888 , -0.08716672467908554 , -0.03216989038311201 , 0.02249151553854431 , 0.05209756264745331 , 0.06724499906060322 , -0.015627243225393796 , -0.09153841117745921 , -9.13930723279346e-05 , 0.0868371622537415 , 0.03656518318818605 , -0.031232433960124897 , -0.09771083062672056 , -0.142669290177401 , -0.06516303418559485 , 0.03948802453511732 , 0.032866439707235844 , 0.012447204019288696 , 0.06174520438291362 , 0.08120879804529677 , 0.03350249836116124 , -0.016749491702079868 , -0.0668033958950697 , -0.09130883405846672 , -0.02332448054410884 , 0.05136185724357873 , 0.0241583074518471 , -0.016566755489263885 , -0.010875755031110055 , -0.004422144351792971 , 0.0062764046984950155 , 0.02013900431503661 , 0.012428145086373561 , -0.002017486876460488 , -0.007805074085563692 , -0.012204750685107792 , -0.0362225438023769 , -0.053420736639100956 , -0.01773917040078488 , 0.011908303972397175 , -0.015745652631984478 , -0.043907672620344035 , -0.05997208442019675 , -0.06118276250262663 , 0.007817331036970878 , 0.07391001591603376 , 0.039895359158775415 , -0.00888056885100122 , -0.0042600127184317695 , 0.002882072588438904 , -0.0016997769882577478 , 0.0007431833475899121 , 0.00039546562995890824 , -0.0005861321625654255 , 0.00030678956479522905 , -3.944236030254013e-05 , 0.0 , -2.0916577335418077e-05 , 0.00016269279040396077 , -0.00032975293284026445 , 0.00035690230014877756 , 0.00011759574602980387 , -0.0007480804252314535 , 0.0019523695361281595 , -0.003105106604156511 , -0.0034589523881418545 , 0.019434445789297736 , 0.03441741941403143 , 0.02403404026778915 , 0.004067238074608422 , -0.033315419765223786 , -0.06042631784930826 , -0.0383711812386052 , -0.00469343111234514 , 0.0009981646181669462 , -0.0034020182439094306 , 0.0005297250246474405 , -0.003740913893957365 , -0.03942263198263472 , -0.060678878077570476 , -0.03150730102762683 , -0.0009983914534305684 , 0.0326109257981456 , 0.04353391655447437 , -0.034355171675806324 , -0.10543066202930043 , -0.07032506441984265 , -0.006426338359474044 , 0.052210830693396486 , 0.11016996737668833 , 0.09025868758972097 , 0.050484393133930855 , 0.09025868758972101 , 0.11016996737668835 , 0.0522108306933965 , -0.006426338359474043 , -0.07032506441984267 , -0.10543066202930043 , -0.03435517167580634 , 0.04353391655447437 , 0.032610925798145604 , -0.0009983914534305695 , -0.031507301027626826 , -0.06067887807757048 , -0.039422631982634716 , -0.003740913893957356 , 0.0005297250246474468 , -0.00334179336879054 , 0.0005297250246474405 , -0.003740913893957365 , -0.03942263198263472 , -0.060678878077570476 , -0.03150730102762683 , -0.0009983914534305684 , 0.0326109257981456 , 0.04353391655447437 , -0.034355171675806324 , -0.10543066202930043 , -0.07032506441984265 , -0.006426338359474044 , 0.052210830693396486 , 0.11016996737668833 , 0.09025868758972097 , 0.050484393133930855 , 0.09025868758972101 , 0.11016996737668835 , 0.0522108306933965 , -0.006426338359474043 , -0.07032506441984267 , -0.10543066202930043 , -0.03435517167580634 , 0.04353391655447437 , 0.032610925798145604 , -0.0009983914534305695 , -0.031507301027626826 , -0.06067887807757048 , -0.039422631982634716 , -0.003740913893957356 , 0.0005297250246474468 , -0.00334179336879054 , 0.0005297250246474405 , -0.003740913893957365 , -0.03942263198263472 , -0.060678878077570476 , -0.03150730102762683 , -0.0009983914534305684 , 0.0326109257981456 , 0.04353391655447437 , -0.034355171675806324 , -0.10543066202930043 , -0.07032506441984265 , -0.006426338359474044 , 0.052210830693396486 , 0.11016996737668833 , 0.09025868758972097 , 0.050484393133930855 , 0.09025868758972101 , 0.11016996737668835 , 0.0522108306933965 , -0.006426338359474043 , -0.07032506441984267 , -0.10543066202930043 , -0.03435517167580634 , 0.04353391655447437 , 0.032610925798145604 , -0.0009983914534305695 , -0.031507301027626826 , -0.06067887807757048 , -0.039422631982634716 , -0.003740913893957356 , 0.0005297250246474468 , -0.00334179336879054 , 0.0005297250246474405 , -0.003740913893957365 , -0.03942263198263472 , -0.060678878077570476 , -0.03150730102762683 , -0.0009983914534305684 , 0.0326109257981456 , 0.04353391655447437 , -0.034355171675806324 , -0.10543066202930043 , -0.07032506441984265 , -0.006426338359474044 , 0.052210830693396486 , 0.11016996737668833 , 0.09025868758972097 , 0.050484393133930855 , 0.09025868758972101 , 0.11016996737668835 , 0.0522108306933965 , -0.006426338359474043 , -0.07032506441984267 , -0.10543066202930043 , -0.03435517167580634 , 0.04353391655447437 , 0.032610925798145604 , -0.0009983914534305695 , -0.031507301027626826 , -0.06067887807757048 , -0.039422631982634716 , -0.003740913893957356 , 0.0005297250246474468 , -0.00334179336879054 , 0.0005297250246474405 , -0.003740913893957365 , -0.03942263198263472 , -0.060678878077570476 , -0.03150730102762683 , -0.0009983914534305684 , 0.0326109257981456 , 0.04353391655447437 , -0.034355171675806324 , -0.10543066202930043 , -0.07032506441984265 , -0.006426338359474044 , 0.052210830693396486 , 0.11016996737668833 , 0.09025868758972097 , 0.050484393133930855 , 0.09025868758972101 , 0.11016996737668835 , 0.0522108306933965 , -0.006426338359474043 , -0.07032506441984267 , -0.10543066202930043 , -0.03435517167580634 , 0.04353391655447437 , 0.032610925798145604 , -0.0009983914534305695 , -0.031507301027626826 , -0.06067887807757048 , -0.039422631982634716 , -0.003740913893957356 , 0.0005297250246474468 , -0.00334179336879054 , 0.0005297250246474405 , -0.003740913893957365 , -0.03942263198263472 , -0.060678878077570476 , -0.03150730102762683 , -0.0009983914534305684 , 0.0326109257981456 , 0.04353391655447437 , -0.034355171675806324 , -0.10543066202930043 , -0.07032506441984265 , -0.006426338359474044 , 0.052210830693396486 , 0.11016996737668833 , 0.09025868758972097 , 0.050484393133930855 , 0.09025868758972101 , 0.11016996737668835 , 0.0522108306933965 , -0.006426338359474043 , -0.07032506441984267 , -0.10543066202930043 , -0.03435517167580634 , 0.04353391655447437 , 0.032610925798145604 , -0.0009983914534305695 , -0.031507301027626826 , -0.06067887807757048 , -0.039422631982634716 , -0.003740913893957356 , 0.0005297250246474468 , -0.00334179336879054 , 0.0005297250246474405 , -0.003740913893957365 , -0.03942263198263472 , -0.060678878077570476 , -0.03150730102762683 , -0.0009983914534305684 , 0.0326109257981456 , 0.04353391655447437 , -0.034355171675806324 , -0.10543066202930043 , -0.07032506441984265 , -0.006426338359474044 , 0.052210830693396486 , 0.11016996737668833 , 0.09025868758972097 , 0.050484393133930855 , 0.09025868758972101 , 0.11016996737668835 , 0.0522108306933965 , -0.006426338359474043 , -0.07032506441984267 , -0.10543066202930043 , -0.03435517167580634 , 0.04353391655447437 , 0.032610925798145604 , -0.0009983914534305695 , -0.031507301027626826 , -0.06067887807757048 , -0.039422631982634716 , -0.003740913893957356 , 0.0005297250246474468 , -0.00334179336879054 , 0.0005297250246474405 , -0.003740913893957365 , -0.03942263198263472 , -0.060678878077570476 , -0.03150730102762683 , -0.0009983914534305684 , 0.0326109257981456 , 0.04353391655447437 , -0.034355171675806324 , -0.10543066202930043 , -0.07032506441984265 , -0.006426338359474044 , 0.052210830693396486 , 0.11016996737668833 , 0.09025868758972097 , 0.050484393133930855 , 0.09025868758972101 , 0.11016996737668835 , 0.0522108306933965 , -0.006426338359474043 , -0.07032506441984267 , -0.10543066202930043 , -0.03435517167580634 , 0.04353391655447437 , 0.032610925798145604 , -0.0009983914534305695 , -0.031507301027626826 , -0.06067887807757048 , -0.039422631982634716 , -0.003740913893957356 , 0.0005297250246474468 , -0.00334179336879054 , 0.0005297250246474405 , -0.003740913893957365 , -0.03942263198263472 , -0.060678878077570476 , -0.03150730102762683 , -0.0009983914534305684 , 0.0326109257981456 , 0.04353391655447437 , -0.034355171675806324 , -0.10543066202930043 , -0.07032506441984265 , -0.006426338359474044 , 0.052210830693396486 , 0.11016996737668833 , 0.09025868758972097 , 0.050484393133930855 , 0.09025868758972101 , 0.11016996737668835 , 0.0522108306933965 , -0.006426338359474043 , -0.07032506441984267 , -0.10543066202930043 , -0.03435517167580634 , 0.04353391655447437 , 0.032610925798145604 , -0.0009983914534305695 , -0.031507301027626826 , -0.06067887807757048 , -0.039422631982634716 , -0.003740913893957356 , 0.0005297250246474468 , -0.00334179336879054 , 0.0005297250246474405 , -0.003740913893957365 , -0.03942263198263472 , -0.060678878077570476 , -0.03150730102762683 , -0.0009983914534305684 , 0.0326109257981456 , 0.04353391655447437 , -0.034355171675806324 , -0.10543066202930043 , -0.07032506441984265 , -0.006426338359474044 , 0.052210830693396486 , 0.11019088395402374 , 0.09009599479931701 , 0.050858526586032196 , 0.08955658586222925 , 0.11079792180613901 , 0.0518447410569435 , -0.0077790615687559315 , -0.06739396561631304 , -0.1042806622330594 , -0.04855101662169647 , 0.013365692530763055 , -0.024665033924613302 , -0.0796755781741304 , -0.07413371278477233 , -0.07099409356095511 , -0.08401863215346432 , -0.0804528998331864 , -0.06641219903216973 , -0.04390132840448908 , 0.014741169553084866 , 0.059722626579095925 , 0.03900827217165102 , 0.013782279527470537 , 0.0016598404051358564 , 0.004056352857718688 , 0.06510116651555017 , 0.11782632725375493 , 0.07346648163852487 , 0.012201143303413845 , -0.031006097524879307 , -0.06411147939255596 , -0.03665147832023016 , 0.0011604757989327934 , -0.03493112376620183 , -0.07359424213765711 , -0.05855110248419985 , -0.04614388320446977 , -0.03424083333221228 , -0.018518623553442363 , -0.0567972300672895 , -0.0831562939324117 , -0.01083155437491363 , 0.05142281208970692 , 0.04103840051779092 , 0.008311766366668591 , -0.06750882808597981 , -0.12754099542598632 , -0.06413902316575379 , 0.022332740699265687 , 0.034994504976914864 , 0.0403633383357396 , 0.039013518518408195 , 0.024256408543564482 , 0.06291708031723263 , 0.09268981172962987 , 0.04002708215528546 , -0.009643017974989027 , -0.0028350020793714093 , 0.01835639795552071 , 0.04923427768218693 , 0.08212371239941804 , 0.06113730743016942 , 0.027865759463854032 , 0.0565594714226681 , 0.06855770724155442 , 0.024729750348441683 , -0.017432104412491763 , -0.05723038737394495 , -0.06629411883898048 , 0.005257818018824588 , 0.0859335455720168 , 0.10099124419099827 , 0.08071966163150382 , 0.05260265614436104 , -1.4907779871675686e-19 , -0.05260265614436104 , -0.08071966163150385 , -0.10099124419099828 , -0.08593354557201678 , -0.0052578180188245895 , 0.06629411883898045 , 0.05723038737394495 , 0.01743210441249176 , -0.024729750348441677 , -0.0685577072415544 , -0.0565594714226681 , -0.027865759463854053 , -0.061137307430169444 , -0.08212371239941804 , -0.04923427768218694 , -0.01835639795552071 , 0.002835002079371415 , 0.009643017974989036 , -0.04002708215528545 , -0.09268981172962985 , -0.06291708031723263 , -0.02425640854356449 , -0.039013518518408195 , -0.0403633383357396 , -0.03499450497691488 , -0.022332740699265708 , 0.06413902316575378 , 0.12754099542598635 , 0.06750882808597983 , -0.008311766366668586 , -0.04103840051779092 , -0.05142281208970692 , 0.010831554374913628 , 0.08315629393241171 , 0.05679723006728948 , 0.01851862355344235 , 0.03424083333221227 , 0.046143883204469785 , 0.05855110248419987 , 0.07359424213765711 , 0.03493112376620183 , -0.001160475798932796 , 0.03665147832023017 , 0.06411147939255597 , 0.031006097524879313 , -0.012201143303413837 , -0.07346648163852486 , -0.11782632725375491 , -0.06510116651555017 , -0.004056352857718692 , -0.0016598404051358583 , -0.013782279527470541 , -0.03900827217165102 , -0.059722626579095946 , -0.014741169553084868 , 0.044005933798869044 , 0.06559856001130727 , 0.08215096722705466 , 0.08185301134775035 , 0.07134117965953915 , 0.07576782372174239 , 0.07230099605419059 , 0.038480520298377355 , -5.421010862427522e-19 , -0.038480520298377355 , -0.07230099605419059 , -0.0757678237217424 , -0.07134117965953915 , -0.08185301134775035 , -0.08215096722705464 , -0.06559856001130726 , -0.044005933798869044 , 0.014741169553084866 , 0.059722626579095925 , 0.03900827217165102 , 0.013782279527470537 , 0.0016598404051358564 , 0.004056352857718688 , 0.06510116651555017 , 0.11782632725375493 , 0.07346648163852487 , 0.012201143303413845 , -0.031006097524879307 , -0.06411147939255596 , -0.03665147832023016 , 0.0011604757989327934 , -0.03493112376620183 , -0.07359424213765711 , -0.05855110248419985 , -0.04614388320446977 , -0.03424083333221228 , -0.018518623553442363 , -0.0567972300672895 , -0.0831562939324117 , -0.01083155437491363 , 0.05142281208970692 , 0.04103840051779092 , 0.008311766366668591 , -0.06750882808597981 , -0.12754099542598632 , -0.06413902316575379 , 0.022332740699265687 , 0.034994504976914864 , 0.0403633383357396 , 0.039013518518408195 , 0.024256408543564482 , 0.06291708031723263 , 0.09268981172962987 , 0.04002708215528546 , -0.009643017974989027 , -0.0028350020793714093 , 0.01835639795552071 , 0.04923427768218693 , 0.08212371239941804 , 0.06113730743016942 , 0.027865759463854032 , 0.0565594714226681 , 0.06855770724155442 , 0.024729750348441683 , -0.017432104412491763 , -0.05723038737394495 , -0.06629411883898048 , 0.005257818018824588 , 0.0859335455720168 , 0.10099124419099827 , 0.08071966163150382 , 0.05260265614436104 , -1.4907779871675686e-19 , -0.05260265614436104 , -0.08071966163150385 , -0.10099124419099828 , -0.08593354557201678 , -0.0052578180188245895 , 0.06629411883898045 , 0.05723038737394495 , 0.01743210441249176 , -0.024729750348441677 , -0.0685577072415544 , -0.0565594714226681 , -0.027865759463854053 , -0.061137307430169444 , -0.08212371239941804 , -0.04923427768218694 , -0.01835639795552071 , 0.002835002079371415 , 0.009643017974989036 , -0.04002708215528545 , -0.09268981172962985 , -0.06291708031723263 , -0.02425640854356449 , -0.039013518518408195 , -0.0403633383357396 , -0.03499450497691488 , -0.022332740699265708 , 0.06413902316575378 , 0.12754099542598635 , 0.06750882808597983 , -0.008311766366668586 , -0.04103840051779092 , -0.05142281208970692 , 0.010831554374913628 , 0.08315629393241171 , 0.05679723006728948 , 0.01851862355344235 , 0.03424083333221227 , 0.046143883204469785 , 0.05855110248419987 , 0.07359424213765711 , 0.03493112376620183 , -0.001160475798932796 , 0.03665147832023017 , 0.06411147939255597 , 0.031006097524879313 , -0.012201143303413837 , -0.07346648163852486 , -0.11782632725375491 , -0.06510116651555017 , -0.004056352857718692 , -0.0016598404051358583 , -0.013782279527470541 , -0.03900827217165102 , -0.059722626579095946 , -0.014741169553084868 , 0.044005933798869044 , 0.06559856001130727 , 0.08215096722705466 , 0.08185301134775035 , 0.07134117965953915 , 0.07576782372174239 , 0.07230099605419059 , 0.038480520298377355 , -5.421010862427522e-19 , -0.038480520298377355 , -0.07230099605419059 , -0.0757678237217424 , -0.07134117965953915 , -0.08185301134775035 , -0.08215096722705464 , -0.06559856001130726 , -0.044005933798869044 , 0.014741169553084866 , 0.059722626579095925 , 0.03900827217165102 , 0.013782279527470537 , 0.0016598404051358564 , 0.004056352857718688 , 0.06510116651555017 , 0.11782632725375493 , 0.07346648163852487 , 0.012201143303413845 , -0.031006097524879307 , -0.06411147939255596 , -0.03665147832023016 , 0.0011604757989327934 , -0.03493112376620183 , -0.07359424213765711 , -0.05855110248419985 , -0.04614388320446977 , -0.03424083333221228 , -0.018518623553442363 , -0.0567972300672895 , -0.0831562939324117 , -0.01083155437491363 , 0.05142281208970692 , 0.04103840051779092 , 0.008311766366668591 , -0.06750882808597981 , -0.12754099542598632 , -0.06413902316575379 , 0.022332740699265687 , 0.034994504976914864 , 0.0403633383357396 , 0.039013518518408195 , 0.024256408543564482 , 0.06291708031723263 , 0.09268981172962987 , 0.04002708215528546 , -0.009643017974989027 , -0.0028350020793714093 , 0.01835639795552071 , 0.04923427768218693 , 0.08212371239941804 , 0.06113730743016942 , 0.027865759463854032 , 0.0565594714226681 , 0.06850330523051285 , 0.025152898688536277 , -0.01835925489001956 , -0.05576157655841455 , -0.06715991853804261 , 0.0050895399116607145 , 0.0901368642584251 , 0.09224254334787062 , 0.07749923689092598 , 0.09197727869011267 , 0.08382347948296716 , 0.06385788927198499 , 0.03510884791884839 , -0.044547171632907154 , -0.11138583312934172 , -0.07779207365170598 , -0.02793888140515385 , -0.05056187096727874 , -0.06653090330629166 , -0.03311051994497374 , -0.0037664098554945798 , 0.03632039964769148 , 0.058681550400594876 , 0.015680226557085994 , -0.03182272053811277 , -0.028360357203838282 , -0.0074641545331510335 , 0.01685856872360006 , 0.045545484975800236 , 0.055422928844440195 , 0.051836270012649004 , 0.04885929828665389 , 0.041195581741598424 , 0.031000337064399374 , 0.03300793260392963 , 0.03368079037889835 , 0.04005283456128035 , 0.06918634962039437 , 0.07497993874350292 , 0.038236589607724254 , -0.016589371595467212 , -0.08799240446974253 , -0.1319975868869183 , -0.08964997537220762 , -0.015932488188863676 , 0.026513667312377517 , 0.05519002020599402 , 0.07084118844332156 , 0.05445712794663963 , 0.02506634295609749 , -0.010815457153839622 , -0.048469891968663505 , -0.0686166056224204 , -0.04666272913756343 , -0.004248143223934221 , -0.01723491755120967 , -0.025115688137506368 , 0.04856598043247938 , 0.09498858685624754 , 0.06381746912874761 , 0.013633945456931118 , -0.08568535825623821 , -0.1584357973421219 , -0.053397179953206045 , 0.06344861961809882 , 0.02424501697839844 , -0.030316010405151077 , -0.0460291859039917 , -0.05723140519503882 , 0.020405777186990295 , 0.10204324035269649 , 0.049151872507273875 , -0.009951429602005658 , 0.03483365430932394 , 0.08001889022487232 , 0.06914794948659804 , 0.05581970762426705 , 0.03853639806907948 , 0.013275943532538515 , 0.03130153345223125 , 0.048809854606219165 , -0.020494030245043975 , -0.07427608096562446 , -0.014092242079407473 , 0.05091356929782758 , 0.054768175305218735 , 0.040081846520590075 , -0.007565796951591279 , -0.06267701506127181 , -0.04079646047201444 , -0.012508334559349828 , -0.04290682991494748 , -0.0652347785506986 , -0.051430673350195265 , -0.02343800725336104 , 0.014980415430184501 , 0.051658829488967335 , 0.08409925119449536 , 0.09149269931322265 , 0.05786221197279217 , 0.015282335679369756 , -0.011602941269610263 , -0.021768118680113982 , 0.01341323460155081 , 0.06045008386505076 , 0.0416592924093027 , 0.019451156139589792 , 0.06901940094554616 , 0.10590549817633929 , 0.07941809148414511 , 0.04803745638840557 , 0.012190320769623288 , -0.01884028763467379 , 0.037516901153840744 , 0.08972622109623409 , -0.00047901805512749946 , -0.08408409459268423 , -0.05367604101216967 , -0.013275266997495474 , 0.032521963532046665 , 0.06085304162195759 , -0.0365057529864094 , -0.1377307042369848 , -0.10276261842277427 , -0.05106375238734848 , -0.04521127767922509 , -0.03989429915026611 , -0.07035076855343844 , -0.09874917180510225 , -0.06747814426475694 , -0.032394978552852435 , -0.011926970875249798 , -0.0083658787847327 , -0.042823790687187675 , -0.0727069777700048 , -0.09828797264911682 , -0.09096255506453761 , 0.006031221505175425 , 0.0952421469956943 , 0.07904086190116072 , 0.027142037405466113 , -0.043478976078147574 , -0.11035965573967395 , -0.08034000752913385 , -0.02616489944985428 , -0.051390848361707285 , -0.0664243259359188 , -0.03311051994497374 , -0.0037664098554945798 , 0.03632039964769148 , 0.058681550400594876 , 0.015680226557085994 , -0.03182272053811277 , -0.028360357203838282 , -0.0074641545331510335 , 0.01685856872360006 , 0.045545484975800236 , 0.055422928844440195 , 0.051836270012649004 , 0.04885929828665389 , 0.04110098773560514 , 0.03173610575847138 , 0.031490142207097 , 0.03550099680442878 , 0.03999596692833136 , 0.0675845471487146 , 0.08124983662499694 , 0.026275513580697633 , -0.029282408214528276 , -0.00792072191517623 , 0.031144636833856317 , 0.023289520896682864 , 0.017616930173056305 , 0.061080732449285115 , 0.08051136817215016 , 0.03519957000427323 , -0.017927588301419304 , -0.06625324236077268 , -0.0913795644757022 , -0.02332448054410884 , 0.05136185724357873 , 0.0241583074518471 , -0.016566755489263885 , -0.010875755031110055 , -0.004422144351792971 , 0.0062764046984950155 , 0.02013900431503661 , 0.012428145086373561 , -0.002017486876460488 , -0.007805074085563692 , -0.012204750685107792 , -0.0362225438023769 , -0.05347097663279058 , -0.017348394958313116 , 0.011080540086296772 , -0.014610541609046245 , -0.04430459763959504 , -0.06025552186223505 , -0.05818677304738778 , 0.0015490825835676166 , 0.0684342456265323 , 0.07952311944257785 , 0.07617969849336251 , 0.07148349297999995 , 0.05582378064834009 , 0.058191176133952 , 0.05334952700373468 , 0.02145962676092286 , -0.007279672066311523 , -0.042347251694831646 , -0.05864065926589934 , -0.002561066316092577 , 0.05403351537485578 , 0.06003351678163006 , 0.0530760169123028 , 0.018239690153732193 , -0.012633926307190024 , 0.05327240503744393 , 0.11358540463583158 , 0.0801656855147558 , 0.03460111651381225 , -0.008410009158761342 , -0.033338887687642885 , 0.015508867433729425 , 0.07388378424525595 , 0.07964298483758647 , 0.05631447903279598 , 0.02342635836388231 , -0.020797277076665066 , -0.07000764868075819 , -0.08814509247133853 , -0.039904270966986566 , 0.02484868438618605 , 0.06061280902072032 , 0.07473427081816097 , 0.04294215479037321 , -0.007541279004236252 , -0.0029798840567453605 , 0.0029136219502222654 , -0.0354495882970898 , -0.0639550992370458 , -0.055431981537191255 , -0.03366495802396812 , -0.009218365754096727 , 0.02324424511829711 , 0.04203450837100714 , 0.05073784077977762 , 0.08800125813204629 , 0.1019650068046805 , 0.04105413499137415 , -0.02134016589837376 , -0.042692370331810774 , -0.03971089150104189 , -0.008941823085304272 , 0.02305212283420637 , 0.025942910433935464 , 0.0066361798697070675 , -0.029076320982509257 , -0.0586755726115766 , -0.06159504474245235 , -0.04161367389698114 , 0.026634127693762267 , 0.09018054839183175 , 0.0539963823581788 , 0.002384118926347892 , 0.012889386595911616 , 0.015996256741599817 , 0.011031840127320489 , 0.006440426000548145 , -0.0746354767382947 , -0.13747194699925375 , -0.06183355654681983 , 0.020814131341496515 , 0.006258701522163116 , -0.022783799239906425 , -0.0527583682593168 , -0.08163737649839689 , -0.04415669595252361 , 0.00013664888420291147 , -0.0283013335936235 , -0.06503054978619775 , -0.04773232366736889 , -0.029565278382551418 , -0.06749248594068888 , -0.08716672467908554 , -0.03216989038311201 , 0.02249151553854431 , 0.05209756264745331 , 0.06724499906060322 , -0.015627243225393796 , -0.09153841117745921 , -9.13930723279346e-05 , 0.0868371622537415 , 0.03656518318818605 , -0.031232433960124897 , -0.09771083062672056 , -0.142669290177401 , -0.06516303418559485 , 0.03948802453511732 , 0.032866439707235844 , 0.012447204019288696 , 0.06174520438291362 , 0.08120879804529677 , 0.03350249836116124 , -0.016749491702079868 , -0.0668033958950697 , -0.09130883405846672 , -0.02332448054410884 , 0.05136185724357873 , 0.0241583074518471 , -0.016566755489263885 , -0.010875755031110055 , -0.004422144351792971 , 0.0062764046984950155 , 0.02013900431503661 , 0.012428145086373561 , -0.002017486876460488 , -0.007805074085563692 , -0.012204750685107792 , -0.0362225438023769 , -0.053420736639100956 , -0.01773917040078488 , 0.011908303972397175 , -0.015745652631984478 , -0.043907672620344035 , -0.05997208442019675 , -0.06118276250262663 , 0.007817331036970878 , 0.07391001591603376 , 0.039895359158775415 , -0.00888056885100122 , -0.0042600127184317695 , 0.002882072588438904 , -0.0016997769882577478 , 0.0007431833475899121 , 0.00039546562995890824 , -0.0005861321625654255 , 0.00030678956479522905 , -3.944236030254013e-05 , 0.0};

// Long_preamble_slot_Frequency
static complex_t Long_preamble_slot_Frequency[64] = {
    0.0000000000 + 0.0000000000i,
    0.0000000000 + 0.0000000000i,
    0.0000000000 + 0.0000000000i,
    0.0000000000 + 0.0000000000i,
    0.0000000000 + 0.0000000000i,
    0.0000000000 + 0.0000000000i,
    1.0000000000 + 0.0000000000i,
    1.0000000000 + 0.0000000000i,
    -1.0000000000 + 0.0000000000i,
    -1.0000000000 + 0.0000000000i,
    1.0000000000 + 0.0000000000i,
    1.0000000000 + 0.0000000000i,
    -1.0000000000 + 0.0000000000i,
    1.0000000000 + 0.0000000000i,
    -1.0000000000 + 0.0000000000i,
    1.0000000000 + 0.0000000000i,
    1.0000000000 + 0.0000000000i,
    1.0000000000 + 0.0000000000i,
    1.0000000000 + 0.0000000000i,
    1.0000000000 + 0.0000000000i,
    1.0000000000 + 0.0000000000i,
    -1.0000000000 + 0.0000000000i,
    -1.0000000000 + 0.0000000000i,
    1.0000000000 + 0.0000000000i,
    1.0000000000 + 0.0000000000i,
    -1.0000000000 + 0.0000000000i,
    1.0000000000 + 0.0000000000i,
    -1.0000000000 + 0.0000000000i,
    1.0000000000 + 0.0000000000i,
    1.0000000000 + 0.0000000000i,
    1.0000000000 + 0.0000000000i,
    1.0000000000 + 0.0000000000i,
    0.0000000000 + 0.0000000000i,
    1.0000000000 + 0.0000000000i,
    -1.0000000000 + 0.0000000000i,
    -1.0000000000 + 0.0000000000i,
    1.0000000000 + 0.0000000000i,
    1.0000000000 + 0.0000000000i,
    -1.0000000000 + 0.0000000000i,
    1.0000000000 + 0.0000000000i,
    -1.0000000000 + 0.0000000000i,
    1.0000000000 + 0.0000000000i,
    -1.0000000000 + 0.0000000000i,
    -1.0000000000 + 0.0000000000i,
    -1.0000000000 + 0.0000000000i,
    -1.0000000000 + 0.0000000000i,
    -1.0000000000 + 0.0000000000i,
    1.0000000000 + 0.0000000000i,
    1.0000000000 + 0.0000000000i,
    -1.0000000000 + 0.0000000000i,
    -1.0000000000 + 0.0000000000i,
    1.0000000000 + 0.0000000000i,
    -1.0000000000 + 0.0000000000i,
    1.0000000000 + 0.0000000000i,
    -1.0000000000 + 0.0000000000i,
    1.0000000000 + 0.0000000000i,
    1.0000000000 + 0.0000000000i,
    1.0000000000 + 0.0000000000i,
    1.0000000000 + 0.0000000000i,
    0.0000000000 + 0.0000000000i,
    0.0000000000 + 0.0000000000i,
    0.0000000000 + 0.0000000000i,
    0.0000000000 + 0.0000000000i,
    0.0000000000 + 0.0000000000i,
};

// Input complex array for Payload 1 (modulated data)
static complex_t data_payload_1_mod[48] = {
  0.7071 - 0.7071*I, -0.7071 + 0.7071*I, -0.7071 - 0.7071*I, -0.7071 + 0.7071*I,
  0.7071 - 0.7071*I, -0.7071 + 0.7071*I, -0.7071 - 0.7071*I, -0.7071 - 0.7071*I,
  -0.7071 + 0.7071*I, 0.7071 - 0.7071*I, -0.7071 - 0.7071*I, 0.7071 - 0.7071*I,
  0.7071 - 0.7071*I, -0.7071 - 0.7071*I, -0.7071 - 0.7071*I, -0.7071 - 0.7071*I,
  0.7071 + 0.7071*I, -0.7071 + 0.7071*I, -0.7071 - 0.7071*I, -0.7071 - 0.7071*I,
  0.7071 + 0.7071*I, 0.7071 - 0.7071*I, 0.7071 + 0.7071*I, -0.7071 + 0.7071*I,
  0.7071 - 0.7071*I, -0.7071 + 0.7071*I, -0.7071 - 0.7071*I, 0.7071 + 0.7071*I,
  -0.7071 - 0.7071*I, -0.7071 - 0.7071*I, -0.7071 - 0.7071*I, 0.7071 - 0.7071*I,
  0.7071 - 0.7071*I, -0.7071 - 0.7071*I, 0.7071 + 0.7071*I, -0.7071 - 0.7071*I,
  -0.7071 - 0.7071*I, -0.7071 - 0.7071*I, 0.7071 + 0.7071*I, -0.7071 - 0.7071*I,
  -0.7071 + 0.7071*I, 0.7071 - 0.7071*I, -0.7071 - 0.7071*I, 0.7071 - 0.7071*I,
  -0.7071 + 0.7071*I, 0.7071 + 0.7071*I, 0.7071 - 0.7071*I, -0.7071 - 0.7071*I
};

// Input complex array for Payload 2 (modulated data)
static complex_t data_payload_2_mod[48] = {
  -0.7071 - 0.7071*I, 0.7071 + 0.7071*I, -0.7071 + 0.7071*I, -0.7071 + 0.7071*I,
  -0.7071 + 0.7071*I, -0.7071 + 0.7071*I, 0.7071 - 0.7071*I, 0.7071 + 0.7071*I,
  -0.7071 + 0.7071*I, -0.7071 + 0.7071*I, 0.7071 - 0.7071*I, 0.7071 + 0.7071*I,
  -0.7071 + 0.7071*I, -0.7071 + 0.7071*I, 0.7071 - 0.7071*I, 0.7071 + 0.7071*I,
  -0.7071 + 0.7071*I, -0.7071 + 0.7071*I, 0.7071 + 0.7071*I, 0.7071 + 0.7071*I,
  0.7071 - 0.7071*I, -0.7071 - 0.7071*I, 0.7071 - 0.7071*I, -0.7071 + 0.7071*I,
  0.7071 + 0.7071*I, 0.7071 + 0.7071*I, 0.7071 + 0.7071*I, 0.7071 + 0.7071*I,
  0.7071 - 0.7071*I, 0.7071 + 0.7071*I, -0.7071 + 0.7071*I, 0.7071 + 0.7071*I,
  -0.7071 - 0.7071*I, 0.7071 + 0.7071*I, 0.7071 + 0.7071*I, 0.7071 - 0.7071*I,
  -0.7071 - 0.7071*I, 0.7071 + 0.7071*I, -0.7071 - 0.7071*I, 0.7071 + 0.7071*I,
  0.7071 - 0.7071*I, -0.7071 - 0.7071*I, -0.7071 - 0.7071*I, -0.7071 - 0.7071*I,
  -0.7071 - 0.7071*I, -0.7071 + 0.7071*I, -0.7071 - 0.7071*I, 0.7071 - 0.7071*I
};

// Define the double array for data_payload_1
data_t data_payload_1[96] = {
  1, 1, 0, 1, 1, 0, 0, 1, 1, 1, 0, 1, 1, 0, 1, 0, 0, 1, 1, 1, 1, 0, 1, 1,
  1, 1, 1, 0, 1, 0, 1, 0, 0, 0, 0, 1, 1, 0, 1, 0, 0, 0, 1, 1, 0, 0, 0, 1,
  1, 1, 0, 1, 1, 0, 0, 0, 1, 0, 1, 0, 1, 0, 1, 1, 1, 1, 1, 0, 0, 0, 1, 0,
  1, 0, 1, 0, 0, 0, 1, 0, 0, 1, 1, 1, 1, 0, 1, 1, 0, 1, 0, 0, 1, 1, 1, 0
};

// Define the double array for data_payload_2
data_t data_payload_2[96] = {
  1, 0, 0, 0, 0, 1, 0, 1, 0, 1, 0, 1, 1, 1, 0, 0, 0, 1, 0, 1, 1, 1, 0, 0,
  0, 1, 0, 1, 1, 1, 0, 0, 0, 1, 0, 1, 0, 0, 0, 0, 1, 1, 1, 0, 1, 1, 0, 1,
  0, 0, 0, 0, 0, 0, 0, 0, 1, 1, 0, 0, 0, 1, 0, 0, 1, 0, 0, 0, 0, 0, 1, 1,
  1, 0, 0, 0, 1, 0, 0, 0, 1, 1, 1, 0, 1, 0, 1, 0, 1, 0, 0, 1, 1, 0, 1, 1
};

// Define the double array for RX_Payload_1_demod
data_t RX_Payload_1_demod[96] = {
  1, 1, 0, 1, 1, 0, 0, 1, 1, 1, 0, 1, 1, 0, 1, 0, 0, 1, 1, 1,
  1, 0, 1, 1, 1, 1, 1, 0, 1, 0, 1, 0, 0, 0, 0, 1, 1, 0, 1, 0,
  0, 0, 1, 1, 0, 0, 0, 1, 1, 1, 0, 1, 1, 0, 0, 0, 1, 0, 1, 0,
  1, 0, 1, 1, 1, 1, 1, 0, 0, 0, 1, 0, 1, 0, 1, 0, 0, 0, 1, 0,
  0, 1, 1, 1, 1, 0, 1, 1, 0, 1, 0, 0, 1, 1, 1, 0
};

// Define the double array for RX_Payload_2_demod
data_t RX_Payload_2_demod[96] = {
  1, 0, 0, 0, 0, 1, 0, 1, 0, 1, 0, 1, 1, 1, 0, 0, 0, 1, 0, 1,
  1, 1, 0, 0, 0, 1, 0, 1, 1, 1, 0, 0, 0, 1, 0, 1, 0, 0, 0, 0,
  1, 1, 1, 0, 1, 1, 0, 1, 0, 0, 0, 0, 0, 0, 0, 0, 1, 1, 0, 0,
  0, 1, 0, 0, 1, 0, 0, 0, 0, 0, 1, 1, 1, 0, 0, 0, 1, 0, 0, 0,
  1, 1, 1, 0, 1, 0, 1, 0, 1, 0, 0, 1, 1, 0, 1, 1
};


data_t tx_mean_power(complex_t Tx_signal[TX_SIG_LEN]) {
	data_t power = 0.0;
    for (int i = 0; i < TX_SIG_LEN; i++) {
        power += crealf(Tx_signal[i] * conjf(Tx_signal[i]));
    }
    return power / TX_SIG_LEN;
}

void add_noise(data_t snr_dB, data_t tx_signal_power, complex_t Tx_signal[TX_SIG_LEN], complex_t rx_signal[TX_SIG_LEN]) {

	// Convert SNR from dB to linear scale
    data_t snr_linear = powf(10.0, snr_dB / 10.0);

    // Compute noise power and its standard deviation
    data_t noise_power = tx_signal_power / snr_linear;
    data_t noise_std_dev = sqrtf(noise_power);

    for (int i = 0; i < TX_SIG_LEN; i++) {
        // Generate two independent uniform random numbers in (0,1]
        data_t gaussian1 = ((data_t)rand() + 1.0) / ((data_t)RAND_MAX + 1.0);
        data_t gaussian2 = ((data_t)rand() + 1.0) / ((data_t)RAND_MAX + 1.0);

        // Add noise to the transmitted signal to form the received signal
        rx_signal[i] = Tx_signal[i] + noise_std_dev * (gaussian1 + gaussian2 * I);
    }
    printf("Noise Power %f\n", noise_power);
}

void capture_data(complex_t Tx_OTA_signal[TX_SIG_LEN],complex_t Rx_signal[PACKETS_CAPTURE_LEN]){

    // Generate a random start index within the valid range
    int rx_start = rand() % (TX_SIG_LEN - PACKETS_CAPTURE_LEN+ 1);

    // Capture the received signal
    for (int i = 0; i < PACKETS_CAPTURE_LEN; i++) {
    	Rx_signal[i] = Tx_OTA_signal[i+rx_start];
    }

}

void rx_rrx_conv(complex_t Rx_signal[PACKETS_CAPTURE_LEN],complex_t  Rx_filter_signal[rrc_rc_out_len]){

    for (int n = 0; n < rrc_rc_out_len; n++) {
    	Rx_filter_signal[n] = 0.0 + 0.0*I;
        for (int k = 0; k < rrc_filter_len; k++) {
        	int idx = n + k - (rrc_filter_len - 1);
        	if (idx >= 0 && idx < PACKETS_CAPTURE_LEN) {
        		Rx_filter_signal[n] += (rrc_filter_rx[k]+0.0*I) * Rx_signal[idx];
        	}
        }
    }
}

void packet_detection(complex_t Rx_signal[PACKETS_CAPTURE_LEN], data_t corr_out[corr_arr_len]){

    for (int n = 0; n < corr_arr_len; n++) {
    	complex_t temp1 = 0.0 + 0.0*I;
    	data_t temp2 = 0.0;
    	for (int k = 0; k < window_length; k++) {
    		temp1 += Rx_signal[n+k]*Rx_signal[n+k+delay_param];
    		temp2 += crealf(Rx_signal[n+k+delay_param] * conjf(Rx_signal[n+k+delay_param]));
    	}
    	corr_out[n] = (crealf(temp1 * conjf(temp1)))/(temp2*temp2);
    }
}

void packet_selection_and_downsampling(complex_t rx_frame[frame_size],data_t corr_out[corr_arr_len],complex_t Rx_filter_signal[rrc_rc_out_len]){

	data_t packet_threshold = 0.75;

	int temp_packet_idx_arr[corr_arr_len] = {0};
    int idx_count = 0;

    for (int i = 0; i < corr_arr_len; i++) {
        if (corr_out[i] > packet_threshold) {
        	temp_packet_idx_arr[idx_count] = i;
        	idx_count += 1;
        }
    }

    int packet_idx_arr[idx_count];

    for (int i = 0; i < idx_count; i++) {
        packet_idx_arr[i] = temp_packet_idx_arr[i];
    }

    int temp3[idx_count + 1];


    // Compute the first element
    temp3[0] = packet_idx_arr[0];

    // Compute differences for the middle elements
    for (int i = 1; i < idx_count; i++) {
    	temp3[i] = packet_idx_arr[i] - packet_idx_arr[i - 1];
    }
    // Compute the last element
    temp3[idx_count] = -packet_idx_arr[idx_count - 1];

    int temp_packet_front[idx_count+1];
    int packet_front_count = 0;
    for (int i = 0; i < idx_count+1; i++) {
    	if (temp3[i] > 300) {
    		temp_packet_front[packet_front_count] = i;
    		packet_front_count += 1;
        	}
    	else{
    		temp_packet_front[i] = 0;
    	}
        }
    int packet_front[packet_front_count];
    for (int i = 0; i < packet_front_count; i++) {
    	packet_front[i] = temp_packet_front[i];
    }

    int packet_front_idx[packet_front_count];
    for (int i = 0; i < packet_front_count; i++) {
        packet_front_idx[i] = packet_idx_arr[packet_front[i]];
    }

    int threshold_length = 230; // Minimum length of the packet
    int packet_idx = 0;
    for (int x = 0; x < packet_front_count - 1; x++) {
    	if (corr_out[packet_front_idx[x] + threshold_length] > packet_threshold) {
    		packet_idx = packet_front_idx[x] + length_rrc_rx + 1;  // Adjust for RRC filter delay
    		break;  // Exit loop once a valid packet is found
    		}
    }

    int end_idx = oversampling_rate_rx * frame_size + packet_idx - 1;
    int j = 0;

    // Loop to extract values at the specified step
    for (int i = packet_idx; i <= end_idx; i += oversampling_rate_rx) {
    	rx_frame[j++] = Rx_filter_signal[i];
        }
}

void coarse_cfo_estimation(complex_t rx_frame[frame_size], complex_t rx_frame_after_coarse[frame_size]) {

    // Compute the complex conjugate product
    complex_t prod_consq_frame_coarse = 0.0 + 0.0 * I;
    for (int i = 0; i < Short_preamble_length; i++) {
        prod_consq_frame_coarse += rx_frame[5 * Short_preamble_length + i] * conjf(rx_frame[6 * Short_preamble_length + i]);
    }

    // Estimate the coarse frequency offset
    data_t freq_coarse_est = (-1.0 / (2.0 * PI * Short_preamble_length * ts_sec)) *atan2f(cimagf(prod_consq_frame_coarse), crealf(prod_consq_frame_coarse));

    // Apply CFO correction to the received frame
    for (int i = 0; i < frame_size; i++) {
    	data_t phase_shift = -2.0 * PI * freq_coarse_est * ts_sec * i;
        rx_frame_after_coarse[i] = rx_frame[i] * cexpf(I * phase_shift);
    }
}

void fine_cfo_estimation(complex_t rx_frame_after_coarse[frame_size], complex_t rx_frame_after_fine[frame_size]) {
    // Compute the complex conjugate product for fine CFO estimation

	complex_t prod_consq_frame_fine = 0.0;
    for (int i = 0; i < N; i++) {
        prod_consq_frame_fine += rx_frame_after_coarse[Short_preamble_length * 12 + i] *conj(rx_frame_after_coarse[Short_preamble_length * 16 + i]);
    }

    // Estimate fine frequency offset
    data_t freq_fine_est = (-1.0 / (2.0 * PI * N * ts_sec)) * atan2f(cimagf(prod_consq_frame_fine), crealf(prod_consq_frame_fine));

    // Apply fine frequency offset correction
    for (int i = 0; i < frame_size; i++) {
        rx_frame_after_fine[i] = rx_frame_after_coarse[i] * cexpf(-1.0 * I * 2.0 * PI * freq_fine_est * ts_sec * i);
    }
}


// Function to perform FFT using Cooley-Tukey algorithm
void fft(complex_t *x) {
    int i, j, k, m;
    for (i = 1, j = 0; i < N; i++) {
        int bit = N >> 1;
        while (j >= bit) {
            j -= bit;
            bit >>= 1;
        }
        j += bit;
        if (i < j) {
            complex_t temp = x[i];
            x[i] = x[j];
            x[j] = temp;
        }
    }
    for (m = 2; m <= N; m <<= 1) {
        data_t angle = -2.0 * PI / m;
        complex_t w_m = cosf(angle) + sinf(angle) * I;
        for (k = 0; k < N; k += m) {
        	complex_t w = 1.0;
            for (j = 0; j < m / 2; j++) {
                complex_t t = w * x[k + j + m / 2];
                complex_t u = x[k + j];
                x[k + j] = u + t;
                x[k + j + m / 2] = u - t;
                w *= w_m;
            }
        }
    }
}

// Function to perform IFFT
void ifft(complex_t *X) {
    for (int i = 0; i < N; i++) {
        X[i] = conjf(X[i]);
    }
    fft(X);
    for (int i = 0; i < N; i++) {
        X[i] = conjf(X[i]) / N;
    }
}

// Function to perform FFT shift
void fftshift(complex_t *X, int n) {
    int k = n / 2;
    for (int i = 0; i < k; i++) {
        complex_t temp = X[i];
        X[i] = X[i + k];
        X[i + k] = temp;
    }
}

// Function to perform channel estimation
void ifftshift(complex_t *X, int n) {
    int k = n / 2;
    for (int i = 0; i < k; i++) {
        complex_t temp = X[i];
        X[i] = X[i + k];
        X[i + k] = temp;
    }
}

// Function to perform channel estimation
void channel_estimation(complex_t *rx_frame_after_fine, complex_t *Long_preamble_slot_Frequency, complex_t *H_est_time) {
    complex_t Long_preamble_1[N], Long_preamble_2[N];

    for (int i = 0; i < N; i++) {
        Long_preamble_1[i] = rx_frame_after_fine[Short_preamble_length * 12 + i];
        Long_preamble_2[i] = rx_frame_after_fine[Short_preamble_length * 16 + i];
    }

    fft(Long_preamble_1);
    fft(Long_preamble_2);
    fftshift(Long_preamble_1, N);
    fftshift(Long_preamble_2, N);

    for (int i = 0; i < N; i++) {
    	H_est_time[i] = 0.5 * (Long_preamble_1[i] + Long_preamble_2[i]) * conjf(Long_preamble_slot_Frequency[i]);
    }
}

void one_tap_equalizer(
    complex_t *rx_frame_after_fine,
    complex_t *H_est,
    complex_t *equalized_1,
    complex_t *equalized_2
) {
    complex_t RX_Payload_1_time[frame_size];
    complex_t RX_Payload_1_no_CP[N];

    complex_t RX_Payload_2_time[frame_size];
    complex_t RX_Payload_2_no_CP[N];

    // Extract first payload frame
    for (int i = 0; i < frame_size; i++) {
        RX_Payload_1_time[i] = rx_frame_after_fine[320 + i];
    }

    // Remove cyclic prefix
    for (int i = 0; i < N; i++) {
        RX_Payload_1_no_CP[i] = RX_Payload_1_time[CP_SIZE + i];
    }

    // Apply FFT and shift
    fft(RX_Payload_1_no_CP);
    fftshift(RX_Payload_1_no_CP, N);

    // Apply equalization
    for (int i = 0; i < N; i++) {
        equalized_1[i] = RX_Payload_1_no_CP[i] / H_est[i];
    }

    // Extract second payload frame
    for (int i = 0; i < frame_size; i++) {
        RX_Payload_2_time[i] = rx_frame_after_fine[400 + i];
    }

    // Remove cyclic prefix
    for (int i = 0; i < N; i++) {
        RX_Payload_2_no_CP[i] = RX_Payload_2_time[CP_SIZE + i];
    }

    // Apply FFT and shift
    fft(RX_Payload_2_no_CP);
    fftshift(RX_Payload_2_no_CP, N);

    // Apply equalization
    for (int i = 0; i < N; i++) {
        equalized_2[i] = RX_Payload_2_no_CP[i] / H_est[i];
    }
}

void extract_payload(complex_t *equalized,complex_t *payload) {
    for(int i = 6;i <=10;i++) {
        payload[i-6] = equalized[i];
    }

    for(int i = 12;i <=24;i++) {
        payload[i-7] = equalized[i];
    }

    for(int i = 26;i <=31;i++) {
        payload[i-8] = equalized[i];
    }

    // 33 to 38
    for(int i = 33;i <=38;i++) {
        payload[i-9] = equalized[i];
    }

    // 40 to 52
    for(int i = 40;i <=52;i++) {
        payload[i-10] = equalized[i];
    }

    // 54 to 58
    for(int i = 54;i <=58;i++) {
        payload[i-11] = equalized[i];
    }
}

// Generalized AGC Function for Rx Data Payload
void AGC_Rx_Data_Payload(complex_t *RX_Payload_no_pilot, complex_t *RX_Payload_Final) {
    const data_t scale = 1.0 / sqrt(2);

    for (int idx = 0; idx < SIZE; idx++) {
        const data_t real_part = creal(RX_Payload_no_pilot[idx]);
        const data_t imag_part = cimag(RX_Payload_no_pilot[idx]);

        // Simplified conditional statements
        RX_Payload_Final[idx] = (real_part > 0 ? scale : real_part < 0 ? -scale : 0) +
                                  (imag_part > 0 ? scale : imag_part < 0 ? -scale : 0) * I;
    }
}


// Function for QPSK Demodulation
void QPSK_Demodulate(complex_t *RX_Payload_Final, int *RX_Payload_Demod) {
    for (int i = 0; i < SIZE; i++) {
        const data_t real_part = creal(RX_Payload_Final[i]);
        const data_t imag_part = cimag(RX_Payload_Final[i]);

        // Simplified conditional statements
        if (real_part > 0 && imag_part > 0) {
            RX_Payload_Demod[2 * i] = 0;
            RX_Payload_Demod[2 * i + 1] = 0;
        } else if (real_part < 0 && imag_part > 0) {
            RX_Payload_Demod[2 * i] = 0;
            RX_Payload_Demod[2 * i + 1] = 1;
        } else if (real_part < 0 && imag_part < 0) {
            RX_Payload_Demod[2 * i] = 1;
            RX_Payload_Demod[2 * i + 1] = 0;
        } else {
            RX_Payload_Demod[2 * i] = 1;
            RX_Payload_Demod[2 * i + 1] = 1;
        }
    }
}

// Function for EVM Calculation (Generalized for both before and after AGC)
data_t calculate_evm_agc(complex_t *RX_Payload_1, complex_t *RX_Payload_2, complex_t *data_payload_1_mod, complex_t *data_payload_2_mod) {
    data_t error_rms = 0.0;
    data_t transmitted_rms = 0.0;

    for (int i = 0; i < SIZE; i++) {
        const data_t error_real_1 = crealf(RX_Payload_1[i] - data_payload_1_mod[i]);
        const data_t error_imag_1 = cimagf(RX_Payload_1[i] - data_payload_1_mod[i]);
        const data_t error_real_2 = crealf(RX_Payload_2[i] - data_payload_2_mod[i]);
        const data_t error_imag_2 = cimagf(RX_Payload_2[i] - data_payload_2_mod[i]);

        error_rms += error_real_1 * error_real_1 + error_imag_1 * error_imag_1 + error_real_2 * error_real_2 + error_imag_2 * error_imag_2;

        const data_t transmitted_real_1 = crealf(data_payload_1_mod[i]);
        const data_t transmitted_imag_1 = cimagf(data_payload_1_mod[i]);
        const data_t transmitted_real_2 = crealf(data_payload_2_mod[i]);
        const data_t transmitted_imag_2 = cimagf(data_payload_2_mod[i]);

        transmitted_rms += transmitted_real_1 * transmitted_real_1 + transmitted_imag_1 * transmitted_imag_1 + transmitted_real_2 * transmitted_real_2 + transmitted_imag_2 * transmitted_imag_2;
    }

     error_rms = sqrt(error_rms / (2 * SIZE));
    transmitted_rms = sqrt(transmitted_rms / (2 * SIZE));

    // Calculate EVM
    data_t evm = error_rms / transmitted_rms;
    printf("inside evm : %f, log lene ke baad evm: %f\n", evm, 20*log10(evm));

    // Define a small threshold for floating-point comparison
    data_t epsilon = 0.0001;  // A small threshold value

    // Check if EVM is close enough to zero
    if (fabs(evm) < epsilon) {
        return -INFINITY;  // Return -INFINITY for the case where evm is very close to zero
    }
    // Return the EVM in dB
    return 20 * log10(evm);
}

// Function for BER Calculation
data_t calculate_ber(data_t *data_payload_1, data_t *RX_Payload_1_demod, data_t *data_payload_2, data_t *RX_Payload_2_demod) {
    int errors = 0;


    for (int i = 0; i < 2 * SIZE; i++) {
        if (fabs(data_payload_1[i] - RX_Payload_1_demod[i]) > 0) {
            errors++;
        }
        if (fabs(data_payload_2[i] - RX_Payload_2_demod[i]) > 0) {
            errors++;
        }
    }
    printf("inside BER errors : %d\n", errors);
    return (data_t) errors / (4 * SIZE);
}


void Receiver_Main(complex_t Tx_OTA_signal[TX_SIG_LEN], Result results){

	// Function to start receiver and capture random 3000 samples
	static complex_t Rx_signal[PACKETS_CAPTURE_LEN];
	capture_data(Tx_OTA_signal, Rx_signal); // Capture 3000 samples

	// Applyig convolution between Recieved signal and RRC Filter
	static complex_t Rx_filter_signal[rrc_rc_out_len];
	rx_rrx_conv(Rx_signal,Rx_filter_signal);


	// Packet detection
	static data_t corr_out[corr_arr_len];
	packet_detection(Rx_signal, corr_out);

	// Packet selection and downsampling
	static complex_t rx_frame[frame_size];
	packet_selection_and_downsampling(rx_frame,corr_out,Rx_filter_signal);


	// Coarse CFO
	static complex_t rx_frame_after_coarse[frame_size];
	coarse_cfo_estimation(rx_frame, rx_frame_after_coarse);

	// Fine CFO
	static complex_t rx_frame_after_fine[frame_size];
	fine_cfo_estimation(rx_frame_after_coarse, rx_frame_after_fine);



	// Channel_estimation
	static complex_t H_est[N];
	channel_estimation(rx_frame_after_fine,Long_preamble_slot_Frequency,H_est);

	// One_tap_equalizer
	static complex_t RX_Payload_1_Frequency_Equalizer[N];
	static complex_t RX_Payload_2_Frequency_Equalizer[N];
	one_tap_equalizer(rx_frame_after_fine, H_est, RX_Payload_1_Frequency_Equalizer,RX_Payload_2_Frequency_Equalizer);

	//	Extract_payload 1
	static complex_t RX_Payload_1_no_pilot[48];
	extract_payload(RX_Payload_1_Frequency_Equalizer, RX_Payload_1_no_pilot);

	//	Extract_payload 2
	static complex_t RX_Payload_2_no_pilot[48];
	extract_payload(RX_Payload_2_Frequency_Equalizer, RX_Payload_2_no_pilot);

	// Output complex array for Payload 1
	static complex_t RX_Payload_1_Final[SIZE];
	AGC_Rx_Data_Payload(RX_Payload_1_no_pilot, RX_Payload_1_Final);

	// Output complex array for Payload 2
	static complex_t RX_Payload_2_Final[SIZE];
	AGC_Rx_Data_Payload(RX_Payload_2_no_pilot, RX_Payload_2_Final);

	// QPSK Demodulation for Payload 1
	int RX_Payload_1_Demod[2 * SIZE];
	QPSK_Demodulate(RX_Payload_1_Final, RX_Payload_1_Demod);

	// QPSK Demodulation for Payload 2
	int RX_Payload_2_Demod[2 * SIZE];
	QPSK_Demodulate(RX_Payload_2_Final, RX_Payload_2_Demod);


	// Calculate EVM for Payload 1 (before AGC)
	// Calculate EVM before AGC

	results.evm = calculate_evm_agc(RX_Payload_1_no_pilot, RX_Payload_2_no_pilot, data_payload_1_mod, data_payload_2_mod);
	printf("EVM Before AGC (dB):%f\n", results.evm);


	// Calculate EVM for Payload 1 (after AGC)
	results.evm_AGC = calculate_evm_agc(RX_Payload_1_Final, RX_Payload_2_Final, data_payload_1_mod, data_payload_2_mod);
	printf("EVM After AGC (dB):%f\n", results.evm_AGC);

	// Calculate BER
	results.ber = calculate_ber(data_payload_1, RX_Payload_1_demod, data_payload_2,  RX_Payload_2_demod);

	// Print results
	printf("BER: %f\n\n", results.ber);
}

int main(){

    init_platform();
    printf("Hello World\n\r");

    Result results; // Initialize results

    // Casting transmitting real and imaginary signal into complex signal
    static complex_t Tx_signal[TX_SIG_LEN];
    for (int i = 0; i < TX_SIG_LEN; i++){
        Tx_signal[i] = tx_real[i] + tx_imag[i] * I;
    }

    // Calling function to calulate mean transmitted power
    data_t tx_signal_power = tx_mean_power(Tx_signal);
    printf("Received Signal Power %f\n", tx_signal_power);

    data_t snr_dB_values[snr_num] = {-15, -14, -13, -12, -11, -10, -9, -8, -7, -6, -5, -4, -3, -2, -1, 0, 1, 2, 3, 4, 5, 6, 7, 8, 9, 10, 11, 12, 13, 14, 15}; // SNR Values

    printf("=================================== RECEIVER START ======================\n\r");

    for (int i = 0; i < snr_num; i++) {
    	printf("Snr Value is %f at index %d\n", snr_dB_values[i], i);

    	// Adding noise to the transmitted signal.
     	static complex_t Tx_OTA_signal[TX_SIG_LEN];
     	add_noise(snr_dB_values[i],tx_signal_power,Tx_signal, Tx_OTA_signal); // Add noise to signal

     	Receiver_Main(Tx_OTA_signal, results); // Main receiver funtion
     }

    cleanup_platform();
    return 0;
}
