
*** Running vivado
    with args -log design_1_system_ila_0_0.vds -m64 -product Vivado -mode batch -messageDb vivado.pb -notrace -source design_1_system_ila_0_0.tcl


****** Vivado v2019.1 (64-bit)
  **** SW Build 2552052 on Fri May 24 14:49:42 MDT 2019
  **** IP Build 2548770 on Fri May 24 18:01:18 MDT 2019
    ** Copyright 1986-2019 Xilinx, Inc. All Rights Reserved.

source design_1_system_ila_0_0.tcl -notrace
INFO: [IP_Flow 19-234] Refreshing IP repositories
INFO: [IP_Flow 19-1700] Loaded user IP repository 'd:/Sem_6/AELD/Labs/Lab_6_HLS'.
INFO: [IP_Flow 19-2313] Loaded Vivado IP repository 'C:/Xilinx/Vivado/2019.1/data/ip'.
Command: synth_design -top design_1_system_ila_0_0 -part xc7z020clg484-1 -mode out_of_context
Starting synth_design
Attempting to get a license for feature 'Synthesis' and/or device 'xc7z020'
INFO: [Common 17-349] Got license for feature 'Synthesis' and/or device 'xc7z020'
INFO: [Device 21-403] Loading part xc7z020clg484-1
INFO: Launching helper process for spawning children vivado processes
INFO: Helper process launched with PID 9996 
---------------------------------------------------------------------------------
Starting RTL Elaboration : Time (s): cpu = 00:00:09 ; elapsed = 00:00:11 . Memory (MB): peak = 920.266 ; gain = 195.688
---------------------------------------------------------------------------------
INFO: [Synth 8-6157] synthesizing module 'design_1_system_ila_0_0' [d:/Sem_6/AELD/Labs/Lab_6_Vivado/Lab_6_Vivado.srcs/sources_1/bd/design_1/ip/design_1_system_ila_0_0/synth/design_1_system_ila_0_0.v:216]
WARNING: [Synth 8-4446] all outputs are unconnected for this instance and logic may be removed [d:/Sem_6/AELD/Labs/Lab_6_Vivado/Lab_6_Vivado.srcs/sources_1/bd/design_1/ip/design_1_system_ila_0_0/synth/design_1_system_ila_0_0.v:390]
INFO: [Synth 8-6157] synthesizing module 'bd_f60c' [d:/Sem_6/AELD/Labs/Lab_6_Vivado/Lab_6_Vivado.srcs/sources_1/bd/design_1/ip/design_1_system_ila_0_0/bd_0/synth/bd_f60c.v:10]
INFO: [Synth 8-6157] synthesizing module 'bd_f60c_g_inst_0' [d:/Sem_6/AELD/Labs/Lab_6_Vivado/Lab_6_Vivado.srcs/sources_1/bd/design_1/ip/design_1_system_ila_0_0/bd_0/ip/ip_1/synth/bd_f60c_g_inst_0.v:116]
INFO: [Synth 8-6157] synthesizing module 'bd_f60c_g_inst_0_gigantic_mux' [d:/Sem_6/AELD/Labs/Lab_6_Vivado/Lab_6_Vivado.srcs/sources_1/bd/design_1/ip/design_1_system_ila_0_0/bd_0/ip/ip_1/bd_f60c_g_inst_0_gigantic_mux.v:63]
	Parameter C_NUM_MONITOR_SLOTS bound to: 4 - type: integer 
	Parameter C_MUX_LEVEL bound to: 1 - type: integer 
	Parameter C_AXI_CH_SEL bound to: ALL - type: string 
	Parameter C_SYNC_EN bound to: 1'b0 
	Parameter C_SLOT_0_AXI_CH_SEL bound to: ALL - type: string 
	Parameter C_SLOT_0_AXI_AW_SEL bound to: 1 - type: string 
	Parameter C_SLOT_0_AXI_AR_SEL bound to: 1 - type: string 
	Parameter C_SLOT_0_AXI_W_SEL bound to: 1 - type: string 
	Parameter C_SLOT_0_AXI_R_SEL bound to: 1 - type: string 
	Parameter C_SLOT_0_AXI_B_SEL bound to: 1 - type: string 
	Parameter C_SLOT_1_AXI_CH_SEL bound to: ALL - type: string 
	Parameter C_SLOT_1_AXI_AW_SEL bound to: 1 - type: string 
	Parameter C_SLOT_1_AXI_AR_SEL bound to: 1 - type: string 
	Parameter C_SLOT_1_AXI_W_SEL bound to: 1 - type: string 
	Parameter C_SLOT_1_AXI_R_SEL bound to: 1 - type: string 
	Parameter C_SLOT_1_AXI_B_SEL bound to: 1 - type: string 
	Parameter C_SLOT_2_AXI_CH_SEL bound to: ALL - type: string 
	Parameter C_SLOT_2_AXI_AW_SEL bound to: 1 - type: string 
	Parameter C_SLOT_2_AXI_AR_SEL bound to: 1 - type: string 
	Parameter C_SLOT_2_AXI_W_SEL bound to: 1 - type: string 
	Parameter C_SLOT_2_AXI_R_SEL bound to: 1 - type: string 
	Parameter C_SLOT_2_AXI_B_SEL bound to: 1 - type: string 
	Parameter C_SLOT_3_AXI_CH_SEL bound to: ALL - type: string 
	Parameter C_SLOT_3_AXI_AW_SEL bound to: 1 - type: string 
	Parameter C_SLOT_3_AXI_AR_SEL bound to: 1 - type: string 
	Parameter C_SLOT_3_AXI_W_SEL bound to: 1 - type: string 
	Parameter C_SLOT_3_AXI_R_SEL bound to: 1 - type: string 
	Parameter C_SLOT_3_AXI_B_SEL bound to: 1 - type: string 
	Parameter C_SLOT_4_AXI_CH_SEL bound to: ALL - type: string 
	Parameter C_SLOT_4_AXI_AW_SEL bound to: 1 - type: string 
	Parameter C_SLOT_4_AXI_AR_SEL bound to: 1 - type: string 
	Parameter C_SLOT_4_AXI_W_SEL bound to: 1 - type: string 
	Parameter C_SLOT_4_AXI_R_SEL bound to: 1 - type: string 
	Parameter C_SLOT_4_AXI_B_SEL bound to: 1 - type: string 
	Parameter C_SLOT_5_AXI_CH_SEL bound to: ALL - type: string 
	Parameter C_SLOT_5_AXI_AW_SEL bound to: 1 - type: string 
	Parameter C_SLOT_5_AXI_AR_SEL bound to: 1 - type: string 
	Parameter C_SLOT_5_AXI_W_SEL bound to: 1 - type: string 
	Parameter C_SLOT_5_AXI_R_SEL bound to: 1 - type: string 
	Parameter C_SLOT_5_AXI_B_SEL bound to: 1 - type: string 
	Parameter C_SLOT_6_AXI_CH_SEL bound to: ALL - type: string 
	Parameter C_SLOT_6_AXI_AW_SEL bound to: 1 - type: string 
	Parameter C_SLOT_6_AXI_AR_SEL bound to: 1 - type: string 
	Parameter C_SLOT_6_AXI_W_SEL bound to: 1 - type: string 
	Parameter C_SLOT_6_AXI_R_SEL bound to: 1 - type: string 
	Parameter C_SLOT_6_AXI_B_SEL bound to: 1 - type: string 
	Parameter C_SLOT_7_AXI_CH_SEL bound to: ALL - type: string 
	Parameter C_SLOT_7_AXI_AW_SEL bound to: 1 - type: string 
	Parameter C_SLOT_7_AXI_AR_SEL bound to: 1 - type: string 
	Parameter C_SLOT_7_AXI_W_SEL bound to: 1 - type: string 
	Parameter C_SLOT_7_AXI_R_SEL bound to: 1 - type: string 
	Parameter C_SLOT_7_AXI_B_SEL bound to: 1 - type: string 
	Parameter C_SLOT_8_AXI_CH_SEL bound to: ALL - type: string 
	Parameter C_SLOT_8_AXI_AW_SEL bound to: 1 - type: string 
	Parameter C_SLOT_8_AXI_AR_SEL bound to: 1 - type: string 
	Parameter C_SLOT_8_AXI_W_SEL bound to: 1 - type: string 
	Parameter C_SLOT_8_AXI_R_SEL bound to: 1 - type: string 
	Parameter C_SLOT_8_AXI_B_SEL bound to: 1 - type: string 
	Parameter C_SLOT_9_AXI_CH_SEL bound to: ALL - type: string 
	Parameter C_SLOT_9_AXI_AW_SEL bound to: 1 - type: string 
	Parameter C_SLOT_9_AXI_AR_SEL bound to: 1 - type: string 
	Parameter C_SLOT_9_AXI_W_SEL bound to: 1 - type: string 
	Parameter C_SLOT_9_AXI_R_SEL bound to: 1 - type: string 
	Parameter C_SLOT_9_AXI_B_SEL bound to: 1 - type: string 
	Parameter C_SLOT_10_AXI_CH_SEL bound to: ALL - type: string 
	Parameter C_SLOT_10_AXI_AW_SEL bound to: 1 - type: string 
	Parameter C_SLOT_10_AXI_AR_SEL bound to: 1 - type: string 
	Parameter C_SLOT_10_AXI_W_SEL bound to: 1 - type: string 
	Parameter C_SLOT_10_AXI_R_SEL bound to: 1 - type: string 
	Parameter C_SLOT_10_AXI_B_SEL bound to: 1 - type: string 
	Parameter C_SLOT_11_AXI_CH_SEL bound to: ALL - type: string 
	Parameter C_SLOT_11_AXI_AW_SEL bound to: 1 - type: string 
	Parameter C_SLOT_11_AXI_AR_SEL bound to: 1 - type: string 
	Parameter C_SLOT_11_AXI_W_SEL bound to: 1 - type: string 
	Parameter C_SLOT_11_AXI_R_SEL bound to: 1 - type: string 
	Parameter C_SLOT_11_AXI_B_SEL bound to: 1 - type: string 
	Parameter C_SLOT_12_AXI_CH_SEL bound to: ALL - type: string 
	Parameter C_SLOT_12_AXI_AW_SEL bound to: 1 - type: string 
	Parameter C_SLOT_12_AXI_AR_SEL bound to: 1 - type: string 
	Parameter C_SLOT_12_AXI_W_SEL bound to: 1 - type: string 
	Parameter C_SLOT_12_AXI_R_SEL bound to: 1 - type: string 
	Parameter C_SLOT_12_AXI_B_SEL bound to: 1 - type: string 
	Parameter C_SLOT_13_AXI_CH_SEL bound to: ALL - type: string 
	Parameter C_SLOT_13_AXI_AW_SEL bound to: 1 - type: string 
	Parameter C_SLOT_13_AXI_AR_SEL bound to: 1 - type: string 
	Parameter C_SLOT_13_AXI_W_SEL bound to: 1 - type: string 
	Parameter C_SLOT_13_AXI_R_SEL bound to: 1 - type: string 
	Parameter C_SLOT_13_AXI_B_SEL bound to: 1 - type: string 
	Parameter C_SLOT_14_AXI_CH_SEL bound to: ALL - type: string 
	Parameter C_SLOT_14_AXI_AW_SEL bound to: 1 - type: string 
	Parameter C_SLOT_14_AXI_AR_SEL bound to: 1 - type: string 
	Parameter C_SLOT_14_AXI_W_SEL bound to: 1 - type: string 
	Parameter C_SLOT_14_AXI_R_SEL bound to: 1 - type: string 
	Parameter C_SLOT_14_AXI_B_SEL bound to: 1 - type: string 
	Parameter C_SLOT_15_AXI_CH_SEL bound to: ALL - type: string 
	Parameter C_SLOT_15_AXI_AW_SEL bound to: 1 - type: string 
	Parameter C_SLOT_15_AXI_AR_SEL bound to: 1 - type: string 
	Parameter C_SLOT_15_AXI_W_SEL bound to: 1 - type: string 
	Parameter C_SLOT_15_AXI_R_SEL bound to: 1 - type: string 
	Parameter C_SLOT_15_AXI_B_SEL bound to: 1 - type: string 
	Parameter C_SLOT_0_MON_MODE bound to: FT - type: string 
	Parameter C_SLOT_1_MON_MODE bound to: FT - type: string 
	Parameter C_SLOT_2_MON_MODE bound to: FT - type: string 
	Parameter C_SLOT_3_MON_MODE bound to: FT - type: string 
	Parameter C_SLOT_4_MON_MODE bound to: RT - type: string 
	Parameter C_SLOT_5_MON_MODE bound to: RT - type: string 
	Parameter C_SLOT_6_MON_MODE bound to: RT - type: string 
	Parameter C_SLOT_7_MON_MODE bound to: RT - type: string 
	Parameter C_SLOT_8_MON_MODE bound to: RT - type: string 
	Parameter C_SLOT_9_MON_MODE bound to: RT - type: string 
	Parameter C_SLOT_10_MON_MODE bound to: RT - type: string 
	Parameter C_SLOT_11_MON_MODE bound to: RT - type: string 
	Parameter C_SLOT_12_MON_MODE bound to: RT - type: string 
	Parameter C_SLOT_13_MON_MODE bound to: RT - type: string 
	Parameter C_SLOT_14_MON_MODE bound to: RT - type: string 
	Parameter C_SLOT_15_MON_MODE bound to: RT - type: string 
	Parameter C_MUX_0_AXI_ID_WIDTH bound to: 4 - type: integer 
	Parameter C_MUX_0_AXI_AWUSER_WIDTH bound to: 1 - type: integer 
	Parameter C_MUX_0_AXI_WUSER_WIDTH bound to: 1 - type: integer 
	Parameter C_MUX_0_AXI_BUSER_WIDTH bound to: 1 - type: integer 
	Parameter C_MUX_0_AXI_ARUSER_WIDTH bound to: 1 - type: integer 
	Parameter C_MUX_0_AXI_RUSER_WIDTH bound to: 1 - type: integer 
	Parameter C_MUX_0_AXI_AXLEN_WIDTH bound to: 8 - type: integer 
	Parameter C_MUX_0_AXI_AXLOCK_WIDTH bound to: 1 - type: integer 
	Parameter C_MUX_0_HAS_BRESP bound to: 1 - type: integer 
	Parameter C_MUX_0_HAS_BURST bound to: 1 - type: integer 
	Parameter C_MUX_0_HAS_CACHE bound to: 1 - type: integer 
	Parameter C_MUX_0_HAS_LOCK bound to: 1 - type: integer 
	Parameter C_MUX_0_HAS_PROT bound to: 1 - type: integer 
	Parameter C_MUX_0_HAS_QOS bound to: 1 - type: integer 
	Parameter C_MUX_0_HAS_REGION bound to: 1 - type: integer 
	Parameter C_MUX_0_HAS_RRESP bound to: 1 - type: integer 
	Parameter C_MUX_0_HAS_WSTRB bound to: 1 - type: integer 
	Parameter C_MUX_0_HAS_TSTRB bound to: 1 - type: integer 
	Parameter C_MUX_0_HAS_TKEEP bound to: 1 - type: integer 
	Parameter C_MUX_0_AXI_ADDR_WIDTH bound to: 32 - type: integer 
	Parameter C_MUX_0_AXI_DATA_WIDTH bound to: 32 - type: integer 
	Parameter C_MUX_0_AXI_PROTOCOL bound to: AXI4 - type: string 
	Parameter C_MUX_0_AXIS_TDATA_WIDTH bound to: 32 - type: integer 
	Parameter C_MUX_0_AXIS_TID_WIDTH bound to: 1 - type: integer 
	Parameter C_MUX_0_AXIS_TDEST_WIDTH bound to: 1 - type: integer 
	Parameter C_MUX_0_AXIS_TUSER_WIDTH bound to: 1 - type: integer 
	Parameter C_MUX_1_AXI_ID_WIDTH bound to: 4 - type: integer 
	Parameter C_MUX_1_AXI_AWUSER_WIDTH bound to: 1 - type: integer 
	Parameter C_MUX_1_AXI_WUSER_WIDTH bound to: 1 - type: integer 
	Parameter C_MUX_1_AXI_BUSER_WIDTH bound to: 1 - type: integer 
	Parameter C_MUX_1_AXI_ARUSER_WIDTH bound to: 1 - type: integer 
	Parameter C_MUX_1_AXI_RUSER_WIDTH bound to: 1 - type: integer 
	Parameter C_MUX_1_AXI_AXLEN_WIDTH bound to: 8 - type: integer 
	Parameter C_MUX_1_AXI_AXLOCK_WIDTH bound to: 1 - type: integer 
	Parameter C_MUX_1_HAS_BRESP bound to: 1 - type: integer 
	Parameter C_MUX_1_HAS_BURST bound to: 1 - type: integer 
	Parameter C_MUX_1_HAS_CACHE bound to: 1 - type: integer 
	Parameter C_MUX_1_HAS_LOCK bound to: 1 - type: integer 
	Parameter C_MUX_1_HAS_PROT bound to: 1 - type: integer 
	Parameter C_MUX_1_HAS_QOS bound to: 1 - type: integer 
	Parameter C_MUX_1_HAS_REGION bound to: 1 - type: integer 
	Parameter C_MUX_1_HAS_RRESP bound to: 1 - type: integer 
	Parameter C_MUX_1_HAS_WSTRB bound to: 1 - type: integer 
	Parameter C_MUX_1_HAS_TSTRB bound to: 1 - type: integer 
	Parameter C_MUX_1_HAS_TKEEP bound to: 1 - type: integer 
	Parameter C_MUX_1_AXI_ADDR_WIDTH bound to: 32 - type: integer 
	Parameter C_MUX_1_AXI_DATA_WIDTH bound to: 32 - type: integer 
	Parameter C_MUX_1_AXI_PROTOCOL bound to: AXI4 - type: string 
	Parameter C_MUX_1_AXIS_TDATA_WIDTH bound to: 32 - type: integer 
	Parameter C_MUX_1_AXIS_TID_WIDTH bound to: 1 - type: integer 
	Parameter C_MUX_1_AXIS_TDEST_WIDTH bound to: 1 - type: integer 
	Parameter C_MUX_1_AXIS_TUSER_WIDTH bound to: 1 - type: integer 
	Parameter C_MUX_2_AXI_ID_WIDTH bound to: 4 - type: integer 
	Parameter C_MUX_2_AXI_AWUSER_WIDTH bound to: 1 - type: integer 
	Parameter C_MUX_2_AXI_WUSER_WIDTH bound to: 1 - type: integer 
	Parameter C_MUX_2_AXI_BUSER_WIDTH bound to: 1 - type: integer 
	Parameter C_MUX_2_AXI_ARUSER_WIDTH bound to: 1 - type: integer 
	Parameter C_MUX_2_AXI_RUSER_WIDTH bound to: 1 - type: integer 
	Parameter C_MUX_2_AXI_AXLEN_WIDTH bound to: 8 - type: integer 
	Parameter C_MUX_2_AXI_AXLOCK_WIDTH bound to: 1 - type: integer 
	Parameter C_MUX_2_HAS_BRESP bound to: 1 - type: integer 
	Parameter C_MUX_2_HAS_BURST bound to: 1 - type: integer 
	Parameter C_MUX_2_HAS_CACHE bound to: 1 - type: integer 
	Parameter C_MUX_2_HAS_LOCK bound to: 1 - type: integer 
	Parameter C_MUX_2_HAS_PROT bound to: 1 - type: integer 
	Parameter C_MUX_2_HAS_QOS bound to: 1 - type: integer 
	Parameter C_MUX_2_HAS_REGION bound to: 1 - type: integer 
	Parameter C_MUX_2_HAS_RRESP bound to: 1 - type: integer 
	Parameter C_MUX_2_HAS_WSTRB bound to: 1 - type: integer 
	Parameter C_MUX_2_HAS_TSTRB bound to: 1 - type: integer 
	Parameter C_MUX_2_HAS_TKEEP bound to: 1 - type: integer 
	Parameter C_MUX_2_AXI_ADDR_WIDTH bound to: 32 - type: integer 
	Parameter C_MUX_2_AXI_DATA_WIDTH bound to: 32 - type: integer 
	Parameter C_MUX_2_AXI_PROTOCOL bound to: AXI4 - type: string 
	Parameter C_MUX_2_AXIS_TDATA_WIDTH bound to: 32 - type: integer 
	Parameter C_MUX_2_AXIS_TID_WIDTH bound to: 1 - type: integer 
	Parameter C_MUX_2_AXIS_TDEST_WIDTH bound to: 1 - type: integer 
	Parameter C_MUX_2_AXIS_TUSER_WIDTH bound to: 1 - type: integer 
	Parameter C_MUX_3_AXI_ID_WIDTH bound to: 4 - type: integer 
	Parameter C_MUX_3_AXI_AWUSER_WIDTH bound to: 1 - type: integer 
	Parameter C_MUX_3_AXI_WUSER_WIDTH bound to: 1 - type: integer 
	Parameter C_MUX_3_AXI_BUSER_WIDTH bound to: 1 - type: integer 
	Parameter C_MUX_3_AXI_ARUSER_WIDTH bound to: 1 - type: integer 
	Parameter C_MUX_3_AXI_RUSER_WIDTH bound to: 1 - type: integer 
	Parameter C_MUX_3_AXI_AXLEN_WIDTH bound to: 8 - type: integer 
	Parameter C_MUX_3_AXI_AXLOCK_WIDTH bound to: 1 - type: integer 
	Parameter C_MUX_3_HAS_BRESP bound to: 1 - type: integer 
	Parameter C_MUX_3_HAS_BURST bound to: 1 - type: integer 
	Parameter C_MUX_3_HAS_CACHE bound to: 1 - type: integer 
	Parameter C_MUX_3_HAS_LOCK bound to: 1 - type: integer 
	Parameter C_MUX_3_HAS_PROT bound to: 1 - type: integer 
	Parameter C_MUX_3_HAS_QOS bound to: 1 - type: integer 
	Parameter C_MUX_3_HAS_REGION bound to: 1 - type: integer 
	Parameter C_MUX_3_HAS_RRESP bound to: 1 - type: integer 
	Parameter C_MUX_3_HAS_WSTRB bound to: 1 - type: integer 
	Parameter C_MUX_3_HAS_TSTRB bound to: 1 - type: integer 
	Parameter C_MUX_3_HAS_TKEEP bound to: 1 - type: integer 
	Parameter C_MUX_3_AXI_ADDR_WIDTH bound to: 32 - type: integer 
	Parameter C_MUX_3_AXI_DATA_WIDTH bound to: 32 - type: integer 
	Parameter C_MUX_3_AXI_PROTOCOL bound to: AXI4 - type: string 
	Parameter C_MUX_3_AXIS_TDATA_WIDTH bound to: 32 - type: integer 
	Parameter C_MUX_3_AXIS_TID_WIDTH bound to: 1 - type: integer 
	Parameter C_MUX_3_AXIS_TDEST_WIDTH bound to: 1 - type: integer 
	Parameter C_MUX_3_AXIS_TUSER_WIDTH bound to: 1 - type: integer 
	Parameter C_NUM_OF_PROBES bound to: 0 - type: integer 
	Parameter C_PROBE0_WIDTH bound to: 1 - type: integer 
	Parameter C_PROBE1_WIDTH bound to: 1 - type: integer 
	Parameter C_PROBE2_WIDTH bound to: 1 - type: integer 
	Parameter C_PROBE3_WIDTH bound to: 1 - type: integer 
	Parameter C_PROBE4_WIDTH bound to: 1 - type: integer 
	Parameter C_PROBE5_WIDTH bound to: 1 - type: integer 
	Parameter C_PROBE6_WIDTH bound to: 1 - type: integer 
	Parameter C_PROBE7_WIDTH bound to: 1 - type: integer 
	Parameter C_PROBE8_WIDTH bound to: 1 - type: integer 
	Parameter C_PROBE9_WIDTH bound to: 1 - type: integer 
	Parameter C_PROBE10_WIDTH bound to: 1 - type: integer 
	Parameter C_PROBE11_WIDTH bound to: 1 - type: integer 
	Parameter C_PROBE12_WIDTH bound to: 1 - type: integer 
	Parameter C_PROBE13_WIDTH bound to: 1 - type: integer 
	Parameter C_PROBE14_WIDTH bound to: 1 - type: integer 
	Parameter C_PROBE15_WIDTH bound to: 1 - type: integer 
	Parameter C_PROBE16_WIDTH bound to: 1 - type: integer 
	Parameter C_PROBE17_WIDTH bound to: 1 - type: integer 
	Parameter C_PROBE18_WIDTH bound to: 1 - type: integer 
	Parameter C_PROBE19_WIDTH bound to: 1 - type: integer 
	Parameter C_PROBE20_WIDTH bound to: 1 - type: integer 
	Parameter C_PROBE21_WIDTH bound to: 1 - type: integer 
	Parameter C_PROBE22_WIDTH bound to: 1 - type: integer 
	Parameter C_PROBE23_WIDTH bound to: 1 - type: integer 
	Parameter C_PROBE24_WIDTH bound to: 1 - type: integer 
	Parameter C_PROBE25_WIDTH bound to: 1 - type: integer 
	Parameter C_PROBE26_WIDTH bound to: 1 - type: integer 
	Parameter C_PROBE27_WIDTH bound to: 1 - type: integer 
	Parameter C_PROBE28_WIDTH bound to: 1 - type: integer 
	Parameter C_PROBE29_WIDTH bound to: 1 - type: integer 
	Parameter C_PROBE30_WIDTH bound to: 1 - type: integer 
	Parameter C_PROBE31_WIDTH bound to: 1 - type: integer 
	Parameter C_PROBE32_WIDTH bound to: 1 - type: integer 
	Parameter C_PROBE33_WIDTH bound to: 1 - type: integer 
	Parameter C_PROBE34_WIDTH bound to: 1 - type: integer 
	Parameter C_PROBE35_WIDTH bound to: 1 - type: integer 
	Parameter C_PROBE36_WIDTH bound to: 1 - type: integer 
	Parameter C_PROBE37_WIDTH bound to: 1 - type: integer 
	Parameter C_PROBE38_WIDTH bound to: 1 - type: integer 
	Parameter C_PROBE39_WIDTH bound to: 1 - type: integer 
	Parameter C_PROBE40_WIDTH bound to: 1 - type: integer 
	Parameter C_PROBE41_WIDTH bound to: 1 - type: integer 
	Parameter C_PROBE42_WIDTH bound to: 1 - type: integer 
	Parameter C_PROBE43_WIDTH bound to: 1 - type: integer 
	Parameter C_PROBE44_WIDTH bound to: 1 - type: integer 
	Parameter C_PROBE45_WIDTH bound to: 1 - type: integer 
	Parameter C_PROBE46_WIDTH bound to: 1 - type: integer 
	Parameter C_PROBE47_WIDTH bound to: 1 - type: integer 
	Parameter C_PROBE48_WIDTH bound to: 1 - type: integer 
	Parameter C_PROBE49_WIDTH bound to: 1 - type: integer 
	Parameter C_PROBE50_WIDTH bound to: 1 - type: integer 
	Parameter C_PROBE51_WIDTH bound to: 1 - type: integer 
	Parameter C_PROBE52_WIDTH bound to: 1 - type: integer 
	Parameter C_PROBE53_WIDTH bound to: 1 - type: integer 
	Parameter C_PROBE54_WIDTH bound to: 1 - type: integer 
	Parameter C_PROBE55_WIDTH bound to: 1 - type: integer 
	Parameter C_PROBE56_WIDTH bound to: 1 - type: integer 
	Parameter C_PROBE57_WIDTH bound to: 1 - type: integer 
	Parameter C_PROBE58_WIDTH bound to: 1 - type: integer 
	Parameter C_PROBE59_WIDTH bound to: 1 - type: integer 
	Parameter C_PROBE60_WIDTH bound to: 1 - type: integer 
	Parameter C_PROBE61_WIDTH bound to: 1 - type: integer 
	Parameter C_PROBE62_WIDTH bound to: 1 - type: integer 
	Parameter C_PROBE63_WIDTH bound to: 1 - type: integer 
	Parameter C_PROBE64_WIDTH bound to: 1 - type: integer 
	Parameter C_PROBE65_WIDTH bound to: 1 - type: integer 
	Parameter C_PROBE66_WIDTH bound to: 1 - type: integer 
	Parameter C_PROBE67_WIDTH bound to: 1 - type: integer 
	Parameter C_PROBE68_WIDTH bound to: 1 - type: integer 
	Parameter C_PROBE69_WIDTH bound to: 1 - type: integer 
	Parameter C_PROBE70_WIDTH bound to: 1 - type: integer 
	Parameter C_PROBE71_WIDTH bound to: 1 - type: integer 
	Parameter C_PROBE72_WIDTH bound to: 1 - type: integer 
	Parameter C_PROBE73_WIDTH bound to: 1 - type: integer 
	Parameter C_PROBE74_WIDTH bound to: 1 - type: integer 
	Parameter C_PROBE75_WIDTH bound to: 1 - type: integer 
	Parameter C_PROBE76_WIDTH bound to: 1 - type: integer 
	Parameter C_PROBE77_WIDTH bound to: 1 - type: integer 
	Parameter C_PROBE78_WIDTH bound to: 1 - type: integer 
	Parameter C_PROBE79_WIDTH bound to: 1 - type: integer 
	Parameter C_PROBE80_WIDTH bound to: 1 - type: integer 
	Parameter C_PROBE81_WIDTH bound to: 1 - type: integer 
	Parameter C_PROBE82_WIDTH bound to: 1 - type: integer 
	Parameter C_PROBE83_WIDTH bound to: 1 - type: integer 
	Parameter C_PROBE84_WIDTH bound to: 1 - type: integer 
	Parameter C_PROBE85_WIDTH bound to: 1 - type: integer 
	Parameter C_PROBE86_WIDTH bound to: 1 - type: integer 
	Parameter C_PROBE87_WIDTH bound to: 1 - type: integer 
	Parameter C_PROBE88_WIDTH bound to: 1 - type: integer 
	Parameter C_PROBE89_WIDTH bound to: 1 - type: integer 
	Parameter C_PROBE90_WIDTH bound to: 1 - type: integer 
	Parameter C_PROBE91_WIDTH bound to: 1 - type: integer 
	Parameter C_PROBE92_WIDTH bound to: 1 - type: integer 
	Parameter C_PROBE93_WIDTH bound to: 1 - type: integer 
	Parameter C_PROBE94_WIDTH bound to: 1 - type: integer 
	Parameter C_PROBE95_WIDTH bound to: 1 - type: integer 
	Parameter C_PROBE96_WIDTH bound to: 1 - type: integer 
	Parameter C_PROBE97_WIDTH bound to: 1 - type: integer 
	Parameter C_PROBE98_WIDTH bound to: 1 - type: integer 
	Parameter C_PROBE99_WIDTH bound to: 1 - type: integer 
	Parameter C_PROBE100_WIDTH bound to: 1 - type: integer 
	Parameter C_PROBE101_WIDTH bound to: 1 - type: integer 
	Parameter C_PROBE102_WIDTH bound to: 1 - type: integer 
	Parameter C_PROBE103_WIDTH bound to: 1 - type: integer 
	Parameter C_PROBE104_WIDTH bound to: 1 - type: integer 
	Parameter C_PROBE105_WIDTH bound to: 1 - type: integer 
	Parameter C_PROBE106_WIDTH bound to: 1 - type: integer 
	Parameter C_PROBE107_WIDTH bound to: 1 - type: integer 
	Parameter C_PROBE108_WIDTH bound to: 1 - type: integer 
	Parameter C_PROBE109_WIDTH bound to: 1 - type: integer 
	Parameter C_PROBE110_WIDTH bound to: 1 - type: integer 
	Parameter C_PROBE111_WIDTH bound to: 1 - type: integer 
	Parameter C_PROBE112_WIDTH bound to: 1 - type: integer 
	Parameter C_PROBE113_WIDTH bound to: 1 - type: integer 
	Parameter C_PROBE114_WIDTH bound to: 1 - type: integer 
	Parameter C_PROBE115_WIDTH bound to: 1 - type: integer 
	Parameter C_PROBE116_WIDTH bound to: 1 - type: integer 
	Parameter C_PROBE117_WIDTH bound to: 1 - type: integer 
	Parameter C_PROBE118_WIDTH bound to: 1 - type: integer 
	Parameter C_PROBE119_WIDTH bound to: 1 - type: integer 
	Parameter C_PROBE120_WIDTH bound to: 1 - type: integer 
	Parameter C_PROBE121_WIDTH bound to: 1 - type: integer 
	Parameter C_PROBE122_WIDTH bound to: 1 - type: integer 
	Parameter C_PROBE123_WIDTH bound to: 1 - type: integer 
	Parameter C_PROBE124_WIDTH bound to: 1 - type: integer 
	Parameter C_PROBE125_WIDTH bound to: 1 - type: integer 
	Parameter C_PROBE126_WIDTH bound to: 1 - type: integer 
	Parameter C_PROBE127_WIDTH bound to: 1 - type: integer 
	Parameter C_PROBE128_WIDTH bound to: 1 - type: integer 
	Parameter C_PROBE129_WIDTH bound to: 1 - type: integer 
	Parameter C_PROBE130_WIDTH bound to: 1 - type: integer 
	Parameter C_PROBE131_WIDTH bound to: 1 - type: integer 
	Parameter C_PROBE132_WIDTH bound to: 1 - type: integer 
	Parameter C_PROBE133_WIDTH bound to: 1 - type: integer 
	Parameter C_PROBE134_WIDTH bound to: 1 - type: integer 
	Parameter C_PROBE135_WIDTH bound to: 1 - type: integer 
	Parameter C_PROBE136_WIDTH bound to: 1 - type: integer 
	Parameter C_PROBE137_WIDTH bound to: 1 - type: integer 
	Parameter C_PROBE138_WIDTH bound to: 1 - type: integer 
	Parameter C_PROBE139_WIDTH bound to: 1 - type: integer 
	Parameter C_PROBE140_WIDTH bound to: 1 - type: integer 
	Parameter C_PROBE141_WIDTH bound to: 1 - type: integer 
	Parameter C_PROBE142_WIDTH bound to: 1 - type: integer 
	Parameter C_PROBE143_WIDTH bound to: 1 - type: integer 
	Parameter C_PROBE144_WIDTH bound to: 1 - type: integer 
	Parameter C_PROBE145_WIDTH bound to: 1 - type: integer 
	Parameter C_PROBE146_WIDTH bound to: 1 - type: integer 
	Parameter C_PROBE147_WIDTH bound to: 1 - type: integer 
	Parameter C_PROBE148_WIDTH bound to: 1 - type: integer 
	Parameter C_PROBE149_WIDTH bound to: 1 - type: integer 
	Parameter C_PROBE150_WIDTH bound to: 1 - type: integer 
	Parameter C_PROBE151_WIDTH bound to: 1 - type: integer 
	Parameter C_PROBE152_WIDTH bound to: 1 - type: integer 
	Parameter C_PROBE153_WIDTH bound to: 1 - type: integer 
	Parameter C_PROBE154_WIDTH bound to: 1 - type: integer 
	Parameter C_PROBE155_WIDTH bound to: 1 - type: integer 
	Parameter C_PROBE156_WIDTH bound to: 1 - type: integer 
	Parameter C_PROBE157_WIDTH bound to: 1 - type: integer 
	Parameter C_PROBE158_WIDTH bound to: 1 - type: integer 
	Parameter C_PROBE159_WIDTH bound to: 1 - type: integer 
	Parameter C_PROBE160_WIDTH bound to: 1 - type: integer 
	Parameter C_PROBE161_WIDTH bound to: 1 - type: integer 
	Parameter C_PROBE162_WIDTH bound to: 1 - type: integer 
	Parameter C_PROBE163_WIDTH bound to: 1 - type: integer 
	Parameter C_PROBE164_WIDTH bound to: 1 - type: integer 
	Parameter C_PROBE165_WIDTH bound to: 1 - type: integer 
	Parameter C_PROBE166_WIDTH bound to: 1 - type: integer 
	Parameter C_PROBE167_WIDTH bound to: 1 - type: integer 
	Parameter C_PROBE168_WIDTH bound to: 1 - type: integer 
	Parameter C_PROBE169_WIDTH bound to: 1 - type: integer 
	Parameter C_PROBE170_WIDTH bound to: 1 - type: integer 
	Parameter C_PROBE171_WIDTH bound to: 1 - type: integer 
	Parameter C_PROBE172_WIDTH bound to: 1 - type: integer 
	Parameter C_PROBE173_WIDTH bound to: 1 - type: integer 
	Parameter C_PROBE174_WIDTH bound to: 1 - type: integer 
	Parameter C_PROBE175_WIDTH bound to: 1 - type: integer 
	Parameter C_PROBE176_WIDTH bound to: 1 - type: integer 
	Parameter C_PROBE177_WIDTH bound to: 1 - type: integer 
	Parameter C_PROBE178_WIDTH bound to: 1 - type: integer 
	Parameter C_PROBE179_WIDTH bound to: 1 - type: integer 
	Parameter C_PROBE180_WIDTH bound to: 1 - type: integer 
	Parameter C_PROBE181_WIDTH bound to: 1 - type: integer 
	Parameter C_PROBE182_WIDTH bound to: 1 - type: integer 
	Parameter C_PROBE183_WIDTH bound to: 1 - type: integer 
	Parameter C_PROBE184_WIDTH bound to: 1 - type: integer 
	Parameter C_PROBE185_WIDTH bound to: 1 - type: integer 
	Parameter C_PROBE186_WIDTH bound to: 1 - type: integer 
	Parameter C_PROBE187_WIDTH bound to: 1 - type: integer 
	Parameter C_PROBE188_WIDTH bound to: 1 - type: integer 
	Parameter C_PROBE189_WIDTH bound to: 1 - type: integer 
	Parameter C_PROBE190_WIDTH bound to: 1 - type: integer 
	Parameter C_PROBE191_WIDTH bound to: 1 - type: integer 
	Parameter C_PROBE192_WIDTH bound to: 1 - type: integer 
	Parameter C_PROBE193_WIDTH bound to: 1 - type: integer 
	Parameter C_PROBE194_WIDTH bound to: 1 - type: integer 
	Parameter C_PROBE195_WIDTH bound to: 1 - type: integer 
	Parameter C_PROBE196_WIDTH bound to: 1 - type: integer 
	Parameter C_PROBE197_WIDTH bound to: 1 - type: integer 
	Parameter C_PROBE198_WIDTH bound to: 1 - type: integer 
	Parameter C_PROBE199_WIDTH bound to: 1 - type: integer 
	Parameter C_PROBE200_WIDTH bound to: 1 - type: integer 
	Parameter C_PROBE201_WIDTH bound to: 1 - type: integer 
	Parameter C_PROBE202_WIDTH bound to: 1 - type: integer 
	Parameter C_PROBE203_WIDTH bound to: 1 - type: integer 
	Parameter C_PROBE204_WIDTH bound to: 1 - type: integer 
	Parameter C_PROBE205_WIDTH bound to: 1 - type: integer 
	Parameter C_PROBE206_WIDTH bound to: 1 - type: integer 
	Parameter C_PROBE207_WIDTH bound to: 1 - type: integer 
	Parameter C_PROBE208_WIDTH bound to: 1 - type: integer 
	Parameter C_PROBE209_WIDTH bound to: 1 - type: integer 
	Parameter C_PROBE210_WIDTH bound to: 1 - type: integer 
	Parameter C_PROBE211_WIDTH bound to: 1 - type: integer 
	Parameter C_PROBE212_WIDTH bound to: 1 - type: integer 
	Parameter C_PROBE213_WIDTH bound to: 1 - type: integer 
	Parameter C_PROBE214_WIDTH bound to: 1 - type: integer 
	Parameter C_PROBE215_WIDTH bound to: 1 - type: integer 
	Parameter C_PROBE216_WIDTH bound to: 1 - type: integer 
	Parameter C_PROBE217_WIDTH bound to: 1 - type: integer 
	Parameter C_PROBE218_WIDTH bound to: 1 - type: integer 
	Parameter C_PROBE219_WIDTH bound to: 1 - type: integer 
	Parameter C_PROBE220_WIDTH bound to: 1 - type: integer 
	Parameter C_PROBE221_WIDTH bound to: 1 - type: integer 
	Parameter C_PROBE222_WIDTH bound to: 1 - type: integer 
	Parameter C_PROBE223_WIDTH bound to: 1 - type: integer 
	Parameter C_PROBE224_WIDTH bound to: 1 - type: integer 
	Parameter C_PROBE225_WIDTH bound to: 1 - type: integer 
	Parameter C_PROBE226_WIDTH bound to: 1 - type: integer 
	Parameter C_PROBE227_WIDTH bound to: 1 - type: integer 
	Parameter C_PROBE228_WIDTH bound to: 1 - type: integer 
	Parameter C_PROBE229_WIDTH bound to: 1 - type: integer 
	Parameter C_PROBE230_WIDTH bound to: 1 - type: integer 
	Parameter C_PROBE231_WIDTH bound to: 1 - type: integer 
	Parameter C_PROBE232_WIDTH bound to: 1 - type: integer 
	Parameter C_PROBE233_WIDTH bound to: 1 - type: integer 
	Parameter C_PROBE234_WIDTH bound to: 1 - type: integer 
	Parameter C_PROBE235_WIDTH bound to: 1 - type: integer 
	Parameter C_PROBE236_WIDTH bound to: 1 - type: integer 
	Parameter C_PROBE237_WIDTH bound to: 1 - type: integer 
	Parameter C_PROBE238_WIDTH bound to: 1 - type: integer 
	Parameter C_PROBE239_WIDTH bound to: 1 - type: integer 
	Parameter C_PROBE240_WIDTH bound to: 1 - type: integer 
	Parameter C_PROBE241_WIDTH bound to: 1 - type: integer 
	Parameter C_PROBE242_WIDTH bound to: 1 - type: integer 
	Parameter C_PROBE243_WIDTH bound to: 1 - type: integer 
	Parameter C_PROBE244_WIDTH bound to: 1 - type: integer 
	Parameter C_PROBE245_WIDTH bound to: 1 - type: integer 
	Parameter C_PROBE246_WIDTH bound to: 1 - type: integer 
	Parameter C_PROBE247_WIDTH bound to: 1 - type: integer 
	Parameter C_PROBE248_WIDTH bound to: 1 - type: integer 
	Parameter C_PROBE249_WIDTH bound to: 1 - type: integer 
	Parameter C_PROBE250_WIDTH bound to: 1 - type: integer 
	Parameter C_PROBE251_WIDTH bound to: 1 - type: integer 
	Parameter C_PROBE252_WIDTH bound to: 1 - type: integer 
	Parameter C_PROBE253_WIDTH bound to: 1 - type: integer 
	Parameter C_PROBE254_WIDTH bound to: 1 - type: integer 
	Parameter C_PROBE255_WIDTH bound to: 1 - type: integer 
	Parameter C_PROBE256_WIDTH bound to: 1 - type: integer 
	Parameter C_PROBE257_WIDTH bound to: 1 - type: integer 
	Parameter C_PROBE258_WIDTH bound to: 1 - type: integer 
	Parameter C_PROBE259_WIDTH bound to: 1 - type: integer 
	Parameter C_PROBE260_WIDTH bound to: 1 - type: integer 
	Parameter C_PROBE261_WIDTH bound to: 1 - type: integer 
	Parameter C_PROBE262_WIDTH bound to: 1 - type: integer 
	Parameter C_PROBE263_WIDTH bound to: 1 - type: integer 
	Parameter C_PROBE264_WIDTH bound to: 1 - type: integer 
	Parameter C_PROBE265_WIDTH bound to: 1 - type: integer 
	Parameter C_PROBE266_WIDTH bound to: 1 - type: integer 
	Parameter C_PROBE267_WIDTH bound to: 1 - type: integer 
	Parameter C_PROBE268_WIDTH bound to: 1 - type: integer 
	Parameter C_PROBE269_WIDTH bound to: 1 - type: integer 
	Parameter C_PROBE270_WIDTH bound to: 1 - type: integer 
	Parameter C_PROBE271_WIDTH bound to: 1 - type: integer 
	Parameter C_PROBE272_WIDTH bound to: 1 - type: integer 
	Parameter C_PROBE273_WIDTH bound to: 1 - type: integer 
	Parameter C_PROBE274_WIDTH bound to: 1 - type: integer 
	Parameter C_PROBE275_WIDTH bound to: 1 - type: integer 
	Parameter C_PROBE276_WIDTH bound to: 1 - type: integer 
	Parameter C_PROBE277_WIDTH bound to: 1 - type: integer 
	Parameter C_PROBE278_WIDTH bound to: 1 - type: integer 
	Parameter C_PROBE279_WIDTH bound to: 1 - type: integer 
	Parameter C_PROBE280_WIDTH bound to: 1 - type: integer 
	Parameter C_PROBE281_WIDTH bound to: 1 - type: integer 
	Parameter C_PROBE282_WIDTH bound to: 1 - type: integer 
	Parameter C_PROBE283_WIDTH bound to: 1 - type: integer 
	Parameter C_PROBE284_WIDTH bound to: 1 - type: integer 
	Parameter C_PROBE285_WIDTH bound to: 1 - type: integer 
	Parameter C_PROBE286_WIDTH bound to: 1 - type: integer 
	Parameter C_PROBE287_WIDTH bound to: 1 - type: integer 
	Parameter C_PROBE288_WIDTH bound to: 1 - type: integer 
	Parameter C_PROBE289_WIDTH bound to: 1 - type: integer 
	Parameter C_PROBE290_WIDTH bound to: 1 - type: integer 
	Parameter C_PROBE291_WIDTH bound to: 1 - type: integer 
	Parameter C_PROBE292_WIDTH bound to: 1 - type: integer 
	Parameter C_PROBE293_WIDTH bound to: 1 - type: integer 
	Parameter C_PROBE294_WIDTH bound to: 1 - type: integer 
	Parameter C_PROBE295_WIDTH bound to: 1 - type: integer 
	Parameter C_PROBE296_WIDTH bound to: 1 - type: integer 
	Parameter C_PROBE297_WIDTH bound to: 1 - type: integer 
	Parameter C_PROBE298_WIDTH bound to: 1 - type: integer 
	Parameter C_PROBE299_WIDTH bound to: 1 - type: integer 
	Parameter C_PROBE300_WIDTH bound to: 1 - type: integer 
	Parameter C_PROBE301_WIDTH bound to: 1 - type: integer 
	Parameter C_PROBE302_WIDTH bound to: 1 - type: integer 
	Parameter C_PROBE303_WIDTH bound to: 1 - type: integer 
	Parameter C_PROBE304_WIDTH bound to: 1 - type: integer 
	Parameter C_PROBE305_WIDTH bound to: 1 - type: integer 
	Parameter C_PROBE306_WIDTH bound to: 1 - type: integer 
	Parameter C_PROBE307_WIDTH bound to: 1 - type: integer 
	Parameter C_PROBE308_WIDTH bound to: 1 - type: integer 
	Parameter C_PROBE309_WIDTH bound to: 1 - type: integer 
	Parameter C_PROBE310_WIDTH bound to: 1 - type: integer 
	Parameter C_PROBE311_WIDTH bound to: 1 - type: integer 
	Parameter C_PROBE312_WIDTH bound to: 1 - type: integer 
	Parameter C_PROBE313_WIDTH bound to: 1 - type: integer 
	Parameter C_PROBE314_WIDTH bound to: 1 - type: integer 
	Parameter C_PROBE315_WIDTH bound to: 1 - type: integer 
	Parameter C_PROBE316_WIDTH bound to: 1 - type: integer 
	Parameter C_PROBE317_WIDTH bound to: 1 - type: integer 
	Parameter C_PROBE318_WIDTH bound to: 1 - type: integer 
	Parameter C_PROBE319_WIDTH bound to: 1 - type: integer 
	Parameter C_PROBE320_WIDTH bound to: 1 - type: integer 
	Parameter C_PROBE321_WIDTH bound to: 1 - type: integer 
	Parameter C_PROBE322_WIDTH bound to: 1 - type: integer 
	Parameter C_PROBE323_WIDTH bound to: 1 - type: integer 
	Parameter C_PROBE324_WIDTH bound to: 1 - type: integer 
	Parameter C_PROBE325_WIDTH bound to: 1 - type: integer 
	Parameter C_PROBE326_WIDTH bound to: 1 - type: integer 
	Parameter C_PROBE327_WIDTH bound to: 1 - type: integer 
	Parameter C_PROBE328_WIDTH bound to: 1 - type: integer 
	Parameter C_PROBE329_WIDTH bound to: 1 - type: integer 
	Parameter C_PROBE330_WIDTH bound to: 1 - type: integer 
	Parameter C_PROBE331_WIDTH bound to: 1 - type: integer 
	Parameter C_PROBE332_WIDTH bound to: 1 - type: integer 
	Parameter C_PROBE333_WIDTH bound to: 1 - type: integer 
	Parameter C_PROBE334_WIDTH bound to: 1 - type: integer 
	Parameter C_PROBE335_WIDTH bound to: 1 - type: integer 
	Parameter C_PROBE336_WIDTH bound to: 1 - type: integer 
	Parameter C_PROBE337_WIDTH bound to: 1 - type: integer 
	Parameter C_PROBE338_WIDTH bound to: 1 - type: integer 
	Parameter C_PROBE339_WIDTH bound to: 1 - type: integer 
	Parameter C_PROBE340_WIDTH bound to: 1 - type: integer 
	Parameter C_PROBE341_WIDTH bound to: 1 - type: integer 
	Parameter C_PROBE342_WIDTH bound to: 1 - type: integer 
	Parameter C_PROBE343_WIDTH bound to: 1 - type: integer 
	Parameter C_PROBE344_WIDTH bound to: 1 - type: integer 
	Parameter C_PROBE345_WIDTH bound to: 1 - type: integer 
	Parameter C_PROBE346_WIDTH bound to: 1 - type: integer 
	Parameter C_PROBE347_WIDTH bound to: 1 - type: integer 
	Parameter C_PROBE348_WIDTH bound to: 1 - type: integer 
	Parameter C_PROBE349_WIDTH bound to: 1 - type: integer 
	Parameter C_PROBE350_WIDTH bound to: 1 - type: integer 
	Parameter C_PROBE351_WIDTH bound to: 1 - type: integer 
	Parameter C_PROBE352_WIDTH bound to: 1 - type: integer 
	Parameter C_PROBE353_WIDTH bound to: 1 - type: integer 
	Parameter C_PROBE354_WIDTH bound to: 1 - type: integer 
	Parameter C_PROBE355_WIDTH bound to: 1 - type: integer 
	Parameter C_PROBE356_WIDTH bound to: 1 - type: integer 
	Parameter C_PROBE357_WIDTH bound to: 1 - type: integer 
	Parameter C_PROBE358_WIDTH bound to: 1 - type: integer 
	Parameter C_PROBE359_WIDTH bound to: 1 - type: integer 
	Parameter C_PROBE360_WIDTH bound to: 1 - type: integer 
	Parameter C_PROBE361_WIDTH bound to: 1 - type: integer 
	Parameter C_PROBE362_WIDTH bound to: 1 - type: integer 
	Parameter C_PROBE363_WIDTH bound to: 1 - type: integer 
	Parameter C_PROBE364_WIDTH bound to: 1 - type: integer 
	Parameter C_PROBE365_WIDTH bound to: 1 - type: integer 
	Parameter C_PROBE366_WIDTH bound to: 1 - type: integer 
	Parameter C_PROBE367_WIDTH bound to: 1 - type: integer 
	Parameter C_PROBE368_WIDTH bound to: 1 - type: integer 
	Parameter C_PROBE369_WIDTH bound to: 1 - type: integer 
	Parameter C_PROBE370_WIDTH bound to: 1 - type: integer 
	Parameter C_PROBE371_WIDTH bound to: 1 - type: integer 
	Parameter C_PROBE372_WIDTH bound to: 1 - type: integer 
	Parameter C_PROBE373_WIDTH bound to: 1 - type: integer 
	Parameter C_PROBE374_WIDTH bound to: 1 - type: integer 
	Parameter C_PROBE375_WIDTH bound to: 1 - type: integer 
	Parameter C_PROBE376_WIDTH bound to: 1 - type: integer 
	Parameter C_PROBE377_WIDTH bound to: 1 - type: integer 
	Parameter C_PROBE378_WIDTH bound to: 1 - type: integer 
	Parameter C_PROBE379_WIDTH bound to: 1 - type: integer 
	Parameter C_PROBE380_WIDTH bound to: 1 - type: integer 
	Parameter C_PROBE381_WIDTH bound to: 1 - type: integer 
	Parameter C_PROBE382_WIDTH bound to: 1 - type: integer 
	Parameter C_PROBE383_WIDTH bound to: 1 - type: integer 
	Parameter C_PROBE384_WIDTH bound to: 1 - type: integer 
	Parameter C_PROBE385_WIDTH bound to: 1 - type: integer 
	Parameter C_PROBE386_WIDTH bound to: 1 - type: integer 
	Parameter C_PROBE387_WIDTH bound to: 1 - type: integer 
	Parameter C_PROBE388_WIDTH bound to: 1 - type: integer 
	Parameter C_PROBE389_WIDTH bound to: 1 - type: integer 
	Parameter C_PROBE390_WIDTH bound to: 1 - type: integer 
	Parameter C_PROBE391_WIDTH bound to: 1 - type: integer 
	Parameter C_PROBE392_WIDTH bound to: 1 - type: integer 
	Parameter C_PROBE393_WIDTH bound to: 1 - type: integer 
	Parameter C_PROBE394_WIDTH bound to: 1 - type: integer 
	Parameter C_PROBE395_WIDTH bound to: 1 - type: integer 
	Parameter C_PROBE396_WIDTH bound to: 1 - type: integer 
	Parameter C_PROBE397_WIDTH bound to: 1 - type: integer 
	Parameter C_PROBE398_WIDTH bound to: 1 - type: integer 
	Parameter C_PROBE399_WIDTH bound to: 1 - type: integer 
	Parameter C_PROBE400_WIDTH bound to: 1 - type: integer 
	Parameter C_PROBE401_WIDTH bound to: 1 - type: integer 
	Parameter C_PROBE402_WIDTH bound to: 1 - type: integer 
	Parameter C_PROBE403_WIDTH bound to: 1 - type: integer 
	Parameter C_PROBE404_WIDTH bound to: 1 - type: integer 
	Parameter C_PROBE405_WIDTH bound to: 1 - type: integer 
	Parameter C_PROBE406_WIDTH bound to: 1 - type: integer 
	Parameter C_PROBE407_WIDTH bound to: 1 - type: integer 
	Parameter C_PROBE408_WIDTH bound to: 1 - type: integer 
	Parameter C_PROBE409_WIDTH bound to: 1 - type: integer 
	Parameter C_PROBE410_WIDTH bound to: 1 - type: integer 
	Parameter C_PROBE411_WIDTH bound to: 1 - type: integer 
	Parameter C_PROBE412_WIDTH bound to: 1 - type: integer 
	Parameter C_PROBE413_WIDTH bound to: 1 - type: integer 
	Parameter C_PROBE414_WIDTH bound to: 1 - type: integer 
	Parameter C_PROBE415_WIDTH bound to: 1 - type: integer 
	Parameter C_PROBE416_WIDTH bound to: 1 - type: integer 
	Parameter C_PROBE417_WIDTH bound to: 1 - type: integer 
	Parameter C_PROBE418_WIDTH bound to: 1 - type: integer 
	Parameter C_PROBE419_WIDTH bound to: 1 - type: integer 
	Parameter C_PROBE420_WIDTH bound to: 1 - type: integer 
	Parameter C_PROBE421_WIDTH bound to: 1 - type: integer 
	Parameter C_PROBE422_WIDTH bound to: 1 - type: integer 
	Parameter C_PROBE423_WIDTH bound to: 1 - type: integer 
	Parameter C_PROBE424_WIDTH bound to: 1 - type: integer 
	Parameter C_PROBE425_WIDTH bound to: 1 - type: integer 
	Parameter C_PROBE426_WIDTH bound to: 1 - type: integer 
	Parameter C_PROBE427_WIDTH bound to: 1 - type: integer 
	Parameter C_PROBE428_WIDTH bound to: 1 - type: integer 
	Parameter C_PROBE429_WIDTH bound to: 1 - type: integer 
	Parameter C_PROBE430_WIDTH bound to: 1 - type: integer 
	Parameter C_PROBE431_WIDTH bound to: 1 - type: integer 
	Parameter C_PROBE432_WIDTH bound to: 1 - type: integer 
	Parameter C_PROBE433_WIDTH bound to: 1 - type: integer 
	Parameter C_PROBE434_WIDTH bound to: 1 - type: integer 
	Parameter C_PROBE435_WIDTH bound to: 1 - type: integer 
	Parameter C_PROBE436_WIDTH bound to: 1 - type: integer 
	Parameter C_PROBE437_WIDTH bound to: 1 - type: integer 
	Parameter C_PROBE438_WIDTH bound to: 1 - type: integer 
	Parameter C_PROBE439_WIDTH bound to: 1 - type: integer 
	Parameter C_PROBE440_WIDTH bound to: 1 - type: integer 
	Parameter C_PROBE441_WIDTH bound to: 1 - type: integer 
	Parameter C_PROBE442_WIDTH bound to: 1 - type: integer 
	Parameter C_PROBE443_WIDTH bound to: 1 - type: integer 
	Parameter C_PROBE444_WIDTH bound to: 1 - type: integer 
	Parameter C_PROBE445_WIDTH bound to: 1 - type: integer 
	Parameter C_PROBE446_WIDTH bound to: 1 - type: integer 
	Parameter C_PROBE447_WIDTH bound to: 1 - type: integer 
	Parameter C_PROBE448_WIDTH bound to: 1 - type: integer 
	Parameter C_PROBE449_WIDTH bound to: 1 - type: integer 
	Parameter C_PROBE450_WIDTH bound to: 1 - type: integer 
	Parameter C_PROBE451_WIDTH bound to: 1 - type: integer 
	Parameter C_PROBE452_WIDTH bound to: 1 - type: integer 
	Parameter C_PROBE453_WIDTH bound to: 1 - type: integer 
	Parameter C_PROBE454_WIDTH bound to: 1 - type: integer 
	Parameter C_PROBE455_WIDTH bound to: 1 - type: integer 
	Parameter C_PROBE456_WIDTH bound to: 1 - type: integer 
	Parameter C_PROBE457_WIDTH bound to: 1 - type: integer 
	Parameter C_PROBE458_WIDTH bound to: 1 - type: integer 
	Parameter C_PROBE459_WIDTH bound to: 1 - type: integer 
	Parameter C_PROBE460_WIDTH bound to: 1 - type: integer 
	Parameter C_PROBE461_WIDTH bound to: 1 - type: integer 
	Parameter C_PROBE462_WIDTH bound to: 1 - type: integer 
	Parameter C_PROBE463_WIDTH bound to: 1 - type: integer 
	Parameter C_PROBE464_WIDTH bound to: 1 - type: integer 
	Parameter C_PROBE465_WIDTH bound to: 1 - type: integer 
	Parameter C_PROBE466_WIDTH bound to: 1 - type: integer 
	Parameter C_PROBE467_WIDTH bound to: 1 - type: integer 
	Parameter C_PROBE468_WIDTH bound to: 1 - type: integer 
	Parameter C_PROBE469_WIDTH bound to: 1 - type: integer 
	Parameter C_PROBE470_WIDTH bound to: 1 - type: integer 
	Parameter C_PROBE471_WIDTH bound to: 1 - type: integer 
	Parameter C_PROBE472_WIDTH bound to: 1 - type: integer 
	Parameter C_PROBE473_WIDTH bound to: 1 - type: integer 
	Parameter C_PROBE474_WIDTH bound to: 1 - type: integer 
	Parameter C_PROBE475_WIDTH bound to: 1 - type: integer 
	Parameter C_PROBE476_WIDTH bound to: 1 - type: integer 
	Parameter C_PROBE477_WIDTH bound to: 1 - type: integer 
	Parameter C_PROBE478_WIDTH bound to: 1 - type: integer 
	Parameter C_PROBE479_WIDTH bound to: 1 - type: integer 
	Parameter C_PROBE480_WIDTH bound to: 1 - type: integer 
	Parameter C_PROBE481_WIDTH bound to: 1 - type: integer 
	Parameter C_PROBE482_WIDTH bound to: 1 - type: integer 
	Parameter C_PROBE483_WIDTH bound to: 1 - type: integer 
	Parameter C_PROBE484_WIDTH bound to: 1 - type: integer 
	Parameter C_PROBE485_WIDTH bound to: 1 - type: integer 
	Parameter C_PROBE486_WIDTH bound to: 1 - type: integer 
	Parameter C_PROBE487_WIDTH bound to: 1 - type: integer 
	Parameter C_PROBE488_WIDTH bound to: 1 - type: integer 
	Parameter C_PROBE489_WIDTH bound to: 1 - type: integer 
	Parameter C_PROBE490_WIDTH bound to: 1 - type: integer 
	Parameter C_PROBE491_WIDTH bound to: 1 - type: integer 
	Parameter C_PROBE492_WIDTH bound to: 1 - type: integer 
	Parameter C_PROBE493_WIDTH bound to: 1 - type: integer 
	Parameter C_PROBE494_WIDTH bound to: 1 - type: integer 
	Parameter C_PROBE495_WIDTH bound to: 1 - type: integer 
	Parameter C_PROBE496_WIDTH bound to: 1 - type: integer 
	Parameter C_PROBE497_WIDTH bound to: 1 - type: integer 
	Parameter C_PROBE498_WIDTH bound to: 1 - type: integer 
	Parameter C_PROBE499_WIDTH bound to: 1 - type: integer 
	Parameter C_PROBE500_WIDTH bound to: 1 - type: integer 
	Parameter C_PROBE501_WIDTH bound to: 1 - type: integer 
	Parameter C_PROBE502_WIDTH bound to: 1 - type: integer 
	Parameter C_PROBE503_WIDTH bound to: 1 - type: integer 
	Parameter C_PROBE504_WIDTH bound to: 1 - type: integer 
	Parameter C_PROBE505_WIDTH bound to: 1 - type: integer 
	Parameter C_PROBE506_WIDTH bound to: 1 - type: integer 
	Parameter C_PROBE507_WIDTH bound to: 1 - type: integer 
	Parameter C_PROBE508_WIDTH bound to: 1 - type: integer 
	Parameter C_PROBE509_WIDTH bound to: 1 - type: integer 
	Parameter C_PROBE510_WIDTH bound to: 1 - type: integer 
	Parameter C_PROBE511_WIDTH bound to: 1 - type: integer 
	Parameter C_MUX_PROBE0_WIDTH bound to: 1 - type: integer 
	Parameter C_MUX_PROBE1_WIDTH bound to: 1 - type: integer 
	Parameter C_MUX_PROBE2_WIDTH bound to: 1 - type: integer 
	Parameter C_MUX_PROBE3_WIDTH bound to: 1 - type: integer 
	Parameter C_MUX_PROBE4_WIDTH bound to: 1 - type: integer 
	Parameter C_MUX_PROBE5_WIDTH bound to: 1 - type: integer 
	Parameter C_MUX_PROBE6_WIDTH bound to: 1 - type: integer 
	Parameter C_MUX_PROBE7_WIDTH bound to: 1 - type: integer 
	Parameter C_MUX_PROBE8_WIDTH bound to: 1 - type: integer 
	Parameter C_MUX_PROBE9_WIDTH bound to: 1 - type: integer 
	Parameter C_MUX_PROBE10_WIDTH bound to: 1 - type: integer 
	Parameter C_MUX_PROBE11_WIDTH bound to: 1 - type: integer 
	Parameter C_MUX_PROBE12_WIDTH bound to: 1 - type: integer 
	Parameter C_MUX_PROBE13_WIDTH bound to: 1 - type: integer 
	Parameter C_MUX_PROBE14_WIDTH bound to: 1 - type: integer 
	Parameter C_MUX_PROBE15_WIDTH bound to: 1 - type: integer 
	Parameter C_MUX_PROBE16_WIDTH bound to: 1 - type: integer 
	Parameter C_MUX_PROBE17_WIDTH bound to: 1 - type: integer 
	Parameter C_MUX_PROBE18_WIDTH bound to: 1 - type: integer 
	Parameter C_MUX_PROBE19_WIDTH bound to: 1 - type: integer 
	Parameter C_MUX_PROBE20_WIDTH bound to: 1 - type: integer 
	Parameter C_MUX_PROBE21_WIDTH bound to: 1 - type: integer 
	Parameter C_MUX_PROBE22_WIDTH bound to: 1 - type: integer 
	Parameter C_MUX_PROBE23_WIDTH bound to: 1 - type: integer 
	Parameter C_MUX_PROBE24_WIDTH bound to: 1 - type: integer 
	Parameter C_MUX_PROBE25_WIDTH bound to: 1 - type: integer 
	Parameter C_MUX_PROBE26_WIDTH bound to: 1 - type: integer 
	Parameter C_MUX_PROBE27_WIDTH bound to: 1 - type: integer 
	Parameter C_MUX_PROBE28_WIDTH bound to: 1 - type: integer 
	Parameter C_MUX_PROBE29_WIDTH bound to: 1 - type: integer 
	Parameter C_MUX_PROBE30_WIDTH bound to: 1 - type: integer 
	Parameter C_MUX_PROBE31_WIDTH bound to: 1 - type: integer 
	Parameter C_MUX_PROBE32_WIDTH bound to: 1 - type: integer 
	Parameter C_MUX_PROBE33_WIDTH bound to: 1 - type: integer 
	Parameter C_MUX_PROBE34_WIDTH bound to: 1 - type: integer 
	Parameter C_MUX_PROBE35_WIDTH bound to: 1 - type: integer 
	Parameter C_MUX_PROBE36_WIDTH bound to: 1 - type: integer 
	Parameter C_MUX_PROBE37_WIDTH bound to: 1 - type: integer 
	Parameter C_MUX_PROBE38_WIDTH bound to: 1 - type: integer 
	Parameter C_MUX_PROBE39_WIDTH bound to: 1 - type: integer 
	Parameter C_MUX_PROBE40_WIDTH bound to: 1 - type: integer 
	Parameter C_MUX_PROBE41_WIDTH bound to: 1 - type: integer 
	Parameter C_MUX_PROBE42_WIDTH bound to: 1 - type: integer 
	Parameter C_MUX_PROBE43_WIDTH bound to: 1 - type: integer 
	Parameter C_MUX_PROBE44_WIDTH bound to: 1 - type: integer 
	Parameter C_MUX_PROBE45_WIDTH bound to: 1 - type: integer 
	Parameter C_MUX_PROBE46_WIDTH bound to: 1 - type: integer 
	Parameter C_MUX_PROBE47_WIDTH bound to: 1 - type: integer 
	Parameter C_MUX_PROBE48_WIDTH bound to: 1 - type: integer 
	Parameter C_MUX_PROBE49_WIDTH bound to: 1 - type: integer 
	Parameter C_MUX_PROBE50_WIDTH bound to: 1 - type: integer 
	Parameter C_MUX_PROBE51_WIDTH bound to: 1 - type: integer 
	Parameter C_MUX_PROBE52_WIDTH bound to: 1 - type: integer 
	Parameter C_MUX_PROBE53_WIDTH bound to: 1 - type: integer 
	Parameter C_MUX_PROBE54_WIDTH bound to: 1 - type: integer 
	Parameter C_MUX_PROBE55_WIDTH bound to: 1 - type: integer 
	Parameter C_MUX_PROBE56_WIDTH bound to: 1 - type: integer 
	Parameter C_MUX_PROBE57_WIDTH bound to: 1 - type: integer 
	Parameter C_MUX_PROBE58_WIDTH bound to: 1 - type: integer 
	Parameter C_MUX_PROBE59_WIDTH bound to: 1 - type: integer 
	Parameter C_MUX_PROBE60_WIDTH bound to: 1 - type: integer 
	Parameter C_MUX_PROBE61_WIDTH bound to: 1 - type: integer 
	Parameter C_MUX_PROBE62_WIDTH bound to: 1 - type: integer 
	Parameter C_MUX_PROBE63_WIDTH bound to: 1 - type: integer 
	Parameter C_MUX_PROBE64_WIDTH bound to: 1 - type: integer 
	Parameter C_MUX_PROBE65_WIDTH bound to: 1 - type: integer 
	Parameter C_MUX_PROBE66_WIDTH bound to: 1 - type: integer 
	Parameter C_MUX_PROBE67_WIDTH bound to: 1 - type: integer 
	Parameter C_MUX_PROBE68_WIDTH bound to: 1 - type: integer 
	Parameter C_MUX_PROBE69_WIDTH bound to: 1 - type: integer 
	Parameter C_MUX_PROBE70_WIDTH bound to: 1 - type: integer 
	Parameter C_MUX_PROBE71_WIDTH bound to: 1 - type: integer 
	Parameter C_MUX_PROBE72_WIDTH bound to: 1 - type: integer 
	Parameter C_MUX_PROBE73_WIDTH bound to: 1 - type: integer 
	Parameter C_MUX_PROBE74_WIDTH bound to: 1 - type: integer 
	Parameter C_MUX_PROBE75_WIDTH bound to: 1 - type: integer 
	Parameter C_MUX_PROBE76_WIDTH bound to: 1 - type: integer 
	Parameter C_MUX_PROBE77_WIDTH bound to: 1 - type: integer 
	Parameter C_MUX_PROBE78_WIDTH bound to: 1 - type: integer 
	Parameter C_MUX_PROBE79_WIDTH bound to: 1 - type: integer 
	Parameter C_MUX_PROBE80_WIDTH bound to: 1 - type: integer 
	Parameter C_MUX_PROBE81_WIDTH bound to: 1 - type: integer 
	Parameter C_MUX_PROBE82_WIDTH bound to: 1 - type: integer 
	Parameter C_MUX_PROBE83_WIDTH bound to: 1 - type: integer 
	Parameter C_MUX_PROBE84_WIDTH bound to: 1 - type: integer 
	Parameter C_MUX_PROBE85_WIDTH bound to: 1 - type: integer 
	Parameter C_MUX_PROBE86_WIDTH bound to: 1 - type: integer 
	Parameter C_MUX_PROBE87_WIDTH bound to: 1 - type: integer 
	Parameter C_MUX_PROBE88_WIDTH bound to: 1 - type: integer 
	Parameter C_MUX_PROBE89_WIDTH bound to: 1 - type: integer 
	Parameter C_MUX_PROBE90_WIDTH bound to: 1 - type: integer 
	Parameter C_MUX_PROBE91_WIDTH bound to: 1 - type: integer 
	Parameter C_MUX_PROBE92_WIDTH bound to: 1 - type: integer 
	Parameter C_MUX_PROBE93_WIDTH bound to: 1 - type: integer 
	Parameter C_MUX_PROBE94_WIDTH bound to: 1 - type: integer 
	Parameter C_MUX_PROBE95_WIDTH bound to: 1 - type: integer 
	Parameter C_MUX_PROBE96_WIDTH bound to: 1 - type: integer 
	Parameter C_MUX_PROBE97_WIDTH bound to: 1 - type: integer 
	Parameter C_MUX_PROBE98_WIDTH bound to: 1 - type: integer 
	Parameter C_MUX_PROBE99_WIDTH bound to: 1 - type: integer 
	Parameter C_MUX_PROBE100_WIDTH bound to: 1 - type: integer 
	Parameter C_MUX_PROBE101_WIDTH bound to: 1 - type: integer 
	Parameter C_MUX_PROBE102_WIDTH bound to: 1 - type: integer 
	Parameter C_MUX_PROBE103_WIDTH bound to: 1 - type: integer 
	Parameter C_MUX_PROBE104_WIDTH bound to: 1 - type: integer 
	Parameter C_MUX_PROBE105_WIDTH bound to: 1 - type: integer 
	Parameter C_MUX_PROBE106_WIDTH bound to: 1 - type: integer 
	Parameter C_MUX_PROBE107_WIDTH bound to: 1 - type: integer 
	Parameter C_MUX_PROBE108_WIDTH bound to: 1 - type: integer 
	Parameter C_MUX_PROBE109_WIDTH bound to: 1 - type: integer 
	Parameter C_MUX_PROBE110_WIDTH bound to: 1 - type: integer 
	Parameter C_MUX_PROBE111_WIDTH bound to: 1 - type: integer 
	Parameter C_MUX_PROBE112_WIDTH bound to: 1 - type: integer 
	Parameter C_MUX_PROBE113_WIDTH bound to: 1 - type: integer 
	Parameter C_MUX_PROBE114_WIDTH bound to: 1 - type: integer 
	Parameter C_MUX_PROBE115_WIDTH bound to: 1 - type: integer 
	Parameter C_MUX_PROBE116_WIDTH bound to: 1 - type: integer 
	Parameter C_MUX_PROBE117_WIDTH bound to: 1 - type: integer 
	Parameter C_MUX_PROBE118_WIDTH bound to: 1 - type: integer 
	Parameter C_MUX_PROBE119_WIDTH bound to: 1 - type: integer 
	Parameter C_MUX_PROBE120_WIDTH bound to: 1 - type: integer 
	Parameter C_MUX_PROBE121_WIDTH bound to: 1 - type: integer 
	Parameter C_MUX_PROBE122_WIDTH bound to: 1 - type: integer 
	Parameter C_MUX_PROBE123_WIDTH bound to: 1 - type: integer 
	Parameter C_MUX_PROBE124_WIDTH bound to: 1 - type: integer 
	Parameter C_MUX_PROBE125_WIDTH bound to: 1 - type: integer 
	Parameter C_MUX_PROBE126_WIDTH bound to: 1 - type: integer 
	Parameter C_MUX_PROBE127_WIDTH bound to: 1 - type: integer 
	Parameter C_SLOT_0_AXI_ADDR_WIDTH bound to: 32 - type: integer 
	Parameter C_SLOT_0_AXI_DATA_WIDTH bound to: 32 - type: integer 
	Parameter C_SLOT_0_AXI_AWUSER_WIDTH bound to: 0 - type: integer 
	Parameter C_SLOT_0_AXI_WUSER_WIDTH bound to: 0 - type: integer 
	Parameter C_SLOT_0_AXI_BUSER_WIDTH bound to: 0 - type: integer 
	Parameter C_SLOT_0_AXI_ARUSER_WIDTH bound to: 0 - type: integer 
	Parameter C_SLOT_0_AXI_RUSER_WIDTH bound to: 0 - type: integer 
	Parameter C_SLOT_0_AXI_AXLEN_WIDTH bound to: 8 - type: integer 
	Parameter C_SLOT_0_AXI_AXLOCK_WIDTH bound to: 1 - type: integer 
	Parameter C_SLOT_0_AXI_ID_WIDTH bound to: 0 - type: integer 
	Parameter C_SLOT_0_AXI_PROTOCOL bound to: AXI4 - type: string 
	Parameter C_SLOT_0_MAX_RD_BURSTS bound to: 1 - type: integer 
	Parameter C_SLOT_0_MAX_WR_BURSTS bound to: 1 - type: integer 
	Parameter C_SLOT_0_TXN_CNTR_EN bound to: 1 - type: integer 
	Parameter C_SLOT_0_HAS_BRESP bound to: 0 - type: integer 
	Parameter C_SLOT_0_HAS_BURST bound to: 0 - type: integer 
	Parameter C_SLOT_0_HAS_CACHE bound to: 0 - type: integer 
	Parameter C_SLOT_0_HAS_LOCK bound to: 0 - type: integer 
	Parameter C_SLOT_0_HAS_PROT bound to: 0 - type: integer 
	Parameter C_SLOT_0_HAS_QOS bound to: 0 - type: integer 
	Parameter C_SLOT_0_HAS_REGION bound to: 0 - type: integer 
	Parameter C_SLOT_0_HAS_RRESP bound to: 1 - type: integer 
	Parameter C_SLOT_0_HAS_WSTRB bound to: 0 - type: integer 
	Parameter C_SLOT_0_HAS_TKEEP bound to: 1 - type: integer 
	Parameter C_SLOT_0_HAS_TSTRB bound to: 1 - type: integer 
	Parameter C_SLOT_0_HAS_TREADY bound to: 1 - type: integer 
	Parameter C_SLOT_0_AXIS_TDATA_WIDTH bound to: 32 - type: integer 
	Parameter C_SLOT_0_AXIS_TID_WIDTH bound to: 1 - type: integer 
	Parameter C_SLOT_0_AXIS_TDEST_WIDTH bound to: 1 - type: integer 
	Parameter C_SLOT_0_AXIS_TUSER_WIDTH bound to: 1 - type: integer 
	Parameter C_SLOT_1_AXI_ADDR_WIDTH bound to: 32 - type: integer 
	Parameter C_SLOT_1_AXI_DATA_WIDTH bound to: 32 - type: integer 
	Parameter C_SLOT_1_AXI_AWUSER_WIDTH bound to: 0 - type: integer 
	Parameter C_SLOT_1_AXI_WUSER_WIDTH bound to: 0 - type: integer 
	Parameter C_SLOT_1_AXI_BUSER_WIDTH bound to: 0 - type: integer 
	Parameter C_SLOT_1_AXI_ARUSER_WIDTH bound to: 0 - type: integer 
	Parameter C_SLOT_1_AXI_RUSER_WIDTH bound to: 0 - type: integer 
	Parameter C_SLOT_1_AXI_AXLEN_WIDTH bound to: 8 - type: integer 
	Parameter C_SLOT_1_AXI_AXLOCK_WIDTH bound to: 1 - type: integer 
	Parameter C_SLOT_1_AXI_ID_WIDTH bound to: 0 - type: integer 
	Parameter C_SLOT_1_AXI_PROTOCOL bound to: AXI4 - type: string 
	Parameter C_SLOT_1_MAX_RD_BURSTS bound to: 1 - type: integer 
	Parameter C_SLOT_1_MAX_WR_BURSTS bound to: 1 - type: integer 
	Parameter C_SLOT_1_TXN_CNTR_EN bound to: 1 - type: integer 
	Parameter C_SLOT_1_HAS_BRESP bound to: 1 - type: integer 
	Parameter C_SLOT_1_HAS_BURST bound to: 0 - type: integer 
	Parameter C_SLOT_1_HAS_CACHE bound to: 0 - type: integer 
	Parameter C_SLOT_1_HAS_LOCK bound to: 0 - type: integer 
	Parameter C_SLOT_1_HAS_PROT bound to: 0 - type: integer 
	Parameter C_SLOT_1_HAS_QOS bound to: 0 - type: integer 
	Parameter C_SLOT_1_HAS_REGION bound to: 0 - type: integer 
	Parameter C_SLOT_1_HAS_RRESP bound to: 0 - type: integer 
	Parameter C_SLOT_1_HAS_WSTRB bound to: 1 - type: integer 
	Parameter C_SLOT_1_HAS_TKEEP bound to: 1 - type: integer 
	Parameter C_SLOT_1_HAS_TSTRB bound to: 1 - type: integer 
	Parameter C_SLOT_1_HAS_TREADY bound to: 1 - type: integer 
	Parameter C_SLOT_1_AXIS_TDATA_WIDTH bound to: 32 - type: integer 
	Parameter C_SLOT_1_AXIS_TID_WIDTH bound to: 1 - type: integer 
	Parameter C_SLOT_1_AXIS_TDEST_WIDTH bound to: 1 - type: integer 
	Parameter C_SLOT_1_AXIS_TUSER_WIDTH bound to: 1 - type: integer 
	Parameter C_SLOT_2_AXI_ADDR_WIDTH bound to: 32 - type: integer 
	Parameter C_SLOT_2_AXI_DATA_WIDTH bound to: 32 - type: integer 
	Parameter C_SLOT_2_AXI_AWUSER_WIDTH bound to: 1 - type: integer 
	Parameter C_SLOT_2_AXI_WUSER_WIDTH bound to: 1 - type: integer 
	Parameter C_SLOT_2_AXI_BUSER_WIDTH bound to: 1 - type: integer 
	Parameter C_SLOT_2_AXI_ARUSER_WIDTH bound to: 1 - type: integer 
	Parameter C_SLOT_2_AXI_RUSER_WIDTH bound to: 1 - type: integer 
	Parameter C_SLOT_2_AXI_AXLEN_WIDTH bound to: 8 - type: integer 
	Parameter C_SLOT_2_AXI_AXLOCK_WIDTH bound to: 1 - type: integer 
	Parameter C_SLOT_2_AXI_ID_WIDTH bound to: 1 - type: integer 
	Parameter C_SLOT_2_AXI_PROTOCOL bound to: AXI4S - type: string 
	Parameter C_SLOT_2_MAX_RD_BURSTS bound to: 5 - type: integer 
	Parameter C_SLOT_2_MAX_WR_BURSTS bound to: 5 - type: integer 
	Parameter C_SLOT_2_TXN_CNTR_EN bound to: 1 - type: integer 
	Parameter C_SLOT_2_HAS_BRESP bound to: 1 - type: integer 
	Parameter C_SLOT_2_HAS_BURST bound to: 1 - type: integer 
	Parameter C_SLOT_2_HAS_CACHE bound to: 1 - type: integer 
	Parameter C_SLOT_2_HAS_LOCK bound to: 1 - type: integer 
	Parameter C_SLOT_2_HAS_PROT bound to: 1 - type: integer 
	Parameter C_SLOT_2_HAS_QOS bound to: 1 - type: integer 
	Parameter C_SLOT_2_HAS_REGION bound to: 1 - type: integer 
	Parameter C_SLOT_2_HAS_RRESP bound to: 1 - type: integer 
	Parameter C_SLOT_2_HAS_WSTRB bound to: 1 - type: integer 
	Parameter C_SLOT_2_HAS_TKEEP bound to: 0 - type: integer 
	Parameter C_SLOT_2_HAS_TSTRB bound to: 0 - type: integer 
	Parameter C_SLOT_2_HAS_TREADY bound to: 1 - type: integer 
	Parameter C_SLOT_2_AXIS_TDATA_WIDTH bound to: 32 - type: integer 
	Parameter C_SLOT_2_AXIS_TID_WIDTH bound to: 0 - type: integer 
	Parameter C_SLOT_2_AXIS_TDEST_WIDTH bound to: 0 - type: integer 
	Parameter C_SLOT_2_AXIS_TUSER_WIDTH bound to: 0 - type: integer 
	Parameter C_SLOT_3_AXI_ADDR_WIDTH bound to: 32 - type: integer 
	Parameter C_SLOT_3_AXI_DATA_WIDTH bound to: 32 - type: integer 
	Parameter C_SLOT_3_AXI_AWUSER_WIDTH bound to: 1 - type: integer 
	Parameter C_SLOT_3_AXI_WUSER_WIDTH bound to: 1 - type: integer 
	Parameter C_SLOT_3_AXI_BUSER_WIDTH bound to: 1 - type: integer 
	Parameter C_SLOT_3_AXI_ARUSER_WIDTH bound to: 1 - type: integer 
	Parameter C_SLOT_3_AXI_RUSER_WIDTH bound to: 1 - type: integer 
	Parameter C_SLOT_3_AXI_AXLEN_WIDTH bound to: 8 - type: integer 
	Parameter C_SLOT_3_AXI_AXLOCK_WIDTH bound to: 1 - type: integer 
	Parameter C_SLOT_3_AXI_ID_WIDTH bound to: 1 - type: integer 
	Parameter C_SLOT_3_AXI_PROTOCOL bound to: AXI4S - type: string 
	Parameter C_SLOT_3_MAX_RD_BURSTS bound to: 5 - type: integer 
	Parameter C_SLOT_3_MAX_WR_BURSTS bound to: 5 - type: integer 
	Parameter C_SLOT_3_TXN_CNTR_EN bound to: 1 - type: integer 
	Parameter C_SLOT_3_HAS_BRESP bound to: 1 - type: integer 
	Parameter C_SLOT_3_HAS_BURST bound to: 1 - type: integer 
	Parameter C_SLOT_3_HAS_CACHE bound to: 1 - type: integer 
	Parameter C_SLOT_3_HAS_LOCK bound to: 1 - type: integer 
	Parameter C_SLOT_3_HAS_PROT bound to: 1 - type: integer 
	Parameter C_SLOT_3_HAS_QOS bound to: 1 - type: integer 
	Parameter C_SLOT_3_HAS_REGION bound to: 1 - type: integer 
	Parameter C_SLOT_3_HAS_RRESP bound to: 1 - type: integer 
	Parameter C_SLOT_3_HAS_WSTRB bound to: 1 - type: integer 
	Parameter C_SLOT_3_HAS_TKEEP bound to: 1 - type: integer 
	Parameter C_SLOT_3_HAS_TSTRB bound to: 0 - type: integer 
	Parameter C_SLOT_3_HAS_TREADY bound to: 1 - type: integer 
	Parameter C_SLOT_3_AXIS_TDATA_WIDTH bound to: 32 - type: integer 
	Parameter C_SLOT_3_AXIS_TID_WIDTH bound to: 0 - type: integer 
	Parameter C_SLOT_3_AXIS_TDEST_WIDTH bound to: 0 - type: integer 
	Parameter C_SLOT_3_AXIS_TUSER_WIDTH bound to: 0 - type: integer 
	Parameter C_SLOT_4_AXI_ADDR_WIDTH bound to: 32 - type: integer 
	Parameter C_SLOT_4_AXI_DATA_WIDTH bound to: 32 - type: integer 
	Parameter C_SLOT_4_AXI_AWUSER_WIDTH bound to: 1 - type: integer 
	Parameter C_SLOT_4_AXI_WUSER_WIDTH bound to: 1 - type: integer 
	Parameter C_SLOT_4_AXI_BUSER_WIDTH bound to: 1 - type: integer 
	Parameter C_SLOT_4_AXI_ARUSER_WIDTH bound to: 1 - type: integer 
	Parameter C_SLOT_4_AXI_RUSER_WIDTH bound to: 1 - type: integer 
	Parameter C_SLOT_4_AXI_AXLEN_WIDTH bound to: 8 - type: integer 
	Parameter C_SLOT_4_AXI_AXLOCK_WIDTH bound to: 1 - type: integer 
	Parameter C_SLOT_4_AXI_ID_WIDTH bound to: 1 - type: integer 
	Parameter C_SLOT_4_AXI_PROTOCOL bound to: AXI4 - type: string 
	Parameter C_SLOT_4_MAX_RD_BURSTS bound to: 5 - type: integer 
	Parameter C_SLOT_4_MAX_WR_BURSTS bound to: 5 - type: integer 
	Parameter C_SLOT_4_TXN_CNTR_EN bound to: 1 - type: integer 
	Parameter C_SLOT_4_HAS_BRESP bound to: 1 - type: integer 
	Parameter C_SLOT_4_HAS_BURST bound to: 1 - type: integer 
	Parameter C_SLOT_4_HAS_CACHE bound to: 1 - type: integer 
	Parameter C_SLOT_4_HAS_LOCK bound to: 1 - type: integer 
	Parameter C_SLOT_4_HAS_PROT bound to: 1 - type: integer 
	Parameter C_SLOT_4_HAS_QOS bound to: 1 - type: integer 
	Parameter C_SLOT_4_HAS_REGION bound to: 1 - type: integer 
	Parameter C_SLOT_4_HAS_RRESP bound to: 1 - type: integer 
	Parameter C_SLOT_4_HAS_WSTRB bound to: 1 - type: integer 
	Parameter C_SLOT_4_HAS_TKEEP bound to: 1 - type: integer 
	Parameter C_SLOT_4_HAS_TSTRB bound to: 1 - type: integer 
	Parameter C_SLOT_4_HAS_TREADY bound to: 1 - type: integer 
	Parameter C_SLOT_4_AXIS_TDATA_WIDTH bound to: 32 - type: integer 
	Parameter C_SLOT_4_AXIS_TID_WIDTH bound to: 1 - type: integer 
	Parameter C_SLOT_4_AXIS_TDEST_WIDTH bound to: 1 - type: integer 
	Parameter C_SLOT_4_AXIS_TUSER_WIDTH bound to: 1 - type: integer 
	Parameter C_SLOT_5_AXI_ADDR_WIDTH bound to: 32 - type: integer 
	Parameter C_SLOT_5_AXI_DATA_WIDTH bound to: 32 - type: integer 
	Parameter C_SLOT_5_AXI_AWUSER_WIDTH bound to: 1 - type: integer 
	Parameter C_SLOT_5_AXI_WUSER_WIDTH bound to: 1 - type: integer 
	Parameter C_SLOT_5_AXI_BUSER_WIDTH bound to: 1 - type: integer 
	Parameter C_SLOT_5_AXI_ARUSER_WIDTH bound to: 1 - type: integer 
	Parameter C_SLOT_5_AXI_RUSER_WIDTH bound to: 1 - type: integer 
	Parameter C_SLOT_5_AXI_AXLEN_WIDTH bound to: 8 - type: integer 
	Parameter C_SLOT_5_AXI_AXLOCK_WIDTH bound to: 1 - type: integer 
	Parameter C_SLOT_5_AXI_ID_WIDTH bound to: 1 - type: integer 
	Parameter C_SLOT_5_AXI_PROTOCOL bound to: AXI4 - type: string 
	Parameter C_SLOT_5_MAX_RD_BURSTS bound to: 5 - type: integer 
	Parameter C_SLOT_5_MAX_WR_BURSTS bound to: 5 - type: integer 
	Parameter C_SLOT_5_TXN_CNTR_EN bound to: 1 - type: integer 
	Parameter C_SLOT_5_HAS_BRESP bound to: 1 - type: integer 
	Parameter C_SLOT_5_HAS_BURST bound to: 1 - type: integer 
	Parameter C_SLOT_5_HAS_CACHE bound to: 1 - type: integer 
	Parameter C_SLOT_5_HAS_LOCK bound to: 1 - type: integer 
	Parameter C_SLOT_5_HAS_PROT bound to: 1 - type: integer 
	Parameter C_SLOT_5_HAS_QOS bound to: 1 - type: integer 
	Parameter C_SLOT_5_HAS_REGION bound to: 1 - type: integer 
	Parameter C_SLOT_5_HAS_RRESP bound to: 1 - type: integer 
	Parameter C_SLOT_5_HAS_WSTRB bound to: 1 - type: integer 
	Parameter C_SLOT_5_HAS_TKEEP bound to: 1 - type: integer 
	Parameter C_SLOT_5_HAS_TSTRB bound to: 1 - type: integer 
	Parameter C_SLOT_5_HAS_TREADY bound to: 1 - type: integer 
	Parameter C_SLOT_5_AXIS_TDATA_WIDTH bound to: 32 - type: integer 
	Parameter C_SLOT_5_AXIS_TID_WIDTH bound to: 1 - type: integer 
	Parameter C_SLOT_5_AXIS_TDEST_WIDTH bound to: 1 - type: integer 
	Parameter C_SLOT_5_AXIS_TUSER_WIDTH bound to: 1 - type: integer 
	Parameter C_SLOT_6_AXI_ADDR_WIDTH bound to: 32 - type: integer 
	Parameter C_SLOT_6_AXI_DATA_WIDTH bound to: 32 - type: integer 
	Parameter C_SLOT_6_AXI_AWUSER_WIDTH bound to: 1 - type: integer 
	Parameter C_SLOT_6_AXI_WUSER_WIDTH bound to: 1 - type: integer 
	Parameter C_SLOT_6_AXI_BUSER_WIDTH bound to: 1 - type: integer 
	Parameter C_SLOT_6_AXI_ARUSER_WIDTH bound to: 1 - type: integer 
	Parameter C_SLOT_6_AXI_RUSER_WIDTH bound to: 1 - type: integer 
	Parameter C_SLOT_6_AXI_AXLEN_WIDTH bound to: 8 - type: integer 
	Parameter C_SLOT_6_AXI_AXLOCK_WIDTH bound to: 1 - type: integer 
	Parameter C_SLOT_6_AXI_ID_WIDTH bound to: 1 - type: integer 
	Parameter C_SLOT_6_AXI_PROTOCOL bound to: AXI4 - type: string 
	Parameter C_SLOT_6_MAX_RD_BURSTS bound to: 5 - type: integer 
	Parameter C_SLOT_6_MAX_WR_BURSTS bound to: 5 - type: integer 
	Parameter C_SLOT_6_TXN_CNTR_EN bound to: 1 - type: integer 
	Parameter C_SLOT_6_HAS_BRESP bound to: 1 - type: integer 
	Parameter C_SLOT_6_HAS_BURST bound to: 1 - type: integer 
	Parameter C_SLOT_6_HAS_CACHE bound to: 1 - type: integer 
	Parameter C_SLOT_6_HAS_LOCK bound to: 1 - type: integer 
	Parameter C_SLOT_6_HAS_PROT bound to: 1 - type: integer 
	Parameter C_SLOT_6_HAS_QOS bound to: 1 - type: integer 
	Parameter C_SLOT_6_HAS_REGION bound to: 1 - type: integer 
	Parameter C_SLOT_6_HAS_RRESP bound to: 1 - type: integer 
	Parameter C_SLOT_6_HAS_WSTRB bound to: 1 - type: integer 
	Parameter C_SLOT_6_HAS_TKEEP bound to: 1 - type: integer 
	Parameter C_SLOT_6_HAS_TSTRB bound to: 1 - type: integer 
	Parameter C_SLOT_6_HAS_TREADY bound to: 1 - type: integer 
	Parameter C_SLOT_6_AXIS_TDATA_WIDTH bound to: 32 - type: integer 
	Parameter C_SLOT_6_AXIS_TID_WIDTH bound to: 1 - type: integer 
	Parameter C_SLOT_6_AXIS_TDEST_WIDTH bound to: 1 - type: integer 
	Parameter C_SLOT_6_AXIS_TUSER_WIDTH bound to: 1 - type: integer 
	Parameter C_SLOT_7_AXI_ADDR_WIDTH bound to: 32 - type: integer 
	Parameter C_SLOT_7_AXI_DATA_WIDTH bound to: 32 - type: integer 
	Parameter C_SLOT_7_AXI_AWUSER_WIDTH bound to: 1 - type: integer 
	Parameter C_SLOT_7_AXI_WUSER_WIDTH bound to: 1 - type: integer 
	Parameter C_SLOT_7_AXI_BUSER_WIDTH bound to: 1 - type: integer 
	Parameter C_SLOT_7_AXI_ARUSER_WIDTH bound to: 1 - type: integer 
	Parameter C_SLOT_7_AXI_RUSER_WIDTH bound to: 1 - type: integer 
	Parameter C_SLOT_7_AXI_AXLEN_WIDTH bound to: 8 - type: integer 
	Parameter C_SLOT_7_AXI_AXLOCK_WIDTH bound to: 1 - type: integer 
	Parameter C_SLOT_7_AXI_ID_WIDTH bound to: 1 - type: integer 
	Parameter C_SLOT_7_AXI_PROTOCOL bound to: AXI4 - type: string 
	Parameter C_SLOT_7_MAX_RD_BURSTS bound to: 5 - type: integer 
	Parameter C_SLOT_7_MAX_WR_BURSTS bound to: 5 - type: integer 
	Parameter C_SLOT_7_TXN_CNTR_EN bound to: 1 - type: integer 
	Parameter C_SLOT_7_HAS_BRESP bound to: 1 - type: integer 
	Parameter C_SLOT_7_HAS_BURST bound to: 1 - type: integer 
	Parameter C_SLOT_7_HAS_CACHE bound to: 1 - type: integer 
	Parameter C_SLOT_7_HAS_LOCK bound to: 1 - type: integer 
	Parameter C_SLOT_7_HAS_PROT bound to: 1 - type: integer 
	Parameter C_SLOT_7_HAS_QOS bound to: 1 - type: integer 
	Parameter C_SLOT_7_HAS_REGION bound to: 1 - type: integer 
	Parameter C_SLOT_7_HAS_RRESP bound to: 1 - type: integer 
	Parameter C_SLOT_7_HAS_WSTRB bound to: 1 - type: integer 
	Parameter C_SLOT_7_HAS_TKEEP bound to: 1 - type: integer 
	Parameter C_SLOT_7_HAS_TSTRB bound to: 1 - type: integer 
	Parameter C_SLOT_7_HAS_TREADY bound to: 1 - type: integer 
	Parameter C_SLOT_7_AXIS_TDATA_WIDTH bound to: 32 - type: integer 
	Parameter C_SLOT_7_AXIS_TID_WIDTH bound to: 1 - type: integer 
	Parameter C_SLOT_7_AXIS_TDEST_WIDTH bound to: 1 - type: integer 
	Parameter C_SLOT_7_AXIS_TUSER_WIDTH bound to: 1 - type: integer 
	Parameter C_SLOT_8_AXI_ADDR_WIDTH bound to: 32 - type: integer 
	Parameter C_SLOT_8_AXI_DATA_WIDTH bound to: 32 - type: integer 
	Parameter C_SLOT_8_AXI_AWUSER_WIDTH bound to: 1 - type: integer 
	Parameter C_SLOT_8_AXI_WUSER_WIDTH bound to: 1 - type: integer 
	Parameter C_SLOT_8_AXI_BUSER_WIDTH bound to: 1 - type: integer 
	Parameter C_SLOT_8_AXI_ARUSER_WIDTH bound to: 1 - type: integer 
	Parameter C_SLOT_8_AXI_RUSER_WIDTH bound to: 1 - type: integer 
	Parameter C_SLOT_8_AXI_AXLEN_WIDTH bound to: 8 - type: integer 
	Parameter C_SLOT_8_AXI_AXLOCK_WIDTH bound to: 1 - type: integer 
	Parameter C_SLOT_8_AXI_ID_WIDTH bound to: 1 - type: integer 
	Parameter C_SLOT_8_AXI_PROTOCOL bound to: AXI4 - type: string 
	Parameter C_SLOT_8_MAX_RD_BURSTS bound to: 5 - type: integer 
	Parameter C_SLOT_8_MAX_WR_BURSTS bound to: 5 - type: integer 
	Parameter C_SLOT_8_TXN_CNTR_EN bound to: 1 - type: integer 
	Parameter C_SLOT_8_HAS_BRESP bound to: 1 - type: integer 
	Parameter C_SLOT_8_HAS_BURST bound to: 1 - type: integer 
	Parameter C_SLOT_8_HAS_CACHE bound to: 1 - type: integer 
	Parameter C_SLOT_8_HAS_LOCK bound to: 1 - type: integer 
	Parameter C_SLOT_8_HAS_PROT bound to: 1 - type: integer 
	Parameter C_SLOT_8_HAS_QOS bound to: 1 - type: integer 
	Parameter C_SLOT_8_HAS_REGION bound to: 1 - type: integer 
	Parameter C_SLOT_8_HAS_RRESP bound to: 1 - type: integer 
	Parameter C_SLOT_8_HAS_WSTRB bound to: 1 - type: integer 
	Parameter C_SLOT_8_HAS_TKEEP bound to: 1 - type: integer 
	Parameter C_SLOT_8_HAS_TSTRB bound to: 1 - type: integer 
	Parameter C_SLOT_8_HAS_TREADY bound to: 1 - type: integer 
	Parameter C_SLOT_8_AXIS_TDATA_WIDTH bound to: 32 - type: integer 
	Parameter C_SLOT_8_AXIS_TID_WIDTH bound to: 1 - type: integer 
	Parameter C_SLOT_8_AXIS_TDEST_WIDTH bound to: 1 - type: integer 
	Parameter C_SLOT_8_AXIS_TUSER_WIDTH bound to: 1 - type: integer 
	Parameter C_SLOT_9_AXI_ADDR_WIDTH bound to: 32 - type: integer 
	Parameter C_SLOT_9_AXI_DATA_WIDTH bound to: 32 - type: integer 
	Parameter C_SLOT_9_AXI_AWUSER_WIDTH bound to: 1 - type: integer 
	Parameter C_SLOT_9_AXI_WUSER_WIDTH bound to: 1 - type: integer 
	Parameter C_SLOT_9_AXI_BUSER_WIDTH bound to: 1 - type: integer 
	Parameter C_SLOT_9_AXI_ARUSER_WIDTH bound to: 1 - type: integer 
	Parameter C_SLOT_9_AXI_RUSER_WIDTH bound to: 1 - type: integer 
	Parameter C_SLOT_9_AXI_AXLEN_WIDTH bound to: 8 - type: integer 
	Parameter C_SLOT_9_AXI_AXLOCK_WIDTH bound to: 1 - type: integer 
	Parameter C_SLOT_9_AXI_ID_WIDTH bound to: 1 - type: integer 
	Parameter C_SLOT_9_AXI_PROTOCOL bound to: AXI4 - type: string 
	Parameter C_SLOT_9_MAX_RD_BURSTS bound to: 5 - type: integer 
	Parameter C_SLOT_9_MAX_WR_BURSTS bound to: 5 - type: integer 
	Parameter C_SLOT_9_TXN_CNTR_EN bound to: 1 - type: integer 
	Parameter C_SLOT_9_HAS_BRESP bound to: 1 - type: integer 
	Parameter C_SLOT_9_HAS_BURST bound to: 1 - type: integer 
	Parameter C_SLOT_9_HAS_CACHE bound to: 1 - type: integer 
	Parameter C_SLOT_9_HAS_LOCK bound to: 1 - type: integer 
	Parameter C_SLOT_9_HAS_PROT bound to: 1 - type: integer 
	Parameter C_SLOT_9_HAS_QOS bound to: 1 - type: integer 
	Parameter C_SLOT_9_HAS_REGION bound to: 1 - type: integer 
	Parameter C_SLOT_9_HAS_RRESP bound to: 1 - type: integer 
	Parameter C_SLOT_9_HAS_WSTRB bound to: 1 - type: integer 
	Parameter C_SLOT_9_HAS_TKEEP bound to: 1 - type: integer 
	Parameter C_SLOT_9_HAS_TSTRB bound to: 1 - type: integer 
	Parameter C_SLOT_9_HAS_TREADY bound to: 1 - type: integer 
	Parameter C_SLOT_9_AXIS_TDATA_WIDTH bound to: 32 - type: integer 
	Parameter C_SLOT_9_AXIS_TID_WIDTH bound to: 1 - type: integer 
	Parameter C_SLOT_9_AXIS_TDEST_WIDTH bound to: 1 - type: integer 
	Parameter C_SLOT_9_AXIS_TUSER_WIDTH bound to: 1 - type: integer 
	Parameter C_SLOT_10_AXI_ADDR_WIDTH bound to: 32 - type: integer 
	Parameter C_SLOT_10_AXI_DATA_WIDTH bound to: 32 - type: integer 
	Parameter C_SLOT_10_AXI_AWUSER_WIDTH bound to: 1 - type: integer 
	Parameter C_SLOT_10_AXI_WUSER_WIDTH bound to: 1 - type: integer 
	Parameter C_SLOT_10_AXI_BUSER_WIDTH bound to: 1 - type: integer 
	Parameter C_SLOT_10_AXI_ARUSER_WIDTH bound to: 1 - type: integer 
	Parameter C_SLOT_10_AXI_RUSER_WIDTH bound to: 1 - type: integer 
	Parameter C_SLOT_10_AXI_AXLEN_WIDTH bound to: 8 - type: integer 
	Parameter C_SLOT_10_AXI_AXLOCK_WIDTH bound to: 1 - type: integer 
	Parameter C_SLOT_10_AXI_ID_WIDTH bound to: 1 - type: integer 
	Parameter C_SLOT_10_AXI_PROTOCOL bound to: AXI4 - type: string 
	Parameter C_SLOT_10_MAX_RD_BURSTS bound to: 5 - type: integer 
	Parameter C_SLOT_10_MAX_WR_BURSTS bound to: 5 - type: integer 
	Parameter C_SLOT_10_TXN_CNTR_EN bound to: 1 - type: integer 
	Parameter C_SLOT_10_HAS_BRESP bound to: 1 - type: integer 
	Parameter C_SLOT_10_HAS_BURST bound to: 1 - type: integer 
	Parameter C_SLOT_10_HAS_CACHE bound to: 1 - type: integer 
	Parameter C_SLOT_10_HAS_LOCK bound to: 1 - type: integer 
	Parameter C_SLOT_10_HAS_PROT bound to: 1 - type: integer 
	Parameter C_SLOT_10_HAS_QOS bound to: 1 - type: integer 
	Parameter C_SLOT_10_HAS_REGION bound to: 1 - type: integer 
	Parameter C_SLOT_10_HAS_RRESP bound to: 1 - type: integer 
	Parameter C_SLOT_10_HAS_WSTRB bound to: 1 - type: integer 
	Parameter C_SLOT_10_HAS_TKEEP bound to: 1 - type: integer 
	Parameter C_SLOT_10_HAS_TSTRB bound to: 1 - type: integer 
	Parameter C_SLOT_10_HAS_TREADY bound to: 1 - type: integer 
	Parameter C_SLOT_10_AXIS_TDATA_WIDTH bound to: 32 - type: integer 
	Parameter C_SLOT_10_AXIS_TID_WIDTH bound to: 1 - type: integer 
	Parameter C_SLOT_10_AXIS_TDEST_WIDTH bound to: 1 - type: integer 
	Parameter C_SLOT_10_AXIS_TUSER_WIDTH bound to: 1 - type: integer 
	Parameter C_SLOT_11_AXI_ADDR_WIDTH bound to: 32 - type: integer 
	Parameter C_SLOT_11_AXI_DATA_WIDTH bound to: 32 - type: integer 
	Parameter C_SLOT_11_AXI_AWUSER_WIDTH bound to: 1 - type: integer 
	Parameter C_SLOT_11_AXI_WUSER_WIDTH bound to: 1 - type: integer 
	Parameter C_SLOT_11_AXI_BUSER_WIDTH bound to: 1 - type: integer 
	Parameter C_SLOT_11_AXI_ARUSER_WIDTH bound to: 1 - type: integer 
	Parameter C_SLOT_11_AXI_RUSER_WIDTH bound to: 1 - type: integer 
	Parameter C_SLOT_11_AXI_AXLEN_WIDTH bound to: 8 - type: integer 
	Parameter C_SLOT_11_AXI_AXLOCK_WIDTH bound to: 1 - type: integer 
	Parameter C_SLOT_11_AXI_ID_WIDTH bound to: 1 - type: integer 
	Parameter C_SLOT_11_AXI_PROTOCOL bound to: AXI4 - type: string 
	Parameter C_SLOT_11_MAX_RD_BURSTS bound to: 5 - type: integer 
	Parameter C_SLOT_11_MAX_WR_BURSTS bound to: 5 - type: integer 
	Parameter C_SLOT_11_TXN_CNTR_EN bound to: 1 - type: integer 
	Parameter C_SLOT_11_HAS_BRESP bound to: 1 - type: integer 
	Parameter C_SLOT_11_HAS_BURST bound to: 1 - type: integer 
	Parameter C_SLOT_11_HAS_CACHE bound to: 1 - type: integer 
	Parameter C_SLOT_11_HAS_LOCK bound to: 1 - type: integer 
	Parameter C_SLOT_11_HAS_PROT bound to: 1 - type: integer 
	Parameter C_SLOT_11_HAS_QOS bound to: 1 - type: integer 
	Parameter C_SLOT_11_HAS_REGION bound to: 1 - type: integer 
	Parameter C_SLOT_11_HAS_RRESP bound to: 1 - type: integer 
	Parameter C_SLOT_11_HAS_WSTRB bound to: 1 - type: integer 
	Parameter C_SLOT_11_HAS_TKEEP bound to: 1 - type: integer 
	Parameter C_SLOT_11_HAS_TSTRB bound to: 1 - type: integer 
	Parameter C_SLOT_11_HAS_TREADY bound to: 1 - type: integer 
	Parameter C_SLOT_11_AXIS_TDATA_WIDTH bound to: 32 - type: integer 
	Parameter C_SLOT_11_AXIS_TID_WIDTH bound to: 1 - type: integer 
	Parameter C_SLOT_11_AXIS_TDEST_WIDTH bound to: 1 - type: integer 
	Parameter C_SLOT_11_AXIS_TUSER_WIDTH bound to: 1 - type: integer 
	Parameter C_SLOT_12_AXI_ADDR_WIDTH bound to: 32 - type: integer 
	Parameter C_SLOT_12_AXI_DATA_WIDTH bound to: 32 - type: integer 
	Parameter C_SLOT_12_AXI_AWUSER_WIDTH bound to: 1 - type: integer 
	Parameter C_SLOT_12_AXI_WUSER_WIDTH bound to: 1 - type: integer 
	Parameter C_SLOT_12_AXI_BUSER_WIDTH bound to: 1 - type: integer 
	Parameter C_SLOT_12_AXI_ARUSER_WIDTH bound to: 1 - type: integer 
	Parameter C_SLOT_12_AXI_RUSER_WIDTH bound to: 1 - type: integer 
	Parameter C_SLOT_12_AXI_AXLEN_WIDTH bound to: 8 - type: integer 
	Parameter C_SLOT_12_AXI_AXLOCK_WIDTH bound to: 1 - type: integer 
	Parameter C_SLOT_12_AXI_ID_WIDTH bound to: 1 - type: integer 
	Parameter C_SLOT_12_AXI_PROTOCOL bound to: AXI4 - type: string 
	Parameter C_SLOT_12_MAX_RD_BURSTS bound to: 5 - type: integer 
	Parameter C_SLOT_12_MAX_WR_BURSTS bound to: 5 - type: integer 
	Parameter C_SLOT_12_TXN_CNTR_EN bound to: 1 - type: integer 
	Parameter C_SLOT_12_HAS_BRESP bound to: 1 - type: integer 
	Parameter C_SLOT_12_HAS_BURST bound to: 1 - type: integer 
	Parameter C_SLOT_12_HAS_CACHE bound to: 1 - type: integer 
	Parameter C_SLOT_12_HAS_LOCK bound to: 1 - type: integer 
	Parameter C_SLOT_12_HAS_PROT bound to: 1 - type: integer 
	Parameter C_SLOT_12_HAS_QOS bound to: 1 - type: integer 
	Parameter C_SLOT_12_HAS_REGION bound to: 1 - type: integer 
	Parameter C_SLOT_12_HAS_RRESP bound to: 1 - type: integer 
	Parameter C_SLOT_12_HAS_WSTRB bound to: 1 - type: integer 
	Parameter C_SLOT_12_HAS_TKEEP bound to: 1 - type: integer 
	Parameter C_SLOT_12_HAS_TSTRB bound to: 1 - type: integer 
	Parameter C_SLOT_12_HAS_TREADY bound to: 1 - type: integer 
	Parameter C_SLOT_12_AXIS_TDATA_WIDTH bound to: 32 - type: integer 
	Parameter C_SLOT_12_AXIS_TID_WIDTH bound to: 1 - type: integer 
	Parameter C_SLOT_12_AXIS_TDEST_WIDTH bound to: 1 - type: integer 
	Parameter C_SLOT_12_AXIS_TUSER_WIDTH bound to: 1 - type: integer 
	Parameter C_SLOT_13_AXI_ADDR_WIDTH bound to: 32 - type: integer 
	Parameter C_SLOT_13_AXI_DATA_WIDTH bound to: 32 - type: integer 
	Parameter C_SLOT_13_AXI_AWUSER_WIDTH bound to: 1 - type: integer 
	Parameter C_SLOT_13_AXI_WUSER_WIDTH bound to: 1 - type: integer 
	Parameter C_SLOT_13_AXI_BUSER_WIDTH bound to: 1 - type: integer 
	Parameter C_SLOT_13_AXI_ARUSER_WIDTH bound to: 1 - type: integer 
	Parameter C_SLOT_13_AXI_RUSER_WIDTH bound to: 1 - type: integer 
	Parameter C_SLOT_13_AXI_AXLEN_WIDTH bound to: 8 - type: integer 
	Parameter C_SLOT_13_AXI_AXLOCK_WIDTH bound to: 1 - type: integer 
	Parameter C_SLOT_13_AXI_ID_WIDTH bound to: 1 - type: integer 
	Parameter C_SLOT_13_AXI_PROTOCOL bound to: AXI4 - type: string 
	Parameter C_SLOT_13_MAX_RD_BURSTS bound to: 5 - type: integer 
	Parameter C_SLOT_13_MAX_WR_BURSTS bound to: 5 - type: integer 
	Parameter C_SLOT_13_TXN_CNTR_EN bound to: 1 - type: integer 
	Parameter C_SLOT_13_HAS_BRESP bound to: 1 - type: integer 
	Parameter C_SLOT_13_HAS_BURST bound to: 1 - type: integer 
	Parameter C_SLOT_13_HAS_CACHE bound to: 1 - type: integer 
	Parameter C_SLOT_13_HAS_LOCK bound to: 1 - type: integer 
	Parameter C_SLOT_13_HAS_PROT bound to: 1 - type: integer 
	Parameter C_SLOT_13_HAS_QOS bound to: 1 - type: integer 
	Parameter C_SLOT_13_HAS_REGION bound to: 1 - type: integer 
	Parameter C_SLOT_13_HAS_RRESP bound to: 1 - type: integer 
	Parameter C_SLOT_13_HAS_WSTRB bound to: 1 - type: integer 
	Parameter C_SLOT_13_HAS_TKEEP bound to: 1 - type: integer 
	Parameter C_SLOT_13_HAS_TSTRB bound to: 1 - type: integer 
	Parameter C_SLOT_13_HAS_TREADY bound to: 1 - type: integer 
	Parameter C_SLOT_13_AXIS_TDATA_WIDTH bound to: 32 - type: integer 
	Parameter C_SLOT_13_AXIS_TID_WIDTH bound to: 1 - type: integer 
	Parameter C_SLOT_13_AXIS_TDEST_WIDTH bound to: 1 - type: integer 
	Parameter C_SLOT_13_AXIS_TUSER_WIDTH bound to: 1 - type: integer 
	Parameter C_SLOT_14_AXI_ADDR_WIDTH bound to: 32 - type: integer 
	Parameter C_SLOT_14_AXI_DATA_WIDTH bound to: 32 - type: integer 
	Parameter C_SLOT_14_AXI_AWUSER_WIDTH bound to: 1 - type: integer 
	Parameter C_SLOT_14_AXI_WUSER_WIDTH bound to: 1 - type: integer 
	Parameter C_SLOT_14_AXI_BUSER_WIDTH bound to: 1 - type: integer 
	Parameter C_SLOT_14_AXI_ARUSER_WIDTH bound to: 1 - type: integer 
	Parameter C_SLOT_14_AXI_RUSER_WIDTH bound to: 1 - type: integer 
	Parameter C_SLOT_14_AXI_AXLEN_WIDTH bound to: 8 - type: integer 
	Parameter C_SLOT_14_AXI_AXLOCK_WIDTH bound to: 1 - type: integer 
	Parameter C_SLOT_14_AXI_ID_WIDTH bound to: 1 - type: integer 
	Parameter C_SLOT_14_AXI_PROTOCOL bound to: AXI4 - type: string 
	Parameter C_SLOT_14_MAX_RD_BURSTS bound to: 5 - type: integer 
	Parameter C_SLOT_14_MAX_WR_BURSTS bound to: 5 - type: integer 
	Parameter C_SLOT_14_TXN_CNTR_EN bound to: 1 - type: integer 
	Parameter C_SLOT_14_HAS_BRESP bound to: 1 - type: integer 
	Parameter C_SLOT_14_HAS_BURST bound to: 1 - type: integer 
	Parameter C_SLOT_14_HAS_CACHE bound to: 1 - type: integer 
	Parameter C_SLOT_14_HAS_LOCK bound to: 1 - type: integer 
	Parameter C_SLOT_14_HAS_PROT bound to: 1 - type: integer 
	Parameter C_SLOT_14_HAS_QOS bound to: 1 - type: integer 
	Parameter C_SLOT_14_HAS_REGION bound to: 1 - type: integer 
	Parameter C_SLOT_14_HAS_RRESP bound to: 1 - type: integer 
	Parameter C_SLOT_14_HAS_WSTRB bound to: 1 - type: integer 
	Parameter C_SLOT_14_HAS_TKEEP bound to: 1 - type: integer 
	Parameter C_SLOT_14_HAS_TSTRB bound to: 1 - type: integer 
	Parameter C_SLOT_14_HAS_TREADY bound to: 1 - type: integer 
	Parameter C_SLOT_14_AXIS_TDATA_WIDTH bound to: 32 - type: integer 
	Parameter C_SLOT_14_AXIS_TID_WIDTH bound to: 1 - type: integer 
	Parameter C_SLOT_14_AXIS_TDEST_WIDTH bound to: 1 - type: integer 
	Parameter C_SLOT_14_AXIS_TUSER_WIDTH bound to: 1 - type: integer 
	Parameter C_SLOT_15_AXI_ADDR_WIDTH bound to: 32 - type: integer 
	Parameter C_SLOT_15_AXI_DATA_WIDTH bound to: 32 - type: integer 
	Parameter C_SLOT_15_AXI_AWUSER_WIDTH bound to: 1 - type: integer 
	Parameter C_SLOT_15_AXI_WUSER_WIDTH bound to: 1 - type: integer 
	Parameter C_SLOT_15_AXI_BUSER_WIDTH bound to: 1 - type: integer 
	Parameter C_SLOT_15_AXI_ARUSER_WIDTH bound to: 1 - type: integer 
	Parameter C_SLOT_15_AXI_RUSER_WIDTH bound to: 1 - type: integer 
	Parameter C_SLOT_15_AXI_AXLEN_WIDTH bound to: 8 - type: integer 
	Parameter C_SLOT_15_AXI_AXLOCK_WIDTH bound to: 1 - type: integer 
	Parameter C_SLOT_15_AXI_ID_WIDTH bound to: 1 - type: integer 
	Parameter C_SLOT_15_AXI_PROTOCOL bound to: AXI4 - type: string 
	Parameter C_SLOT_15_MAX_RD_BURSTS bound to: 5 - type: integer 
	Parameter C_SLOT_15_MAX_WR_BURSTS bound to: 5 - type: integer 
	Parameter C_SLOT_15_TXN_CNTR_EN bound to: 1 - type: integer 
	Parameter C_SLOT_15_HAS_BRESP bound to: 1 - type: integer 
	Parameter C_SLOT_15_HAS_BURST bound to: 1 - type: integer 
	Parameter C_SLOT_15_HAS_CACHE bound to: 1 - type: integer 
	Parameter C_SLOT_15_HAS_LOCK bound to: 1 - type: integer 
	Parameter C_SLOT_15_HAS_PROT bound to: 1 - type: integer 
	Parameter C_SLOT_15_HAS_QOS bound to: 1 - type: integer 
	Parameter C_SLOT_15_HAS_REGION bound to: 1 - type: integer 
	Parameter C_SLOT_15_HAS_RRESP bound to: 1 - type: integer 
	Parameter C_SLOT_15_HAS_WSTRB bound to: 1 - type: integer 
	Parameter C_SLOT_15_HAS_TKEEP bound to: 1 - type: integer 
	Parameter C_SLOT_15_HAS_TSTRB bound to: 1 - type: integer 
	Parameter C_SLOT_15_HAS_TREADY bound to: 1 - type: integer 
	Parameter C_SLOT_15_AXIS_TDATA_WIDTH bound to: 32 - type: integer 
	Parameter C_SLOT_15_AXIS_TID_WIDTH bound to: 1 - type: integer 
	Parameter C_SLOT_15_AXIS_TDEST_WIDTH bound to: 1 - type: integer 
	Parameter C_SLOT_15_AXIS_TUSER_WIDTH bound to: 1 - type: integer 
	Parameter C_EN_GIGAMUX bound to: 1'b0 
WARNING: [Synth 8-3848] Net probe_out0 in module/entity bd_f60c_g_inst_0_gigantic_mux does not have driver. [d:/Sem_6/AELD/Labs/Lab_6_Vivado/Lab_6_Vivado.srcs/sources_1/bd/design_1/ip/design_1_system_ila_0_0/bd_0/ip/ip_1/bd_f60c_g_inst_0_gigantic_mux.v:1985]
WARNING: [Synth 8-3848] Net probe_out1 in module/entity bd_f60c_g_inst_0_gigantic_mux does not have driver. [d:/Sem_6/AELD/Labs/Lab_6_Vivado/Lab_6_Vivado.srcs/sources_1/bd/design_1/ip/design_1_system_ila_0_0/bd_0/ip/ip_1/bd_f60c_g_inst_0_gigantic_mux.v:1986]
WARNING: [Synth 8-3848] Net probe_out2 in module/entity bd_f60c_g_inst_0_gigantic_mux does not have driver. [d:/Sem_6/AELD/Labs/Lab_6_Vivado/Lab_6_Vivado.srcs/sources_1/bd/design_1/ip/design_1_system_ila_0_0/bd_0/ip/ip_1/bd_f60c_g_inst_0_gigantic_mux.v:1987]
WARNING: [Synth 8-3848] Net probe_out3 in module/entity bd_f60c_g_inst_0_gigantic_mux does not have driver. [d:/Sem_6/AELD/Labs/Lab_6_Vivado/Lab_6_Vivado.srcs/sources_1/bd/design_1/ip/design_1_system_ila_0_0/bd_0/ip/ip_1/bd_f60c_g_inst_0_gigantic_mux.v:1988]
WARNING: [Synth 8-3848] Net probe_out4 in module/entity bd_f60c_g_inst_0_gigantic_mux does not have driver. [d:/Sem_6/AELD/Labs/Lab_6_Vivado/Lab_6_Vivado.srcs/sources_1/bd/design_1/ip/design_1_system_ila_0_0/bd_0/ip/ip_1/bd_f60c_g_inst_0_gigantic_mux.v:1989]
WARNING: [Synth 8-3848] Net probe_out5 in module/entity bd_f60c_g_inst_0_gigantic_mux does not have driver. [d:/Sem_6/AELD/Labs/Lab_6_Vivado/Lab_6_Vivado.srcs/sources_1/bd/design_1/ip/design_1_system_ila_0_0/bd_0/ip/ip_1/bd_f60c_g_inst_0_gigantic_mux.v:1990]
WARNING: [Synth 8-3848] Net probe_out6 in module/entity bd_f60c_g_inst_0_gigantic_mux does not have driver. [d:/Sem_6/AELD/Labs/Lab_6_Vivado/Lab_6_Vivado.srcs/sources_1/bd/design_1/ip/design_1_system_ila_0_0/bd_0/ip/ip_1/bd_f60c_g_inst_0_gigantic_mux.v:1991]
WARNING: [Synth 8-3848] Net probe_out7 in module/entity bd_f60c_g_inst_0_gigantic_mux does not have driver. [d:/Sem_6/AELD/Labs/Lab_6_Vivado/Lab_6_Vivado.srcs/sources_1/bd/design_1/ip/design_1_system_ila_0_0/bd_0/ip/ip_1/bd_f60c_g_inst_0_gigantic_mux.v:1992]
WARNING: [Synth 8-3848] Net probe_out8 in module/entity bd_f60c_g_inst_0_gigantic_mux does not have driver. [d:/Sem_6/AELD/Labs/Lab_6_Vivado/Lab_6_Vivado.srcs/sources_1/bd/design_1/ip/design_1_system_ila_0_0/bd_0/ip/ip_1/bd_f60c_g_inst_0_gigantic_mux.v:1993]
WARNING: [Synth 8-3848] Net probe_out9 in module/entity bd_f60c_g_inst_0_gigantic_mux does not have driver. [d:/Sem_6/AELD/Labs/Lab_6_Vivado/Lab_6_Vivado.srcs/sources_1/bd/design_1/ip/design_1_system_ila_0_0/bd_0/ip/ip_1/bd_f60c_g_inst_0_gigantic_mux.v:1994]
WARNING: [Synth 8-3848] Net probe_out10 in module/entity bd_f60c_g_inst_0_gigantic_mux does not have driver. [d:/Sem_6/AELD/Labs/Lab_6_Vivado/Lab_6_Vivado.srcs/sources_1/bd/design_1/ip/design_1_system_ila_0_0/bd_0/ip/ip_1/bd_f60c_g_inst_0_gigantic_mux.v:1995]
WARNING: [Synth 8-3848] Net probe_out11 in module/entity bd_f60c_g_inst_0_gigantic_mux does not have driver. [d:/Sem_6/AELD/Labs/Lab_6_Vivado/Lab_6_Vivado.srcs/sources_1/bd/design_1/ip/design_1_system_ila_0_0/bd_0/ip/ip_1/bd_f60c_g_inst_0_gigantic_mux.v:1996]
WARNING: [Synth 8-3848] Net probe_out12 in module/entity bd_f60c_g_inst_0_gigantic_mux does not have driver. [d:/Sem_6/AELD/Labs/Lab_6_Vivado/Lab_6_Vivado.srcs/sources_1/bd/design_1/ip/design_1_system_ila_0_0/bd_0/ip/ip_1/bd_f60c_g_inst_0_gigantic_mux.v:1997]
WARNING: [Synth 8-3848] Net probe_out13 in module/entity bd_f60c_g_inst_0_gigantic_mux does not have driver. [d:/Sem_6/AELD/Labs/Lab_6_Vivado/Lab_6_Vivado.srcs/sources_1/bd/design_1/ip/design_1_system_ila_0_0/bd_0/ip/ip_1/bd_f60c_g_inst_0_gigantic_mux.v:1998]
WARNING: [Synth 8-3848] Net probe_out14 in module/entity bd_f60c_g_inst_0_gigantic_mux does not have driver. [d:/Sem_6/AELD/Labs/Lab_6_Vivado/Lab_6_Vivado.srcs/sources_1/bd/design_1/ip/design_1_system_ila_0_0/bd_0/ip/ip_1/bd_f60c_g_inst_0_gigantic_mux.v:1999]
WARNING: [Synth 8-3848] Net probe_out15 in module/entity bd_f60c_g_inst_0_gigantic_mux does not have driver. [d:/Sem_6/AELD/Labs/Lab_6_Vivado/Lab_6_Vivado.srcs/sources_1/bd/design_1/ip/design_1_system_ila_0_0/bd_0/ip/ip_1/bd_f60c_g_inst_0_gigantic_mux.v:2000]
WARNING: [Synth 8-3848] Net probe_out16 in module/entity bd_f60c_g_inst_0_gigantic_mux does not have driver. [d:/Sem_6/AELD/Labs/Lab_6_Vivado/Lab_6_Vivado.srcs/sources_1/bd/design_1/ip/design_1_system_ila_0_0/bd_0/ip/ip_1/bd_f60c_g_inst_0_gigantic_mux.v:2001]
WARNING: [Synth 8-3848] Net probe_out17 in module/entity bd_f60c_g_inst_0_gigantic_mux does not have driver. [d:/Sem_6/AELD/Labs/Lab_6_Vivado/Lab_6_Vivado.srcs/sources_1/bd/design_1/ip/design_1_system_ila_0_0/bd_0/ip/ip_1/bd_f60c_g_inst_0_gigantic_mux.v:2002]
WARNING: [Synth 8-3848] Net probe_out18 in module/entity bd_f60c_g_inst_0_gigantic_mux does not have driver. [d:/Sem_6/AELD/Labs/Lab_6_Vivado/Lab_6_Vivado.srcs/sources_1/bd/design_1/ip/design_1_system_ila_0_0/bd_0/ip/ip_1/bd_f60c_g_inst_0_gigantic_mux.v:2003]
WARNING: [Synth 8-3848] Net probe_out19 in module/entity bd_f60c_g_inst_0_gigantic_mux does not have driver. [d:/Sem_6/AELD/Labs/Lab_6_Vivado/Lab_6_Vivado.srcs/sources_1/bd/design_1/ip/design_1_system_ila_0_0/bd_0/ip/ip_1/bd_f60c_g_inst_0_gigantic_mux.v:2004]
WARNING: [Synth 8-3848] Net probe_out20 in module/entity bd_f60c_g_inst_0_gigantic_mux does not have driver. [d:/Sem_6/AELD/Labs/Lab_6_Vivado/Lab_6_Vivado.srcs/sources_1/bd/design_1/ip/design_1_system_ila_0_0/bd_0/ip/ip_1/bd_f60c_g_inst_0_gigantic_mux.v:2005]
WARNING: [Synth 8-3848] Net probe_out21 in module/entity bd_f60c_g_inst_0_gigantic_mux does not have driver. [d:/Sem_6/AELD/Labs/Lab_6_Vivado/Lab_6_Vivado.srcs/sources_1/bd/design_1/ip/design_1_system_ila_0_0/bd_0/ip/ip_1/bd_f60c_g_inst_0_gigantic_mux.v:2006]
WARNING: [Synth 8-3848] Net probe_out22 in module/entity bd_f60c_g_inst_0_gigantic_mux does not have driver. [d:/Sem_6/AELD/Labs/Lab_6_Vivado/Lab_6_Vivado.srcs/sources_1/bd/design_1/ip/design_1_system_ila_0_0/bd_0/ip/ip_1/bd_f60c_g_inst_0_gigantic_mux.v:2007]
WARNING: [Synth 8-3848] Net probe_out23 in module/entity bd_f60c_g_inst_0_gigantic_mux does not have driver. [d:/Sem_6/AELD/Labs/Lab_6_Vivado/Lab_6_Vivado.srcs/sources_1/bd/design_1/ip/design_1_system_ila_0_0/bd_0/ip/ip_1/bd_f60c_g_inst_0_gigantic_mux.v:2008]
WARNING: [Synth 8-3848] Net probe_out24 in module/entity bd_f60c_g_inst_0_gigantic_mux does not have driver. [d:/Sem_6/AELD/Labs/Lab_6_Vivado/Lab_6_Vivado.srcs/sources_1/bd/design_1/ip/design_1_system_ila_0_0/bd_0/ip/ip_1/bd_f60c_g_inst_0_gigantic_mux.v:2009]
WARNING: [Synth 8-3848] Net probe_out25 in module/entity bd_f60c_g_inst_0_gigantic_mux does not have driver. [d:/Sem_6/AELD/Labs/Lab_6_Vivado/Lab_6_Vivado.srcs/sources_1/bd/design_1/ip/design_1_system_ila_0_0/bd_0/ip/ip_1/bd_f60c_g_inst_0_gigantic_mux.v:2010]
WARNING: [Synth 8-3848] Net probe_out26 in module/entity bd_f60c_g_inst_0_gigantic_mux does not have driver. [d:/Sem_6/AELD/Labs/Lab_6_Vivado/Lab_6_Vivado.srcs/sources_1/bd/design_1/ip/design_1_system_ila_0_0/bd_0/ip/ip_1/bd_f60c_g_inst_0_gigantic_mux.v:2011]
WARNING: [Synth 8-3848] Net probe_out27 in module/entity bd_f60c_g_inst_0_gigantic_mux does not have driver. [d:/Sem_6/AELD/Labs/Lab_6_Vivado/Lab_6_Vivado.srcs/sources_1/bd/design_1/ip/design_1_system_ila_0_0/bd_0/ip/ip_1/bd_f60c_g_inst_0_gigantic_mux.v:2012]
WARNING: [Synth 8-3848] Net probe_out28 in module/entity bd_f60c_g_inst_0_gigantic_mux does not have driver. [d:/Sem_6/AELD/Labs/Lab_6_Vivado/Lab_6_Vivado.srcs/sources_1/bd/design_1/ip/design_1_system_ila_0_0/bd_0/ip/ip_1/bd_f60c_g_inst_0_gigantic_mux.v:2013]
WARNING: [Synth 8-3848] Net probe_out29 in module/entity bd_f60c_g_inst_0_gigantic_mux does not have driver. [d:/Sem_6/AELD/Labs/Lab_6_Vivado/Lab_6_Vivado.srcs/sources_1/bd/design_1/ip/design_1_system_ila_0_0/bd_0/ip/ip_1/bd_f60c_g_inst_0_gigantic_mux.v:2014]
WARNING: [Synth 8-3848] Net probe_out30 in module/entity bd_f60c_g_inst_0_gigantic_mux does not have driver. [d:/Sem_6/AELD/Labs/Lab_6_Vivado/Lab_6_Vivado.srcs/sources_1/bd/design_1/ip/design_1_system_ila_0_0/bd_0/ip/ip_1/bd_f60c_g_inst_0_gigantic_mux.v:2015]
WARNING: [Synth 8-3848] Net probe_out31 in module/entity bd_f60c_g_inst_0_gigantic_mux does not have driver. [d:/Sem_6/AELD/Labs/Lab_6_Vivado/Lab_6_Vivado.srcs/sources_1/bd/design_1/ip/design_1_system_ila_0_0/bd_0/ip/ip_1/bd_f60c_g_inst_0_gigantic_mux.v:2016]
WARNING: [Synth 8-3848] Net probe_out32 in module/entity bd_f60c_g_inst_0_gigantic_mux does not have driver. [d:/Sem_6/AELD/Labs/Lab_6_Vivado/Lab_6_Vivado.srcs/sources_1/bd/design_1/ip/design_1_system_ila_0_0/bd_0/ip/ip_1/bd_f60c_g_inst_0_gigantic_mux.v:2017]
WARNING: [Synth 8-3848] Net probe_out33 in module/entity bd_f60c_g_inst_0_gigantic_mux does not have driver. [d:/Sem_6/AELD/Labs/Lab_6_Vivado/Lab_6_Vivado.srcs/sources_1/bd/design_1/ip/design_1_system_ila_0_0/bd_0/ip/ip_1/bd_f60c_g_inst_0_gigantic_mux.v:2018]
WARNING: [Synth 8-3848] Net probe_out34 in module/entity bd_f60c_g_inst_0_gigantic_mux does not have driver. [d:/Sem_6/AELD/Labs/Lab_6_Vivado/Lab_6_Vivado.srcs/sources_1/bd/design_1/ip/design_1_system_ila_0_0/bd_0/ip/ip_1/bd_f60c_g_inst_0_gigantic_mux.v:2019]
WARNING: [Synth 8-3848] Net probe_out35 in module/entity bd_f60c_g_inst_0_gigantic_mux does not have driver. [d:/Sem_6/AELD/Labs/Lab_6_Vivado/Lab_6_Vivado.srcs/sources_1/bd/design_1/ip/design_1_system_ila_0_0/bd_0/ip/ip_1/bd_f60c_g_inst_0_gigantic_mux.v:2020]
WARNING: [Synth 8-3848] Net probe_out36 in module/entity bd_f60c_g_inst_0_gigantic_mux does not have driver. [d:/Sem_6/AELD/Labs/Lab_6_Vivado/Lab_6_Vivado.srcs/sources_1/bd/design_1/ip/design_1_system_ila_0_0/bd_0/ip/ip_1/bd_f60c_g_inst_0_gigantic_mux.v:2021]
WARNING: [Synth 8-3848] Net probe_out37 in module/entity bd_f60c_g_inst_0_gigantic_mux does not have driver. [d:/Sem_6/AELD/Labs/Lab_6_Vivado/Lab_6_Vivado.srcs/sources_1/bd/design_1/ip/design_1_system_ila_0_0/bd_0/ip/ip_1/bd_f60c_g_inst_0_gigantic_mux.v:2022]
WARNING: [Synth 8-3848] Net probe_out38 in module/entity bd_f60c_g_inst_0_gigantic_mux does not have driver. [d:/Sem_6/AELD/Labs/Lab_6_Vivado/Lab_6_Vivado.srcs/sources_1/bd/design_1/ip/design_1_system_ila_0_0/bd_0/ip/ip_1/bd_f60c_g_inst_0_gigantic_mux.v:2023]
WARNING: [Synth 8-3848] Net probe_out39 in module/entity bd_f60c_g_inst_0_gigantic_mux does not have driver. [d:/Sem_6/AELD/Labs/Lab_6_Vivado/Lab_6_Vivado.srcs/sources_1/bd/design_1/ip/design_1_system_ila_0_0/bd_0/ip/ip_1/bd_f60c_g_inst_0_gigantic_mux.v:2024]
WARNING: [Synth 8-3848] Net probe_out40 in module/entity bd_f60c_g_inst_0_gigantic_mux does not have driver. [d:/Sem_6/AELD/Labs/Lab_6_Vivado/Lab_6_Vivado.srcs/sources_1/bd/design_1/ip/design_1_system_ila_0_0/bd_0/ip/ip_1/bd_f60c_g_inst_0_gigantic_mux.v:2025]
WARNING: [Synth 8-3848] Net probe_out41 in module/entity bd_f60c_g_inst_0_gigantic_mux does not have driver. [d:/Sem_6/AELD/Labs/Lab_6_Vivado/Lab_6_Vivado.srcs/sources_1/bd/design_1/ip/design_1_system_ila_0_0/bd_0/ip/ip_1/bd_f60c_g_inst_0_gigantic_mux.v:2026]
WARNING: [Synth 8-3848] Net probe_out42 in module/entity bd_f60c_g_inst_0_gigantic_mux does not have driver. [d:/Sem_6/AELD/Labs/Lab_6_Vivado/Lab_6_Vivado.srcs/sources_1/bd/design_1/ip/design_1_system_ila_0_0/bd_0/ip/ip_1/bd_f60c_g_inst_0_gigantic_mux.v:2027]
WARNING: [Synth 8-3848] Net probe_out43 in module/entity bd_f60c_g_inst_0_gigantic_mux does not have driver. [d:/Sem_6/AELD/Labs/Lab_6_Vivado/Lab_6_Vivado.srcs/sources_1/bd/design_1/ip/design_1_system_ila_0_0/bd_0/ip/ip_1/bd_f60c_g_inst_0_gigantic_mux.v:2028]
WARNING: [Synth 8-3848] Net probe_out44 in module/entity bd_f60c_g_inst_0_gigantic_mux does not have driver. [d:/Sem_6/AELD/Labs/Lab_6_Vivado/Lab_6_Vivado.srcs/sources_1/bd/design_1/ip/design_1_system_ila_0_0/bd_0/ip/ip_1/bd_f60c_g_inst_0_gigantic_mux.v:2029]
WARNING: [Synth 8-3848] Net probe_out45 in module/entity bd_f60c_g_inst_0_gigantic_mux does not have driver. [d:/Sem_6/AELD/Labs/Lab_6_Vivado/Lab_6_Vivado.srcs/sources_1/bd/design_1/ip/design_1_system_ila_0_0/bd_0/ip/ip_1/bd_f60c_g_inst_0_gigantic_mux.v:2030]
WARNING: [Synth 8-3848] Net probe_out46 in module/entity bd_f60c_g_inst_0_gigantic_mux does not have driver. [d:/Sem_6/AELD/Labs/Lab_6_Vivado/Lab_6_Vivado.srcs/sources_1/bd/design_1/ip/design_1_system_ila_0_0/bd_0/ip/ip_1/bd_f60c_g_inst_0_gigantic_mux.v:2031]
WARNING: [Synth 8-3848] Net probe_out47 in module/entity bd_f60c_g_inst_0_gigantic_mux does not have driver. [d:/Sem_6/AELD/Labs/Lab_6_Vivado/Lab_6_Vivado.srcs/sources_1/bd/design_1/ip/design_1_system_ila_0_0/bd_0/ip/ip_1/bd_f60c_g_inst_0_gigantic_mux.v:2032]
WARNING: [Synth 8-3848] Net probe_out48 in module/entity bd_f60c_g_inst_0_gigantic_mux does not have driver. [d:/Sem_6/AELD/Labs/Lab_6_Vivado/Lab_6_Vivado.srcs/sources_1/bd/design_1/ip/design_1_system_ila_0_0/bd_0/ip/ip_1/bd_f60c_g_inst_0_gigantic_mux.v:2033]
WARNING: [Synth 8-3848] Net probe_out49 in module/entity bd_f60c_g_inst_0_gigantic_mux does not have driver. [d:/Sem_6/AELD/Labs/Lab_6_Vivado/Lab_6_Vivado.srcs/sources_1/bd/design_1/ip/design_1_system_ila_0_0/bd_0/ip/ip_1/bd_f60c_g_inst_0_gigantic_mux.v:2034]
WARNING: [Synth 8-3848] Net probe_out50 in module/entity bd_f60c_g_inst_0_gigantic_mux does not have driver. [d:/Sem_6/AELD/Labs/Lab_6_Vivado/Lab_6_Vivado.srcs/sources_1/bd/design_1/ip/design_1_system_ila_0_0/bd_0/ip/ip_1/bd_f60c_g_inst_0_gigantic_mux.v:2035]
WARNING: [Synth 8-3848] Net probe_out51 in module/entity bd_f60c_g_inst_0_gigantic_mux does not have driver. [d:/Sem_6/AELD/Labs/Lab_6_Vivado/Lab_6_Vivado.srcs/sources_1/bd/design_1/ip/design_1_system_ila_0_0/bd_0/ip/ip_1/bd_f60c_g_inst_0_gigantic_mux.v:2036]
WARNING: [Synth 8-3848] Net probe_out52 in module/entity bd_f60c_g_inst_0_gigantic_mux does not have driver. [d:/Sem_6/AELD/Labs/Lab_6_Vivado/Lab_6_Vivado.srcs/sources_1/bd/design_1/ip/design_1_system_ila_0_0/bd_0/ip/ip_1/bd_f60c_g_inst_0_gigantic_mux.v:2037]
WARNING: [Synth 8-3848] Net probe_out53 in module/entity bd_f60c_g_inst_0_gigantic_mux does not have driver. [d:/Sem_6/AELD/Labs/Lab_6_Vivado/Lab_6_Vivado.srcs/sources_1/bd/design_1/ip/design_1_system_ila_0_0/bd_0/ip/ip_1/bd_f60c_g_inst_0_gigantic_mux.v:2038]
WARNING: [Synth 8-3848] Net probe_out54 in module/entity bd_f60c_g_inst_0_gigantic_mux does not have driver. [d:/Sem_6/AELD/Labs/Lab_6_Vivado/Lab_6_Vivado.srcs/sources_1/bd/design_1/ip/design_1_system_ila_0_0/bd_0/ip/ip_1/bd_f60c_g_inst_0_gigantic_mux.v:2039]
WARNING: [Synth 8-3848] Net probe_out55 in module/entity bd_f60c_g_inst_0_gigantic_mux does not have driver. [d:/Sem_6/AELD/Labs/Lab_6_Vivado/Lab_6_Vivado.srcs/sources_1/bd/design_1/ip/design_1_system_ila_0_0/bd_0/ip/ip_1/bd_f60c_g_inst_0_gigantic_mux.v:2040]
WARNING: [Synth 8-3848] Net probe_out56 in module/entity bd_f60c_g_inst_0_gigantic_mux does not have driver. [d:/Sem_6/AELD/Labs/Lab_6_Vivado/Lab_6_Vivado.srcs/sources_1/bd/design_1/ip/design_1_system_ila_0_0/bd_0/ip/ip_1/bd_f60c_g_inst_0_gigantic_mux.v:2041]
WARNING: [Synth 8-3848] Net probe_out57 in module/entity bd_f60c_g_inst_0_gigantic_mux does not have driver. [d:/Sem_6/AELD/Labs/Lab_6_Vivado/Lab_6_Vivado.srcs/sources_1/bd/design_1/ip/design_1_system_ila_0_0/bd_0/ip/ip_1/bd_f60c_g_inst_0_gigantic_mux.v:2042]
WARNING: [Synth 8-3848] Net probe_out58 in module/entity bd_f60c_g_inst_0_gigantic_mux does not have driver. [d:/Sem_6/AELD/Labs/Lab_6_Vivado/Lab_6_Vivado.srcs/sources_1/bd/design_1/ip/design_1_system_ila_0_0/bd_0/ip/ip_1/bd_f60c_g_inst_0_gigantic_mux.v:2043]
WARNING: [Synth 8-3848] Net probe_out59 in module/entity bd_f60c_g_inst_0_gigantic_mux does not have driver. [d:/Sem_6/AELD/Labs/Lab_6_Vivado/Lab_6_Vivado.srcs/sources_1/bd/design_1/ip/design_1_system_ila_0_0/bd_0/ip/ip_1/bd_f60c_g_inst_0_gigantic_mux.v:2044]
WARNING: [Synth 8-3848] Net probe_out60 in module/entity bd_f60c_g_inst_0_gigantic_mux does not have driver. [d:/Sem_6/AELD/Labs/Lab_6_Vivado/Lab_6_Vivado.srcs/sources_1/bd/design_1/ip/design_1_system_ila_0_0/bd_0/ip/ip_1/bd_f60c_g_inst_0_gigantic_mux.v:2045]
WARNING: [Synth 8-3848] Net probe_out61 in module/entity bd_f60c_g_inst_0_gigantic_mux does not have driver. [d:/Sem_6/AELD/Labs/Lab_6_Vivado/Lab_6_Vivado.srcs/sources_1/bd/design_1/ip/design_1_system_ila_0_0/bd_0/ip/ip_1/bd_f60c_g_inst_0_gigantic_mux.v:2046]
WARNING: [Synth 8-3848] Net probe_out62 in module/entity bd_f60c_g_inst_0_gigantic_mux does not have driver. [d:/Sem_6/AELD/Labs/Lab_6_Vivado/Lab_6_Vivado.srcs/sources_1/bd/design_1/ip/design_1_system_ila_0_0/bd_0/ip/ip_1/bd_f60c_g_inst_0_gigantic_mux.v:2047]
WARNING: [Synth 8-3848] Net probe_out63 in module/entity bd_f60c_g_inst_0_gigantic_mux does not have driver. [d:/Sem_6/AELD/Labs/Lab_6_Vivado/Lab_6_Vivado.srcs/sources_1/bd/design_1/ip/design_1_system_ila_0_0/bd_0/ip/ip_1/bd_f60c_g_inst_0_gigantic_mux.v:2048]
WARNING: [Synth 8-3848] Net probe_out64 in module/entity bd_f60c_g_inst_0_gigantic_mux does not have driver. [d:/Sem_6/AELD/Labs/Lab_6_Vivado/Lab_6_Vivado.srcs/sources_1/bd/design_1/ip/design_1_system_ila_0_0/bd_0/ip/ip_1/bd_f60c_g_inst_0_gigantic_mux.v:2049]
WARNING: [Synth 8-3848] Net probe_out65 in module/entity bd_f60c_g_inst_0_gigantic_mux does not have driver. [d:/Sem_6/AELD/Labs/Lab_6_Vivado/Lab_6_Vivado.srcs/sources_1/bd/design_1/ip/design_1_system_ila_0_0/bd_0/ip/ip_1/bd_f60c_g_inst_0_gigantic_mux.v:2050]
WARNING: [Synth 8-3848] Net probe_out66 in module/entity bd_f60c_g_inst_0_gigantic_mux does not have driver. [d:/Sem_6/AELD/Labs/Lab_6_Vivado/Lab_6_Vivado.srcs/sources_1/bd/design_1/ip/design_1_system_ila_0_0/bd_0/ip/ip_1/bd_f60c_g_inst_0_gigantic_mux.v:2051]
WARNING: [Synth 8-3848] Net probe_out67 in module/entity bd_f60c_g_inst_0_gigantic_mux does not have driver. [d:/Sem_6/AELD/Labs/Lab_6_Vivado/Lab_6_Vivado.srcs/sources_1/bd/design_1/ip/design_1_system_ila_0_0/bd_0/ip/ip_1/bd_f60c_g_inst_0_gigantic_mux.v:2052]
WARNING: [Synth 8-3848] Net probe_out68 in module/entity bd_f60c_g_inst_0_gigantic_mux does not have driver. [d:/Sem_6/AELD/Labs/Lab_6_Vivado/Lab_6_Vivado.srcs/sources_1/bd/design_1/ip/design_1_system_ila_0_0/bd_0/ip/ip_1/bd_f60c_g_inst_0_gigantic_mux.v:2053]
WARNING: [Synth 8-3848] Net probe_out69 in module/entity bd_f60c_g_inst_0_gigantic_mux does not have driver. [d:/Sem_6/AELD/Labs/Lab_6_Vivado/Lab_6_Vivado.srcs/sources_1/bd/design_1/ip/design_1_system_ila_0_0/bd_0/ip/ip_1/bd_f60c_g_inst_0_gigantic_mux.v:2054]
WARNING: [Synth 8-3848] Net probe_out70 in module/entity bd_f60c_g_inst_0_gigantic_mux does not have driver. [d:/Sem_6/AELD/Labs/Lab_6_Vivado/Lab_6_Vivado.srcs/sources_1/bd/design_1/ip/design_1_system_ila_0_0/bd_0/ip/ip_1/bd_f60c_g_inst_0_gigantic_mux.v:2055]
WARNING: [Synth 8-3848] Net probe_out71 in module/entity bd_f60c_g_inst_0_gigantic_mux does not have driver. [d:/Sem_6/AELD/Labs/Lab_6_Vivado/Lab_6_Vivado.srcs/sources_1/bd/design_1/ip/design_1_system_ila_0_0/bd_0/ip/ip_1/bd_f60c_g_inst_0_gigantic_mux.v:2056]
WARNING: [Synth 8-3848] Net probe_out72 in module/entity bd_f60c_g_inst_0_gigantic_mux does not have driver. [d:/Sem_6/AELD/Labs/Lab_6_Vivado/Lab_6_Vivado.srcs/sources_1/bd/design_1/ip/design_1_system_ila_0_0/bd_0/ip/ip_1/bd_f60c_g_inst_0_gigantic_mux.v:2057]
WARNING: [Synth 8-3848] Net probe_out73 in module/entity bd_f60c_g_inst_0_gigantic_mux does not have driver. [d:/Sem_6/AELD/Labs/Lab_6_Vivado/Lab_6_Vivado.srcs/sources_1/bd/design_1/ip/design_1_system_ila_0_0/bd_0/ip/ip_1/bd_f60c_g_inst_0_gigantic_mux.v:2058]
WARNING: [Synth 8-3848] Net probe_out74 in module/entity bd_f60c_g_inst_0_gigantic_mux does not have driver. [d:/Sem_6/AELD/Labs/Lab_6_Vivado/Lab_6_Vivado.srcs/sources_1/bd/design_1/ip/design_1_system_ila_0_0/bd_0/ip/ip_1/bd_f60c_g_inst_0_gigantic_mux.v:2059]
WARNING: [Synth 8-3848] Net probe_out75 in module/entity bd_f60c_g_inst_0_gigantic_mux does not have driver. [d:/Sem_6/AELD/Labs/Lab_6_Vivado/Lab_6_Vivado.srcs/sources_1/bd/design_1/ip/design_1_system_ila_0_0/bd_0/ip/ip_1/bd_f60c_g_inst_0_gigantic_mux.v:2060]
WARNING: [Synth 8-3848] Net probe_out76 in module/entity bd_f60c_g_inst_0_gigantic_mux does not have driver. [d:/Sem_6/AELD/Labs/Lab_6_Vivado/Lab_6_Vivado.srcs/sources_1/bd/design_1/ip/design_1_system_ila_0_0/bd_0/ip/ip_1/bd_f60c_g_inst_0_gigantic_mux.v:2061]
WARNING: [Synth 8-3848] Net probe_out77 in module/entity bd_f60c_g_inst_0_gigantic_mux does not have driver. [d:/Sem_6/AELD/Labs/Lab_6_Vivado/Lab_6_Vivado.srcs/sources_1/bd/design_1/ip/design_1_system_ila_0_0/bd_0/ip/ip_1/bd_f60c_g_inst_0_gigantic_mux.v:2062]
WARNING: [Synth 8-3848] Net probe_out78 in module/entity bd_f60c_g_inst_0_gigantic_mux does not have driver. [d:/Sem_6/AELD/Labs/Lab_6_Vivado/Lab_6_Vivado.srcs/sources_1/bd/design_1/ip/design_1_system_ila_0_0/bd_0/ip/ip_1/bd_f60c_g_inst_0_gigantic_mux.v:2063]
WARNING: [Synth 8-3848] Net probe_out79 in module/entity bd_f60c_g_inst_0_gigantic_mux does not have driver. [d:/Sem_6/AELD/Labs/Lab_6_Vivado/Lab_6_Vivado.srcs/sources_1/bd/design_1/ip/design_1_system_ila_0_0/bd_0/ip/ip_1/bd_f60c_g_inst_0_gigantic_mux.v:2064]
WARNING: [Synth 8-3848] Net probe_out80 in module/entity bd_f60c_g_inst_0_gigantic_mux does not have driver. [d:/Sem_6/AELD/Labs/Lab_6_Vivado/Lab_6_Vivado.srcs/sources_1/bd/design_1/ip/design_1_system_ila_0_0/bd_0/ip/ip_1/bd_f60c_g_inst_0_gigantic_mux.v:2065]
WARNING: [Synth 8-3848] Net probe_out81 in module/entity bd_f60c_g_inst_0_gigantic_mux does not have driver. [d:/Sem_6/AELD/Labs/Lab_6_Vivado/Lab_6_Vivado.srcs/sources_1/bd/design_1/ip/design_1_system_ila_0_0/bd_0/ip/ip_1/bd_f60c_g_inst_0_gigantic_mux.v:2066]
WARNING: [Synth 8-3848] Net probe_out82 in module/entity bd_f60c_g_inst_0_gigantic_mux does not have driver. [d:/Sem_6/AELD/Labs/Lab_6_Vivado/Lab_6_Vivado.srcs/sources_1/bd/design_1/ip/design_1_system_ila_0_0/bd_0/ip/ip_1/bd_f60c_g_inst_0_gigantic_mux.v:2067]
WARNING: [Synth 8-3848] Net probe_out83 in module/entity bd_f60c_g_inst_0_gigantic_mux does not have driver. [d:/Sem_6/AELD/Labs/Lab_6_Vivado/Lab_6_Vivado.srcs/sources_1/bd/design_1/ip/design_1_system_ila_0_0/bd_0/ip/ip_1/bd_f60c_g_inst_0_gigantic_mux.v:2068]
WARNING: [Synth 8-3848] Net probe_out84 in module/entity bd_f60c_g_inst_0_gigantic_mux does not have driver. [d:/Sem_6/AELD/Labs/Lab_6_Vivado/Lab_6_Vivado.srcs/sources_1/bd/design_1/ip/design_1_system_ila_0_0/bd_0/ip/ip_1/bd_f60c_g_inst_0_gigantic_mux.v:2069]
WARNING: [Synth 8-3848] Net probe_out85 in module/entity bd_f60c_g_inst_0_gigantic_mux does not have driver. [d:/Sem_6/AELD/Labs/Lab_6_Vivado/Lab_6_Vivado.srcs/sources_1/bd/design_1/ip/design_1_system_ila_0_0/bd_0/ip/ip_1/bd_f60c_g_inst_0_gigantic_mux.v:2070]
WARNING: [Synth 8-3848] Net probe_out86 in module/entity bd_f60c_g_inst_0_gigantic_mux does not have driver. [d:/Sem_6/AELD/Labs/Lab_6_Vivado/Lab_6_Vivado.srcs/sources_1/bd/design_1/ip/design_1_system_ila_0_0/bd_0/ip/ip_1/bd_f60c_g_inst_0_gigantic_mux.v:2071]
WARNING: [Synth 8-3848] Net probe_out87 in module/entity bd_f60c_g_inst_0_gigantic_mux does not have driver. [d:/Sem_6/AELD/Labs/Lab_6_Vivado/Lab_6_Vivado.srcs/sources_1/bd/design_1/ip/design_1_system_ila_0_0/bd_0/ip/ip_1/bd_f60c_g_inst_0_gigantic_mux.v:2072]
WARNING: [Synth 8-3848] Net probe_out88 in module/entity bd_f60c_g_inst_0_gigantic_mux does not have driver. [d:/Sem_6/AELD/Labs/Lab_6_Vivado/Lab_6_Vivado.srcs/sources_1/bd/design_1/ip/design_1_system_ila_0_0/bd_0/ip/ip_1/bd_f60c_g_inst_0_gigantic_mux.v:2073]
WARNING: [Synth 8-3848] Net probe_out89 in module/entity bd_f60c_g_inst_0_gigantic_mux does not have driver. [d:/Sem_6/AELD/Labs/Lab_6_Vivado/Lab_6_Vivado.srcs/sources_1/bd/design_1/ip/design_1_system_ila_0_0/bd_0/ip/ip_1/bd_f60c_g_inst_0_gigantic_mux.v:2074]
WARNING: [Synth 8-3848] Net probe_out90 in module/entity bd_f60c_g_inst_0_gigantic_mux does not have driver. [d:/Sem_6/AELD/Labs/Lab_6_Vivado/Lab_6_Vivado.srcs/sources_1/bd/design_1/ip/design_1_system_ila_0_0/bd_0/ip/ip_1/bd_f60c_g_inst_0_gigantic_mux.v:2075]
WARNING: [Synth 8-3848] Net probe_out91 in module/entity bd_f60c_g_inst_0_gigantic_mux does not have driver. [d:/Sem_6/AELD/Labs/Lab_6_Vivado/Lab_6_Vivado.srcs/sources_1/bd/design_1/ip/design_1_system_ila_0_0/bd_0/ip/ip_1/bd_f60c_g_inst_0_gigantic_mux.v:2076]
WARNING: [Synth 8-3848] Net probe_out92 in module/entity bd_f60c_g_inst_0_gigantic_mux does not have driver. [d:/Sem_6/AELD/Labs/Lab_6_Vivado/Lab_6_Vivado.srcs/sources_1/bd/design_1/ip/design_1_system_ila_0_0/bd_0/ip/ip_1/bd_f60c_g_inst_0_gigantic_mux.v:2077]
WARNING: [Synth 8-3848] Net probe_out93 in module/entity bd_f60c_g_inst_0_gigantic_mux does not have driver. [d:/Sem_6/AELD/Labs/Lab_6_Vivado/Lab_6_Vivado.srcs/sources_1/bd/design_1/ip/design_1_system_ila_0_0/bd_0/ip/ip_1/bd_f60c_g_inst_0_gigantic_mux.v:2078]
WARNING: [Synth 8-3848] Net probe_out94 in module/entity bd_f60c_g_inst_0_gigantic_mux does not have driver. [d:/Sem_6/AELD/Labs/Lab_6_Vivado/Lab_6_Vivado.srcs/sources_1/bd/design_1/ip/design_1_system_ila_0_0/bd_0/ip/ip_1/bd_f60c_g_inst_0_gigantic_mux.v:2079]
WARNING: [Synth 8-3848] Net probe_out95 in module/entity bd_f60c_g_inst_0_gigantic_mux does not have driver. [d:/Sem_6/AELD/Labs/Lab_6_Vivado/Lab_6_Vivado.srcs/sources_1/bd/design_1/ip/design_1_system_ila_0_0/bd_0/ip/ip_1/bd_f60c_g_inst_0_gigantic_mux.v:2080]
WARNING: [Synth 8-3848] Net probe_out96 in module/entity bd_f60c_g_inst_0_gigantic_mux does not have driver. [d:/Sem_6/AELD/Labs/Lab_6_Vivado/Lab_6_Vivado.srcs/sources_1/bd/design_1/ip/design_1_system_ila_0_0/bd_0/ip/ip_1/bd_f60c_g_inst_0_gigantic_mux.v:2081]
WARNING: [Synth 8-3848] Net probe_out97 in module/entity bd_f60c_g_inst_0_gigantic_mux does not have driver. [d:/Sem_6/AELD/Labs/Lab_6_Vivado/Lab_6_Vivado.srcs/sources_1/bd/design_1/ip/design_1_system_ila_0_0/bd_0/ip/ip_1/bd_f60c_g_inst_0_gigantic_mux.v:2082]
WARNING: [Synth 8-3848] Net probe_out98 in module/entity bd_f60c_g_inst_0_gigantic_mux does not have driver. [d:/Sem_6/AELD/Labs/Lab_6_Vivado/Lab_6_Vivado.srcs/sources_1/bd/design_1/ip/design_1_system_ila_0_0/bd_0/ip/ip_1/bd_f60c_g_inst_0_gigantic_mux.v:2083]
WARNING: [Synth 8-3848] Net probe_out99 in module/entity bd_f60c_g_inst_0_gigantic_mux does not have driver. [d:/Sem_6/AELD/Labs/Lab_6_Vivado/Lab_6_Vivado.srcs/sources_1/bd/design_1/ip/design_1_system_ila_0_0/bd_0/ip/ip_1/bd_f60c_g_inst_0_gigantic_mux.v:2084]
INFO: [Common 17-14] Message 'Synth 8-3848' appears 100 times and further instances of the messages will be disabled. Use the Tcl command set_msg_config to change the current settings.
INFO: [Synth 8-6155] done synthesizing module 'bd_f60c_g_inst_0_gigantic_mux' (2#1) [d:/Sem_6/AELD/Labs/Lab_6_Vivado/Lab_6_Vivado.srcs/sources_1/bd/design_1/ip/design_1_system_ila_0_0/bd_0/ip/ip_1/bd_f60c_g_inst_0_gigantic_mux.v:63]
INFO: [Synth 8-6155] done synthesizing module 'bd_f60c_g_inst_0' (3#1) [d:/Sem_6/AELD/Labs/Lab_6_Vivado/Lab_6_Vivado.srcs/sources_1/bd/design_1/ip/design_1_system_ila_0_0/bd_0/ip/ip_1/synth/bd_f60c_g_inst_0.v:116]
WARNING: [Synth 8-4446] all outputs are unconnected for this instance and logic may be removed [d:/Sem_6/AELD/Labs/Lab_6_Vivado/Lab_6_Vivado.srcs/sources_1/bd/design_1/ip/design_1_system_ila_0_0/bd_0/synth/bd_f60c.v:414]
INFO: [Synth 8-6157] synthesizing module 'bd_f60c_ila_lib_0' [d:/Sem_6/AELD/Labs/Lab_6_Vivado/Lab_6_Vivado.srcs/sources_1/bd/design_1/ip/design_1_system_ila_0_0/bd_0/ip/ip_0/synth/bd_f60c_ila_lib_0.v:84]
INFO: [Synth 8-6157] synthesizing module 'CFGLUT5' [C:/Xilinx/Vivado/2019.1/scripts/rt/data/unisim_comp.v:1516]
INFO: [Synth 8-6155] done synthesizing module 'CFGLUT5' (11#1) [C:/Xilinx/Vivado/2019.1/scripts/rt/data/unisim_comp.v:1516]
INFO: [Synth 8-6157] synthesizing module 'CARRY4' [C:/Xilinx/Vivado/2019.1/scripts/rt/data/unisim_comp.v:1479]
INFO: [Synth 8-6155] done synthesizing module 'CARRY4' (12#1) [C:/Xilinx/Vivado/2019.1/scripts/rt/data/unisim_comp.v:1479]
INFO: [Synth 8-6157] synthesizing module 'SRLC32E' [C:/Xilinx/Vivado/2019.1/scripts/rt/data/unisim_comp.v:77850]
INFO: [Synth 8-6155] done synthesizing module 'SRLC32E' (22#1) [C:/Xilinx/Vivado/2019.1/scripts/rt/data/unisim_comp.v:77850]
INFO: [Synth 8-6157] synthesizing module 'SRL16E' [C:/Xilinx/Vivado/2019.1/scripts/rt/data/unisim_comp.v:77700]
INFO: [Synth 8-6155] done synthesizing module 'SRL16E' (24#1) [C:/Xilinx/Vivado/2019.1/scripts/rt/data/unisim_comp.v:77700]
INFO: [Synth 8-6157] synthesizing module 'SRLC16E' [C:/Xilinx/Vivado/2019.1/scripts/rt/data/unisim_comp.v:77789]
INFO: [Synth 8-6155] done synthesizing module 'SRLC16E' (26#1) [C:/Xilinx/Vivado/2019.1/scripts/rt/data/unisim_comp.v:77789]
INFO: [Synth 8-6157] synthesizing module 'FDRE' [C:/Xilinx/Vivado/2019.1/scripts/rt/data/unisim_comp.v:13664]
INFO: [Synth 8-6155] done synthesizing module 'FDRE' (31#1) [C:/Xilinx/Vivado/2019.1/scripts/rt/data/unisim_comp.v:13664]
WARNING: [Synth 8-7023] instance 'inst' of module 'ila_v6_2_9_ila' has 1033 connections declared, but only 1027 given [d:/Sem_6/AELD/Labs/Lab_6_Vivado/Lab_6_Vivado.srcs/sources_1/bd/design_1/ip/design_1_system_ila_0_0/bd_0/ip/ip_0/synth/bd_f60c_ila_lib_0.v:3299]
INFO: [Synth 8-6155] done synthesizing module 'bd_f60c_ila_lib_0' (49#1) [d:/Sem_6/AELD/Labs/Lab_6_Vivado/Lab_6_Vivado.srcs/sources_1/bd/design_1/ip/design_1_system_ila_0_0/bd_0/ip/ip_0/synth/bd_f60c_ila_lib_0.v:84]
INFO: [Synth 8-6157] synthesizing module 'bd_f60c_slot_0_ar_0' [d:/Sem_6/AELD/Labs/Lab_6_Vivado/Lab_6_Vivado.srcs/sources_1/bd/design_1/ip/design_1_system_ila_0_0/bd_0/ip/ip_5/synth/bd_f60c_slot_0_ar_0.v:58]
INFO: [Synth 8-6157] synthesizing module 'xlconcat_v2_1_3_xlconcat' [d:/Sem_6/AELD/Labs/Lab_6_Vivado/Lab_6_Vivado.srcs/sources_1/bd/design_1/ipshared/442e/hdl/xlconcat_v2_1_vl_rfs.v:14]
	Parameter IN0_WIDTH bound to: 1 - type: integer 
	Parameter IN1_WIDTH bound to: 1 - type: integer 
	Parameter IN2_WIDTH bound to: 1 - type: integer 
	Parameter IN3_WIDTH bound to: 1 - type: integer 
	Parameter IN4_WIDTH bound to: 1 - type: integer 
	Parameter IN5_WIDTH bound to: 1 - type: integer 
	Parameter IN6_WIDTH bound to: 1 - type: integer 
	Parameter IN7_WIDTH bound to: 1 - type: integer 
	Parameter IN8_WIDTH bound to: 1 - type: integer 
	Parameter IN9_WIDTH bound to: 1 - type: integer 
	Parameter IN10_WIDTH bound to: 1 - type: integer 
	Parameter IN11_WIDTH bound to: 1 - type: integer 
	Parameter IN12_WIDTH bound to: 1 - type: integer 
	Parameter IN13_WIDTH bound to: 1 - type: integer 
	Parameter IN14_WIDTH bound to: 1 - type: integer 
	Parameter IN15_WIDTH bound to: 1 - type: integer 
	Parameter IN16_WIDTH bound to: 1 - type: integer 
	Parameter IN17_WIDTH bound to: 1 - type: integer 
	Parameter IN18_WIDTH bound to: 1 - type: integer 
	Parameter IN19_WIDTH bound to: 1 - type: integer 
	Parameter IN20_WIDTH bound to: 1 - type: integer 
	Parameter IN21_WIDTH bound to: 1 - type: integer 
	Parameter IN22_WIDTH bound to: 1 - type: integer 
	Parameter IN23_WIDTH bound to: 1 - type: integer 
	Parameter IN24_WIDTH bound to: 1 - type: integer 
	Parameter IN25_WIDTH bound to: 1 - type: integer 
	Parameter IN26_WIDTH bound to: 1 - type: integer 
	Parameter IN27_WIDTH bound to: 1 - type: integer 
	Parameter IN28_WIDTH bound to: 1 - type: integer 
	Parameter IN29_WIDTH bound to: 1 - type: integer 
	Parameter IN30_WIDTH bound to: 1 - type: integer 
	Parameter IN31_WIDTH bound to: 1 - type: integer 
	Parameter dout_width bound to: 2 - type: integer 
	Parameter NUM_PORTS bound to: 2 - type: integer 
INFO: [Synth 8-6155] done synthesizing module 'xlconcat_v2_1_3_xlconcat' (50#1) [d:/Sem_6/AELD/Labs/Lab_6_Vivado/Lab_6_Vivado.srcs/sources_1/bd/design_1/ipshared/442e/hdl/xlconcat_v2_1_vl_rfs.v:14]
INFO: [Synth 8-6155] done synthesizing module 'bd_f60c_slot_0_ar_0' (51#1) [d:/Sem_6/AELD/Labs/Lab_6_Vivado/Lab_6_Vivado.srcs/sources_1/bd/design_1/ip/design_1_system_ila_0_0/bd_0/ip/ip_5/synth/bd_f60c_slot_0_ar_0.v:58]
INFO: [Synth 8-6157] synthesizing module 'bd_f60c_slot_0_aw_0' [d:/Sem_6/AELD/Labs/Lab_6_Vivado/Lab_6_Vivado.srcs/sources_1/bd/design_1/ip/design_1_system_ila_0_0/bd_0/ip/ip_2/synth/bd_f60c_slot_0_aw_0.v:58]
INFO: [Synth 8-6155] done synthesizing module 'bd_f60c_slot_0_aw_0' (52#1) [d:/Sem_6/AELD/Labs/Lab_6_Vivado/Lab_6_Vivado.srcs/sources_1/bd/design_1/ip/design_1_system_ila_0_0/bd_0/ip/ip_2/synth/bd_f60c_slot_0_aw_0.v:58]
INFO: [Synth 8-6157] synthesizing module 'bd_f60c_slot_0_b_0' [d:/Sem_6/AELD/Labs/Lab_6_Vivado/Lab_6_Vivado.srcs/sources_1/bd/design_1/ip/design_1_system_ila_0_0/bd_0/ip/ip_4/synth/bd_f60c_slot_0_b_0.v:58]
INFO: [Synth 8-6155] done synthesizing module 'bd_f60c_slot_0_b_0' (53#1) [d:/Sem_6/AELD/Labs/Lab_6_Vivado/Lab_6_Vivado.srcs/sources_1/bd/design_1/ip/design_1_system_ila_0_0/bd_0/ip/ip_4/synth/bd_f60c_slot_0_b_0.v:58]
INFO: [Synth 8-6157] synthesizing module 'bd_f60c_slot_0_r_0' [d:/Sem_6/AELD/Labs/Lab_6_Vivado/Lab_6_Vivado.srcs/sources_1/bd/design_1/ip/design_1_system_ila_0_0/bd_0/ip/ip_6/synth/bd_f60c_slot_0_r_0.v:58]
INFO: [Synth 8-6157] synthesizing module 'xlconcat_v2_1_3_xlconcat__parameterized0' [d:/Sem_6/AELD/Labs/Lab_6_Vivado/Lab_6_Vivado.srcs/sources_1/bd/design_1/ipshared/442e/hdl/xlconcat_v2_1_vl_rfs.v:14]
	Parameter IN0_WIDTH bound to: 1 - type: integer 
	Parameter IN1_WIDTH bound to: 1 - type: integer 
	Parameter IN2_WIDTH bound to: 1 - type: integer 
	Parameter IN3_WIDTH bound to: 1 - type: integer 
	Parameter IN4_WIDTH bound to: 1 - type: integer 
	Parameter IN5_WIDTH bound to: 1 - type: integer 
	Parameter IN6_WIDTH bound to: 1 - type: integer 
	Parameter IN7_WIDTH bound to: 1 - type: integer 
	Parameter IN8_WIDTH bound to: 1 - type: integer 
	Parameter IN9_WIDTH bound to: 1 - type: integer 
	Parameter IN10_WIDTH bound to: 1 - type: integer 
	Parameter IN11_WIDTH bound to: 1 - type: integer 
	Parameter IN12_WIDTH bound to: 1 - type: integer 
	Parameter IN13_WIDTH bound to: 1 - type: integer 
	Parameter IN14_WIDTH bound to: 1 - type: integer 
	Parameter IN15_WIDTH bound to: 1 - type: integer 
	Parameter IN16_WIDTH bound to: 1 - type: integer 
	Parameter IN17_WIDTH bound to: 1 - type: integer 
	Parameter IN18_WIDTH bound to: 1 - type: integer 
	Parameter IN19_WIDTH bound to: 1 - type: integer 
	Parameter IN20_WIDTH bound to: 1 - type: integer 
	Parameter IN21_WIDTH bound to: 1 - type: integer 
	Parameter IN22_WIDTH bound to: 1 - type: integer 
	Parameter IN23_WIDTH bound to: 1 - type: integer 
	Parameter IN24_WIDTH bound to: 1 - type: integer 
	Parameter IN25_WIDTH bound to: 1 - type: integer 
	Parameter IN26_WIDTH bound to: 1 - type: integer 
	Parameter IN27_WIDTH bound to: 1 - type: integer 
	Parameter IN28_WIDTH bound to: 1 - type: integer 
	Parameter IN29_WIDTH bound to: 1 - type: integer 
	Parameter IN30_WIDTH bound to: 1 - type: integer 
	Parameter IN31_WIDTH bound to: 1 - type: integer 
	Parameter dout_width bound to: 3 - type: integer 
	Parameter NUM_PORTS bound to: 3 - type: integer 
INFO: [Synth 8-6155] done synthesizing module 'xlconcat_v2_1_3_xlconcat__parameterized0' (53#1) [d:/Sem_6/AELD/Labs/Lab_6_Vivado/Lab_6_Vivado.srcs/sources_1/bd/design_1/ipshared/442e/hdl/xlconcat_v2_1_vl_rfs.v:14]
INFO: [Synth 8-6155] done synthesizing module 'bd_f60c_slot_0_r_0' (54#1) [d:/Sem_6/AELD/Labs/Lab_6_Vivado/Lab_6_Vivado.srcs/sources_1/bd/design_1/ip/design_1_system_ila_0_0/bd_0/ip/ip_6/synth/bd_f60c_slot_0_r_0.v:58]
INFO: [Synth 8-6157] synthesizing module 'bd_f60c_slot_0_w_0' [d:/Sem_6/AELD/Labs/Lab_6_Vivado/Lab_6_Vivado.srcs/sources_1/bd/design_1/ip/design_1_system_ila_0_0/bd_0/ip/ip_3/synth/bd_f60c_slot_0_w_0.v:58]
INFO: [Synth 8-6155] done synthesizing module 'bd_f60c_slot_0_w_0' (55#1) [d:/Sem_6/AELD/Labs/Lab_6_Vivado/Lab_6_Vivado.srcs/sources_1/bd/design_1/ip/design_1_system_ila_0_0/bd_0/ip/ip_3/synth/bd_f60c_slot_0_w_0.v:58]
INFO: [Synth 8-6157] synthesizing module 'bd_f60c_slot_1_ar_0' [d:/Sem_6/AELD/Labs/Lab_6_Vivado/Lab_6_Vivado.srcs/sources_1/bd/design_1/ip/design_1_system_ila_0_0/bd_0/ip/ip_10/synth/bd_f60c_slot_1_ar_0.v:58]
INFO: [Synth 8-6155] done synthesizing module 'bd_f60c_slot_1_ar_0' (56#1) [d:/Sem_6/AELD/Labs/Lab_6_Vivado/Lab_6_Vivado.srcs/sources_1/bd/design_1/ip/design_1_system_ila_0_0/bd_0/ip/ip_10/synth/bd_f60c_slot_1_ar_0.v:58]
INFO: [Synth 8-6157] synthesizing module 'bd_f60c_slot_1_aw_0' [d:/Sem_6/AELD/Labs/Lab_6_Vivado/Lab_6_Vivado.srcs/sources_1/bd/design_1/ip/design_1_system_ila_0_0/bd_0/ip/ip_7/synth/bd_f60c_slot_1_aw_0.v:58]
INFO: [Synth 8-6155] done synthesizing module 'bd_f60c_slot_1_aw_0' (57#1) [d:/Sem_6/AELD/Labs/Lab_6_Vivado/Lab_6_Vivado.srcs/sources_1/bd/design_1/ip/design_1_system_ila_0_0/bd_0/ip/ip_7/synth/bd_f60c_slot_1_aw_0.v:58]
INFO: [Synth 8-6157] synthesizing module 'bd_f60c_slot_1_b_0' [d:/Sem_6/AELD/Labs/Lab_6_Vivado/Lab_6_Vivado.srcs/sources_1/bd/design_1/ip/design_1_system_ila_0_0/bd_0/ip/ip_9/synth/bd_f60c_slot_1_b_0.v:58]
INFO: [Synth 8-6155] done synthesizing module 'bd_f60c_slot_1_b_0' (58#1) [d:/Sem_6/AELD/Labs/Lab_6_Vivado/Lab_6_Vivado.srcs/sources_1/bd/design_1/ip/design_1_system_ila_0_0/bd_0/ip/ip_9/synth/bd_f60c_slot_1_b_0.v:58]
INFO: [Synth 8-6157] synthesizing module 'bd_f60c_slot_1_r_0' [d:/Sem_6/AELD/Labs/Lab_6_Vivado/Lab_6_Vivado.srcs/sources_1/bd/design_1/ip/design_1_system_ila_0_0/bd_0/ip/ip_11/synth/bd_f60c_slot_1_r_0.v:58]
INFO: [Synth 8-6155] done synthesizing module 'bd_f60c_slot_1_r_0' (59#1) [d:/Sem_6/AELD/Labs/Lab_6_Vivado/Lab_6_Vivado.srcs/sources_1/bd/design_1/ip/design_1_system_ila_0_0/bd_0/ip/ip_11/synth/bd_f60c_slot_1_r_0.v:58]
INFO: [Synth 8-6157] synthesizing module 'bd_f60c_slot_1_w_0' [d:/Sem_6/AELD/Labs/Lab_6_Vivado/Lab_6_Vivado.srcs/sources_1/bd/design_1/ip/design_1_system_ila_0_0/bd_0/ip/ip_8/synth/bd_f60c_slot_1_w_0.v:58]
INFO: [Synth 8-6155] done synthesizing module 'bd_f60c_slot_1_w_0' (60#1) [d:/Sem_6/AELD/Labs/Lab_6_Vivado/Lab_6_Vivado.srcs/sources_1/bd/design_1/ip/design_1_system_ila_0_0/bd_0/ip/ip_8/synth/bd_f60c_slot_1_w_0.v:58]
INFO: [Synth 8-6071] Mark debug on the nets applies keep_hierarchy on instance 'g_inst'. This will prevent further optimization [d:/Sem_6/AELD/Labs/Lab_6_Vivado/Lab_6_Vivado.srcs/sources_1/bd/design_1/ip/design_1_system_ila_0_0/bd_0/synth/bd_f60c.v:299]
INFO: [Synth 8-6071] Mark debug on the nets applies keep_hierarchy on instance 'ila_lib'. This will prevent further optimization [d:/Sem_6/AELD/Labs/Lab_6_Vivado/Lab_6_Vivado.srcs/sources_1/bd/design_1/ip/design_1_system_ila_0_0/bd_0/synth/bd_f60c.v:414]
INFO: [Synth 8-6071] Mark debug on the nets applies keep_hierarchy on instance 'slot_0_aw'. This will prevent further optimization [d:/Sem_6/AELD/Labs/Lab_6_Vivado/Lab_6_Vivado.srcs/sources_1/bd/design_1/ip/design_1_system_ila_0_0/bd_0/synth/bd_f60c.v:466]
INFO: [Synth 8-6071] Mark debug on the nets applies keep_hierarchy on instance 'slot_0_w'. This will prevent further optimization [d:/Sem_6/AELD/Labs/Lab_6_Vivado/Lab_6_Vivado.srcs/sources_1/bd/design_1/ip/design_1_system_ila_0_0/bd_0/synth/bd_f60c.v:479]
INFO: [Synth 8-6071] Mark debug on the nets applies keep_hierarchy on instance 'slot_0_b'. This will prevent further optimization [d:/Sem_6/AELD/Labs/Lab_6_Vivado/Lab_6_Vivado.srcs/sources_1/bd/design_1/ip/design_1_system_ila_0_0/bd_0/synth/bd_f60c.v:470]
INFO: [Synth 8-6071] Mark debug on the nets applies keep_hierarchy on instance 'slot_0_ar'. This will prevent further optimization [d:/Sem_6/AELD/Labs/Lab_6_Vivado/Lab_6_Vivado.srcs/sources_1/bd/design_1/ip/design_1_system_ila_0_0/bd_0/synth/bd_f60c.v:462]
INFO: [Synth 8-6071] Mark debug on the nets applies keep_hierarchy on instance 'slot_0_r'. This will prevent further optimization [d:/Sem_6/AELD/Labs/Lab_6_Vivado/Lab_6_Vivado.srcs/sources_1/bd/design_1/ip/design_1_system_ila_0_0/bd_0/synth/bd_f60c.v:474]
INFO: [Synth 8-6071] Mark debug on the nets applies keep_hierarchy on instance 'slot_1_aw'. This will prevent further optimization [d:/Sem_6/AELD/Labs/Lab_6_Vivado/Lab_6_Vivado.srcs/sources_1/bd/design_1/ip/design_1_system_ila_0_0/bd_0/synth/bd_f60c.v:488]
INFO: [Synth 8-6071] Mark debug on the nets applies keep_hierarchy on instance 'slot_1_w'. This will prevent further optimization [d:/Sem_6/AELD/Labs/Lab_6_Vivado/Lab_6_Vivado.srcs/sources_1/bd/design_1/ip/design_1_system_ila_0_0/bd_0/synth/bd_f60c.v:501]
INFO: [Synth 8-6071] Mark debug on the nets applies keep_hierarchy on instance 'slot_1_b'. This will prevent further optimization [d:/Sem_6/AELD/Labs/Lab_6_Vivado/Lab_6_Vivado.srcs/sources_1/bd/design_1/ip/design_1_system_ila_0_0/bd_0/synth/bd_f60c.v:492]
INFO: [Synth 8-6071] Mark debug on the nets applies keep_hierarchy on instance 'slot_1_ar'. This will prevent further optimization [d:/Sem_6/AELD/Labs/Lab_6_Vivado/Lab_6_Vivado.srcs/sources_1/bd/design_1/ip/design_1_system_ila_0_0/bd_0/synth/bd_f60c.v:484]
INFO: [Synth 8-6071] Mark debug on the nets applies keep_hierarchy on instance 'slot_1_r'. This will prevent further optimization [d:/Sem_6/AELD/Labs/Lab_6_Vivado/Lab_6_Vivado.srcs/sources_1/bd/design_1/ip/design_1_system_ila_0_0/bd_0/synth/bd_f60c.v:496]
INFO: [Synth 8-6155] done synthesizing module 'bd_f60c' (61#1) [d:/Sem_6/AELD/Labs/Lab_6_Vivado/Lab_6_Vivado.srcs/sources_1/bd/design_1/ip/design_1_system_ila_0_0/bd_0/synth/bd_f60c.v:10]
INFO: [Synth 8-6155] done synthesizing module 'design_1_system_ila_0_0' (62#1) [d:/Sem_6/AELD/Labs/Lab_6_Vivado/Lab_6_Vivado.srcs/sources_1/bd/design_1/ip/design_1_system_ila_0_0/synth/design_1_system_ila_0_0.v:216]
WARNING: [Synth 8-3331] design xlconcat_v2_1_3_xlconcat__parameterized0 has unconnected port In3[0]
WARNING: [Synth 8-3331] design xlconcat_v2_1_3_xlconcat__parameterized0 has unconnected port In4[0]
WARNING: [Synth 8-3331] design xlconcat_v2_1_3_xlconcat__parameterized0 has unconnected port In5[0]
WARNING: [Synth 8-3331] design xlconcat_v2_1_3_xlconcat__parameterized0 has unconnected port In6[0]
WARNING: [Synth 8-3331] design xlconcat_v2_1_3_xlconcat__parameterized0 has unconnected port In7[0]
WARNING: [Synth 8-3331] design xlconcat_v2_1_3_xlconcat__parameterized0 has unconnected port In8[0]
WARNING: [Synth 8-3331] design xlconcat_v2_1_3_xlconcat__parameterized0 has unconnected port In9[0]
WARNING: [Synth 8-3331] design xlconcat_v2_1_3_xlconcat__parameterized0 has unconnected port In10[0]
WARNING: [Synth 8-3331] design xlconcat_v2_1_3_xlconcat__parameterized0 has unconnected port In11[0]
WARNING: [Synth 8-3331] design xlconcat_v2_1_3_xlconcat__parameterized0 has unconnected port In12[0]
WARNING: [Synth 8-3331] design xlconcat_v2_1_3_xlconcat__parameterized0 has unconnected port In13[0]
WARNING: [Synth 8-3331] design xlconcat_v2_1_3_xlconcat__parameterized0 has unconnected port In14[0]
WARNING: [Synth 8-3331] design xlconcat_v2_1_3_xlconcat__parameterized0 has unconnected port In15[0]
WARNING: [Synth 8-3331] design xlconcat_v2_1_3_xlconcat__parameterized0 has unconnected port In16[0]
WARNING: [Synth 8-3331] design xlconcat_v2_1_3_xlconcat__parameterized0 has unconnected port In17[0]
WARNING: [Synth 8-3331] design xlconcat_v2_1_3_xlconcat__parameterized0 has unconnected port In18[0]
WARNING: [Synth 8-3331] design xlconcat_v2_1_3_xlconcat__parameterized0 has unconnected port In19[0]
WARNING: [Synth 8-3331] design xlconcat_v2_1_3_xlconcat__parameterized0 has unconnected port In20[0]
WARNING: [Synth 8-3331] design xlconcat_v2_1_3_xlconcat__parameterized0 has unconnected port In21[0]
WARNING: [Synth 8-3331] design xlconcat_v2_1_3_xlconcat__parameterized0 has unconnected port In22[0]
WARNING: [Synth 8-3331] design xlconcat_v2_1_3_xlconcat__parameterized0 has unconnected port In23[0]
WARNING: [Synth 8-3331] design xlconcat_v2_1_3_xlconcat__parameterized0 has unconnected port In24[0]
WARNING: [Synth 8-3331] design xlconcat_v2_1_3_xlconcat__parameterized0 has unconnected port In25[0]
WARNING: [Synth 8-3331] design xlconcat_v2_1_3_xlconcat__parameterized0 has unconnected port In26[0]
WARNING: [Synth 8-3331] design xlconcat_v2_1_3_xlconcat__parameterized0 has unconnected port In27[0]
WARNING: [Synth 8-3331] design xlconcat_v2_1_3_xlconcat__parameterized0 has unconnected port In28[0]
WARNING: [Synth 8-3331] design xlconcat_v2_1_3_xlconcat__parameterized0 has unconnected port In29[0]
WARNING: [Synth 8-3331] design xlconcat_v2_1_3_xlconcat__parameterized0 has unconnected port In30[0]
WARNING: [Synth 8-3331] design xlconcat_v2_1_3_xlconcat__parameterized0 has unconnected port In31[0]
WARNING: [Synth 8-3331] design xlconcat_v2_1_3_xlconcat has unconnected port In2[0]
WARNING: [Synth 8-3331] design xlconcat_v2_1_3_xlconcat has unconnected port In3[0]
WARNING: [Synth 8-3331] design xlconcat_v2_1_3_xlconcat has unconnected port In4[0]
WARNING: [Synth 8-3331] design xlconcat_v2_1_3_xlconcat has unconnected port In5[0]
WARNING: [Synth 8-3331] design xlconcat_v2_1_3_xlconcat has unconnected port In6[0]
WARNING: [Synth 8-3331] design xlconcat_v2_1_3_xlconcat has unconnected port In7[0]
WARNING: [Synth 8-3331] design xlconcat_v2_1_3_xlconcat has unconnected port In8[0]
WARNING: [Synth 8-3331] design xlconcat_v2_1_3_xlconcat has unconnected port In9[0]
WARNING: [Synth 8-3331] design xlconcat_v2_1_3_xlconcat has unconnected port In10[0]
WARNING: [Synth 8-3331] design xlconcat_v2_1_3_xlconcat has unconnected port In11[0]
WARNING: [Synth 8-3331] design xlconcat_v2_1_3_xlconcat has unconnected port In12[0]
WARNING: [Synth 8-3331] design xlconcat_v2_1_3_xlconcat has unconnected port In13[0]
WARNING: [Synth 8-3331] design xlconcat_v2_1_3_xlconcat has unconnected port In14[0]
WARNING: [Synth 8-3331] design xlconcat_v2_1_3_xlconcat has unconnected port In15[0]
WARNING: [Synth 8-3331] design xlconcat_v2_1_3_xlconcat has unconnected port In16[0]
WARNING: [Synth 8-3331] design xlconcat_v2_1_3_xlconcat has unconnected port In17[0]
WARNING: [Synth 8-3331] design xlconcat_v2_1_3_xlconcat has unconnected port In18[0]
WARNING: [Synth 8-3331] design xlconcat_v2_1_3_xlconcat has unconnected port In19[0]
WARNING: [Synth 8-3331] design xlconcat_v2_1_3_xlconcat has unconnected port In20[0]
WARNING: [Synth 8-3331] design xlconcat_v2_1_3_xlconcat has unconnected port In21[0]
WARNING: [Synth 8-3331] design xlconcat_v2_1_3_xlconcat has unconnected port In22[0]
WARNING: [Synth 8-3331] design xlconcat_v2_1_3_xlconcat has unconnected port In23[0]
WARNING: [Synth 8-3331] design xlconcat_v2_1_3_xlconcat has unconnected port In24[0]
WARNING: [Synth 8-3331] design xlconcat_v2_1_3_xlconcat has unconnected port In25[0]
WARNING: [Synth 8-3331] design xlconcat_v2_1_3_xlconcat has unconnected port In26[0]
WARNING: [Synth 8-3331] design xlconcat_v2_1_3_xlconcat has unconnected port In27[0]
WARNING: [Synth 8-3331] design xlconcat_v2_1_3_xlconcat has unconnected port In28[0]
WARNING: [Synth 8-3331] design xlconcat_v2_1_3_xlconcat has unconnected port In29[0]
WARNING: [Synth 8-3331] design xlconcat_v2_1_3_xlconcat has unconnected port In30[0]
WARNING: [Synth 8-3331] design xlconcat_v2_1_3_xlconcat has unconnected port In31[0]
WARNING: [Synth 8-3331] design blk_mem_gen_v8_4_3_blk_mem_gen_prim_wrapper__parameterized10 has unconnected port SSRA
WARNING: [Synth 8-3331] design blk_mem_gen_v8_4_3_blk_mem_gen_prim_wrapper__parameterized10 has unconnected port REGCEA
WARNING: [Synth 8-3331] design blk_mem_gen_v8_4_3_blk_mem_gen_prim_wrapper__parameterized10 has unconnected port SSRB
WARNING: [Synth 8-3331] design blk_mem_gen_v8_4_3_blk_mem_gen_prim_wrapper__parameterized10 has unconnected port WEB[0]
WARNING: [Synth 8-3331] design blk_mem_gen_v8_4_3_blk_mem_gen_prim_wrapper__parameterized10 has unconnected port DINB[35]
WARNING: [Synth 8-3331] design blk_mem_gen_v8_4_3_blk_mem_gen_prim_wrapper__parameterized10 has unconnected port DINB[34]
WARNING: [Synth 8-3331] design blk_mem_gen_v8_4_3_blk_mem_gen_prim_wrapper__parameterized10 has unconnected port DINB[33]
WARNING: [Synth 8-3331] design blk_mem_gen_v8_4_3_blk_mem_gen_prim_wrapper__parameterized10 has unconnected port DINB[32]
WARNING: [Synth 8-3331] design blk_mem_gen_v8_4_3_blk_mem_gen_prim_wrapper__parameterized10 has unconnected port DINB[31]
WARNING: [Synth 8-3331] design blk_mem_gen_v8_4_3_blk_mem_gen_prim_wrapper__parameterized10 has unconnected port DINB[30]
WARNING: [Synth 8-3331] design blk_mem_gen_v8_4_3_blk_mem_gen_prim_wrapper__parameterized10 has unconnected port DINB[29]
WARNING: [Synth 8-3331] design blk_mem_gen_v8_4_3_blk_mem_gen_prim_wrapper__parameterized10 has unconnected port DINB[28]
WARNING: [Synth 8-3331] design blk_mem_gen_v8_4_3_blk_mem_gen_prim_wrapper__parameterized10 has unconnected port DINB[27]
WARNING: [Synth 8-3331] design blk_mem_gen_v8_4_3_blk_mem_gen_prim_wrapper__parameterized10 has unconnected port DINB[26]
WARNING: [Synth 8-3331] design blk_mem_gen_v8_4_3_blk_mem_gen_prim_wrapper__parameterized10 has unconnected port DINB[25]
WARNING: [Synth 8-3331] design blk_mem_gen_v8_4_3_blk_mem_gen_prim_wrapper__parameterized10 has unconnected port DINB[24]
WARNING: [Synth 8-3331] design blk_mem_gen_v8_4_3_blk_mem_gen_prim_wrapper__parameterized10 has unconnected port DINB[23]
WARNING: [Synth 8-3331] design blk_mem_gen_v8_4_3_blk_mem_gen_prim_wrapper__parameterized10 has unconnected port DINB[22]
WARNING: [Synth 8-3331] design blk_mem_gen_v8_4_3_blk_mem_gen_prim_wrapper__parameterized10 has unconnected port DINB[21]
WARNING: [Synth 8-3331] design blk_mem_gen_v8_4_3_blk_mem_gen_prim_wrapper__parameterized10 has unconnected port DINB[20]
WARNING: [Synth 8-3331] design blk_mem_gen_v8_4_3_blk_mem_gen_prim_wrapper__parameterized10 has unconnected port DINB[19]
WARNING: [Synth 8-3331] design blk_mem_gen_v8_4_3_blk_mem_gen_prim_wrapper__parameterized10 has unconnected port DINB[18]
WARNING: [Synth 8-3331] design blk_mem_gen_v8_4_3_blk_mem_gen_prim_wrapper__parameterized10 has unconnected port DINB[17]
WARNING: [Synth 8-3331] design blk_mem_gen_v8_4_3_blk_mem_gen_prim_wrapper__parameterized10 has unconnected port DINB[16]
WARNING: [Synth 8-3331] design blk_mem_gen_v8_4_3_blk_mem_gen_prim_wrapper__parameterized10 has unconnected port DINB[15]
WARNING: [Synth 8-3331] design blk_mem_gen_v8_4_3_blk_mem_gen_prim_wrapper__parameterized10 has unconnected port DINB[14]
WARNING: [Synth 8-3331] design blk_mem_gen_v8_4_3_blk_mem_gen_prim_wrapper__parameterized10 has unconnected port DINB[13]
WARNING: [Synth 8-3331] design blk_mem_gen_v8_4_3_blk_mem_gen_prim_wrapper__parameterized10 has unconnected port DINB[12]
WARNING: [Synth 8-3331] design blk_mem_gen_v8_4_3_blk_mem_gen_prim_wrapper__parameterized10 has unconnected port DINB[11]
WARNING: [Synth 8-3331] design blk_mem_gen_v8_4_3_blk_mem_gen_prim_wrapper__parameterized10 has unconnected port DINB[10]
WARNING: [Synth 8-3331] design blk_mem_gen_v8_4_3_blk_mem_gen_prim_wrapper__parameterized10 has unconnected port DINB[9]
WARNING: [Synth 8-3331] design blk_mem_gen_v8_4_3_blk_mem_gen_prim_wrapper__parameterized10 has unconnected port DINB[8]
WARNING: [Synth 8-3331] design blk_mem_gen_v8_4_3_blk_mem_gen_prim_wrapper__parameterized10 has unconnected port DINB[7]
WARNING: [Synth 8-3331] design blk_mem_gen_v8_4_3_blk_mem_gen_prim_wrapper__parameterized10 has unconnected port DINB[6]
WARNING: [Synth 8-3331] design blk_mem_gen_v8_4_3_blk_mem_gen_prim_wrapper__parameterized10 has unconnected port DINB[5]
WARNING: [Synth 8-3331] design blk_mem_gen_v8_4_3_blk_mem_gen_prim_wrapper__parameterized10 has unconnected port DINB[4]
WARNING: [Synth 8-3331] design blk_mem_gen_v8_4_3_blk_mem_gen_prim_wrapper__parameterized10 has unconnected port DINB[3]
WARNING: [Synth 8-3331] design blk_mem_gen_v8_4_3_blk_mem_gen_prim_wrapper__parameterized10 has unconnected port DINB[2]
WARNING: [Synth 8-3331] design blk_mem_gen_v8_4_3_blk_mem_gen_prim_wrapper__parameterized10 has unconnected port DINB[1]
WARNING: [Synth 8-3331] design blk_mem_gen_v8_4_3_blk_mem_gen_prim_wrapper__parameterized10 has unconnected port DINB[0]
WARNING: [Synth 8-3331] design blk_mem_gen_v8_4_3_blk_mem_gen_prim_wrapper__parameterized10 has unconnected port SLEEP
INFO: [Common 17-14] Message 'Synth 8-3331' appears 100 times and further instances of the messages will be disabled. Use the Tcl command set_msg_config to change the current settings.
---------------------------------------------------------------------------------
Finished RTL Elaboration : Time (s): cpu = 00:01:02 ; elapsed = 00:01:08 . Memory (MB): peak = 1393.715 ; gain = 669.137
---------------------------------------------------------------------------------

Report Check Netlist: 
+------+------------------+-------+---------+-------+------------------+
|      |Item              |Errors |Warnings |Status |Description       |
+------+------------------+-------+---------+-------+------------------+
|1     |multi_driven_nets |      0|        0|Passed |Multi driven nets |
+------+------------------+-------+---------+-------+------------------+
---------------------------------------------------------------------------------
Start Handling Custom Attributes
---------------------------------------------------------------------------------
---------------------------------------------------------------------------------
Finished Handling Custom Attributes : Time (s): cpu = 00:01:03 ; elapsed = 00:01:09 . Memory (MB): peak = 1393.715 ; gain = 669.137
---------------------------------------------------------------------------------
---------------------------------------------------------------------------------
Finished RTL Optimization Phase 1 : Time (s): cpu = 00:01:03 ; elapsed = 00:01:09 . Memory (MB): peak = 1393.715 ; gain = 669.137
---------------------------------------------------------------------------------
INFO: [Netlist 29-17] Analyzing 552 Unisim elements for replacement
INFO: [Netlist 29-28] Unisim Transformation completed in 0 CPU seconds
INFO: [Project 1-570] Preparing netlist for logic optimization

Processing XDC Constraints
Initializing timing engine
Parsing XDC File [d:/Sem_6/AELD/Labs/Lab_6_Vivado/Lab_6_Vivado.srcs/sources_1/bd/design_1/ip/design_1_system_ila_0_0/design_1_system_ila_0_0_ooc.xdc] for cell 'inst'
Finished Parsing XDC File [d:/Sem_6/AELD/Labs/Lab_6_Vivado/Lab_6_Vivado.srcs/sources_1/bd/design_1/ip/design_1_system_ila_0_0/design_1_system_ila_0_0_ooc.xdc] for cell 'inst'
Parsing XDC File [d:/Sem_6/AELD/Labs/Lab_6_Vivado/Lab_6_Vivado.srcs/sources_1/bd/design_1/ip/design_1_system_ila_0_0/bd_0/ip/ip_0/ila_v6_2/constraints/ila.xdc] for cell 'inst/ila_lib/inst'
Finished Parsing XDC File [d:/Sem_6/AELD/Labs/Lab_6_Vivado/Lab_6_Vivado.srcs/sources_1/bd/design_1/ip/design_1_system_ila_0_0/bd_0/ip/ip_0/ila_v6_2/constraints/ila.xdc] for cell 'inst/ila_lib/inst'
Parsing XDC File [D:/Sem_6/AELD/Labs/Lab_6_Vivado/Lab_6_Vivado.runs/design_1_system_ila_0_0_synth_1/dont_touch.xdc]
Finished Parsing XDC File [D:/Sem_6/AELD/Labs/Lab_6_Vivado/Lab_6_Vivado.runs/design_1_system_ila_0_0_synth_1/dont_touch.xdc]
INFO: [Project 1-236] Implementation specific constraints were found while reading constraint file [D:/Sem_6/AELD/Labs/Lab_6_Vivado/Lab_6_Vivado.runs/design_1_system_ila_0_0_synth_1/dont_touch.xdc]. These constraints will be ignored for synthesis but will be used in implementation. Impacted constraints are listed in the file [.Xil/design_1_system_ila_0_0_propImpl.xdc].
Resolution: To avoid this warning, move constraints listed in [.Xil/design_1_system_ila_0_0_propImpl.xdc] to another XDC file and exclude this new file from synthesis with the used_in_synthesis property (File Properties dialog in GUI) and re-run elaboration/synthesis.
WARNING: [Constraints 18-5210] No constraints selected for write.
Resolution: This message can indicate that there are no constraints for the design, or it can indicate that the used_in flags are set such that the constraints are ignored. This later case is used when running synth_design to not write synthesis constraints to the resulting checkpoint. Instead, project constraints are read when the synthesized design is opened.
Completed Processing XDC Constraints

Netlist sorting complete. Time (s): cpu = 00:00:00 ; elapsed = 00:00:00.007 . Memory (MB): peak = 1393.715 ; gain = 0.000
INFO: [Project 1-111] Unisim Transformation Summary:
  A total of 402 instances were transformed.
  CFGLUT5 => CFGLUT5 (SRLC32E, SRL16E): 352 instances
  CFGLUT5 => SRLC32E: 50 instances

Constraint Validation Runtime : Time (s): cpu = 00:00:00 ; elapsed = 00:00:00.218 . Memory (MB): peak = 1393.715 ; gain = 0.000
---------------------------------------------------------------------------------
Finished Constraint Validation : Time (s): cpu = 00:01:13 ; elapsed = 00:01:19 . Memory (MB): peak = 1393.715 ; gain = 669.137
---------------------------------------------------------------------------------
---------------------------------------------------------------------------------
Start Loading Part and Timing Information
---------------------------------------------------------------------------------
Loading part: xc7z020clg484-1
---------------------------------------------------------------------------------
Finished Loading Part and Timing Information : Time (s): cpu = 00:01:13 ; elapsed = 00:01:19 . Memory (MB): peak = 1393.715 ; gain = 669.137
---------------------------------------------------------------------------------
---------------------------------------------------------------------------------
Start Applying 'set_property' XDC Constraints
---------------------------------------------------------------------------------
Applied set_property DONT_TOUCH = true for inst/ila_lib/inst. (constraint file  D:/Sem_6/AELD/Labs/Lab_6_Vivado/Lab_6_Vivado.runs/design_1_system_ila_0_0_synth_1/dont_touch.xdc, line 47).
Applied set_property DONT_TOUCH = true for inst. (constraint file  auto generated constraint, line ).
Applied set_property DONT_TOUCH = true for inst/ila_lib. (constraint file  auto generated constraint, line ).
Applied set_property DONT_TOUCH = true for inst/g_inst. (constraint file  auto generated constraint, line ).
Applied set_property DONT_TOUCH = true for inst/slot_0_aw. (constraint file  auto generated constraint, line ).
Applied set_property DONT_TOUCH = true for inst/slot_0_w. (constraint file  auto generated constraint, line ).
Applied set_property DONT_TOUCH = true for inst/slot_0_b. (constraint file  auto generated constraint, line ).
Applied set_property DONT_TOUCH = true for inst/slot_0_ar. (constraint file  auto generated constraint, line ).
Applied set_property DONT_TOUCH = true for inst/slot_0_r. (constraint file  auto generated constraint, line ).
Applied set_property DONT_TOUCH = true for inst/slot_1_aw. (constraint file  auto generated constraint, line ).
Applied set_property DONT_TOUCH = true for inst/slot_1_w. (constraint file  auto generated constraint, line ).
Applied set_property DONT_TOUCH = true for inst/slot_1_b. (constraint file  auto generated constraint, line ).
Applied set_property DONT_TOUCH = true for inst/slot_1_ar. (constraint file  auto generated constraint, line ).
Applied set_property DONT_TOUCH = true for inst/slot_1_r. (constraint file  auto generated constraint, line ).
---------------------------------------------------------------------------------
Finished applying 'set_property' XDC Constraints : Time (s): cpu = 00:01:13 ; elapsed = 00:01:20 . Memory (MB): peak = 1393.715 ; gain = 669.137
---------------------------------------------------------------------------------
INFO: [Synth 8-802] inferred FSM for state register 'current_state_reg' in module 'xsdbs_v1_0_2_reg_p2s__parameterized46'
INFO: [Synth 8-802] inferred FSM for state register 'current_state_reg' in module 'xsdbs_v1_0_2_reg_p2s'
INFO: [Synth 8-802] inferred FSM for state register 'current_state_reg' in module 'xsdbs_v1_0_2_reg_p2s__parameterized0'
INFO: [Synth 8-802] inferred FSM for state register 'current_state_reg' in module 'xsdbs_v1_0_2_reg_p2s__parameterized1'
INFO: [Synth 8-802] inferred FSM for state register 'current_state_reg' in module 'xsdbs_v1_0_2_reg_p2s__parameterized2'
INFO: [Synth 8-802] inferred FSM for state register 'current_state_reg' in module 'xsdbs_v1_0_2_reg_p2s__parameterized3'
INFO: [Synth 8-802] inferred FSM for state register 'current_state_reg' in module 'xsdbs_v1_0_2_reg_p2s__parameterized4'
INFO: [Synth 8-802] inferred FSM for state register 'current_state_reg' in module 'xsdbs_v1_0_2_reg_p2s__parameterized5'
INFO: [Synth 8-802] inferred FSM for state register 'current_state_reg' in module 'xsdbs_v1_0_2_reg_p2s__parameterized6'
INFO: [Synth 8-802] inferred FSM for state register 'current_state_reg' in module 'xsdbs_v1_0_2_reg_p2s__parameterized7'
INFO: [Synth 8-802] inferred FSM for state register 'current_state_reg' in module 'xsdbs_v1_0_2_reg_p2s__parameterized8'
INFO: [Synth 8-802] inferred FSM for state register 'current_state_reg' in module 'xsdbs_v1_0_2_reg_p2s__parameterized9'
INFO: [Synth 8-802] inferred FSM for state register 'current_state_reg' in module 'xsdbs_v1_0_2_reg_p2s__parameterized10'
INFO: [Synth 8-802] inferred FSM for state register 'current_state_reg' in module 'xsdbs_v1_0_2_reg_p2s__parameterized11'
INFO: [Synth 8-802] inferred FSM for state register 'current_state_reg' in module 'xsdbs_v1_0_2_reg_p2s__parameterized12'
INFO: [Synth 8-802] inferred FSM for state register 'current_state_reg' in module 'xsdbs_v1_0_2_reg_p2s__parameterized13'
INFO: [Synth 8-802] inferred FSM for state register 'current_state_reg' in module 'xsdbs_v1_0_2_reg_p2s__parameterized14'
INFO: [Synth 8-802] inferred FSM for state register 'current_state_reg' in module 'xsdbs_v1_0_2_reg_p2s__parameterized15'
INFO: [Synth 8-802] inferred FSM for state register 'current_state_reg' in module 'xsdbs_v1_0_2_reg_p2s__parameterized16'
INFO: [Synth 8-802] inferred FSM for state register 'current_state_reg' in module 'xsdbs_v1_0_2_reg_p2s__parameterized17'
INFO: [Synth 8-802] inferred FSM for state register 'current_state_reg' in module 'xsdbs_v1_0_2_reg_p2s__parameterized18'
INFO: [Synth 8-802] inferred FSM for state register 'current_state_reg' in module 'xsdbs_v1_0_2_reg_p2s__parameterized19'
INFO: [Synth 8-802] inferred FSM for state register 'current_state_reg' in module 'xsdbs_v1_0_2_reg_p2s__parameterized20'
INFO: [Synth 8-802] inferred FSM for state register 'current_state_reg' in module 'xsdbs_v1_0_2_reg_p2s__parameterized21'
INFO: [Synth 8-802] inferred FSM for state register 'current_state_reg' in module 'xsdbs_v1_0_2_reg_p2s__parameterized22'
INFO: [Synth 8-802] inferred FSM for state register 'current_state_reg' in module 'xsdbs_v1_0_2_reg_p2s__parameterized23'
INFO: [Synth 8-802] inferred FSM for state register 'current_state_reg' in module 'xsdbs_v1_0_2_reg_p2s__parameterized24'
INFO: [Synth 8-802] inferred FSM for state register 'current_state_reg' in module 'xsdbs_v1_0_2_reg_p2s__parameterized25'
INFO: [Synth 8-802] inferred FSM for state register 'current_state_reg' in module 'xsdbs_v1_0_2_reg_p2s__parameterized26'
INFO: [Synth 8-802] inferred FSM for state register 'current_state_reg' in module 'xsdbs_v1_0_2_reg_p2s__parameterized27'
INFO: [Synth 8-802] inferred FSM for state register 'current_state_reg' in module 'xsdbs_v1_0_2_reg_p2s__parameterized28'
INFO: [Synth 8-802] inferred FSM for state register 'current_state_reg' in module 'xsdbs_v1_0_2_reg_p2s__parameterized29'
INFO: [Synth 8-802] inferred FSM for state register 'current_state_reg' in module 'xsdbs_v1_0_2_reg_p2s__parameterized30'
INFO: [Synth 8-802] inferred FSM for state register 'current_state_reg' in module 'xsdbs_v1_0_2_reg_p2s__parameterized31'
INFO: [Synth 8-802] inferred FSM for state register 'current_state_reg' in module 'xsdbs_v1_0_2_reg_p2s__parameterized32'
INFO: [Synth 8-802] inferred FSM for state register 'current_state_reg' in module 'xsdbs_v1_0_2_reg_p2s__parameterized33'
INFO: [Synth 8-802] inferred FSM for state register 'current_state_reg' in module 'xsdbs_v1_0_2_reg_p2s__parameterized34'
INFO: [Synth 8-802] inferred FSM for state register 'current_state_reg' in module 'xsdbs_v1_0_2_reg_p2s__parameterized35'
INFO: [Synth 8-802] inferred FSM for state register 'current_state_reg' in module 'xsdbs_v1_0_2_reg_p2s__parameterized36'
INFO: [Synth 8-802] inferred FSM for state register 'current_state_reg' in module 'xsdbs_v1_0_2_reg_p2s__parameterized37'
INFO: [Synth 8-802] inferred FSM for state register 'current_state_reg' in module 'xsdbs_v1_0_2_reg_p2s__parameterized38'
INFO: [Synth 8-802] inferred FSM for state register 'current_state_reg' in module 'xsdbs_v1_0_2_reg_p2s__parameterized39'
INFO: [Synth 8-802] inferred FSM for state register 'current_state_reg' in module 'xsdbs_v1_0_2_reg_p2s__parameterized40'
INFO: [Synth 8-802] inferred FSM for state register 'current_state_reg' in module 'xsdbs_v1_0_2_reg_p2s__parameterized41'
INFO: [Synth 8-802] inferred FSM for state register 'current_state_reg' in module 'xsdbs_v1_0_2_reg_p2s__parameterized42'
INFO: [Synth 8-802] inferred FSM for state register 'current_state_reg' in module 'xsdbs_v1_0_2_reg_p2s__parameterized43'
INFO: [Synth 8-802] inferred FSM for state register 'current_state_reg' in module 'xsdbs_v1_0_2_reg_p2s__parameterized44'
INFO: [Synth 8-802] inferred FSM for state register 'current_state_reg' in module 'xsdbs_v1_0_2_reg_p2s__parameterized45'
---------------------------------------------------------------------------------------------------
                   State |                     New Encoding |                Previous Encoding 
---------------------------------------------------------------------------------------------------
*
                    IDLE |                             0001 |                             0001
                     REG |                             0010 |                             0010
                     P2S |                             0100 |                             0100
                     S2P |                             1000 |                             1000
---------------------------------------------------------------------------------------------------
INFO: [Synth 8-3898] No Re-encoding of one hot register 'current_state_reg' in module 'xsdbs_v1_0_2_reg_p2s__parameterized46'
---------------------------------------------------------------------------------------------------
                   State |                     New Encoding |                Previous Encoding 
---------------------------------------------------------------------------------------------------
*
                    IDLE |                             0001 |                             0001
                     REG |                             0010 |                             0010
                     P2S |                             0100 |                             0100
                     S2P |                             1000 |                             1000
---------------------------------------------------------------------------------------------------
INFO: [Synth 8-3898] No Re-encoding of one hot register 'current_state_reg' in module 'xsdbs_v1_0_2_reg_p2s'
---------------------------------------------------------------------------------------------------
                   State |                     New Encoding |                Previous Encoding 
---------------------------------------------------------------------------------------------------
*
                    IDLE |                             0001 |                             0001
                     REG |                             0010 |                             0010
                     P2S |                             0100 |                             0100
                     S2P |                             1000 |                             1000
---------------------------------------------------------------------------------------------------
INFO: [Synth 8-3898] No Re-encoding of one hot register 'current_state_reg' in module 'xsdbs_v1_0_2_reg_p2s__parameterized0'
---------------------------------------------------------------------------------------------------
                   State |                     New Encoding |                Previous Encoding 
---------------------------------------------------------------------------------------------------
*
                    IDLE |                             0001 |                             0001
                     REG |                             0010 |                             0010
                     P2S |                             0100 |                             0100
                     S2P |                             1000 |                             1000
---------------------------------------------------------------------------------------------------
INFO: [Synth 8-3898] No Re-encoding of one hot register 'current_state_reg' in module 'xsdbs_v1_0_2_reg_p2s__parameterized1'
---------------------------------------------------------------------------------------------------
                   State |                     New Encoding |                Previous Encoding 
---------------------------------------------------------------------------------------------------
*
                    IDLE |                             0001 |                             0001
                     REG |                             0010 |                             0010
                     P2S |                             0100 |                             0100
                     S2P |                             1000 |                             1000
---------------------------------------------------------------------------------------------------
INFO: [Synth 8-3898] No Re-encoding of one hot register 'current_state_reg' in module 'xsdbs_v1_0_2_reg_p2s__parameterized2'
---------------------------------------------------------------------------------------------------
                   State |                     New Encoding |                Previous Encoding 
---------------------------------------------------------------------------------------------------
*
                    IDLE |                             0001 |                             0001
                     REG |                             0010 |                             0010
                     P2S |                             0100 |                             0100
                     S2P |                             1000 |                             1000
---------------------------------------------------------------------------------------------------
INFO: [Synth 8-3898] No Re-encoding of one hot register 'current_state_reg' in module 'xsdbs_v1_0_2_reg_p2s__parameterized3'
---------------------------------------------------------------------------------------------------
                   State |                     New Encoding |                Previous Encoding 
---------------------------------------------------------------------------------------------------
*
                    IDLE |                             0001 |                             0001
                     REG |                             0010 |                             0010
                     P2S |                             0100 |                             0100
                     S2P |                             1000 |                             1000
---------------------------------------------------------------------------------------------------
INFO: [Synth 8-3898] No Re-encoding of one hot register 'current_state_reg' in module 'xsdbs_v1_0_2_reg_p2s__parameterized4'
---------------------------------------------------------------------------------------------------
                   State |                     New Encoding |                Previous Encoding 
---------------------------------------------------------------------------------------------------
*
                    IDLE |                             0001 |                             0001
                     REG |                             0010 |                             0010
                     P2S |                             0100 |                             0100
                     S2P |                             1000 |                             1000
---------------------------------------------------------------------------------------------------
INFO: [Synth 8-3898] No Re-encoding of one hot register 'current_state_reg' in module 'xsdbs_v1_0_2_reg_p2s__parameterized5'
---------------------------------------------------------------------------------------------------
                   State |                     New Encoding |                Previous Encoding 
---------------------------------------------------------------------------------------------------
*
                    IDLE |                             0001 |                             0001
                     REG |                             0010 |                             0010
                     P2S |                             0100 |                             0100
                     S2P |                             1000 |                             1000
---------------------------------------------------------------------------------------------------
INFO: [Synth 8-3898] No Re-encoding of one hot register 'current_state_reg' in module 'xsdbs_v1_0_2_reg_p2s__parameterized6'
---------------------------------------------------------------------------------------------------
                   State |                     New Encoding |                Previous Encoding 
---------------------------------------------------------------------------------------------------
*
                    IDLE |                             0001 |                             0001
                     REG |                             0010 |                             0010
                     P2S |                             0100 |                             0100
                     S2P |                             1000 |                             1000
---------------------------------------------------------------------------------------------------
INFO: [Synth 8-3898] No Re-encoding of one hot register 'current_state_reg' in module 'xsdbs_v1_0_2_reg_p2s__parameterized7'
---------------------------------------------------------------------------------------------------
                   State |                     New Encoding |                Previous Encoding 
---------------------------------------------------------------------------------------------------
*
                    IDLE |                             0001 |                             0001
                     REG |                             0010 |                             0010
                     P2S |                             0100 |                             0100
                     S2P |                             1000 |                             1000
---------------------------------------------------------------------------------------------------
INFO: [Synth 8-3898] No Re-encoding of one hot register 'current_state_reg' in module 'xsdbs_v1_0_2_reg_p2s__parameterized8'
---------------------------------------------------------------------------------------------------
                   State |                     New Encoding |                Previous Encoding 
---------------------------------------------------------------------------------------------------
*
                    IDLE |                             0001 |                             0001
                     REG |                             0010 |                             0010
                     P2S |                             0100 |                             0100
                     S2P |                             1000 |                             1000
---------------------------------------------------------------------------------------------------
INFO: [Synth 8-3898] No Re-encoding of one hot register 'current_state_reg' in module 'xsdbs_v1_0_2_reg_p2s__parameterized9'
---------------------------------------------------------------------------------------------------
                   State |                     New Encoding |                Previous Encoding 
---------------------------------------------------------------------------------------------------
*
                    IDLE |                             0001 |                             0001
                     REG |                             0010 |                             0010
                     P2S |                             0100 |                             0100
                     S2P |                             1000 |                             1000
---------------------------------------------------------------------------------------------------
INFO: [Synth 8-3898] No Re-encoding of one hot register 'current_state_reg' in module 'xsdbs_v1_0_2_reg_p2s__parameterized10'
---------------------------------------------------------------------------------------------------
                   State |                     New Encoding |                Previous Encoding 
---------------------------------------------------------------------------------------------------
*
                    IDLE |                             0001 |                             0001
                     REG |                             0010 |                             0010
                     P2S |                             0100 |                             0100
                     S2P |                             1000 |                             1000
---------------------------------------------------------------------------------------------------
INFO: [Synth 8-3898] No Re-encoding of one hot register 'current_state_reg' in module 'xsdbs_v1_0_2_reg_p2s__parameterized11'
---------------------------------------------------------------------------------------------------
                   State |                     New Encoding |                Previous Encoding 
---------------------------------------------------------------------------------------------------
*
                    IDLE |                             0001 |                             0001
                     REG |                             0010 |                             0010
                     P2S |                             0100 |                             0100
                     S2P |                             1000 |                             1000
---------------------------------------------------------------------------------------------------
INFO: [Synth 8-3898] No Re-encoding of one hot register 'current_state_reg' in module 'xsdbs_v1_0_2_reg_p2s__parameterized12'
---------------------------------------------------------------------------------------------------
                   State |                     New Encoding |                Previous Encoding 
---------------------------------------------------------------------------------------------------
*
                    IDLE |                             0001 |                             0001
                     REG |                             0010 |                             0010
                     P2S |                             0100 |                             0100
                     S2P |                             1000 |                             1000
---------------------------------------------------------------------------------------------------
INFO: [Synth 8-3898] No Re-encoding of one hot register 'current_state_reg' in module 'xsdbs_v1_0_2_reg_p2s__parameterized13'
---------------------------------------------------------------------------------------------------
                   State |                     New Encoding |                Previous Encoding 
---------------------------------------------------------------------------------------------------
*
                    IDLE |                             0001 |                             0001
                     REG |                             0010 |                             0010
                     P2S |                             0100 |                             0100
                     S2P |                             1000 |                             1000
---------------------------------------------------------------------------------------------------
INFO: [Synth 8-3898] No Re-encoding of one hot register 'current_state_reg' in module 'xsdbs_v1_0_2_reg_p2s__parameterized14'
---------------------------------------------------------------------------------------------------
                   State |                     New Encoding |                Previous Encoding 
---------------------------------------------------------------------------------------------------
*
                    IDLE |                             0001 |                             0001
                     REG |                             0010 |                             0010
                     P2S |                             0100 |                             0100
                     S2P |                             1000 |                             1000
---------------------------------------------------------------------------------------------------
INFO: [Synth 8-3898] No Re-encoding of one hot register 'current_state_reg' in module 'xsdbs_v1_0_2_reg_p2s__parameterized15'
---------------------------------------------------------------------------------------------------
                   State |                     New Encoding |                Previous Encoding 
---------------------------------------------------------------------------------------------------
*
                    IDLE |                             0001 |                             0001
                     REG |                             0010 |                             0010
                     P2S |                             0100 |                             0100
                     S2P |                             1000 |                             1000
---------------------------------------------------------------------------------------------------
INFO: [Synth 8-3898] No Re-encoding of one hot register 'current_state_reg' in module 'xsdbs_v1_0_2_reg_p2s__parameterized16'
---------------------------------------------------------------------------------------------------
                   State |                     New Encoding |                Previous Encoding 
---------------------------------------------------------------------------------------------------
*
                    IDLE |                             0001 |                             0001
                     REG |                             0010 |                             0010
                     P2S |                             0100 |                             0100
                     S2P |                             1000 |                             1000
---------------------------------------------------------------------------------------------------
INFO: [Synth 8-3898] No Re-encoding of one hot register 'current_state_reg' in module 'xsdbs_v1_0_2_reg_p2s__parameterized17'
---------------------------------------------------------------------------------------------------
                   State |                     New Encoding |                Previous Encoding 
---------------------------------------------------------------------------------------------------
*
                    IDLE |                             0001 |                             0001
                     REG |                             0010 |                             0010
                     P2S |                             0100 |                             0100
                     S2P |                             1000 |                             1000
---------------------------------------------------------------------------------------------------
INFO: [Synth 8-3898] No Re-encoding of one hot register 'current_state_reg' in module 'xsdbs_v1_0_2_reg_p2s__parameterized18'
---------------------------------------------------------------------------------------------------
                   State |                     New Encoding |                Previous Encoding 
---------------------------------------------------------------------------------------------------
*
                    IDLE |                             0001 |                             0001
                     REG |                             0010 |                             0010
                     P2S |                             0100 |                             0100
                     S2P |                             1000 |                             1000
---------------------------------------------------------------------------------------------------
INFO: [Synth 8-3898] No Re-encoding of one hot register 'current_state_reg' in module 'xsdbs_v1_0_2_reg_p2s__parameterized19'
---------------------------------------------------------------------------------------------------
                   State |                     New Encoding |                Previous Encoding 
---------------------------------------------------------------------------------------------------
*
                    IDLE |                             0001 |                             0001
                     REG |                             0010 |                             0010
                     P2S |                             0100 |                             0100
                     S2P |                             1000 |                             1000
---------------------------------------------------------------------------------------------------
INFO: [Synth 8-3898] No Re-encoding of one hot register 'current_state_reg' in module 'xsdbs_v1_0_2_reg_p2s__parameterized20'
---------------------------------------------------------------------------------------------------
                   State |                     New Encoding |                Previous Encoding 
---------------------------------------------------------------------------------------------------
*
                    IDLE |                             0001 |                             0001
                     REG |                             0010 |                             0010
                     P2S |                             0100 |                             0100
                     S2P |                             1000 |                             1000
---------------------------------------------------------------------------------------------------
INFO: [Synth 8-3898] No Re-encoding of one hot register 'current_state_reg' in module 'xsdbs_v1_0_2_reg_p2s__parameterized21'
---------------------------------------------------------------------------------------------------
                   State |                     New Encoding |                Previous Encoding 
---------------------------------------------------------------------------------------------------
*
                    IDLE |                             0001 |                             0001
                     REG |                             0010 |                             0010
                     P2S |                             0100 |                             0100
                     S2P |                             1000 |                             1000
---------------------------------------------------------------------------------------------------
INFO: [Synth 8-3898] No Re-encoding of one hot register 'current_state_reg' in module 'xsdbs_v1_0_2_reg_p2s__parameterized22'
---------------------------------------------------------------------------------------------------
                   State |                     New Encoding |                Previous Encoding 
---------------------------------------------------------------------------------------------------
*
                    IDLE |                             0001 |                             0001
                     REG |                             0010 |                             0010
                     P2S |                             0100 |                             0100
                     S2P |                             1000 |                             1000
---------------------------------------------------------------------------------------------------
INFO: [Synth 8-3898] No Re-encoding of one hot register 'current_state_reg' in module 'xsdbs_v1_0_2_reg_p2s__parameterized23'
---------------------------------------------------------------------------------------------------
                   State |                     New Encoding |                Previous Encoding 
---------------------------------------------------------------------------------------------------
*
                    IDLE |                             0001 |                             0001
                     REG |                             0010 |                             0010
                     P2S |                             0100 |                             0100
                     S2P |                             1000 |                             1000
---------------------------------------------------------------------------------------------------
INFO: [Synth 8-3898] No Re-encoding of one hot register 'current_state_reg' in module 'xsdbs_v1_0_2_reg_p2s__parameterized24'
---------------------------------------------------------------------------------------------------
                   State |                     New Encoding |                Previous Encoding 
---------------------------------------------------------------------------------------------------
*
                    IDLE |                             0001 |                             0001
                     REG |                             0010 |                             0010
                     P2S |                             0100 |                             0100
                     S2P |                             1000 |                             1000
---------------------------------------------------------------------------------------------------
INFO: [Synth 8-3898] No Re-encoding of one hot register 'current_state_reg' in module 'xsdbs_v1_0_2_reg_p2s__parameterized25'
---------------------------------------------------------------------------------------------------
                   State |                     New Encoding |                Previous Encoding 
---------------------------------------------------------------------------------------------------
*
                    IDLE |                             0001 |                             0001
                     REG |                             0010 |                             0010
                     P2S |                             0100 |                             0100
                     S2P |                             1000 |                             1000
---------------------------------------------------------------------------------------------------
INFO: [Synth 8-3898] No Re-encoding of one hot register 'current_state_reg' in module 'xsdbs_v1_0_2_reg_p2s__parameterized26'
---------------------------------------------------------------------------------------------------
                   State |                     New Encoding |                Previous Encoding 
---------------------------------------------------------------------------------------------------
*
                    IDLE |                             0001 |                             0001
                     REG |                             0010 |                             0010
                     P2S |                             0100 |                             0100
                     S2P |                             1000 |                             1000
---------------------------------------------------------------------------------------------------
INFO: [Synth 8-3898] No Re-encoding of one hot register 'current_state_reg' in module 'xsdbs_v1_0_2_reg_p2s__parameterized27'
---------------------------------------------------------------------------------------------------
                   State |                     New Encoding |                Previous Encoding 
---------------------------------------------------------------------------------------------------
*
                    IDLE |                             0001 |                             0001
                     REG |                             0010 |                             0010
                     P2S |                             0100 |                             0100
                     S2P |                             1000 |                             1000
---------------------------------------------------------------------------------------------------
INFO: [Synth 8-3898] No Re-encoding of one hot register 'current_state_reg' in module 'xsdbs_v1_0_2_reg_p2s__parameterized28'
---------------------------------------------------------------------------------------------------
                   State |                     New Encoding |                Previous Encoding 
---------------------------------------------------------------------------------------------------
*
                    IDLE |                             0001 |                             0001
                     REG |                             0010 |                             0010
                     P2S |                             0100 |                             0100
                     S2P |                             1000 |                             1000
---------------------------------------------------------------------------------------------------
INFO: [Synth 8-3898] No Re-encoding of one hot register 'current_state_reg' in module 'xsdbs_v1_0_2_reg_p2s__parameterized29'
---------------------------------------------------------------------------------------------------
                   State |                     New Encoding |                Previous Encoding 
---------------------------------------------------------------------------------------------------
*
                    IDLE |                             0001 |                             0001
                     REG |                             0010 |                             0010
                     P2S |                             0100 |                             0100
                     S2P |                             1000 |                             1000
---------------------------------------------------------------------------------------------------
INFO: [Synth 8-3898] No Re-encoding of one hot register 'current_state_reg' in module 'xsdbs_v1_0_2_reg_p2s__parameterized30'
---------------------------------------------------------------------------------------------------
                   State |                     New Encoding |                Previous Encoding 
---------------------------------------------------------------------------------------------------
*
                    IDLE |                             0001 |                             0001
                     REG |                             0010 |                             0010
                     P2S |                             0100 |                             0100
                     S2P |                             1000 |                             1000
---------------------------------------------------------------------------------------------------
INFO: [Synth 8-3898] No Re-encoding of one hot register 'current_state_reg' in module 'xsdbs_v1_0_2_reg_p2s__parameterized31'
---------------------------------------------------------------------------------------------------
                   State |                     New Encoding |                Previous Encoding 
---------------------------------------------------------------------------------------------------
*
                    IDLE |                             0001 |                             0001
                     REG |                             0010 |                             0010
                     P2S |                             0100 |                             0100
                     S2P |                             1000 |                             1000
---------------------------------------------------------------------------------------------------
INFO: [Synth 8-3898] No Re-encoding of one hot register 'current_state_reg' in module 'xsdbs_v1_0_2_reg_p2s__parameterized32'
---------------------------------------------------------------------------------------------------
                   State |                     New Encoding |                Previous Encoding 
---------------------------------------------------------------------------------------------------
*
                    IDLE |                             0001 |                             0001
                     REG |                             0010 |                             0010
                     P2S |                             0100 |                             0100
                     S2P |                             1000 |                             1000
---------------------------------------------------------------------------------------------------
INFO: [Synth 8-3898] No Re-encoding of one hot register 'current_state_reg' in module 'xsdbs_v1_0_2_reg_p2s__parameterized33'
---------------------------------------------------------------------------------------------------
                   State |                     New Encoding |                Previous Encoding 
---------------------------------------------------------------------------------------------------
*
                    IDLE |                             0001 |                             0001
                     REG |                             0010 |                             0010
                     P2S |                             0100 |                             0100
                     S2P |                             1000 |                             1000
---------------------------------------------------------------------------------------------------
INFO: [Synth 8-3898] No Re-encoding of one hot register 'current_state_reg' in module 'xsdbs_v1_0_2_reg_p2s__parameterized34'
---------------------------------------------------------------------------------------------------
                   State |                     New Encoding |                Previous Encoding 
---------------------------------------------------------------------------------------------------
*
                    IDLE |                             0001 |                             0001
                     REG |                             0010 |                             0010
                     P2S |                             0100 |                             0100
                     S2P |                             1000 |                             1000
---------------------------------------------------------------------------------------------------
INFO: [Synth 8-3898] No Re-encoding of one hot register 'current_state_reg' in module 'xsdbs_v1_0_2_reg_p2s__parameterized35'
---------------------------------------------------------------------------------------------------
                   State |                     New Encoding |                Previous Encoding 
---------------------------------------------------------------------------------------------------
*
                    IDLE |                             0001 |                             0001
                     REG |                             0010 |                             0010
                     P2S |                             0100 |                             0100
                     S2P |                             1000 |                             1000
---------------------------------------------------------------------------------------------------
INFO: [Synth 8-3898] No Re-encoding of one hot register 'current_state_reg' in module 'xsdbs_v1_0_2_reg_p2s__parameterized36'
---------------------------------------------------------------------------------------------------
                   State |                     New Encoding |                Previous Encoding 
---------------------------------------------------------------------------------------------------
*
                    IDLE |                             0001 |                             0001
                     REG |                             0010 |                             0010
                     P2S |                             0100 |                             0100
                     S2P |                             1000 |                             1000
---------------------------------------------------------------------------------------------------
INFO: [Synth 8-3898] No Re-encoding of one hot register 'current_state_reg' in module 'xsdbs_v1_0_2_reg_p2s__parameterized37'
---------------------------------------------------------------------------------------------------
                   State |                     New Encoding |                Previous Encoding 
---------------------------------------------------------------------------------------------------
*
                    IDLE |                             0001 |                             0001
                     REG |                             0010 |                             0010
                     P2S |                             0100 |                             0100
                     S2P |                             1000 |                             1000
---------------------------------------------------------------------------------------------------
INFO: [Synth 8-3898] No Re-encoding of one hot register 'current_state_reg' in module 'xsdbs_v1_0_2_reg_p2s__parameterized38'
---------------------------------------------------------------------------------------------------
                   State |                     New Encoding |                Previous Encoding 
---------------------------------------------------------------------------------------------------
*
                    IDLE |                             0001 |                             0001
                     REG |                             0010 |                             0010
                     P2S |                             0100 |                             0100
                     S2P |                             1000 |                             1000
---------------------------------------------------------------------------------------------------
INFO: [Synth 8-3898] No Re-encoding of one hot register 'current_state_reg' in module 'xsdbs_v1_0_2_reg_p2s__parameterized39'
---------------------------------------------------------------------------------------------------
                   State |                     New Encoding |                Previous Encoding 
---------------------------------------------------------------------------------------------------
*
                    IDLE |                             0001 |                             0001
                     REG |                             0010 |                             0010
                     P2S |                             0100 |                             0100
                     S2P |                             1000 |                             1000
---------------------------------------------------------------------------------------------------
INFO: [Synth 8-3898] No Re-encoding of one hot register 'current_state_reg' in module 'xsdbs_v1_0_2_reg_p2s__parameterized40'
---------------------------------------------------------------------------------------------------
                   State |                     New Encoding |                Previous Encoding 
---------------------------------------------------------------------------------------------------
*
                    IDLE |                             0001 |                             0001
                     REG |                             0010 |                             0010
                     P2S |                             0100 |                             0100
                     S2P |                             1000 |                             1000
---------------------------------------------------------------------------------------------------
INFO: [Synth 8-3898] No Re-encoding of one hot register 'current_state_reg' in module 'xsdbs_v1_0_2_reg_p2s__parameterized41'
---------------------------------------------------------------------------------------------------
                   State |                     New Encoding |                Previous Encoding 
---------------------------------------------------------------------------------------------------
*
                    IDLE |                             0001 |                             0001
                     REG |                             0010 |                             0010
                     P2S |                             0100 |                             0100
                     S2P |                             1000 |                             1000
---------------------------------------------------------------------------------------------------
INFO: [Synth 8-3898] No Re-encoding of one hot register 'current_state_reg' in module 'xsdbs_v1_0_2_reg_p2s__parameterized42'
---------------------------------------------------------------------------------------------------
                   State |                     New Encoding |                Previous Encoding 
---------------------------------------------------------------------------------------------------
*
                    IDLE |                             0001 |                             0001
                     REG |                             0010 |                             0010
                     P2S |                             0100 |                             0100
                     S2P |                             1000 |                             1000
---------------------------------------------------------------------------------------------------
INFO: [Synth 8-3898] No Re-encoding of one hot register 'current_state_reg' in module 'xsdbs_v1_0_2_reg_p2s__parameterized43'
---------------------------------------------------------------------------------------------------
                   State |                     New Encoding |                Previous Encoding 
---------------------------------------------------------------------------------------------------
*
                    IDLE |                             0001 |                             0001
                     REG |                             0010 |                             0010
                     P2S |                             0100 |                             0100
                     S2P |                             1000 |                             1000
---------------------------------------------------------------------------------------------------
INFO: [Synth 8-3898] No Re-encoding of one hot register 'current_state_reg' in module 'xsdbs_v1_0_2_reg_p2s__parameterized44'
---------------------------------------------------------------------------------------------------
                   State |                     New Encoding |                Previous Encoding 
---------------------------------------------------------------------------------------------------
*
                    IDLE |                             0001 |                             0001
                     REG |                             0010 |                             0010
                     P2S |                             0100 |                             0100
                     S2P |                             1000 |                             1000
---------------------------------------------------------------------------------------------------
INFO: [Synth 8-3898] No Re-encoding of one hot register 'current_state_reg' in module 'xsdbs_v1_0_2_reg_p2s__parameterized45'
---------------------------------------------------------------------------------
Finished RTL Optimization Phase 2 : Time (s): cpu = 00:01:17 ; elapsed = 00:01:24 . Memory (MB): peak = 1393.715 ; gain = 669.137
---------------------------------------------------------------------------------

Report RTL Partitions: 
+-+--------------+------------+----------+
| |RTL Partition |Replication |Instances |
+-+--------------+------------+----------+
+-+--------------+------------+----------+
---------------------------------------------------------------------------------
Start RTL Component Statistics 
---------------------------------------------------------------------------------
Detailed RTL Component Info : 
+---Adders : 
	   2 Input     10 Bit       Adders := 3     
	   2 Input      9 Bit       Adders := 1     
	   2 Input      7 Bit       Adders := 2     
	   2 Input      6 Bit       Adders := 9     
	   2 Input      5 Bit       Adders := 1     
	   2 Input      4 Bit       Adders := 48    
	   2 Input      2 Bit       Adders := 4     
+---XORs : 
	   2 Input     13 Bit         XORs := 62    
	   2 Input      1 Bit         XORs := 4     
+---Registers : 
	             1024 Bit    Registers := 2     
	              432 Bit    Registers := 1     
	              422 Bit    Registers := 9     
	              128 Bit    Registers := 1     
	               46 Bit    Registers := 1     
	               33 Bit    Registers := 2     
	               32 Bit    Registers := 20    
	               17 Bit    Registers := 2     
	               16 Bit    Registers := 253   
	               10 Bit    Registers := 9     
	                9 Bit    Registers := 1     
	                8 Bit    Registers := 8     
	                7 Bit    Registers := 3     
	                6 Bit    Registers := 10    
	                5 Bit    Registers := 1     
	                4 Bit    Registers := 54    
	                3 Bit    Registers := 16    
	                2 Bit    Registers := 41    
	                1 Bit    Registers := 343   
+---Muxes : 
	   2 Input    422 Bit        Muxes := 1     
	   2 Input     16 Bit        Muxes := 57    
	   4 Input     16 Bit        Muxes := 1     
	   3 Input     16 Bit        Muxes := 1     
	   8 Input     16 Bit        Muxes := 1     
	   2 Input     15 Bit        Muxes := 48    
	   3 Input     13 Bit        Muxes := 1     
	   8 Input     10 Bit        Muxes := 1     
	   3 Input      7 Bit        Muxes := 1     
	   8 Input      7 Bit        Muxes := 1     
	   2 Input      6 Bit        Muxes := 20    
	   2 Input      5 Bit        Muxes := 2     
	   8 Input      5 Bit        Muxes := 1     
	   5 Input      4 Bit        Muxes := 48    
	   2 Input      4 Bit        Muxes := 145   
	   2 Input      3 Bit        Muxes := 48    
	  10 Input      3 Bit        Muxes := 1     
	   2 Input      2 Bit        Muxes := 17    
	   2 Input      1 Bit        Muxes := 285   
	   3 Input      1 Bit        Muxes := 48    
	   9 Input      1 Bit        Muxes := 1     
	   4 Input      1 Bit        Muxes := 1     
	   8 Input      1 Bit        Muxes := 5     
---------------------------------------------------------------------------------
Finished RTL Component Statistics 
---------------------------------------------------------------------------------
---------------------------------------------------------------------------------
Start RTL Hierarchical Component Statistics 
---------------------------------------------------------------------------------
Hierarchical RTL Component report 
Module gigantic_mux_v1_0_1_cntr 
Detailed RTL Component Info : 
+---Adders : 
	   2 Input      2 Bit       Adders := 2     
+---Registers : 
	                2 Bit    Registers := 2     
+---Muxes : 
	   2 Input      2 Bit        Muxes := 2     
	   2 Input      1 Bit        Muxes := 2     
Module gigantic_mux_v1_0_1_cntr__parameterized0 
Detailed RTL Component Info : 
+---Adders : 
	   2 Input      6 Bit       Adders := 4     
+---Registers : 
	                6 Bit    Registers := 4     
	                1 Bit    Registers := 4     
+---Muxes : 
	   2 Input      6 Bit        Muxes := 8     
	   2 Input      2 Bit        Muxes := 4     
	   2 Input      1 Bit        Muxes := 4     
Module xsdbs_v1_0_2_xsdbs 
Detailed RTL Component Info : 
+---Registers : 
	              128 Bit    Registers := 1     
	               17 Bit    Registers := 1     
	               16 Bit    Registers := 4     
	                1 Bit    Registers := 4     
+---Muxes : 
	   2 Input     16 Bit        Muxes := 1     
Module xsdbs_v1_0_2_reg_stat 
Detailed RTL Component Info : 
+---Registers : 
	               16 Bit    Registers := 1     
Module xsdbs_v1_0_2_reg_ctl 
Detailed RTL Component Info : 
+---Registers : 
	               16 Bit    Registers := 1     
Module xsdbs_v1_0_2_reg__parameterized101 
Detailed RTL Component Info : 
+---XORs : 
	   2 Input     13 Bit         XORs := 1     
Module xsdbs_v1_0_2_reg_ctl__parameterized0 
Detailed RTL Component Info : 
+---Registers : 
	               16 Bit    Registers := 1     
Module xsdbs_v1_0_2_reg__parameterized102 
Detailed RTL Component Info : 
+---XORs : 
	   2 Input     13 Bit         XORs := 1     
Module xsdbs_v1_0_2_reg__parameterized116 
Detailed RTL Component Info : 
+---XORs : 
	   2 Input     13 Bit         XORs := 1     
Module xsdbs_v1_0_2_reg__parameterized117 
Detailed RTL Component Info : 
+---XORs : 
	   2 Input     13 Bit         XORs := 1     
Module xsdbs_v1_0_2_reg__parameterized118 
Detailed RTL Component Info : 
+---XORs : 
	   2 Input     13 Bit         XORs := 1     
Module xsdbs_v1_0_2_reg__parameterized119 
Detailed RTL Component Info : 
+---XORs : 
	   2 Input     13 Bit         XORs := 1     
Module xsdbs_v1_0_2_reg__parameterized120 
Detailed RTL Component Info : 
+---XORs : 
	   2 Input     13 Bit         XORs := 1     
Module xsdbs_v1_0_2_reg_ctl__parameterized1 
Detailed RTL Component Info : 
+---Registers : 
	               16 Bit    Registers := 1     
Module xsdbs_v1_0_2_reg__parameterized121 
Detailed RTL Component Info : 
+---XORs : 
	   2 Input     13 Bit         XORs := 1     
Module xsdbs_v1_0_2_reg__parameterized122 
Detailed RTL Component Info : 
+---XORs : 
	   2 Input     13 Bit         XORs := 1     
Module xsdbs_v1_0_2_reg__parameterized123 
Detailed RTL Component Info : 
+---XORs : 
	   2 Input     13 Bit         XORs := 1     
Module xsdbs_v1_0_2_reg__parameterized124 
Detailed RTL Component Info : 
+---XORs : 
	   2 Input     13 Bit         XORs := 1     
Module xsdbs_v1_0_2_reg__parameterized125 
Detailed RTL Component Info : 
+---XORs : 
	   2 Input     13 Bit         XORs := 1     
Module xsdbs_v1_0_2_reg__parameterized126 
Detailed RTL Component Info : 
+---XORs : 
	   2 Input     13 Bit         XORs := 1     
Module xsdbs_v1_0_2_reg__parameterized127 
Detailed RTL Component Info : 
+---XORs : 
	   2 Input     13 Bit         XORs := 1     
Module xsdbs_v1_0_2_reg_p2s__parameterized46 
Detailed RTL Component Info : 
+---Adders : 
	   2 Input      4 Bit       Adders := 1     
+---XORs : 
	   2 Input     13 Bit         XORs := 1     
+---Registers : 
	               16 Bit    Registers := 2     
	                4 Bit    Registers := 1     
	                1 Bit    Registers := 3     
+---Muxes : 
	   2 Input     16 Bit        Muxes := 1     
	   2 Input     15 Bit        Muxes := 1     
	   5 Input      4 Bit        Muxes := 1     
	   2 Input      4 Bit        Muxes := 3     
	   2 Input      3 Bit        Muxes := 1     
	   2 Input      1 Bit        Muxes := 5     
	   3 Input      1 Bit        Muxes := 1     
Module xsdbs_v1_0_2_reg_stream 
Detailed RTL Component Info : 
+---Registers : 
	                1 Bit    Registers := 1     
Module xsdbs_v1_0_2_reg_p2s 
Detailed RTL Component Info : 
+---Adders : 
	   2 Input      4 Bit       Adders := 1     
+---XORs : 
	   2 Input     13 Bit         XORs := 1     
+---Registers : 
	               16 Bit    Registers := 2     
	                4 Bit    Registers := 1     
	                1 Bit    Registers := 3     
+---Muxes : 
	   2 Input     16 Bit        Muxes := 1     
	   2 Input     15 Bit        Muxes := 1     
	   5 Input      4 Bit        Muxes := 1     
	   2 Input      4 Bit        Muxes := 3     
	   2 Input      3 Bit        Muxes := 1     
	   2 Input      1 Bit        Muxes := 5     
	   3 Input      1 Bit        Muxes := 1     
Module xsdbs_v1_0_2_reg_p2s__parameterized0 
Detailed RTL Component Info : 
+---Adders : 
	   2 Input      4 Bit       Adders := 1     
+---XORs : 
	   2 Input     13 Bit         XORs := 1     
+---Registers : 
	               16 Bit    Registers := 2     
	                4 Bit    Registers := 1     
	                1 Bit    Registers := 3     
+---Muxes : 
	   2 Input     16 Bit        Muxes := 1     
	   2 Input     15 Bit        Muxes := 1     
	   5 Input      4 Bit        Muxes := 1     
	   2 Input      4 Bit        Muxes := 3     
	   2 Input      3 Bit        Muxes := 1     
	   2 Input      1 Bit        Muxes := 5     
	   3 Input      1 Bit        Muxes := 1     
Module xsdbs_v1_0_2_reg_p2s__parameterized1 
Detailed RTL Component Info : 
+---Adders : 
	   2 Input      4 Bit       Adders := 1     
+---XORs : 
	   2 Input     13 Bit         XORs := 1     
+---Registers : 
	               16 Bit    Registers := 2     
	                4 Bit    Registers := 1     
	                1 Bit    Registers := 3     
+---Muxes : 
	   2 Input     16 Bit        Muxes := 1     
	   2 Input     15 Bit        Muxes := 1     
	   5 Input      4 Bit        Muxes := 1     
	   2 Input      4 Bit        Muxes := 3     
	   2 Input      3 Bit        Muxes := 1     
	   2 Input      1 Bit        Muxes := 5     
	   3 Input      1 Bit        Muxes := 1     
Module xsdbs_v1_0_2_reg_p2s__parameterized2 
Detailed RTL Component Info : 
+---Adders : 
	   2 Input      4 Bit       Adders := 1     
+---XORs : 
	   2 Input     13 Bit         XORs := 1     
+---Registers : 
	               16 Bit    Registers := 2     
	                4 Bit    Registers := 1     
	                1 Bit    Registers := 3     
+---Muxes : 
	   2 Input     16 Bit        Muxes := 1     
	   2 Input     15 Bit        Muxes := 1     
	   5 Input      4 Bit        Muxes := 1     
	   2 Input      4 Bit        Muxes := 3     
	   2 Input      3 Bit        Muxes := 1     
	   2 Input      1 Bit        Muxes := 5     
	   3 Input      1 Bit        Muxes := 1     
Module xsdbs_v1_0_2_reg_p2s__parameterized3 
Detailed RTL Component Info : 
+---Adders : 
	   2 Input      4 Bit       Adders := 1     
+---XORs : 
	   2 Input     13 Bit         XORs := 1     
+---Registers : 
	               16 Bit    Registers := 2     
	                4 Bit    Registers := 1     
	                1 Bit    Registers := 3     
+---Muxes : 
	   2 Input     16 Bit        Muxes := 1     
	   2 Input     15 Bit        Muxes := 1     
	   5 Input      4 Bit        Muxes := 1     
	   2 Input      4 Bit        Muxes := 3     
	   2 Input      3 Bit        Muxes := 1     
	   2 Input      1 Bit        Muxes := 5     
	   3 Input      1 Bit        Muxes := 1     
Module xsdbs_v1_0_2_reg_p2s__parameterized4 
Detailed RTL Component Info : 
+---Adders : 
	   2 Input      4 Bit       Adders := 1     
+---XORs : 
	   2 Input     13 Bit         XORs := 1     
+---Registers : 
	               16 Bit    Registers := 2     
	                4 Bit    Registers := 1     
	                1 Bit    Registers := 3     
+---Muxes : 
	   2 Input     16 Bit        Muxes := 1     
	   2 Input     15 Bit        Muxes := 1     
	   5 Input      4 Bit        Muxes := 1     
	   2 Input      4 Bit        Muxes := 3     
	   2 Input      3 Bit        Muxes := 1     
	   2 Input      1 Bit        Muxes := 5     
	   3 Input      1 Bit        Muxes := 1     
Module xsdbs_v1_0_2_reg_p2s__parameterized5 
Detailed RTL Component Info : 
+---Adders : 
	   2 Input      4 Bit       Adders := 1     
+---XORs : 
	   2 Input     13 Bit         XORs := 1     
+---Registers : 
	               16 Bit    Registers := 2     
	                4 Bit    Registers := 1     
	                1 Bit    Registers := 3     
+---Muxes : 
	   2 Input     16 Bit        Muxes := 1     
	   2 Input     15 Bit        Muxes := 1     
	   5 Input      4 Bit        Muxes := 1     
	   2 Input      4 Bit        Muxes := 3     
	   2 Input      3 Bit        Muxes := 1     
	   2 Input      1 Bit        Muxes := 5     
	   3 Input      1 Bit        Muxes := 1     
Module xsdbs_v1_0_2_reg_p2s__parameterized6 
Detailed RTL Component Info : 
+---Adders : 
	   2 Input      4 Bit       Adders := 1     
+---XORs : 
	   2 Input     13 Bit         XORs := 1     
+---Registers : 
	               16 Bit    Registers := 2     
	                4 Bit    Registers := 1     
	                1 Bit    Registers := 3     
+---Muxes : 
	   2 Input     16 Bit        Muxes := 1     
	   2 Input     15 Bit        Muxes := 1     
	   5 Input      4 Bit        Muxes := 1     
	   2 Input      4 Bit        Muxes := 3     
	   2 Input      3 Bit        Muxes := 1     
	   2 Input      1 Bit        Muxes := 5     
	   3 Input      1 Bit        Muxes := 1     
Module xsdbs_v1_0_2_reg_p2s__parameterized7 
Detailed RTL Component Info : 
+---Adders : 
	   2 Input      4 Bit       Adders := 1     
+---XORs : 
	   2 Input     13 Bit         XORs := 1     
+---Registers : 
	               16 Bit    Registers := 2     
	                4 Bit    Registers := 1     
	                1 Bit    Registers := 3     
+---Muxes : 
	   2 Input     16 Bit        Muxes := 1     
	   2 Input     15 Bit        Muxes := 1     
	   5 Input      4 Bit        Muxes := 1     
	   2 Input      4 Bit        Muxes := 3     
	   2 Input      3 Bit        Muxes := 1     
	   2 Input      1 Bit        Muxes := 5     
	   3 Input      1 Bit        Muxes := 1     
Module xsdbs_v1_0_2_reg_p2s__parameterized8 
Detailed RTL Component Info : 
+---Adders : 
	   2 Input      4 Bit       Adders := 1     
+---XORs : 
	   2 Input     13 Bit         XORs := 1     
+---Registers : 
	               16 Bit    Registers := 2     
	                4 Bit    Registers := 1     
	                1 Bit    Registers := 3     
+---Muxes : 
	   2 Input     16 Bit        Muxes := 1     
	   2 Input     15 Bit        Muxes := 1     
	   5 Input      4 Bit        Muxes := 1     
	   2 Input      4 Bit        Muxes := 3     
	   2 Input      3 Bit        Muxes := 1     
	   2 Input      1 Bit        Muxes := 5     
	   3 Input      1 Bit        Muxes := 1     
Module xsdbs_v1_0_2_reg_p2s__parameterized9 
Detailed RTL Component Info : 
+---Adders : 
	   2 Input      4 Bit       Adders := 1     
+---XORs : 
	   2 Input     13 Bit         XORs := 1     
+---Registers : 
	               16 Bit    Registers := 2     
	                4 Bit    Registers := 1     
	                1 Bit    Registers := 3     
+---Muxes : 
	   2 Input     16 Bit        Muxes := 1     
	   2 Input     15 Bit        Muxes := 1     
	   5 Input      4 Bit        Muxes := 1     
	   2 Input      4 Bit        Muxes := 3     
	   2 Input      3 Bit        Muxes := 1     
	   2 Input      1 Bit        Muxes := 5     
	   3 Input      1 Bit        Muxes := 1     
Module xsdbs_v1_0_2_reg_p2s__parameterized10 
Detailed RTL Component Info : 
+---Adders : 
	   2 Input      4 Bit       Adders := 1     
+---XORs : 
	   2 Input     13 Bit         XORs := 1     
+---Registers : 
	               16 Bit    Registers := 2     
	                4 Bit    Registers := 1     
	                1 Bit    Registers := 3     
+---Muxes : 
	   2 Input     16 Bit        Muxes := 1     
	   2 Input     15 Bit        Muxes := 1     
	   5 Input      4 Bit        Muxes := 1     
	   2 Input      4 Bit        Muxes := 3     
	   2 Input      3 Bit        Muxes := 1     
	   2 Input      1 Bit        Muxes := 5     
	   3 Input      1 Bit        Muxes := 1     
Module xsdbs_v1_0_2_reg_p2s__parameterized11 
Detailed RTL Component Info : 
+---Adders : 
	   2 Input      4 Bit       Adders := 1     
+---XORs : 
	   2 Input     13 Bit         XORs := 1     
+---Registers : 
	               16 Bit    Registers := 2     
	                4 Bit    Registers := 1     
	                1 Bit    Registers := 3     
+---Muxes : 
	   2 Input     16 Bit        Muxes := 1     
	   2 Input     15 Bit        Muxes := 1     
	   5 Input      4 Bit        Muxes := 1     
	   2 Input      4 Bit        Muxes := 3     
	   2 Input      3 Bit        Muxes := 1     
	   2 Input      1 Bit        Muxes := 5     
	   3 Input      1 Bit        Muxes := 1     
Module xsdbs_v1_0_2_reg_p2s__parameterized12 
Detailed RTL Component Info : 
+---Adders : 
	   2 Input      4 Bit       Adders := 1     
+---XORs : 
	   2 Input     13 Bit         XORs := 1     
+---Registers : 
	               16 Bit    Registers := 2     
	                4 Bit    Registers := 1     
	                1 Bit    Registers := 3     
+---Muxes : 
	   2 Input     16 Bit        Muxes := 1     
	   2 Input     15 Bit        Muxes := 1     
	   5 Input      4 Bit        Muxes := 1     
	   2 Input      4 Bit        Muxes := 3     
	   2 Input      3 Bit        Muxes := 1     
	   2 Input      1 Bit        Muxes := 5     
	   3 Input      1 Bit        Muxes := 1     
Module xsdbs_v1_0_2_reg_p2s__parameterized13 
Detailed RTL Component Info : 
+---Adders : 
	   2 Input      4 Bit       Adders := 1     
+---XORs : 
	   2 Input     13 Bit         XORs := 1     
+---Registers : 
	               16 Bit    Registers := 2     
	                4 Bit    Registers := 1     
	                1 Bit    Registers := 3     
+---Muxes : 
	   2 Input     16 Bit        Muxes := 1     
	   2 Input     15 Bit        Muxes := 1     
	   5 Input      4 Bit        Muxes := 1     
	   2 Input      4 Bit        Muxes := 3     
	   2 Input      3 Bit        Muxes := 1     
	   2 Input      1 Bit        Muxes := 5     
	   3 Input      1 Bit        Muxes := 1     
Module xsdbs_v1_0_2_reg_p2s__parameterized14 
Detailed RTL Component Info : 
+---Adders : 
	   2 Input      4 Bit       Adders := 1     
+---XORs : 
	   2 Input     13 Bit         XORs := 1     
+---Registers : 
	               16 Bit    Registers := 2     
	                4 Bit    Registers := 1     
	                1 Bit    Registers := 3     
+---Muxes : 
	   2 Input     16 Bit        Muxes := 1     
	   2 Input     15 Bit        Muxes := 1     
	   5 Input      4 Bit        Muxes := 1     
	   2 Input      4 Bit        Muxes := 3     
	   2 Input      3 Bit        Muxes := 1     
	   2 Input      1 Bit        Muxes := 5     
	   3 Input      1 Bit        Muxes := 1     
Module xsdbs_v1_0_2_reg_p2s__parameterized15 
Detailed RTL Component Info : 
+---Adders : 
	   2 Input      4 Bit       Adders := 1     
+---XORs : 
	   2 Input     13 Bit         XORs := 1     
+---Registers : 
	               16 Bit    Registers := 2     
	                4 Bit    Registers := 1     
	                1 Bit    Registers := 3     
+---Muxes : 
	   2 Input     16 Bit        Muxes := 1     
	   2 Input     15 Bit        Muxes := 1     
	   5 Input      4 Bit        Muxes := 1     
	   2 Input      4 Bit        Muxes := 3     
	   2 Input      3 Bit        Muxes := 1     
	   2 Input      1 Bit        Muxes := 5     
	   3 Input      1 Bit        Muxes := 1     
Module xsdbs_v1_0_2_reg_p2s__parameterized16 
Detailed RTL Component Info : 
+---Adders : 
	   2 Input      4 Bit       Adders := 1     
+---XORs : 
	   2 Input     13 Bit         XORs := 1     
+---Registers : 
	               16 Bit    Registers := 2     
	                4 Bit    Registers := 1     
	                1 Bit    Registers := 3     
+---Muxes : 
	   2 Input     16 Bit        Muxes := 1     
	   2 Input     15 Bit        Muxes := 1     
	   5 Input      4 Bit        Muxes := 1     
	   2 Input      4 Bit        Muxes := 3     
	   2 Input      3 Bit        Muxes := 1     
	   2 Input      1 Bit        Muxes := 5     
	   3 Input      1 Bit        Muxes := 1     
Module xsdbs_v1_0_2_reg_p2s__parameterized17 
Detailed RTL Component Info : 
+---Adders : 
	   2 Input      4 Bit       Adders := 1     
+---XORs : 
	   2 Input     13 Bit         XORs := 1     
+---Registers : 
	               16 Bit    Registers := 2     
	                4 Bit    Registers := 1     
	                1 Bit    Registers := 3     
+---Muxes : 
	   2 Input     16 Bit        Muxes := 1     
	   2 Input     15 Bit        Muxes := 1     
	   5 Input      4 Bit        Muxes := 1     
	   2 Input      4 Bit        Muxes := 3     
	   2 Input      3 Bit        Muxes := 1     
	   2 Input      1 Bit        Muxes := 5     
	   3 Input      1 Bit        Muxes := 1     
Module xsdbs_v1_0_2_reg_p2s__parameterized18 
Detailed RTL Component Info : 
+---Adders : 
	   2 Input      4 Bit       Adders := 1     
+---XORs : 
	   2 Input     13 Bit         XORs := 1     
+---Registers : 
	               16 Bit    Registers := 2     
	                4 Bit    Registers := 1     
	                1 Bit    Registers := 3     
+---Muxes : 
	   2 Input     16 Bit        Muxes := 1     
	   2 Input     15 Bit        Muxes := 1     
	   5 Input      4 Bit        Muxes := 1     
	   2 Input      4 Bit        Muxes := 3     
	   2 Input      3 Bit        Muxes := 1     
	   2 Input      1 Bit        Muxes := 5     
	   3 Input      1 Bit        Muxes := 1     
Module xsdbs_v1_0_2_reg_p2s__parameterized19 
Detailed RTL Component Info : 
+---Adders : 
	   2 Input      4 Bit       Adders := 1     
+---XORs : 
	   2 Input     13 Bit         XORs := 1     
+---Registers : 
	               16 Bit    Registers := 2     
	                4 Bit    Registers := 1     
	                1 Bit    Registers := 3     
+---Muxes : 
	   2 Input     16 Bit        Muxes := 1     
	   2 Input     15 Bit        Muxes := 1     
	   5 Input      4 Bit        Muxes := 1     
	   2 Input      4 Bit        Muxes := 3     
	   2 Input      3 Bit        Muxes := 1     
	   2 Input      1 Bit        Muxes := 5     
	   3 Input      1 Bit        Muxes := 1     
Module xsdbs_v1_0_2_reg_p2s__parameterized20 
Detailed RTL Component Info : 
+---Adders : 
	   2 Input      4 Bit       Adders := 1     
+---XORs : 
	   2 Input     13 Bit         XORs := 1     
+---Registers : 
	               16 Bit    Registers := 2     
	                4 Bit    Registers := 1     
	                1 Bit    Registers := 3     
+---Muxes : 
	   2 Input     16 Bit        Muxes := 1     
	   2 Input     15 Bit        Muxes := 1     
	   5 Input      4 Bit        Muxes := 1     
	   2 Input      4 Bit        Muxes := 3     
	   2 Input      3 Bit        Muxes := 1     
	   2 Input      1 Bit        Muxes := 5     
	   3 Input      1 Bit        Muxes := 1     
Module xsdbs_v1_0_2_reg_p2s__parameterized21 
Detailed RTL Component Info : 
+---Adders : 
	   2 Input      4 Bit       Adders := 1     
+---XORs : 
	   2 Input     13 Bit         XORs := 1     
+---Registers : 
	               16 Bit    Registers := 2     
	                4 Bit    Registers := 1     
	                1 Bit    Registers := 3     
+---Muxes : 
	   2 Input     16 Bit        Muxes := 1     
	   2 Input     15 Bit        Muxes := 1     
	   5 Input      4 Bit        Muxes := 1     
	   2 Input      4 Bit        Muxes := 3     
	   2 Input      3 Bit        Muxes := 1     
	   2 Input      1 Bit        Muxes := 5     
	   3 Input      1 Bit        Muxes := 1     
Module xsdbs_v1_0_2_reg_p2s__parameterized22 
Detailed RTL Component Info : 
+---Adders : 
	   2 Input      4 Bit       Adders := 1     
+---XORs : 
	   2 Input     13 Bit         XORs := 1     
+---Registers : 
	               16 Bit    Registers := 2     
	                4 Bit    Registers := 1     
	                1 Bit    Registers := 3     
+---Muxes : 
	   2 Input     16 Bit        Muxes := 1     
	   2 Input     15 Bit        Muxes := 1     
	   5 Input      4 Bit        Muxes := 1     
	   2 Input      4 Bit        Muxes := 3     
	   2 Input      3 Bit        Muxes := 1     
	   2 Input      1 Bit        Muxes := 5     
	   3 Input      1 Bit        Muxes := 1     
Module xsdbs_v1_0_2_reg_p2s__parameterized23 
Detailed RTL Component Info : 
+---Adders : 
	   2 Input      4 Bit       Adders := 1     
+---XORs : 
	   2 Input     13 Bit         XORs := 1     
+---Registers : 
	               16 Bit    Registers := 2     
	                4 Bit    Registers := 1     
	                1 Bit    Registers := 3     
+---Muxes : 
	   2 Input     16 Bit        Muxes := 1     
	   2 Input     15 Bit        Muxes := 1     
	   5 Input      4 Bit        Muxes := 1     
	   2 Input      4 Bit        Muxes := 3     
	   2 Input      3 Bit        Muxes := 1     
	   2 Input      1 Bit        Muxes := 5     
	   3 Input      1 Bit        Muxes := 1     
Module xsdbs_v1_0_2_reg_p2s__parameterized24 
Detailed RTL Component Info : 
+---Adders : 
	   2 Input      4 Bit       Adders := 1     
+---XORs : 
	   2 Input     13 Bit         XORs := 1     
+---Registers : 
	               16 Bit    Registers := 2     
	                4 Bit    Registers := 1     
	                1 Bit    Registers := 3     
+---Muxes : 
	   2 Input     16 Bit        Muxes := 1     
	   2 Input     15 Bit        Muxes := 1     
	   5 Input      4 Bit        Muxes := 1     
	   2 Input      4 Bit        Muxes := 3     
	   2 Input      3 Bit        Muxes := 1     
	   2 Input      1 Bit        Muxes := 5     
	   3 Input      1 Bit        Muxes := 1     
Module xsdbs_v1_0_2_reg_p2s__parameterized25 
Detailed RTL Component Info : 
+---Adders : 
	   2 Input      4 Bit       Adders := 1     
+---XORs : 
	   2 Input     13 Bit         XORs := 1     
+---Registers : 
	               16 Bit    Registers := 2     
	                4 Bit    Registers := 1     
	                1 Bit    Registers := 3     
+---Muxes : 
	   2 Input     16 Bit        Muxes := 1     
	   2 Input     15 Bit        Muxes := 1     
	   5 Input      4 Bit        Muxes := 1     
	   2 Input      4 Bit        Muxes := 3     
	   2 Input      3 Bit        Muxes := 1     
	   2 Input      1 Bit        Muxes := 5     
	   3 Input      1 Bit        Muxes := 1     
Module xsdbs_v1_0_2_reg_p2s__parameterized26 
Detailed RTL Component Info : 
+---Adders : 
	   2 Input      4 Bit       Adders := 1     
+---XORs : 
	   2 Input     13 Bit         XORs := 1     
+---Registers : 
	               16 Bit    Registers := 2     
	                4 Bit    Registers := 1     
	                1 Bit    Registers := 3     
+---Muxes : 
	   2 Input     16 Bit        Muxes := 1     
	   2 Input     15 Bit        Muxes := 1     
	   5 Input      4 Bit        Muxes := 1     
	   2 Input      4 Bit        Muxes := 3     
	   2 Input      3 Bit        Muxes := 1     
	   2 Input      1 Bit        Muxes := 5     
	   3 Input      1 Bit        Muxes := 1     
Module xsdbs_v1_0_2_reg_p2s__parameterized27 
Detailed RTL Component Info : 
+---Adders : 
	   2 Input      4 Bit       Adders := 1     
+---XORs : 
	   2 Input     13 Bit         XORs := 1     
+---Registers : 
	               16 Bit    Registers := 2     
	                4 Bit    Registers := 1     
	                1 Bit    Registers := 3     
+---Muxes : 
	   2 Input     16 Bit        Muxes := 1     
	   2 Input     15 Bit        Muxes := 1     
	   5 Input      4 Bit        Muxes := 1     
	   2 Input      4 Bit        Muxes := 3     
	   2 Input      3 Bit        Muxes := 1     
	   2 Input      1 Bit        Muxes := 5     
	   3 Input      1 Bit        Muxes := 1     
Module xsdbs_v1_0_2_reg_p2s__parameterized28 
Detailed RTL Component Info : 
+---Adders : 
	   2 Input      4 Bit       Adders := 1     
+---XORs : 
	   2 Input     13 Bit         XORs := 1     
+---Registers : 
	               16 Bit    Registers := 2     
	                4 Bit    Registers := 1     
	                1 Bit    Registers := 3     
+---Muxes : 
	   2 Input     16 Bit        Muxes := 1     
	   2 Input     15 Bit        Muxes := 1     
	   5 Input      4 Bit        Muxes := 1     
	   2 Input      4 Bit        Muxes := 3     
	   2 Input      3 Bit        Muxes := 1     
	   2 Input      1 Bit        Muxes := 5     
	   3 Input      1 Bit        Muxes := 1     
Module xsdbs_v1_0_2_reg_p2s__parameterized29 
Detailed RTL Component Info : 
+---Adders : 
	   2 Input      4 Bit       Adders := 1     
+---XORs : 
	   2 Input     13 Bit         XORs := 1     
+---Registers : 
	               16 Bit    Registers := 2     
	                4 Bit    Registers := 1     
	                1 Bit    Registers := 3     
+---Muxes : 
	   2 Input     16 Bit        Muxes := 1     
	   2 Input     15 Bit        Muxes := 1     
	   5 Input      4 Bit        Muxes := 1     
	   2 Input      4 Bit        Muxes := 3     
	   2 Input      3 Bit        Muxes := 1     
	   2 Input      1 Bit        Muxes := 5     
	   3 Input      1 Bit        Muxes := 1     
Module xsdbs_v1_0_2_reg_p2s__parameterized30 
Detailed RTL Component Info : 
+---Adders : 
	   2 Input      4 Bit       Adders := 1     
+---XORs : 
	   2 Input     13 Bit         XORs := 1     
+---Registers : 
	               16 Bit    Registers := 2     
	                4 Bit    Registers := 1     
	                1 Bit    Registers := 3     
+---Muxes : 
	   2 Input     16 Bit        Muxes := 1     
	   2 Input     15 Bit        Muxes := 1     
	   5 Input      4 Bit        Muxes := 1     
	   2 Input      4 Bit        Muxes := 3     
	   2 Input      3 Bit        Muxes := 1     
	   2 Input      1 Bit        Muxes := 5     
	   3 Input      1 Bit        Muxes := 1     
Module xsdbs_v1_0_2_reg_p2s__parameterized31 
Detailed RTL Component Info : 
+---Adders : 
	   2 Input      4 Bit       Adders := 1     
+---XORs : 
	   2 Input     13 Bit         XORs := 1     
+---Registers : 
	               16 Bit    Registers := 2     
	                4 Bit    Registers := 1     
	                1 Bit    Registers := 3     
+---Muxes : 
	   2 Input     16 Bit        Muxes := 1     
	   2 Input     15 Bit        Muxes := 1     
	   5 Input      4 Bit        Muxes := 1     
	   2 Input      4 Bit        Muxes := 3     
	   2 Input      3 Bit        Muxes := 1     
	   2 Input      1 Bit        Muxes := 5     
	   3 Input      1 Bit        Muxes := 1     
Module xsdbs_v1_0_2_reg_p2s__parameterized32 
Detailed RTL Component Info : 
+---Adders : 
	   2 Input      4 Bit       Adders := 1     
+---XORs : 
	   2 Input     13 Bit         XORs := 1     
+---Registers : 
	               16 Bit    Registers := 2     
	                4 Bit    Registers := 1     
	                1 Bit    Registers := 3     
+---Muxes : 
	   2 Input     16 Bit        Muxes := 1     
	   2 Input     15 Bit        Muxes := 1     
	   5 Input      4 Bit        Muxes := 1     
	   2 Input      4 Bit        Muxes := 3     
	   2 Input      3 Bit        Muxes := 1     
	   2 Input      1 Bit        Muxes := 5     
	   3 Input      1 Bit        Muxes := 1     
Module xsdbs_v1_0_2_reg_p2s__parameterized33 
Detailed RTL Component Info : 
+---Adders : 
	   2 Input      4 Bit       Adders := 1     
+---XORs : 
	   2 Input     13 Bit         XORs := 1     
+---Registers : 
	               16 Bit    Registers := 2     
	                4 Bit    Registers := 1     
	                1 Bit    Registers := 3     
+---Muxes : 
	   2 Input     16 Bit        Muxes := 1     
	   2 Input     15 Bit        Muxes := 1     
	   5 Input      4 Bit        Muxes := 1     
	   2 Input      4 Bit        Muxes := 3     
	   2 Input      3 Bit        Muxes := 1     
	   2 Input      1 Bit        Muxes := 5     
	   3 Input      1 Bit        Muxes := 1     
Module xsdbs_v1_0_2_reg_p2s__parameterized34 
Detailed RTL Component Info : 
+---Adders : 
	   2 Input      4 Bit       Adders := 1     
+---XORs : 
	   2 Input     13 Bit         XORs := 1     
+---Registers : 
	               16 Bit    Registers := 2     
	                4 Bit    Registers := 1     
	                1 Bit    Registers := 3     
+---Muxes : 
	   2 Input     16 Bit        Muxes := 1     
	   2 Input     15 Bit        Muxes := 1     
	   5 Input      4 Bit        Muxes := 1     
	   2 Input      4 Bit        Muxes := 3     
	   2 Input      3 Bit        Muxes := 1     
	   2 Input      1 Bit        Muxes := 5     
	   3 Input      1 Bit        Muxes := 1     
Module xsdbs_v1_0_2_reg_p2s__parameterized35 
Detailed RTL Component Info : 
+---Adders : 
	   2 Input      4 Bit       Adders := 1     
+---XORs : 
	   2 Input     13 Bit         XORs := 1     
+---Registers : 
	               16 Bit    Registers := 2     
	                4 Bit    Registers := 1     
	                1 Bit    Registers := 3     
+---Muxes : 
	   2 Input     16 Bit        Muxes := 1     
	   2 Input     15 Bit        Muxes := 1     
	   5 Input      4 Bit        Muxes := 1     
	   2 Input      4 Bit        Muxes := 3     
	   2 Input      3 Bit        Muxes := 1     
	   2 Input      1 Bit        Muxes := 5     
	   3 Input      1 Bit        Muxes := 1     
Module xsdbs_v1_0_2_reg_p2s__parameterized36 
Detailed RTL Component Info : 
+---Adders : 
	   2 Input      4 Bit       Adders := 1     
+---XORs : 
	   2 Input     13 Bit         XORs := 1     
+---Registers : 
	               16 Bit    Registers := 2     
	                4 Bit    Registers := 1     
	                1 Bit    Registers := 3     
+---Muxes : 
	   2 Input     16 Bit        Muxes := 1     
	   2 Input     15 Bit        Muxes := 1     
	   5 Input      4 Bit        Muxes := 1     
	   2 Input      4 Bit        Muxes := 3     
	   2 Input      3 Bit        Muxes := 1     
	   2 Input      1 Bit        Muxes := 5     
	   3 Input      1 Bit        Muxes := 1     
Module xsdbs_v1_0_2_reg_p2s__parameterized37 
Detailed RTL Component Info : 
+---Adders : 
	   2 Input      4 Bit       Adders := 1     
+---XORs : 
	   2 Input     13 Bit         XORs := 1     
+---Registers : 
	               16 Bit    Registers := 2     
	                4 Bit    Registers := 1     
	                1 Bit    Registers := 3     
+---Muxes : 
	   2 Input     16 Bit        Muxes := 1     
	   2 Input     15 Bit        Muxes := 1     
	   5 Input      4 Bit        Muxes := 1     
	   2 Input      4 Bit        Muxes := 3     
	   2 Input      3 Bit        Muxes := 1     
	   2 Input      1 Bit        Muxes := 5     
	   3 Input      1 Bit        Muxes := 1     
Module xsdbs_v1_0_2_reg_p2s__parameterized38 
Detailed RTL Component Info : 
+---Adders : 
	   2 Input      4 Bit       Adders := 1     
+---XORs : 
	   2 Input     13 Bit         XORs := 1     
+---Registers : 
	               16 Bit    Registers := 2     
	                4 Bit    Registers := 1     
	                1 Bit    Registers := 3     
+---Muxes : 
	   2 Input     16 Bit        Muxes := 1     
	   2 Input     15 Bit        Muxes := 1     
	   5 Input      4 Bit        Muxes := 1     
	   2 Input      4 Bit        Muxes := 3     
	   2 Input      3 Bit        Muxes := 1     
	   2 Input      1 Bit        Muxes := 5     
	   3 Input      1 Bit        Muxes := 1     
Module xsdbs_v1_0_2_reg_p2s__parameterized39 
Detailed RTL Component Info : 
+---Adders : 
	   2 Input      4 Bit       Adders := 1     
+---XORs : 
	   2 Input     13 Bit         XORs := 1     
+---Registers : 
	               16 Bit    Registers := 2     
	                4 Bit    Registers := 1     
	                1 Bit    Registers := 3     
+---Muxes : 
	   2 Input     16 Bit        Muxes := 1     
	   2 Input     15 Bit        Muxes := 1     
	   5 Input      4 Bit        Muxes := 1     
	   2 Input      4 Bit        Muxes := 3     
	   2 Input      3 Bit        Muxes := 1     
	   2 Input      1 Bit        Muxes := 5     
	   3 Input      1 Bit        Muxes := 1     
Module xsdbs_v1_0_2_reg_p2s__parameterized40 
Detailed RTL Component Info : 
+---Adders : 
	   2 Input      4 Bit       Adders := 1     
+---XORs : 
	   2 Input     13 Bit         XORs := 1     
+---Registers : 
	               16 Bit    Registers := 2     
	                4 Bit    Registers := 1     
	                1 Bit    Registers := 3     
+---Muxes : 
	   2 Input     16 Bit        Muxes := 1     
	   2 Input     15 Bit        Muxes := 1     
	   5 Input      4 Bit        Muxes := 1     
	   2 Input      4 Bit        Muxes := 3     
	   2 Input      3 Bit        Muxes := 1     
	   2 Input      1 Bit        Muxes := 5     
	   3 Input      1 Bit        Muxes := 1     
Module xsdbs_v1_0_2_reg_p2s__parameterized41 
Detailed RTL Component Info : 
+---Adders : 
	   2 Input      4 Bit       Adders := 1     
+---XORs : 
	   2 Input     13 Bit         XORs := 1     
+---Registers : 
	               16 Bit    Registers := 2     
	                4 Bit    Registers := 1     
	                1 Bit    Registers := 3     
+---Muxes : 
	   2 Input     16 Bit        Muxes := 1     
	   2 Input     15 Bit        Muxes := 1     
	   5 Input      4 Bit        Muxes := 1     
	   2 Input      4 Bit        Muxes := 3     
	   2 Input      3 Bit        Muxes := 1     
	   2 Input      1 Bit        Muxes := 5     
	   3 Input      1 Bit        Muxes := 1     
Module xsdbs_v1_0_2_reg_p2s__parameterized42 
Detailed RTL Component Info : 
+---Adders : 
	   2 Input      4 Bit       Adders := 1     
+---XORs : 
	   2 Input     13 Bit         XORs := 1     
+---Registers : 
	               16 Bit    Registers := 2     
	                4 Bit    Registers := 1     
	                1 Bit    Registers := 3     
+---Muxes : 
	   2 Input     16 Bit        Muxes := 1     
	   2 Input     15 Bit        Muxes := 1     
	   5 Input      4 Bit        Muxes := 1     
	   2 Input      4 Bit        Muxes := 3     
	   2 Input      3 Bit        Muxes := 1     
	   2 Input      1 Bit        Muxes := 5     
	   3 Input      1 Bit        Muxes := 1     
Module xsdbs_v1_0_2_reg_p2s__parameterized43 
Detailed RTL Component Info : 
+---Adders : 
	   2 Input      4 Bit       Adders := 1     
+---XORs : 
	   2 Input     13 Bit         XORs := 1     
+---Registers : 
	               16 Bit    Registers := 2     
	                4 Bit    Registers := 1     
	                1 Bit    Registers := 3     
+---Muxes : 
	   2 Input     16 Bit        Muxes := 1     
	   2 Input     15 Bit        Muxes := 1     
	   5 Input      4 Bit        Muxes := 1     
	   2 Input      4 Bit        Muxes := 3     
	   2 Input      3 Bit        Muxes := 1     
	   2 Input      1 Bit        Muxes := 5     
	   3 Input      1 Bit        Muxes := 1     
Module xsdbs_v1_0_2_reg_p2s__parameterized44 
Detailed RTL Component Info : 
+---Adders : 
	   2 Input      4 Bit       Adders := 1     
+---XORs : 
	   2 Input     13 Bit         XORs := 1     
+---Registers : 
	               16 Bit    Registers := 2     
	                4 Bit    Registers := 1     
	                1 Bit    Registers := 3     
+---Muxes : 
	   2 Input     16 Bit        Muxes := 1     
	   2 Input     15 Bit        Muxes := 1     
	   5 Input      4 Bit        Muxes := 1     
	   2 Input      4 Bit        Muxes := 3     
	   2 Input      3 Bit        Muxes := 1     
	   2 Input      1 Bit        Muxes := 5     
	   3 Input      1 Bit        Muxes := 1     
Module xsdbs_v1_0_2_reg_p2s__parameterized45 
Detailed RTL Component Info : 
+---Adders : 
	   2 Input      4 Bit       Adders := 1     
+---XORs : 
	   2 Input     13 Bit         XORs := 1     
+---Registers : 
	               16 Bit    Registers := 2     
	                4 Bit    Registers := 1     
	                1 Bit    Registers := 3     
+---Muxes : 
	   2 Input     16 Bit        Muxes := 1     
	   2 Input     15 Bit        Muxes := 1     
	   5 Input      4 Bit        Muxes := 1     
	   2 Input      4 Bit        Muxes := 3     
	   2 Input      3 Bit        Muxes := 1     
	   2 Input      1 Bit        Muxes := 5     
	   3 Input      1 Bit        Muxes := 1     
Module ila_v6_2_9_ila_register 
Detailed RTL Component Info : 
+---Adders : 
	   2 Input      9 Bit       Adders := 1     
	   2 Input      7 Bit       Adders := 2     
	   2 Input      6 Bit       Adders := 1     
+---Registers : 
	             1024 Bit    Registers := 2     
	               17 Bit    Registers := 1     
	               16 Bit    Registers := 12    
	                9 Bit    Registers := 1     
	                7 Bit    Registers := 2     
	                6 Bit    Registers := 1     
	                1 Bit    Registers := 31    
+---Muxes : 
	   2 Input     16 Bit        Muxes := 8     
	   4 Input     16 Bit        Muxes := 1     
	   3 Input     16 Bit        Muxes := 1     
	   8 Input     16 Bit        Muxes := 1     
	   3 Input     13 Bit        Muxes := 1     
	   2 Input      6 Bit        Muxes := 4     
	   2 Input      5 Bit        Muxes := 2     
	  10 Input      3 Bit        Muxes := 1     
	   2 Input      1 Bit        Muxes := 13    
	   9 Input      1 Bit        Muxes := 1     
Module ltlib_v1_0_0_all_typeA_slice__parameterized0 
Detailed RTL Component Info : 
+---Registers : 
	                1 Bit    Registers := 1     
Module ltlib_v1_0_0_allx_typeA__parameterized0 
Detailed RTL Component Info : 
+---Registers : 
	                2 Bit    Registers := 2     
Module ltlib_v1_0_0_match__parameterized0 
Detailed RTL Component Info : 
+---Registers : 
	                1 Bit    Registers := 1     
Module ltlib_v1_0_0_allx_typeA__parameterized1 
Detailed RTL Component Info : 
+---Registers : 
	               32 Bit    Registers := 2     
Module ltlib_v1_0_0_match__parameterized1 
Detailed RTL Component Info : 
+---Registers : 
	                1 Bit    Registers := 1     
Module ltlib_v1_0_0_allx_typeA__parameterized2 
Detailed RTL Component Info : 
+---Registers : 
	                8 Bit    Registers := 2     
Module ltlib_v1_0_0_match__parameterized2 
Detailed RTL Component Info : 
+---Registers : 
	                1 Bit    Registers := 1     
Module ltlib_v1_0_0_allx_typeA__parameterized3 
Detailed RTL Component Info : 
+---Registers : 
	                3 Bit    Registers := 2     
Module ltlib_v1_0_0_match__parameterized3 
Detailed RTL Component Info : 
+---Registers : 
	                1 Bit    Registers := 1     
Module ltlib_v1_0_0_allx_typeA__parameterized4 
Detailed RTL Component Info : 
+---Registers : 
	                4 Bit    Registers := 2     
Module ltlib_v1_0_0_match__parameterized4 
Detailed RTL Component Info : 
+---Registers : 
	                1 Bit    Registers := 1     
Module ltlib_v1_0_0_allx_typeA__parameterized5 
Detailed RTL Component Info : 
+---Registers : 
	                1 Bit    Registers := 2     
Module ltlib_v1_0_0_match__parameterized5 
Detailed RTL Component Info : 
+---Registers : 
	                1 Bit    Registers := 1     
Module ltlib_v1_0_0_allx_typeA 
Detailed RTL Component Info : 
+---Registers : 
	               46 Bit    Registers := 1     
Module ltlib_v1_0_0_match 
Detailed RTL Component Info : 
+---Registers : 
	                1 Bit    Registers := 1     
Module ila_v6_2_9_ila_trigger 
Detailed RTL Component Info : 
+---Registers : 
	                1 Bit    Registers := 3     
Module ltlib_v1_0_0_async_edge_xfer 
Detailed RTL Component Info : 
+---XORs : 
	   2 Input      1 Bit         XORs := 1     
+---Registers : 
	                1 Bit    Registers := 5     
Module ltlib_v1_0_0_rising_edge_detection 
Detailed RTL Component Info : 
+---Registers : 
	                2 Bit    Registers := 1     
	                1 Bit    Registers := 1     
+---Muxes : 
	   2 Input      2 Bit        Muxes := 2     
Module ila_v6_2_9_ila_reset_ctrl 
Detailed RTL Component Info : 
+---Registers : 
	                6 Bit    Registers := 1     
	                1 Bit    Registers := 2     
Module ltlib_v1_0_0_cfglut7 
Detailed RTL Component Info : 
+---Registers : 
	                1 Bit    Registers := 1     
+---Muxes : 
	   2 Input      1 Bit        Muxes := 3     
Module ltlib_v1_0_0_cfglut6 
Detailed RTL Component Info : 
+---Muxes : 
	   2 Input      1 Bit        Muxes := 1     
Module ltlib_v1_0_0_allx_typeA_nodelay 
Detailed RTL Component Info : 
+---Registers : 
	               10 Bit    Registers := 1     
Module ila_v6_2_9_ila_cap_sample_counter 
Detailed RTL Component Info : 
+---Adders : 
	   2 Input     10 Bit       Adders := 1     
+---Registers : 
	               10 Bit    Registers := 1     
Module ila_v6_2_9_ila_cap_window_counter 
Detailed RTL Component Info : 
+---Adders : 
	   2 Input     10 Bit       Adders := 1     
+---Registers : 
	               10 Bit    Registers := 1     
Module ila_v6_2_9_ila_cap_addrgen 
Detailed RTL Component Info : 
+---Registers : 
	               33 Bit    Registers := 2     
	               16 Bit    Registers := 1     
	               10 Bit    Registers := 3     
	                1 Bit    Registers := 2     
+---Muxes : 
	   2 Input      1 Bit        Muxes := 10    
Module ltlib_v1_0_0_cfglut6__parameterized0 
Detailed RTL Component Info : 
+---Registers : 
	                1 Bit    Registers := 1     
+---Muxes : 
	   2 Input      1 Bit        Muxes := 1     
Module ila_v6_2_9_ila_cap_ctrl_legacy 
Detailed RTL Component Info : 
+---Registers : 
	                1 Bit    Registers := 3     
+---Muxes : 
	   2 Input      1 Bit        Muxes := 1     
	   4 Input      1 Bit        Muxes := 1     
Module ltlib_v1_0_0_generic_memrd 
Detailed RTL Component Info : 
+---Adders : 
	   2 Input     10 Bit       Adders := 1     
	   2 Input      5 Bit       Adders := 1     
+---Registers : 
	              432 Bit    Registers := 1     
	               10 Bit    Registers := 1     
	                7 Bit    Registers := 1     
	                5 Bit    Registers := 1     
	                4 Bit    Registers := 2     
	                1 Bit    Registers := 3     
+---Muxes : 
	   8 Input     10 Bit        Muxes := 1     
	   3 Input      7 Bit        Muxes := 1     
	   8 Input      7 Bit        Muxes := 1     
	   8 Input      5 Bit        Muxes := 1     
	   2 Input      4 Bit        Muxes := 1     
	   2 Input      2 Bit        Muxes := 1     
	   8 Input      1 Bit        Muxes := 5     
Module ila_v6_2_9_ila_core 
Detailed RTL Component Info : 
+---Registers : 
	              422 Bit    Registers := 9     
	               16 Bit    Registers := 2     
	                2 Bit    Registers := 3     
	                1 Bit    Registers := 5     
+---Muxes : 
	   2 Input    422 Bit        Muxes := 1     
Module ila_v6_2_9_ila 
Detailed RTL Component Info : 
+---Registers : 
	                1 Bit    Registers := 6     
---------------------------------------------------------------------------------
Finished RTL Hierarchical Component Statistics
---------------------------------------------------------------------------------
---------------------------------------------------------------------------------
Start Part Resource Summary
---------------------------------------------------------------------------------
Part Resources:
DSPs: 220 (col length:60)
BRAMs: 280 (col length: RAMB18 60 RAMB36 30)
---------------------------------------------------------------------------------
Finished Part Resource Summary
---------------------------------------------------------------------------------
---------------------------------------------------------------------------------
Start Cross Boundary and Area Optimization
---------------------------------------------------------------------------------
Warning: Parallel synthesis criteria is not met 
INFO: [Synth 8-3333] propagating constant 0 across sequential element (inst/ila_lib/inst/\ila_core_inst/u_ila_regs /\shift_reg1_reg[1008] )
INFO: [Synth 8-3333] propagating constant 0 across sequential element (inst/ila_lib/inst/\ila_core_inst/u_ila_regs /\shift_reg0_reg[1008] )
INFO: [Synth 8-3333] propagating constant 0 across sequential element (inst/ila_lib/inst/\ila_core_inst/u_ila_regs /\shift_reg1_reg[1009] )
INFO: [Synth 8-3333] propagating constant 0 across sequential element (inst/ila_lib/inst/\ila_core_inst/u_ila_regs /\shift_reg0_reg[1009] )
INFO: [Synth 8-3333] propagating constant 0 across sequential element (inst/ila_lib/inst/\ila_core_inst/u_ila_regs /\shift_reg1_reg[1010] )
INFO: [Synth 8-3333] propagating constant 0 across sequential element (inst/ila_lib/inst/\ila_core_inst/u_ila_regs /\shift_reg0_reg[1010] )
INFO: [Synth 8-3333] propagating constant 0 across sequential element (inst/ila_lib/inst/\ila_core_inst/u_ila_regs /\shift_reg1_reg[1011] )
INFO: [Synth 8-3333] propagating constant 0 across sequential element (inst/ila_lib/inst/\ila_core_inst/u_ila_regs /\shift_reg0_reg[1011] )
INFO: [Synth 8-3333] propagating constant 0 across sequential element (inst/ila_lib/inst/\ila_core_inst/u_ila_regs /\shift_reg1_reg[1012] )
INFO: [Synth 8-3333] propagating constant 0 across sequential element (inst/ila_lib/inst/\ila_core_inst/u_ila_regs /\shift_reg0_reg[1012] )
INFO: [Synth 8-3333] propagating constant 0 across sequential element (inst/ila_lib/inst/\ila_core_inst/u_ila_regs /\shift_reg1_reg[1013] )
INFO: [Synth 8-3333] propagating constant 0 across sequential element (inst/ila_lib/inst/\ila_core_inst/u_ila_regs /\shift_reg0_reg[1013] )
INFO: [Synth 8-3333] propagating constant 0 across sequential element (inst/ila_lib/inst/\ila_core_inst/u_ila_regs /\shift_reg1_reg[1014] )
INFO: [Synth 8-3333] propagating constant 0 across sequential element (inst/ila_lib/inst/\ila_core_inst/u_ila_regs /\shift_reg0_reg[1014] )
INFO: [Synth 8-3333] propagating constant 0 across sequential element (inst/ila_lib/inst/\ila_core_inst/u_ila_regs /\shift_reg1_reg[1015] )
INFO: [Synth 8-3333] propagating constant 0 across sequential element (inst/ila_lib/inst/\ila_core_inst/u_ila_regs /\shift_reg0_reg[1015] )
INFO: [Synth 8-3333] propagating constant 0 across sequential element (inst/ila_lib/inst/\ila_core_inst/u_ila_regs /\shift_reg1_reg[1016] )
INFO: [Synth 8-3333] propagating constant 0 across sequential element (inst/ila_lib/inst/\ila_core_inst/u_ila_regs /\shift_reg0_reg[1016] )
INFO: [Synth 8-3333] propagating constant 0 across sequential element (inst/ila_lib/inst/\ila_core_inst/u_ila_regs /\shift_reg1_reg[1017] )
INFO: [Synth 8-3333] propagating constant 0 across sequential element (inst/ila_lib/inst/\ila_core_inst/u_ila_regs /\shift_reg0_reg[1017] )
INFO: [Synth 8-3333] propagating constant 0 across sequential element (inst/ila_lib/inst/\ila_core_inst/u_ila_regs /\shift_reg1_reg[1018] )
INFO: [Synth 8-3333] propagating constant 0 across sequential element (inst/ila_lib/inst/\ila_core_inst/u_ila_regs /\shift_reg0_reg[1018] )
INFO: [Synth 8-3333] propagating constant 0 across sequential element (inst/ila_lib/inst/\ila_core_inst/u_ila_regs /\shift_reg1_reg[1019] )
INFO: [Synth 8-3333] propagating constant 0 across sequential element (inst/ila_lib/inst/\ila_core_inst/u_ila_regs /\shift_reg0_reg[1019] )
INFO: [Synth 8-3333] propagating constant 0 across sequential element (inst/ila_lib/inst/\ila_core_inst/u_ila_regs /\shift_reg1_reg[1020] )
INFO: [Synth 8-3333] propagating constant 0 across sequential element (inst/ila_lib/inst/\ila_core_inst/u_ila_regs /\shift_reg0_reg[1020] )
INFO: [Synth 8-3333] propagating constant 0 across sequential element (inst/ila_lib/inst/\ila_core_inst/u_ila_regs /\shift_reg1_reg[1021] )
INFO: [Synth 8-3333] propagating constant 0 across sequential element (inst/ila_lib/inst/\ila_core_inst/u_ila_regs /\shift_reg0_reg[1021] )
INFO: [Synth 8-3333] propagating constant 0 across sequential element (inst/ila_lib/inst/\ila_core_inst/u_ila_regs /\shift_reg1_reg[1022] )
INFO: [Synth 8-3333] propagating constant 0 across sequential element (inst/ila_lib/inst/\ila_core_inst/u_ila_regs /\shift_reg0_reg[1022] )
INFO: [Synth 8-3333] propagating constant 0 across sequential element (inst/ila_lib/inst/\ila_core_inst/u_ila_regs /\shift_reg1_reg[1023] )
INFO: [Synth 8-3333] propagating constant 0 across sequential element (inst/ila_lib/inst/\ila_core_inst/u_ila_regs /\shift_reg0_reg[1023] )
INFO: [Synth 8-3333] propagating constant 0 across sequential element (inst/ila_lib/inst/\ila_core_inst/u_trig/shift_cap_strg_qual_reg )
INFO: [Synth 8-3886] merging instance 'inst/ila_lib/inst/ila_core_inst/u_ila_regs/slaveRegDo_ff8_reg[0]' (FDRE) to 'inst/ila_lib/inst/ila_core_inst/u_ila_regs/slaveRegDo_ff8_reg[10]'
INFO: [Synth 8-3333] propagating constant 1 across sequential element (inst/ila_lib/inst/\ila_core_inst/u_ila_regs /\slaveRegDo_ff7_reg[0] )
INFO: [Synth 8-3333] propagating constant 0 across sequential element (inst/ila_lib/inst/\ila_core_inst/u_ila_regs /\reg_88f/I_EN_STAT_EQ1.U_STAT/xsdb_reg_reg[0] )
INFO: [Synth 8-3333] propagating constant 0 across sequential element (inst/ila_lib/inst/\ila_core_inst/u_ila_regs /\reg_892/I_EN_STAT_EQ1.U_STAT/xsdb_reg_reg[0] )
INFO: [Synth 8-3333] propagating constant 0 across sequential element (inst/ila_lib/inst/\ila_core_inst/u_ila_regs /\reg_887/I_EN_STAT_EQ1.U_STAT/xsdb_reg_reg[0] )
INFO: [Synth 8-3333] propagating constant 1 across sequential element (inst/ila_lib/inst/\ila_core_inst/u_ila_regs /\N_DDR_MODE_MU1.MU_STATUS[45].mu_tpid_reg/I_EN_STAT_EQ1.U_STAT/xsdb_reg_reg[0] )
INFO: [Synth 8-3333] propagating constant 0 across sequential element (inst/ila_lib/inst/\ila_core_inst/u_ila_regs /\N_DDR_MODE_MU1.MU_STATUS[44].mu_tpid_reg/I_EN_STAT_EQ1.U_STAT/xsdb_reg_reg[0] )
INFO: [Synth 8-3333] propagating constant 1 across sequential element (inst/ila_lib/inst/\ila_core_inst/u_ila_regs /\N_DDR_MODE_MU1.MU_STATUS[43].mu_tpid_reg/I_EN_STAT_EQ1.U_STAT/xsdb_reg_reg[0] )
INFO: [Synth 8-3333] propagating constant 0 across sequential element (inst/ila_lib/inst/\ila_core_inst/u_ila_regs /\N_DDR_MODE_MU1.MU_STATUS[42].mu_tpid_reg/I_EN_STAT_EQ1.U_STAT/xsdb_reg_reg[0] )
INFO: [Synth 8-3333] propagating constant 1 across sequential element (inst/ila_lib/inst/\ila_core_inst/u_ila_regs /\N_DDR_MODE_MU1.MU_STATUS[41].mu_tpid_reg/I_EN_STAT_EQ1.U_STAT/xsdb_reg_reg[0] )
INFO: [Synth 8-3333] propagating constant 0 across sequential element (inst/ila_lib/inst/\ila_core_inst/u_ila_regs /\N_DDR_MODE_MU1.MU_STATUS[40].mu_tpid_reg/I_EN_STAT_EQ1.U_STAT/xsdb_reg_reg[0] )
INFO: [Synth 8-3333] propagating constant 1 across sequential element (inst/ila_lib/inst/\ila_core_inst/u_ila_regs /\N_DDR_MODE_MU1.MU_STATUS[39].mu_tpid_reg/I_EN_STAT_EQ1.U_STAT/xsdb_reg_reg[0] )
INFO: [Synth 8-3333] propagating constant 0 across sequential element (inst/ila_lib/inst/\ila_core_inst/u_ila_regs /\N_DDR_MODE_MU1.MU_STATUS[38].mu_tpid_reg/I_EN_STAT_EQ1.U_STAT/xsdb_reg_reg[0] )
INFO: [Synth 8-3333] propagating constant 1 across sequential element (inst/ila_lib/inst/\ila_core_inst/u_ila_regs /\N_DDR_MODE_MU1.MU_STATUS[37].mu_tpid_reg/I_EN_STAT_EQ1.U_STAT/xsdb_reg_reg[0] )
INFO: [Synth 8-3333] propagating constant 0 across sequential element (inst/ila_lib/inst/\ila_core_inst/u_ila_regs /\N_DDR_MODE_MU1.MU_STATUS[36].mu_tpid_reg/I_EN_STAT_EQ1.U_STAT/xsdb_reg_reg[0] )
INFO: [Synth 8-3333] propagating constant 1 across sequential element (inst/ila_lib/inst/\ila_core_inst/u_ila_regs /\N_DDR_MODE_MU1.MU_STATUS[35].mu_tpid_reg/I_EN_STAT_EQ1.U_STAT/xsdb_reg_reg[0] )
INFO: [Synth 8-3333] propagating constant 0 across sequential element (inst/ila_lib/inst/\ila_core_inst/u_ila_regs /\N_DDR_MODE_MU1.MU_STATUS[34].mu_tpid_reg/I_EN_STAT_EQ1.U_STAT/xsdb_reg_reg[0] )
INFO: [Synth 8-3333] propagating constant 1 across sequential element (inst/ila_lib/inst/\ila_core_inst/u_ila_regs /\N_DDR_MODE_MU1.MU_STATUS[33].mu_tpid_reg/I_EN_STAT_EQ1.U_STAT/xsdb_reg_reg[0] )
INFO: [Synth 8-3333] propagating constant 1 across sequential element (inst/ila_lib/inst/\ila_core_inst/u_ila_regs /\N_DDR_MODE_MU1.MU_STATUS[31].mu_tpid_reg/I_EN_STAT_EQ1.U_STAT/xsdb_reg_reg[0] )
INFO: [Synth 8-3333] propagating constant 0 across sequential element (inst/ila_lib/inst/\ila_core_inst/u_ila_regs /\N_DDR_MODE_MU1.MU_STATUS[30].mu_tpid_reg/I_EN_STAT_EQ1.U_STAT/xsdb_reg_reg[0] )
INFO: [Synth 8-3333] propagating constant 1 across sequential element (inst/ila_lib/inst/\ila_core_inst/u_ila_regs /\N_DDR_MODE_MU1.MU_STATUS[29].mu_tpid_reg/I_EN_STAT_EQ1.U_STAT/xsdb_reg_reg[0] )
INFO: [Synth 8-3333] propagating constant 0 across sequential element (inst/ila_lib/inst/\ila_core_inst/u_ila_regs /\N_DDR_MODE_MU1.MU_STATUS[28].mu_tpid_reg/I_EN_STAT_EQ1.U_STAT/xsdb_reg_reg[0] )
INFO: [Synth 8-3333] propagating constant 1 across sequential element (inst/ila_lib/inst/\ila_core_inst/u_ila_regs /\N_DDR_MODE_MU1.MU_STATUS[27].mu_tpid_reg/I_EN_STAT_EQ1.U_STAT/xsdb_reg_reg[0] )
INFO: [Synth 8-3333] propagating constant 0 across sequential element (inst/ila_lib/inst/\ila_core_inst/u_ila_regs /\N_DDR_MODE_MU1.MU_STATUS[26].mu_tpid_reg/I_EN_STAT_EQ1.U_STAT/xsdb_reg_reg[0] )
INFO: [Synth 8-3333] propagating constant 1 across sequential element (inst/ila_lib/inst/\ila_core_inst/u_ila_regs /\N_DDR_MODE_MU1.MU_STATUS[25].mu_tpid_reg/I_EN_STAT_EQ1.U_STAT/xsdb_reg_reg[0] )
INFO: [Synth 8-3333] propagating constant 0 across sequential element (inst/ila_lib/inst/\ila_core_inst/u_ila_regs /\N_DDR_MODE_MU1.MU_STATUS[24].mu_tpid_reg/I_EN_STAT_EQ1.U_STAT/xsdb_reg_reg[0] )
INFO: [Synth 8-3333] propagating constant 1 across sequential element (inst/ila_lib/inst/\ila_core_inst/u_ila_regs /\N_DDR_MODE_MU1.MU_STATUS[23].mu_tpid_reg/I_EN_STAT_EQ1.U_STAT/xsdb_reg_reg[0] )
INFO: [Synth 8-3333] propagating constant 0 across sequential element (inst/ila_lib/inst/\ila_core_inst/u_ila_regs /\N_DDR_MODE_MU1.MU_STATUS[22].mu_tpid_reg/I_EN_STAT_EQ1.U_STAT/xsdb_reg_reg[0] )
INFO: [Synth 8-3333] propagating constant 1 across sequential element (inst/ila_lib/inst/\ila_core_inst/u_ila_regs /\N_DDR_MODE_MU1.MU_STATUS[21].mu_tpid_reg/I_EN_STAT_EQ1.U_STAT/xsdb_reg_reg[0] )
INFO: [Synth 8-3333] propagating constant 0 across sequential element (inst/ila_lib/inst/\ila_core_inst/u_ila_regs /\N_DDR_MODE_MU1.MU_STATUS[20].mu_tpid_reg/I_EN_STAT_EQ1.U_STAT/xsdb_reg_reg[0] )
INFO: [Synth 8-3333] propagating constant 1 across sequential element (inst/ila_lib/inst/\ila_core_inst/u_ila_regs /\N_DDR_MODE_MU1.MU_STATUS[19].mu_tpid_reg/I_EN_STAT_EQ1.U_STAT/xsdb_reg_reg[0] )
INFO: [Synth 8-3333] propagating constant 0 across sequential element (inst/ila_lib/inst/\ila_core_inst/u_ila_regs /\N_DDR_MODE_MU1.MU_STATUS[18].mu_tpid_reg/I_EN_STAT_EQ1.U_STAT/xsdb_reg_reg[0] )
INFO: [Synth 8-3333] propagating constant 1 across sequential element (inst/ila_lib/inst/\ila_core_inst/u_ila_regs /\N_DDR_MODE_MU1.MU_STATUS[17].mu_tpid_reg/I_EN_STAT_EQ1.U_STAT/xsdb_reg_reg[0] )
INFO: [Synth 8-3333] propagating constant 0 across sequential element (inst/ila_lib/inst/\ila_core_inst/u_ila_regs /\N_DDR_MODE_MU1.MU_STATUS[16].mu_tpid_reg/I_EN_STAT_EQ1.U_STAT/xsdb_reg_reg[0] )
INFO: [Synth 8-3333] propagating constant 1 across sequential element (inst/ila_lib/inst/\ila_core_inst/u_ila_regs /\N_DDR_MODE_MU1.MU_STATUS[15].mu_tpid_reg/I_EN_STAT_EQ1.U_STAT/xsdb_reg_reg[0] )
INFO: [Synth 8-3333] propagating constant 0 across sequential element (inst/ila_lib/inst/\ila_core_inst/u_ila_regs /\N_DDR_MODE_MU1.MU_STATUS[14].mu_tpid_reg/I_EN_STAT_EQ1.U_STAT/xsdb_reg_reg[0] )
INFO: [Synth 8-3333] propagating constant 1 across sequential element (inst/ila_lib/inst/\ila_core_inst/u_ila_regs /\N_DDR_MODE_MU1.MU_STATUS[13].mu_tpid_reg/I_EN_STAT_EQ1.U_STAT/xsdb_reg_reg[0] )
INFO: [Synth 8-3333] propagating constant 0 across sequential element (inst/ila_lib/inst/\ila_core_inst/u_ila_regs /\N_DDR_MODE_MU1.MU_STATUS[12].mu_tpid_reg/I_EN_STAT_EQ1.U_STAT/xsdb_reg_reg[0] )
INFO: [Synth 8-3333] propagating constant 1 across sequential element (inst/ila_lib/inst/\ila_core_inst/u_ila_regs /\N_DDR_MODE_MU1.MU_STATUS[11].mu_tpid_reg/I_EN_STAT_EQ1.U_STAT/xsdb_reg_reg[0] )
INFO: [Synth 8-3333] propagating constant 0 across sequential element (inst/ila_lib/inst/\ila_core_inst/u_ila_regs /\N_DDR_MODE_MU1.MU_STATUS[10].mu_tpid_reg/I_EN_STAT_EQ1.U_STAT/xsdb_reg_reg[0] )
INFO: [Synth 8-3333] propagating constant 1 across sequential element (inst/ila_lib/inst/\ila_core_inst/u_ila_regs /\N_DDR_MODE_MU1.MU_STATUS[9].mu_tpid_reg/I_EN_STAT_EQ1.U_STAT/xsdb_reg_reg[0] )
INFO: [Synth 8-3333] propagating constant 1 across sequential element (inst/ila_lib/inst/\ila_core_inst/u_ila_regs /\N_DDR_MODE_MU1.MU_STATUS[7].mu_tpid_reg/I_EN_STAT_EQ1.U_STAT/xsdb_reg_reg[0] )
INFO: [Synth 8-3333] propagating constant 0 across sequential element (inst/ila_lib/inst/\ila_core_inst/u_ila_regs /\N_DDR_MODE_MU1.MU_STATUS[6].mu_tpid_reg/I_EN_STAT_EQ1.U_STAT/xsdb_reg_reg[0] )
INFO: [Synth 8-3333] propagating constant 1 across sequential element (inst/ila_lib/inst/\ila_core_inst/u_ila_regs /\N_DDR_MODE_MU1.MU_STATUS[5].mu_tpid_reg/I_EN_STAT_EQ1.U_STAT/xsdb_reg_reg[0] )
INFO: [Synth 8-3333] propagating constant 0 across sequential element (inst/ila_lib/inst/\ila_core_inst/u_ila_regs /\N_DDR_MODE_MU1.MU_STATUS[4].mu_tpid_reg/I_EN_STAT_EQ1.U_STAT/xsdb_reg_reg[0] )
INFO: [Synth 8-3333] propagating constant 0 across sequential element (inst/ila_lib/inst/\ila_core_inst/u_ila_regs /\N_DDR_MODE_MU1.MU_STATUS[8].mu_tpid_reg/I_EN_STAT_EQ1.U_STAT/xsdb_reg_reg[0] )
INFO: [Synth 8-3333] propagating constant 0 across sequential element (inst/ila_lib/inst/\ila_core_inst/u_ila_regs /\N_DDR_MODE_MU1.MU_STATUS[32].mu_tpid_reg/I_EN_STAT_EQ1.U_STAT/xsdb_reg_reg[0] )
INFO: [Synth 8-3333] propagating constant 1 across sequential element (inst/ila_lib/inst/\ila_core_inst/u_ila_regs /\N_DDR_MODE_MU1.MU_STATUS[3].mu_tpid_reg/I_EN_STAT_EQ1.U_STAT/xsdb_reg_reg[0] )
INFO: [Synth 8-3333] propagating constant 0 across sequential element (inst/ila_lib/inst/\ila_core_inst/u_ila_regs /\N_DDR_MODE_MU1.MU_STATUS[2].mu_tpid_reg/I_EN_STAT_EQ1.U_STAT/xsdb_reg_reg[0] )
INFO: [Synth 8-3333] propagating constant 0 across sequential element (inst/ila_lib/inst/\ila_core_inst/u_ila_regs /\reg_14/I_EN_STAT_EQ1.U_STAT/xsdb_reg_reg[0] )
INFO: [Synth 8-3333] propagating constant 0 across sequential element (inst/ila_lib/inst/\ila_core_inst/u_ila_regs /\reg_13/I_EN_STAT_EQ1.U_STAT/xsdb_reg_reg[0] )
INFO: [Synth 8-3333] propagating constant 0 across sequential element (inst/ila_lib/inst/\ila_core_inst/u_ila_regs /\reg_12/I_EN_STAT_EQ1.U_STAT/xsdb_reg_reg[0] )
INFO: [Synth 8-3333] propagating constant 0 across sequential element (inst/ila_lib/inst/\ila_core_inst/u_ila_regs /\reg_11/I_EN_STAT_EQ1.U_STAT/xsdb_reg_reg[0] )
INFO: [Synth 8-3333] propagating constant 0 across sequential element (inst/ila_lib/inst/\ila_core_inst/u_ila_regs /\reg_10/I_EN_STAT_EQ1.U_STAT/xsdb_reg_reg[0] )
INFO: [Synth 8-3333] propagating constant 0 across sequential element (inst/ila_lib/inst/\ila_core_inst/u_ila_regs /\reg_f/I_EN_STAT_EQ1.U_STAT/xsdb_reg_reg[0] )
INFO: [Synth 8-3333] propagating constant 0 across sequential element (inst/ila_lib/inst/\ila_core_inst/u_ila_regs /\reg_e/I_EN_STAT_EQ1.U_STAT/xsdb_reg_reg[0] )
INFO: [Synth 8-3333] propagating constant 0 across sequential element (inst/ila_lib/inst/\ila_core_inst/u_ila_regs /\reg_d/I_EN_STAT_EQ1.U_STAT/xsdb_reg_reg[0] )
INFO: [Synth 8-3333] propagating constant 0 across sequential element (inst/ila_lib/inst/\ila_core_inst/u_ila_regs /\reg_c/I_EN_STAT_EQ1.U_STAT/xsdb_reg_reg[0] )
INFO: [Synth 8-3333] propagating constant 0 across sequential element (inst/ila_lib/inst/\ila_core_inst/u_ila_regs /\reg_b/I_EN_STAT_EQ1.U_STAT/xsdb_reg_reg[0] )
INFO: [Synth 8-3333] propagating constant 0 across sequential element (inst/ila_lib/inst/\ila_core_inst/u_ila_regs /\reg_a/I_EN_STAT_EQ1.U_STAT/xsdb_reg_reg[0] )
INFO: [Synth 8-3333] propagating constant 1 across sequential element (inst/ila_lib/inst/\ila_core_inst/u_ila_regs /\reg_4/I_EN_STAT_EQ1.U_STAT/xsdb_reg_reg[0] )
INFO: [Synth 8-3333] propagating constant 0 across sequential element (inst/ila_lib/inst/\ila_core_inst/u_ila_regs /\reg_3/I_EN_STAT_EQ1.U_STAT/xsdb_reg_reg[0] )
INFO: [Synth 8-3333] propagating constant 0 across sequential element (inst/ila_lib/inst/\ila_core_inst/u_ila_regs /\reg_2/I_EN_STAT_EQ1.U_STAT/xsdb_reg_reg[0] )
INFO: [Synth 8-3333] propagating constant 0 across sequential element (inst/ila_lib/inst/\ila_core_inst/u_ila_regs /\reg_1/I_EN_STAT_EQ1.U_STAT/xsdb_reg_reg[0] )
INFO: [Synth 8-3333] propagating constant 0 across sequential element (inst/ila_lib/inst/\ila_core_inst/u_ila_regs /\reg_0/I_EN_STAT_EQ1.U_STAT/xsdb_reg_reg[0] )
INFO: [Synth 8-3886] merging instance 'inst/ila_lib/inst/ila_core_inst/u_ila_regs/slaveRegDo_ff8_reg[1]' (FDRE) to 'inst/ila_lib/inst/ila_core_inst/u_ila_regs/slaveRegDo_ff8_reg[3]'
INFO: [Synth 8-3333] propagating constant 0 across sequential element (inst/ila_lib/inst/\ila_core_inst/u_ila_regs /\slaveRegDo_ff7_reg[1] )
INFO: [Synth 8-3333] propagating constant 0 across sequential element (inst/ila_lib/inst/\ila_core_inst/u_ila_regs /\reg_88f/I_EN_STAT_EQ1.U_STAT/xsdb_reg_reg[1] )
INFO: [Synth 8-3333] propagating constant 0 across sequential element (inst/ila_lib/inst/\ila_core_inst/u_ila_regs /\reg_892/I_EN_STAT_EQ1.U_STAT/xsdb_reg_reg[1] )
INFO: [Common 17-14] Message 'Synth 8-3333' appears 100 times and further instances of the messages will be disabled. Use the Tcl command set_msg_config to change the current settings.
INFO: [Synth 8-3886] merging instance 'inst/ila_lib/inst/ila_core_inst/u_ila_regs/slaveRegDo_ff8_reg[2]' (FDRE) to 'inst/ila_lib/inst/ila_core_inst/u_ila_regs/slaveRegDo_ff8_reg[10]'
INFO: [Synth 8-3886] merging instance 'inst/ila_lib/inst/ila_core_inst/u_ila_regs/slaveRegDo_ff8_reg[3]' (FDRE) to 'inst/ila_lib/inst/ila_core_inst/u_ila_regs/slaveRegDo_ff8_reg[9]'
INFO: [Synth 8-3886] merging instance 'inst/ila_lib/inst/ila_core_inst/u_ila_regs/slaveRegDo_ff8_reg[4]' (FDRE) to 'inst/ila_lib/inst/ila_core_inst/u_ila_regs/slaveRegDo_ff8_reg[10]'
INFO: [Synth 8-3886] merging instance 'inst/ila_lib/inst/ila_core_inst/u_ila_regs/slaveRegDo_ff8_reg[5]' (FDRE) to 'inst/ila_lib/inst/ila_core_inst/u_ila_regs/slaveRegDo_ff8_reg[10]'
INFO: [Synth 8-3886] merging instance 'inst/ila_lib/inst/ila_core_inst/u_ila_regs/slaveRegDo_ff8_reg[6]' (FDRE) to 'inst/ila_lib/inst/ila_core_inst/u_ila_regs/slaveRegDo_ff8_reg[10]'
INFO: [Synth 8-3886] merging instance 'inst/ila_lib/inst/ila_core_inst/u_ila_regs/slaveRegDo_ff8_reg[7]' (FDRE) to 'inst/ila_lib/inst/ila_core_inst/u_ila_regs/slaveRegDo_ff8_reg[10]'
INFO: [Synth 8-3886] merging instance 'inst/ila_lib/inst/ila_core_inst/u_ila_regs/slaveRegDo_ff8_reg[9]' (FDRE) to 'inst/ila_lib/inst/ila_core_inst/u_ila_regs/slaveRegDo_ff8_reg[11]'
INFO: [Synth 8-3886] merging instance 'inst/ila_lib/inst/ila_core_inst/u_ila_regs/slaveRegDo_ff8_reg[11]' (FDRE) to 'inst/ila_lib/inst/ila_core_inst/u_ila_regs/slaveRegDo_ff8_reg[12]'
INFO: [Synth 8-3886] merging instance 'inst/ila_lib/inst/ila_core_inst/u_ila_regs/slaveRegDo_ff8_reg[13]' (FDSE) to 'inst/ila_lib/inst/ila_core_inst/u_ila_regs/slaveRegDo_ff8_reg[15]'
INFO: [Synth 8-3886] merging instance 'inst/ila_lib/inst/ila_core_inst/u_ila_regs/slaveRegDo_ff8_reg[14]' (FDSE) to 'inst/ila_lib/inst/ila_core_inst/u_ila_regs/slaveRegDo_ff8_reg[15]'
INFO: [Synth 8-3886] merging instance 'inst/ila_lib/inst/ila_core_inst/u_ila_regs/shift_reg1_reg[32]' (FDSE) to 'inst/ila_lib/inst/ila_core_inst/u_ila_regs/shift_reg1_reg[30]'
INFO: [Synth 8-3886] merging instance 'inst/ila_lib/inst/ila_core_inst/u_ila_regs/shift_reg0_reg[32]' (FDSE) to 'inst/ila_lib/inst/ila_core_inst/u_ila_regs/shift_reg0_reg[30]'
INFO: [Synth 8-3886] merging instance 'inst/ila_lib/inst/ila_core_inst/u_ila_regs/shift_reg1_reg[33]' (FDSE) to 'inst/ila_lib/inst/ila_core_inst/u_ila_regs/shift_reg1_reg[30]'
INFO: [Synth 8-3886] merging instance 'inst/ila_lib/inst/ila_core_inst/u_ila_regs/shift_reg0_reg[33]' (FDSE) to 'inst/ila_lib/inst/ila_core_inst/u_ila_regs/shift_reg0_reg[30]'
INFO: [Synth 8-3886] merging instance 'inst/ila_lib/inst/ila_core_inst/u_ila_regs/shift_reg1_reg[34]' (FDSE) to 'inst/ila_lib/inst/ila_core_inst/u_ila_regs/shift_reg1_reg[30]'
INFO: [Synth 8-3886] merging instance 'inst/ila_lib/inst/ila_core_inst/u_ila_regs/shift_reg0_reg[34]' (FDSE) to 'inst/ila_lib/inst/ila_core_inst/u_ila_regs/shift_reg0_reg[30]'
INFO: [Synth 8-3886] merging instance 'inst/ila_lib/inst/ila_core_inst/u_ila_regs/shift_reg1_reg[35]' (FDSE) to 'inst/ila_lib/inst/ila_core_inst/u_ila_regs/shift_reg1_reg[30]'
INFO: [Synth 8-3886] merging instance 'inst/ila_lib/inst/ila_core_inst/u_ila_regs/shift_reg0_reg[35]' (FDSE) to 'inst/ila_lib/inst/ila_core_inst/u_ila_regs/shift_reg0_reg[30]'
INFO: [Synth 8-3886] merging instance 'inst/ila_lib/inst/ila_core_inst/u_ila_regs/shift_reg1_reg[36]' (FDSE) to 'inst/ila_lib/inst/ila_core_inst/u_ila_regs/shift_reg1_reg[30]'
INFO: [Synth 8-3886] merging instance 'inst/ila_lib/inst/ila_core_inst/u_ila_regs/shift_reg0_reg[36]' (FDSE) to 'inst/ila_lib/inst/ila_core_inst/u_ila_regs/shift_reg0_reg[30]'
INFO: [Synth 8-3886] merging instance 'inst/ila_lib/inst/ila_core_inst/u_ila_regs/shift_reg1_reg[37]' (FDSE) to 'inst/ila_lib/inst/ila_core_inst/u_ila_regs/shift_reg1_reg[30]'
INFO: [Synth 8-3886] merging instance 'inst/ila_lib/inst/ila_core_inst/u_ila_regs/shift_reg0_reg[37]' (FDSE) to 'inst/ila_lib/inst/ila_core_inst/u_ila_regs/shift_reg0_reg[30]'
INFO: [Synth 8-3886] merging instance 'inst/ila_lib/inst/ila_core_inst/u_ila_regs/shift_reg1_reg[38]' (FDSE) to 'inst/ila_lib/inst/ila_core_inst/u_ila_regs/shift_reg1_reg[30]'
INFO: [Synth 8-3886] merging instance 'inst/ila_lib/inst/ila_core_inst/u_ila_regs/shift_reg0_reg[38]' (FDSE) to 'inst/ila_lib/inst/ila_core_inst/u_ila_regs/shift_reg0_reg[30]'
INFO: [Synth 8-3886] merging instance 'inst/ila_lib/inst/ila_core_inst/u_ila_regs/shift_reg1_reg[39]' (FDSE) to 'inst/ila_lib/inst/ila_core_inst/u_ila_regs/shift_reg1_reg[30]'
INFO: [Synth 8-3886] merging instance 'inst/ila_lib/inst/ila_core_inst/u_ila_regs/shift_reg0_reg[39]' (FDSE) to 'inst/ila_lib/inst/ila_core_inst/u_ila_regs/shift_reg0_reg[30]'
INFO: [Synth 8-3886] merging instance 'inst/ila_lib/inst/ila_core_inst/u_ila_regs/shift_reg1_reg[40]' (FDSE) to 'inst/ila_lib/inst/ila_core_inst/u_ila_regs/shift_reg1_reg[30]'
INFO: [Synth 8-3886] merging instance 'inst/ila_lib/inst/ila_core_inst/u_ila_regs/shift_reg0_reg[40]' (FDSE) to 'inst/ila_lib/inst/ila_core_inst/u_ila_regs/shift_reg0_reg[30]'
INFO: [Synth 8-3886] merging instance 'inst/ila_lib/inst/ila_core_inst/u_ila_regs/shift_reg1_reg[41]' (FDSE) to 'inst/ila_lib/inst/ila_core_inst/u_ila_regs/shift_reg1_reg[30]'
INFO: [Synth 8-3886] merging instance 'inst/ila_lib/inst/ila_core_inst/u_ila_regs/shift_reg0_reg[41]' (FDSE) to 'inst/ila_lib/inst/ila_core_inst/u_ila_regs/shift_reg0_reg[30]'
INFO: [Synth 8-3886] merging instance 'inst/ila_lib/inst/ila_core_inst/u_ila_regs/shift_reg1_reg[42]' (FDSE) to 'inst/ila_lib/inst/ila_core_inst/u_ila_regs/shift_reg1_reg[30]'
INFO: [Synth 8-3886] merging instance 'inst/ila_lib/inst/ila_core_inst/u_ila_regs/shift_reg0_reg[42]' (FDSE) to 'inst/ila_lib/inst/ila_core_inst/u_ila_regs/shift_reg0_reg[30]'
INFO: [Synth 8-3886] merging instance 'inst/ila_lib/inst/ila_core_inst/u_ila_regs/shift_reg1_reg[43]' (FDSE) to 'inst/ila_lib/inst/ila_core_inst/u_ila_regs/shift_reg1_reg[30]'
INFO: [Synth 8-3886] merging instance 'inst/ila_lib/inst/ila_core_inst/u_ila_regs/shift_reg0_reg[43]' (FDSE) to 'inst/ila_lib/inst/ila_core_inst/u_ila_regs/shift_reg0_reg[30]'
INFO: [Synth 8-3886] merging instance 'inst/ila_lib/inst/ila_core_inst/u_ila_regs/shift_reg1_reg[44]' (FDSE) to 'inst/ila_lib/inst/ila_core_inst/u_ila_regs/shift_reg1_reg[30]'
INFO: [Synth 8-3886] merging instance 'inst/ila_lib/inst/ila_core_inst/u_ila_regs/shift_reg0_reg[44]' (FDSE) to 'inst/ila_lib/inst/ila_core_inst/u_ila_regs/shift_reg0_reg[30]'
INFO: [Synth 8-3886] merging instance 'inst/ila_lib/inst/ila_core_inst/u_ila_regs/shift_reg1_reg[45]' (FDSE) to 'inst/ila_lib/inst/ila_core_inst/u_ila_regs/shift_reg1_reg[30]'
INFO: [Synth 8-3886] merging instance 'inst/ila_lib/inst/ila_core_inst/u_ila_regs/shift_reg0_reg[45]' (FDSE) to 'inst/ila_lib/inst/ila_core_inst/u_ila_regs/shift_reg0_reg[30]'
INFO: [Synth 8-3886] merging instance 'inst/ila_lib/inst/ila_core_inst/u_ila_regs/shift_reg1_reg[16]' (FDSE) to 'inst/ila_lib/inst/ila_core_inst/u_ila_regs/shift_reg1_reg[14]'
INFO: [Synth 8-3886] merging instance 'inst/ila_lib/inst/ila_core_inst/u_ila_regs/shift_reg0_reg[16]' (FDSE) to 'inst/ila_lib/inst/ila_core_inst/u_ila_regs/shift_reg0_reg[14]'
INFO: [Synth 8-3886] merging instance 'inst/ila_lib/inst/ila_core_inst/u_ila_regs/shift_reg1_reg[17]' (FDSE) to 'inst/ila_lib/inst/ila_core_inst/u_ila_regs/shift_reg1_reg[14]'
INFO: [Synth 8-3886] merging instance 'inst/ila_lib/inst/ila_core_inst/u_ila_regs/shift_reg0_reg[17]' (FDSE) to 'inst/ila_lib/inst/ila_core_inst/u_ila_regs/shift_reg0_reg[14]'
INFO: [Synth 8-3886] merging instance 'inst/ila_lib/inst/ila_core_inst/u_ila_regs/shift_reg1_reg[18]' (FDSE) to 'inst/ila_lib/inst/ila_core_inst/u_ila_regs/shift_reg1_reg[14]'
INFO: [Synth 8-3886] merging instance 'inst/ila_lib/inst/ila_core_inst/u_ila_regs/shift_reg0_reg[18]' (FDSE) to 'inst/ila_lib/inst/ila_core_inst/u_ila_regs/shift_reg0_reg[14]'
INFO: [Synth 8-3886] merging instance 'inst/ila_lib/inst/ila_core_inst/u_ila_regs/shift_reg1_reg[19]' (FDSE) to 'inst/ila_lib/inst/ila_core_inst/u_ila_regs/shift_reg1_reg[14]'
INFO: [Synth 8-3886] merging instance 'inst/ila_lib/inst/ila_core_inst/u_ila_regs/shift_reg0_reg[19]' (FDSE) to 'inst/ila_lib/inst/ila_core_inst/u_ila_regs/shift_reg0_reg[14]'
INFO: [Synth 8-3886] merging instance 'inst/ila_lib/inst/ila_core_inst/u_ila_regs/shift_reg1_reg[20]' (FDSE) to 'inst/ila_lib/inst/ila_core_inst/u_ila_regs/shift_reg1_reg[14]'
INFO: [Synth 8-3886] merging instance 'inst/ila_lib/inst/ila_core_inst/u_ila_regs/shift_reg0_reg[20]' (FDSE) to 'inst/ila_lib/inst/ila_core_inst/u_ila_regs/shift_reg0_reg[14]'
INFO: [Synth 8-3886] merging instance 'inst/ila_lib/inst/ila_core_inst/u_ila_regs/shift_reg1_reg[21]' (FDSE) to 'inst/ila_lib/inst/ila_core_inst/u_ila_regs/shift_reg1_reg[14]'
INFO: [Synth 8-3886] merging instance 'inst/ila_lib/inst/ila_core_inst/u_ila_regs/shift_reg0_reg[21]' (FDSE) to 'inst/ila_lib/inst/ila_core_inst/u_ila_regs/shift_reg0_reg[14]'
INFO: [Synth 8-3886] merging instance 'inst/ila_lib/inst/ila_core_inst/u_ila_regs/shift_reg1_reg[22]' (FDSE) to 'inst/ila_lib/inst/ila_core_inst/u_ila_regs/shift_reg1_reg[14]'
INFO: [Synth 8-3886] merging instance 'inst/ila_lib/inst/ila_core_inst/u_ila_regs/shift_reg0_reg[22]' (FDSE) to 'inst/ila_lib/inst/ila_core_inst/u_ila_regs/shift_reg0_reg[14]'
INFO: [Synth 8-3886] merging instance 'inst/ila_lib/inst/ila_core_inst/u_ila_regs/shift_reg1_reg[23]' (FDSE) to 'inst/ila_lib/inst/ila_core_inst/u_ila_regs/shift_reg1_reg[14]'
INFO: [Synth 8-3886] merging instance 'inst/ila_lib/inst/ila_core_inst/u_ila_regs/shift_reg0_reg[23]' (FDSE) to 'inst/ila_lib/inst/ila_core_inst/u_ila_regs/shift_reg0_reg[14]'
INFO: [Synth 8-3886] merging instance 'inst/ila_lib/inst/ila_core_inst/u_ila_regs/shift_reg1_reg[24]' (FDSE) to 'inst/ila_lib/inst/ila_core_inst/u_ila_regs/shift_reg1_reg[14]'
INFO: [Synth 8-3886] merging instance 'inst/ila_lib/inst/ila_core_inst/u_ila_regs/shift_reg0_reg[24]' (FDSE) to 'inst/ila_lib/inst/ila_core_inst/u_ila_regs/shift_reg0_reg[14]'
INFO: [Synth 8-3886] merging instance 'inst/ila_lib/inst/ila_core_inst/u_ila_regs/shift_reg1_reg[25]' (FDSE) to 'inst/ila_lib/inst/ila_core_inst/u_ila_regs/shift_reg1_reg[14]'
INFO: [Synth 8-3886] merging instance 'inst/ila_lib/inst/ila_core_inst/u_ila_regs/shift_reg0_reg[25]' (FDSE) to 'inst/ila_lib/inst/ila_core_inst/u_ila_regs/shift_reg0_reg[14]'
INFO: [Synth 8-3886] merging instance 'inst/ila_lib/inst/ila_core_inst/u_ila_regs/shift_reg1_reg[26]' (FDSE) to 'inst/ila_lib/inst/ila_core_inst/u_ila_regs/shift_reg1_reg[14]'
INFO: [Synth 8-3886] merging instance 'inst/ila_lib/inst/ila_core_inst/u_ila_regs/shift_reg0_reg[26]' (FDSE) to 'inst/ila_lib/inst/ila_core_inst/u_ila_regs/shift_reg0_reg[14]'
INFO: [Synth 8-3886] merging instance 'inst/ila_lib/inst/ila_core_inst/u_ila_regs/shift_reg1_reg[27]' (FDSE) to 'inst/ila_lib/inst/ila_core_inst/u_ila_regs/shift_reg1_reg[14]'
INFO: [Synth 8-3886] merging instance 'inst/ila_lib/inst/ila_core_inst/u_ila_regs/shift_reg0_reg[27]' (FDSE) to 'inst/ila_lib/inst/ila_core_inst/u_ila_regs/shift_reg0_reg[14]'
INFO: [Synth 8-3886] merging instance 'inst/ila_lib/inst/ila_core_inst/u_ila_regs/shift_reg1_reg[28]' (FDSE) to 'inst/ila_lib/inst/ila_core_inst/u_ila_regs/shift_reg1_reg[14]'
INFO: [Synth 8-3886] merging instance 'inst/ila_lib/inst/ila_core_inst/u_ila_regs/shift_reg0_reg[28]' (FDSE) to 'inst/ila_lib/inst/ila_core_inst/u_ila_regs/shift_reg0_reg[14]'
INFO: [Synth 8-3886] merging instance 'inst/ila_lib/inst/ila_core_inst/u_ila_regs/shift_reg1_reg[29]' (FDSE) to 'inst/ila_lib/inst/ila_core_inst/u_ila_regs/shift_reg1_reg[14]'
INFO: [Synth 8-3886] merging instance 'inst/ila_lib/inst/ila_core_inst/u_ila_regs/shift_reg0_reg[29]' (FDSE) to 'inst/ila_lib/inst/ila_core_inst/u_ila_regs/shift_reg0_reg[14]'
INFO: [Synth 8-3886] merging instance 'inst/ila_lib/inst/ila_core_inst/u_ila_regs/shift_reg1_reg[30]' (FDSE) to 'inst/ila_lib/inst/ila_core_inst/u_ila_regs/shift_reg1_reg[31]'
INFO: [Synth 8-3886] merging instance 'inst/ila_lib/inst/ila_core_inst/u_ila_regs/shift_reg0_reg[30]' (FDSE) to 'inst/ila_lib/inst/ila_core_inst/u_ila_regs/shift_reg0_reg[31]'
INFO: [Synth 8-3886] merging instance 'inst/ila_lib/inst/ila_core_inst/u_ila_regs/shift_reg1_reg[0]' (FDSE) to 'inst/ila_lib/inst/ila_core_inst/u_ila_regs/shift_reg1_reg[1]'
INFO: [Synth 8-3886] merging instance 'inst/ila_lib/inst/ila_core_inst/u_ila_regs/shift_reg0_reg[0]' (FDSE) to 'inst/ila_lib/inst/ila_core_inst/u_ila_regs/shift_reg0_reg[1]'
INFO: [Synth 8-3886] merging instance 'inst/ila_lib/inst/ila_core_inst/u_ila_regs/shift_reg1_reg[1]' (FDSE) to 'inst/ila_lib/inst/ila_core_inst/u_ila_regs/shift_reg1_reg[2]'
INFO: [Synth 8-3886] merging instance 'inst/ila_lib/inst/ila_core_inst/u_ila_regs/shift_reg0_reg[1]' (FDSE) to 'inst/ila_lib/inst/ila_core_inst/u_ila_regs/shift_reg0_reg[2]'
INFO: [Synth 8-3886] merging instance 'inst/ila_lib/inst/ila_core_inst/u_ila_regs/shift_reg1_reg[2]' (FDSE) to 'inst/ila_lib/inst/ila_core_inst/u_ila_regs/shift_reg1_reg[3]'
INFO: [Synth 8-3886] merging instance 'inst/ila_lib/inst/ila_core_inst/u_ila_regs/shift_reg0_reg[2]' (FDSE) to 'inst/ila_lib/inst/ila_core_inst/u_ila_regs/shift_reg0_reg[3]'
INFO: [Synth 8-3886] merging instance 'inst/ila_lib/inst/ila_core_inst/u_ila_regs/shift_reg1_reg[3]' (FDSE) to 'inst/ila_lib/inst/ila_core_inst/u_ila_regs/shift_reg1_reg[4]'
INFO: [Synth 8-3886] merging instance 'inst/ila_lib/inst/ila_core_inst/u_ila_regs/shift_reg0_reg[3]' (FDSE) to 'inst/ila_lib/inst/ila_core_inst/u_ila_regs/shift_reg0_reg[4]'
INFO: [Synth 8-3886] merging instance 'inst/ila_lib/inst/ila_core_inst/u_ila_regs/shift_reg1_reg[4]' (FDSE) to 'inst/ila_lib/inst/ila_core_inst/u_ila_regs/shift_reg1_reg[5]'
INFO: [Synth 8-3886] merging instance 'inst/ila_lib/inst/ila_core_inst/u_ila_regs/shift_reg0_reg[4]' (FDSE) to 'inst/ila_lib/inst/ila_core_inst/u_ila_regs/shift_reg0_reg[5]'
INFO: [Synth 8-3886] merging instance 'inst/ila_lib/inst/ila_core_inst/u_ila_regs/shift_reg1_reg[5]' (FDSE) to 'inst/ila_lib/inst/ila_core_inst/u_ila_regs/shift_reg1_reg[6]'
INFO: [Synth 8-3886] merging instance 'inst/ila_lib/inst/ila_core_inst/u_ila_regs/shift_reg0_reg[5]' (FDSE) to 'inst/ila_lib/inst/ila_core_inst/u_ila_regs/shift_reg0_reg[6]'
INFO: [Synth 8-3886] merging instance 'inst/ila_lib/inst/ila_core_inst/u_ila_regs/shift_reg1_reg[6]' (FDSE) to 'inst/ila_lib/inst/ila_core_inst/u_ila_regs/shift_reg1_reg[7]'
INFO: [Synth 8-3886] merging instance 'inst/ila_lib/inst/ila_core_inst/u_ila_regs/shift_reg0_reg[6]' (FDSE) to 'inst/ila_lib/inst/ila_core_inst/u_ila_regs/shift_reg0_reg[7]'
INFO: [Synth 8-3886] merging instance 'inst/ila_lib/inst/ila_core_inst/u_ila_regs/shift_reg1_reg[7]' (FDSE) to 'inst/ila_lib/inst/ila_core_inst/u_ila_regs/shift_reg1_reg[8]'
INFO: [Synth 8-3886] merging instance 'inst/ila_lib/inst/ila_core_inst/u_ila_regs/shift_reg0_reg[7]' (FDSE) to 'inst/ila_lib/inst/ila_core_inst/u_ila_regs/shift_reg0_reg[8]'
INFO: [Synth 8-3886] merging instance 'inst/ila_lib/inst/ila_core_inst/u_ila_regs/shift_reg1_reg[8]' (FDSE) to 'inst/ila_lib/inst/ila_core_inst/u_ila_regs/shift_reg1_reg[9]'
INFO: [Synth 8-3886] merging instance 'inst/ila_lib/inst/ila_core_inst/u_ila_regs/shift_reg0_reg[8]' (FDSE) to 'inst/ila_lib/inst/ila_core_inst/u_ila_regs/shift_reg0_reg[9]'
INFO: [Synth 8-3886] merging instance 'inst/ila_lib/inst/ila_core_inst/u_ila_regs/shift_reg1_reg[9]' (FDSE) to 'inst/ila_lib/inst/ila_core_inst/u_ila_regs/shift_reg1_reg[10]'
INFO: [Synth 8-3886] merging instance 'inst/ila_lib/inst/ila_core_inst/u_ila_regs/shift_reg0_reg[9]' (FDSE) to 'inst/ila_lib/inst/ila_core_inst/u_ila_regs/shift_reg0_reg[10]'
INFO: [Synth 8-3886] merging instance 'inst/ila_lib/inst/ila_core_inst/u_ila_regs/shift_reg1_reg[10]' (FDSE) to 'inst/ila_lib/inst/ila_core_inst/u_ila_regs/shift_reg1_reg[11]'
INFO: [Synth 8-3886] merging instance 'inst/ila_lib/inst/ila_core_inst/u_ila_regs/shift_reg0_reg[10]' (FDSE) to 'inst/ila_lib/inst/ila_core_inst/u_ila_regs/shift_reg0_reg[11]'
INFO: [Synth 8-3886] merging instance 'inst/ila_lib/inst/ila_core_inst/u_ila_regs/shift_reg1_reg[11]' (FDSE) to 'inst/ila_lib/inst/ila_core_inst/u_ila_regs/shift_reg1_reg[12]'
INFO: [Synth 8-3886] merging instance 'inst/ila_lib/inst/ila_core_inst/u_ila_regs/shift_reg0_reg[11]' (FDSE) to 'inst/ila_lib/inst/ila_core_inst/u_ila_regs/shift_reg0_reg[12]'
INFO: [Synth 8-3886] merging instance 'inst/ila_lib/inst/ila_core_inst/u_ila_regs/shift_reg1_reg[12]' (FDSE) to 'inst/ila_lib/inst/ila_core_inst/u_ila_regs/shift_reg1_reg[13]'
INFO: [Synth 8-3886] merging instance 'inst/ila_lib/inst/ila_core_inst/u_ila_regs/shift_reg0_reg[12]' (FDSE) to 'inst/ila_lib/inst/ila_core_inst/u_ila_regs/shift_reg0_reg[13]'
INFO: [Synth 8-3886] merging instance 'inst/ila_lib/inst/ila_core_inst/u_ila_regs/shift_reg1_reg[14]' (FDSE) to 'inst/ila_lib/inst/ila_core_inst/u_ila_regs/shift_reg1_reg[15]'
INFO: [Synth 8-3886] merging instance 'inst/ila_lib/inst/ila_core_inst/u_ila_regs/shift_reg0_reg[14]' (FDSE) to 'inst/ila_lib/inst/ila_core_inst/u_ila_regs/shift_reg0_reg[15]'
INFO: [Synth 8-3886] merging instance 'inst/ila_lib/inst/ila_core_inst/u_ila_regs/slaveRegDo_ffa_reg[0]' (FDR) to 'inst/ila_lib/inst/ila_core_inst/u_ila_regs/slaveRegDo_ffa_reg[1]'
INFO: [Synth 8-3886] merging instance 'inst/ila_lib/inst/ila_core_inst/u_ila_regs/slaveRegDo_ff9_reg[0]' (FDR) to 'inst/ila_lib/inst/ila_core_inst/u_ila_regs/slaveRegDo_ff9_reg[1]'
INFO: [Common 17-14] Message 'Synth 8-3886' appears 100 times and further instances of the messages will be disabled. Use the Tcl command set_msg_config to change the current settings.
---------------------------------------------------------------------------------
Finished Cross Boundary and Area Optimization : Time (s): cpu = 00:01:34 ; elapsed = 00:01:42 . Memory (MB): peak = 1393.715 ; gain = 669.137
---------------------------------------------------------------------------------

Report RTL Partitions: 
+-+--------------+------------+----------+
| |RTL Partition |Replication |Instances |
+-+--------------+------------+----------+
+-+--------------+------------+----------+
---------------------------------------------------------------------------------
Start Applying XDC Timing Constraints
---------------------------------------------------------------------------------
---------------------------------------------------------------------------------
Finished Applying XDC Timing Constraints : Time (s): cpu = 00:01:41 ; elapsed = 00:01:49 . Memory (MB): peak = 1393.715 ; gain = 669.137
---------------------------------------------------------------------------------
---------------------------------------------------------------------------------
Start Timing Optimization
---------------------------------------------------------------------------------
---------------------------------------------------------------------------------
Finished Timing Optimization : Time (s): cpu = 00:01:41 ; elapsed = 00:01:49 . Memory (MB): peak = 1393.715 ; gain = 669.137
---------------------------------------------------------------------------------

Report RTL Partitions: 
+-+--------------+------------+----------+
| |RTL Partition |Replication |Instances |
+-+--------------+------------+----------+
+-+--------------+------------+----------+
---------------------------------------------------------------------------------
Start Technology Mapping
---------------------------------------------------------------------------------
---------------------------------------------------------------------------------
Finished Technology Mapping : Time (s): cpu = 00:01:43 ; elapsed = 00:01:51 . Memory (MB): peak = 1393.715 ; gain = 669.137
---------------------------------------------------------------------------------

Report RTL Partitions: 
+-+--------------+------------+----------+
| |RTL Partition |Replication |Instances |
+-+--------------+------------+----------+
+-+--------------+------------+----------+
---------------------------------------------------------------------------------
Start IO Insertion
---------------------------------------------------------------------------------
---------------------------------------------------------------------------------
Start Flattening Before IO Insertion
---------------------------------------------------------------------------------
---------------------------------------------------------------------------------
Finished Flattening Before IO Insertion
---------------------------------------------------------------------------------
---------------------------------------------------------------------------------
Start Final Netlist Cleanup
---------------------------------------------------------------------------------
---------------------------------------------------------------------------------
Finished Final Netlist Cleanup
---------------------------------------------------------------------------------
INFO: [Synth 8-3295] tying undriven pin dummy_inferred:in0 to constant 0
INFO: [Synth 8-3295] tying undriven pin inst:sl_iport0[36] to constant 0
INFO: [Synth 8-3295] tying undriven pin inst:sl_iport0[35] to constant 0
INFO: [Synth 8-3295] tying undriven pin inst:sl_iport0[34] to constant 0
INFO: [Synth 8-3295] tying undriven pin inst:sl_iport0[33] to constant 0
INFO: [Synth 8-3295] tying undriven pin inst:sl_iport0[32] to constant 0
INFO: [Synth 8-3295] tying undriven pin inst:sl_iport0[31] to constant 0
INFO: [Synth 8-3295] tying undriven pin inst:sl_iport0[30] to constant 0
INFO: [Synth 8-3295] tying undriven pin inst:sl_iport0[29] to constant 0
INFO: [Synth 8-3295] tying undriven pin inst:sl_iport0[28] to constant 0
INFO: [Synth 8-3295] tying undriven pin inst:sl_iport0[27] to constant 0
INFO: [Synth 8-3295] tying undriven pin inst:sl_iport0[26] to constant 0
INFO: [Synth 8-3295] tying undriven pin inst:sl_iport0[25] to constant 0
INFO: [Synth 8-3295] tying undriven pin inst:sl_iport0[24] to constant 0
INFO: [Synth 8-3295] tying undriven pin inst:sl_iport0[23] to constant 0
INFO: [Synth 8-3295] tying undriven pin inst:sl_iport0[22] to constant 0
INFO: [Synth 8-3295] tying undriven pin inst:sl_iport0[21] to constant 0
INFO: [Synth 8-3295] tying undriven pin inst:sl_iport0[20] to constant 0
INFO: [Synth 8-3295] tying undriven pin inst:sl_iport0[19] to constant 0
INFO: [Synth 8-3295] tying undriven pin inst:sl_iport0[18] to constant 0
INFO: [Synth 8-3295] tying undriven pin inst:sl_iport0[17] to constant 0
INFO: [Synth 8-3295] tying undriven pin inst:sl_iport0[16] to constant 0
INFO: [Synth 8-3295] tying undriven pin inst:sl_iport0[15] to constant 0
INFO: [Synth 8-3295] tying undriven pin inst:sl_iport0[14] to constant 0
INFO: [Synth 8-3295] tying undriven pin inst:sl_iport0[13] to constant 0
INFO: [Synth 8-3295] tying undriven pin inst:sl_iport0[12] to constant 0
INFO: [Synth 8-3295] tying undriven pin inst:sl_iport0[11] to constant 0
INFO: [Synth 8-3295] tying undriven pin inst:sl_iport0[10] to constant 0
INFO: [Synth 8-3295] tying undriven pin inst:sl_iport0[9] to constant 0
INFO: [Synth 8-3295] tying undriven pin inst:sl_iport0[8] to constant 0
INFO: [Synth 8-3295] tying undriven pin inst:sl_iport0[7] to constant 0
INFO: [Synth 8-3295] tying undriven pin inst:sl_iport0[6] to constant 0
INFO: [Synth 8-3295] tying undriven pin inst:sl_iport0[5] to constant 0
INFO: [Synth 8-3295] tying undriven pin inst:sl_iport0[4] to constant 0
INFO: [Synth 8-3295] tying undriven pin inst:sl_iport0[3] to constant 0
INFO: [Synth 8-3295] tying undriven pin inst:sl_iport0[2] to constant 0
INFO: [Synth 8-3295] tying undriven pin inst:sl_iport0[1] to constant 0
INFO: [Synth 8-3295] tying undriven pin inst:sl_iport0[0] to constant 0
INFO: [Synth 8-3295] tying undriven pin inst:trig_in to constant 0
INFO: [Synth 8-3295] tying undriven pin inst:trig_out_ack to constant 0
---------------------------------------------------------------------------------
Finished IO Insertion : Time (s): cpu = 00:01:45 ; elapsed = 00:01:53 . Memory (MB): peak = 1393.715 ; gain = 669.137
---------------------------------------------------------------------------------

Report Check Netlist: 
+------+------------------+-------+---------+-------+------------------+
|      |Item              |Errors |Warnings |Status |Description       |
+------+------------------+-------+---------+-------+------------------+
|1     |multi_driven_nets |      0|        0|Passed |Multi driven nets |
+------+------------------+-------+---------+-------+------------------+
---------------------------------------------------------------------------------
Start Renaming Generated Instances
---------------------------------------------------------------------------------
---------------------------------------------------------------------------------
Finished Renaming Generated Instances : Time (s): cpu = 00:01:45 ; elapsed = 00:01:53 . Memory (MB): peak = 1393.715 ; gain = 669.137
---------------------------------------------------------------------------------

Report RTL Partitions: 
+-+--------------+------------+----------+
| |RTL Partition |Replication |Instances |
+-+--------------+------------+----------+
+-+--------------+------------+----------+
---------------------------------------------------------------------------------
Start Rebuilding User Hierarchy
---------------------------------------------------------------------------------
---------------------------------------------------------------------------------
Finished Rebuilding User Hierarchy : Time (s): cpu = 00:01:45 ; elapsed = 00:01:53 . Memory (MB): peak = 1393.715 ; gain = 669.137
---------------------------------------------------------------------------------
---------------------------------------------------------------------------------
Start Renaming Generated Ports
---------------------------------------------------------------------------------
---------------------------------------------------------------------------------
Finished Renaming Generated Ports : Time (s): cpu = 00:01:45 ; elapsed = 00:01:53 . Memory (MB): peak = 1393.715 ; gain = 669.137
---------------------------------------------------------------------------------
---------------------------------------------------------------------------------
Start Handling Custom Attributes
---------------------------------------------------------------------------------
---------------------------------------------------------------------------------
Finished Handling Custom Attributes : Time (s): cpu = 00:01:45 ; elapsed = 00:01:53 . Memory (MB): peak = 1393.715 ; gain = 669.137
---------------------------------------------------------------------------------
---------------------------------------------------------------------------------
Start Renaming Generated Nets
---------------------------------------------------------------------------------
---------------------------------------------------------------------------------
Finished Renaming Generated Nets : Time (s): cpu = 00:01:45 ; elapsed = 00:01:53 . Memory (MB): peak = 1393.715 ; gain = 669.137
---------------------------------------------------------------------------------
---------------------------------------------------------------------------------
Start ROM, RAM, DSP and Shift Register Reporting
---------------------------------------------------------------------------------

Static Shift Register Report:
+---------------+----------------------------------------------------------------------------------+--------+-------+--------------+--------------------+-------------------+--------+---------+
|Module Name    | RTL Name                                                                         | Length | Width | Reset Signal | Pull out first Reg | Pull out last Reg | SRL16E | SRLC32E | 
+---------------+----------------------------------------------------------------------------------+--------+-------+--------------+--------------------+-------------------+--------+---------+
|ila_v6_2_9_ila | ila_core_inst/u_ila_regs/adv_rb_drdy4_reg                                        | 5      | 1     | NO           | NO                 | YES               | 1      | 0       | 
|ila_v6_2_9_ila | ila_core_inst/shifted_data_in_reg[8][421]                                        | 9      | 422   | NO           | NO                 | YES               | 422    | 0       | 
|ila_v6_2_9_ila | ila_core_inst/xsdb_memory_read_inst/multiple_read_latency.read_enable_out_reg[3] | 4      | 1     | NO           | NO                 | YES               | 1      | 0       | 
|ila_v6_2_9_ila | ila_core_inst/xsdb_memory_read_inst/multiple_enable_latency.enable_out_reg[3]    | 4      | 1     | NO           | NO                 | YES               | 1      | 0       | 
+---------------+----------------------------------------------------------------------------------+--------+-------+--------------+--------------------+-------------------+--------+---------+

---------------------------------------------------------------------------------
Finished ROM, RAM, DSP and Shift Register Reporting
---------------------------------------------------------------------------------
---------------------------------------------------------------------------------
Start Writing Synthesis Report
---------------------------------------------------------------------------------

Report BlackBoxes: 
+-+--------------+----------+
| |BlackBox name |Instances |
+-+--------------+----------+
+-+--------------+----------+

Report Cell Usage: 
+------+---------+------+
|      |Cell     |Count |
+------+---------+------+
|1     |CARRY4   |   138|
|2     |CFGLUT5  |   402|
|3     |LUT1     |    77|
|4     |LUT2     |   104|
|5     |LUT3     |   198|
|6     |LUT4     |   436|
|7     |LUT5     |   178|
|8     |LUT6     |  1455|
|9     |MUXF7    |   169|
|10    |MUXF8    |     5|
|11    |RAMB36E1 |    12|
|12    |SRL16E   |   426|
|13    |SRLC16E  |     2|
|14    |SRLC32E  |    17|
|15    |FDRE     |  4835|
|16    |FDSE     |     9|
+------+---------+------+

Report Instance Areas: 
+------+----------------------------------------------------------------------------+-------------------------------------------------------------+------+
|      |Instance                                                                    |Module                                                       |Cells |
+------+----------------------------------------------------------------------------+-------------------------------------------------------------+------+
|1     |top                                                                         |                                                             |  8463|
|2     |  inst                                                                      |bd_f60c                                                      |  8463|
|3     |    g_inst                                                                  |bd_f60c_g_inst_0                                             |    20|
|4     |      inst                                                                  |bd_f60c_g_inst_0_gigantic_mux                                |    20|
|5     |        \SLOT_0.inst_slot0                                                  |gigantic_mux_v1_0_1_cntr__1                                  |    10|
|6     |        \SLOT_1.inst_slot0                                                  |gigantic_mux_v1_0_1_cntr                                     |    10|
|7     |    ila_lib                                                                 |bd_f60c_ila_lib_0                                            |  8443|
|8     |      inst                                                                  |ila_v6_2_9_ila                                               |  8443|
|9     |        ila_core_inst                                                       |ila_v6_2_9_ila_core                                          |  8436|
|10    |          ila_trace_memory_inst                                             |ila_v6_2_9_ila_trace_memory                                  |    12|
|11    |            \SUBCORE_RAM_BLK_MEM_1.trace_block_memory                       |blk_mem_gen_v8_4_3                                           |    12|
|12    |              inst_blk_mem_gen                                              |blk_mem_gen_v8_4_3_synth                                     |    12|
|13    |                \gnbram.gnativebmg.native_blk_mem_gen                       |blk_mem_gen_v8_4_3_blk_mem_gen_top                           |    12|
|14    |                  \valid.cstr                                               |blk_mem_gen_v8_4_3_blk_mem_gen_generic_cstr                  |    12|
|15    |                    \ramloop[0].ram.r                                       |blk_mem_gen_v8_4_3_blk_mem_gen_prim_width                    |     1|
|16    |                      \prim_noinit.ram                                      |blk_mem_gen_v8_4_3_blk_mem_gen_prim_wrapper                  |     1|
|17    |                    \ramloop[10].ram.r                                      |blk_mem_gen_v8_4_3_blk_mem_gen_prim_width__parameterized9    |     1|
|18    |                      \prim_noinit.ram                                      |blk_mem_gen_v8_4_3_blk_mem_gen_prim_wrapper__parameterized9  |     1|
|19    |                    \ramloop[11].ram.r                                      |blk_mem_gen_v8_4_3_blk_mem_gen_prim_width__parameterized10   |     1|
|20    |                      \prim_noinit.ram                                      |blk_mem_gen_v8_4_3_blk_mem_gen_prim_wrapper__parameterized10 |     1|
|21    |                    \ramloop[1].ram.r                                       |blk_mem_gen_v8_4_3_blk_mem_gen_prim_width__parameterized0    |     1|
|22    |                      \prim_noinit.ram                                      |blk_mem_gen_v8_4_3_blk_mem_gen_prim_wrapper__parameterized0  |     1|
|23    |                    \ramloop[2].ram.r                                       |blk_mem_gen_v8_4_3_blk_mem_gen_prim_width__parameterized1    |     1|
|24    |                      \prim_noinit.ram                                      |blk_mem_gen_v8_4_3_blk_mem_gen_prim_wrapper__parameterized1  |     1|
|25    |                    \ramloop[3].ram.r                                       |blk_mem_gen_v8_4_3_blk_mem_gen_prim_width__parameterized2    |     1|
|26    |                      \prim_noinit.ram                                      |blk_mem_gen_v8_4_3_blk_mem_gen_prim_wrapper__parameterized2  |     1|
|27    |                    \ramloop[4].ram.r                                       |blk_mem_gen_v8_4_3_blk_mem_gen_prim_width__parameterized3    |     1|
|28    |                      \prim_noinit.ram                                      |blk_mem_gen_v8_4_3_blk_mem_gen_prim_wrapper__parameterized3  |     1|
|29    |                    \ramloop[5].ram.r                                       |blk_mem_gen_v8_4_3_blk_mem_gen_prim_width__parameterized4    |     1|
|30    |                      \prim_noinit.ram                                      |blk_mem_gen_v8_4_3_blk_mem_gen_prim_wrapper__parameterized4  |     1|
|31    |                    \ramloop[6].ram.r                                       |blk_mem_gen_v8_4_3_blk_mem_gen_prim_width__parameterized5    |     1|
|32    |                      \prim_noinit.ram                                      |blk_mem_gen_v8_4_3_blk_mem_gen_prim_wrapper__parameterized5  |     1|
|33    |                    \ramloop[7].ram.r                                       |blk_mem_gen_v8_4_3_blk_mem_gen_prim_width__parameterized6    |     1|
|34    |                      \prim_noinit.ram                                      |blk_mem_gen_v8_4_3_blk_mem_gen_prim_wrapper__parameterized6  |     1|
|35    |                    \ramloop[8].ram.r                                       |blk_mem_gen_v8_4_3_blk_mem_gen_prim_width__parameterized7    |     1|
|36    |                      \prim_noinit.ram                                      |blk_mem_gen_v8_4_3_blk_mem_gen_prim_wrapper__parameterized7  |     1|
|37    |                    \ramloop[9].ram.r                                       |blk_mem_gen_v8_4_3_blk_mem_gen_prim_width__parameterized8    |     1|
|38    |                      \prim_noinit.ram                                      |blk_mem_gen_v8_4_3_blk_mem_gen_prim_wrapper__parameterized8  |     1|
|39    |          u_ila_cap_ctrl                                                    |ila_v6_2_9_ila_cap_ctrl_legacy                               |   277|
|40    |            U_CDONE                                                         |ltlib_v1_0_0_cfglut6__parameterized0                         |     5|
|41    |            U_NS0                                                           |ltlib_v1_0_0_cfglut7                                         |     6|
|42    |            U_NS1                                                           |ltlib_v1_0_0_cfglut7_225                                     |     6|
|43    |            u_cap_addrgen                                                   |ila_v6_2_9_ila_cap_addrgen                                   |   255|
|44    |              U_CMPRESET                                                    |ltlib_v1_0_0_cfglut6                                         |     3|
|45    |              u_cap_sample_counter                                          |ila_v6_2_9_ila_cap_sample_counter                            |    61|
|46    |                U_SCE                                                       |ltlib_v1_0_0_cfglut4_232                                     |     1|
|47    |                U_SCMPCE                                                    |ltlib_v1_0_0_cfglut5_233                                     |     1|
|48    |                U_SCRST                                                     |ltlib_v1_0_0_cfglut6_234                                     |     5|
|49    |                u_scnt_cmp                                                  |ltlib_v1_0_0_match_nodelay_235                               |    22|
|50    |                  \allx_typeA_match_detection.ltlib_v1_0_0_allx_typeA_inst  |ltlib_v1_0_0_allx_typeA_nodelay_236                          |    22|
|51    |                    DUT                                                     |ltlib_v1_0_0_all_typeA__parameterized2_237                   |    12|
|52    |                      \I_WHOLE_SLICE.G_SLICE_IDX[0].U_ALL_SRL_SLICE         |ltlib_v1_0_0_all_typeA_slice__parameterized1_238             |     5|
|53    |                      \I_WHOLE_SLICE.G_SLICE_IDX[1].U_ALL_SRL_SLICE         |ltlib_v1_0_0_all_typeA_slice__parameterized2_239             |     5|
|54    |              u_cap_window_counter                                          |ila_v6_2_9_ila_cap_window_counter                            |    60|
|55    |                U_WCE                                                       |ltlib_v1_0_0_cfglut4                                         |     1|
|56    |                U_WHCMPCE                                                   |ltlib_v1_0_0_cfglut5                                         |     1|
|57    |                U_WLCMPCE                                                   |ltlib_v1_0_0_cfglut5_226                                     |     1|
|58    |                u_wcnt_hcmp                                                 |ltlib_v1_0_0_match_nodelay                                   |    12|
|59    |                  \allx_typeA_match_detection.ltlib_v1_0_0_allx_typeA_inst  |ltlib_v1_0_0_allx_typeA_nodelay_228                          |    12|
|60    |                    DUT                                                     |ltlib_v1_0_0_all_typeA__parameterized2_229                   |    12|
|61    |                      \I_WHOLE_SLICE.G_SLICE_IDX[0].U_ALL_SRL_SLICE         |ltlib_v1_0_0_all_typeA_slice__parameterized1_230             |     5|
|62    |                      \I_WHOLE_SLICE.G_SLICE_IDX[1].U_ALL_SRL_SLICE         |ltlib_v1_0_0_all_typeA_slice__parameterized2_231             |     5|
|63    |                u_wcnt_lcmp                                                 |ltlib_v1_0_0_match_nodelay_227                               |    22|
|64    |                  \allx_typeA_match_detection.ltlib_v1_0_0_allx_typeA_inst  |ltlib_v1_0_0_allx_typeA_nodelay                              |    22|
|65    |                    DUT                                                     |ltlib_v1_0_0_all_typeA__parameterized2                       |    12|
|66    |                      \I_WHOLE_SLICE.G_SLICE_IDX[0].U_ALL_SRL_SLICE         |ltlib_v1_0_0_all_typeA_slice__parameterized1                 |     5|
|67    |                      \I_WHOLE_SLICE.G_SLICE_IDX[1].U_ALL_SRL_SLICE         |ltlib_v1_0_0_all_typeA_slice__parameterized2                 |     5|
|68    |          u_ila_regs                                                        |ila_v6_2_9_ila_register                                      |  5016|
|69    |            U_XSDB_SLAVE                                                    |xsdbs_v1_0_2_xsdbs                                           |   302|
|70    |            reg_890                                                         |xsdbs_v1_0_2_reg__parameterized134                           |    16|
|71    |              \I_EN_STAT_EQ1.U_STAT                                         |xsdbs_v1_0_2_reg_stat_224                                    |    16|
|72    |            \MU_SRL[0].mu_srl_reg                                           |xsdbs_v1_0_2_reg_p2s                                         |    74|
|73    |            \MU_SRL[10].mu_srl_reg                                          |xsdbs_v1_0_2_reg_p2s__parameterized9                         |    74|
|74    |            \MU_SRL[11].mu_srl_reg                                          |xsdbs_v1_0_2_reg_p2s__parameterized10                        |   106|
|75    |            \MU_SRL[12].mu_srl_reg                                          |xsdbs_v1_0_2_reg_p2s__parameterized11                        |    74|
|76    |            \MU_SRL[13].mu_srl_reg                                          |xsdbs_v1_0_2_reg_p2s__parameterized12                        |    74|
|77    |            \MU_SRL[14].mu_srl_reg                                          |xsdbs_v1_0_2_reg_p2s__parameterized13                        |    74|
|78    |            \MU_SRL[15].mu_srl_reg                                          |xsdbs_v1_0_2_reg_p2s__parameterized14                        |    90|
|79    |            \MU_SRL[16].mu_srl_reg                                          |xsdbs_v1_0_2_reg_p2s__parameterized15                        |    74|
|80    |            \MU_SRL[17].mu_srl_reg                                          |xsdbs_v1_0_2_reg_p2s__parameterized16                        |    74|
|81    |            \MU_SRL[18].mu_srl_reg                                          |xsdbs_v1_0_2_reg_p2s__parameterized17                        |    74|
|82    |            \MU_SRL[19].mu_srl_reg                                          |xsdbs_v1_0_2_reg_p2s__parameterized18                        |   106|
|83    |            \MU_SRL[1].mu_srl_reg                                           |xsdbs_v1_0_2_reg_p2s__parameterized0                         |    74|
|84    |            \MU_SRL[20].mu_srl_reg                                          |xsdbs_v1_0_2_reg_p2s__parameterized19                        |    74|
|85    |            \MU_SRL[21].mu_srl_reg                                          |xsdbs_v1_0_2_reg_p2s__parameterized20                        |    74|
|86    |            \MU_SRL[22].mu_srl_reg                                          |xsdbs_v1_0_2_reg_p2s__parameterized21                        |    74|
|87    |            \MU_SRL[23].mu_srl_reg                                          |xsdbs_v1_0_2_reg_p2s__parameterized22                        |    90|
|88    |            \MU_SRL[24].mu_srl_reg                                          |xsdbs_v1_0_2_reg_p2s__parameterized23                        |    74|
|89    |            \MU_SRL[25].mu_srl_reg                                          |xsdbs_v1_0_2_reg_p2s__parameterized24                        |    74|
|90    |            \MU_SRL[26].mu_srl_reg                                          |xsdbs_v1_0_2_reg_p2s__parameterized25                        |    74|
|91    |            \MU_SRL[27].mu_srl_reg                                          |xsdbs_v1_0_2_reg_p2s__parameterized26                        |   138|
|92    |            \MU_SRL[28].mu_srl_reg                                          |xsdbs_v1_0_2_reg_p2s__parameterized27                        |    74|
|93    |            \MU_SRL[29].mu_srl_reg                                          |xsdbs_v1_0_2_reg_p2s__parameterized28                        |    74|
|94    |            \MU_SRL[2].mu_srl_reg                                           |xsdbs_v1_0_2_reg_p2s__parameterized1                         |    74|
|95    |            \MU_SRL[30].mu_srl_reg                                          |xsdbs_v1_0_2_reg_p2s__parameterized29                        |    74|
|96    |            \MU_SRL[31].mu_srl_reg                                          |xsdbs_v1_0_2_reg_p2s__parameterized30                        |    90|
|97    |            \MU_SRL[32].mu_srl_reg                                          |xsdbs_v1_0_2_reg_p2s__parameterized31                        |    74|
|98    |            \MU_SRL[33].mu_srl_reg                                          |xsdbs_v1_0_2_reg_p2s__parameterized32                        |    74|
|99    |            \MU_SRL[34].mu_srl_reg                                          |xsdbs_v1_0_2_reg_p2s__parameterized33                        |    74|
|100   |            \MU_SRL[35].mu_srl_reg                                          |xsdbs_v1_0_2_reg_p2s__parameterized34                        |    90|
|101   |            \MU_SRL[36].mu_srl_reg                                          |xsdbs_v1_0_2_reg_p2s__parameterized35                        |    74|
|102   |            \MU_SRL[37].mu_srl_reg                                          |xsdbs_v1_0_2_reg_p2s__parameterized36                        |    74|
|103   |            \MU_SRL[38].mu_srl_reg                                          |xsdbs_v1_0_2_reg_p2s__parameterized37                        |    74|
|104   |            \MU_SRL[39].mu_srl_reg                                          |xsdbs_v1_0_2_reg_p2s__parameterized38                        |    90|
|105   |            \MU_SRL[3].mu_srl_reg                                           |xsdbs_v1_0_2_reg_p2s__parameterized2                         |   106|
|106   |            \MU_SRL[40].mu_srl_reg                                          |xsdbs_v1_0_2_reg_p2s__parameterized39                        |    74|
|107   |            \MU_SRL[41].mu_srl_reg                                          |xsdbs_v1_0_2_reg_p2s__parameterized40                        |    74|
|108   |            \MU_SRL[42].mu_srl_reg                                          |xsdbs_v1_0_2_reg_p2s__parameterized41                        |    74|
|109   |            \MU_SRL[43].mu_srl_reg                                          |xsdbs_v1_0_2_reg_p2s__parameterized42                        |    90|
|110   |            \MU_SRL[44].mu_srl_reg                                          |xsdbs_v1_0_2_reg_p2s__parameterized43                        |    74|
|111   |            \MU_SRL[45].mu_srl_reg                                          |xsdbs_v1_0_2_reg_p2s__parameterized44                        |   106|
|112   |            \MU_SRL[4].mu_srl_reg                                           |xsdbs_v1_0_2_reg_p2s__parameterized3                         |    74|
|113   |            \MU_SRL[5].mu_srl_reg                                           |xsdbs_v1_0_2_reg_p2s__parameterized4                         |    74|
|114   |            \MU_SRL[6].mu_srl_reg                                           |xsdbs_v1_0_2_reg_p2s__parameterized5                         |    74|
|115   |            \MU_SRL[7].mu_srl_reg                                           |xsdbs_v1_0_2_reg_p2s__parameterized6                         |    90|
|116   |            \MU_SRL[8].mu_srl_reg                                           |xsdbs_v1_0_2_reg_p2s__parameterized7                         |    74|
|117   |            \MU_SRL[9].mu_srl_reg                                           |xsdbs_v1_0_2_reg_p2s__parameterized8                         |    74|
|118   |            \TC_SRL[0].tc_srl_reg                                           |xsdbs_v1_0_2_reg_p2s__parameterized45                        |    76|
|119   |            reg_15                                                          |xsdbs_v1_0_2_reg__parameterized116                           |    50|
|120   |              \I_EN_CTL_EQ1.U_CTL                                           |xsdbs_v1_0_2_reg_ctl_223                                     |    50|
|121   |            reg_16                                                          |xsdbs_v1_0_2_reg__parameterized117                           |    17|
|122   |              \I_EN_CTL_EQ1.U_CTL                                           |xsdbs_v1_0_2_reg_ctl_222                                     |    17|
|123   |            reg_17                                                          |xsdbs_v1_0_2_reg__parameterized118                           |    20|
|124   |              \I_EN_CTL_EQ1.U_CTL                                           |xsdbs_v1_0_2_reg_ctl_221                                     |    20|
|125   |            reg_18                                                          |xsdbs_v1_0_2_reg__parameterized119                           |    34|
|126   |              \I_EN_CTL_EQ1.U_CTL                                           |xsdbs_v1_0_2_reg_ctl_220                                     |    34|
|127   |            reg_19                                                          |xsdbs_v1_0_2_reg__parameterized120                           |    18|
|128   |              \I_EN_CTL_EQ1.U_CTL                                           |xsdbs_v1_0_2_reg_ctl_219                                     |    18|
|129   |            reg_1a                                                          |xsdbs_v1_0_2_reg__parameterized121                           |    17|
|130   |              \I_EN_CTL_EQ1.U_CTL                                           |xsdbs_v1_0_2_reg_ctl__parameterized1_218                     |    17|
|131   |            reg_6                                                           |xsdbs_v1_0_2_reg__parameterized101                           |    37|
|132   |              \I_EN_CTL_EQ1.U_CTL                                           |xsdbs_v1_0_2_reg_ctl_217                                     |    37|
|133   |            reg_7                                                           |xsdbs_v1_0_2_reg__parameterized102                           |    27|
|134   |              \I_EN_CTL_EQ1.U_CTL                                           |xsdbs_v1_0_2_reg_ctl__parameterized0                         |    27|
|135   |            reg_8                                                           |xsdbs_v1_0_2_reg__parameterized103                           |     5|
|136   |              \I_EN_STAT_EQ1.U_STAT                                         |xsdbs_v1_0_2_reg_stat_216                                    |     5|
|137   |            reg_80                                                          |xsdbs_v1_0_2_reg__parameterized122                           |    17|
|138   |              \I_EN_CTL_EQ1.U_CTL                                           |xsdbs_v1_0_2_reg_ctl__parameterized1_215                     |    17|
|139   |            reg_81                                                          |xsdbs_v1_0_2_reg__parameterized123                           |    17|
|140   |              \I_EN_CTL_EQ1.U_CTL                                           |xsdbs_v1_0_2_reg_ctl_214                                     |    17|
|141   |            reg_82                                                          |xsdbs_v1_0_2_reg__parameterized124                           |    17|
|142   |              \I_EN_CTL_EQ1.U_CTL                                           |xsdbs_v1_0_2_reg_ctl__parameterized1                         |    17|
|143   |            reg_83                                                          |xsdbs_v1_0_2_reg__parameterized125                           |    34|
|144   |              \I_EN_CTL_EQ1.U_CTL                                           |xsdbs_v1_0_2_reg_ctl_213                                     |    34|
|145   |            reg_84                                                          |xsdbs_v1_0_2_reg__parameterized126                           |    65|
|146   |              \I_EN_CTL_EQ1.U_CTL                                           |xsdbs_v1_0_2_reg_ctl_212                                     |    65|
|147   |            reg_85                                                          |xsdbs_v1_0_2_reg__parameterized127                           |    20|
|148   |              \I_EN_CTL_EQ1.U_CTL                                           |xsdbs_v1_0_2_reg_ctl_211                                     |    20|
|149   |            reg_887                                                         |xsdbs_v1_0_2_reg__parameterized129                           |     4|
|150   |              \I_EN_STAT_EQ1.U_STAT                                         |xsdbs_v1_0_2_reg_stat_210                                    |     4|
|151   |            reg_88d                                                         |xsdbs_v1_0_2_reg__parameterized131                           |     8|
|152   |              \I_EN_STAT_EQ1.U_STAT                                         |xsdbs_v1_0_2_reg_stat_209                                    |     8|
|153   |            reg_9                                                           |xsdbs_v1_0_2_reg__parameterized104                           |    20|
|154   |              \I_EN_STAT_EQ1.U_STAT                                         |xsdbs_v1_0_2_reg_stat_208                                    |    20|
|155   |            reg_srl_fff                                                     |xsdbs_v1_0_2_reg_p2s__parameterized46                        |    95|
|156   |            reg_stream_ffd                                                  |xsdbs_v1_0_2_reg_stream                                      |    19|
|157   |              \I_EN_CTL_EQ1.U_CTL                                           |xsdbs_v1_0_2_reg_ctl                                         |    19|
|158   |            reg_stream_ffe                                                  |xsdbs_v1_0_2_reg_stream__parameterized0                      |    38|
|159   |              \I_EN_STAT_EQ1.U_STAT                                         |xsdbs_v1_0_2_reg_stat                                        |    38|
|160   |          u_ila_reset_ctrl                                                  |ila_v6_2_9_ila_reset_ctrl                                    |    46|
|161   |            arm_detection_inst                                              |ltlib_v1_0_0_rising_edge_detection                           |     5|
|162   |            \asyncrounous_transfer.arm_in_transfer_inst                     |ltlib_v1_0_0_async_edge_xfer                                 |     7|
|163   |            \asyncrounous_transfer.arm_out_transfer_inst                    |ltlib_v1_0_0_async_edge_xfer_204                             |     6|
|164   |            \asyncrounous_transfer.halt_in_transfer_inst                    |ltlib_v1_0_0_async_edge_xfer_205                             |     7|
|165   |            \asyncrounous_transfer.halt_out_transfer_inst                   |ltlib_v1_0_0_async_edge_xfer_206                             |     6|
|166   |            halt_detection_inst                                             |ltlib_v1_0_0_rising_edge_detection_207                       |     6|
|167   |          u_trig                                                            |ila_v6_2_9_ila_trigger                                       |  1490|
|168   |            \N_DDR_TC.N_DDR_TC_INST[0].U_TC                                 |ltlib_v1_0_0_match                                           |    81|
|169   |              \allx_typeA_match_detection.ltlib_v1_0_0_allx_typeA_inst      |ltlib_v1_0_0_allx_typeA                                      |    79|
|170   |                DUT                                                         |ltlib_v1_0_0_all_typeA                                       |    33|
|171   |                  \I_WHOLE_SLICE.G_SLICE_IDX[0].U_ALL_SRL_SLICE             |ltlib_v1_0_0_all_typeA_slice_198                             |     5|
|172   |                  \I_WHOLE_SLICE.G_SLICE_IDX[1].U_ALL_SRL_SLICE             |ltlib_v1_0_0_all_typeA_slice_199                             |     5|
|173   |                  \I_WHOLE_SLICE.G_SLICE_IDX[2].U_ALL_SRL_SLICE             |ltlib_v1_0_0_all_typeA_slice_200                             |     5|
|174   |                  \I_WHOLE_SLICE.G_SLICE_IDX[3].U_ALL_SRL_SLICE             |ltlib_v1_0_0_all_typeA_slice_201                             |     5|
|175   |                  \I_WHOLE_SLICE.G_SLICE_IDX[4].U_ALL_SRL_SLICE             |ltlib_v1_0_0_all_typeA_slice_202                             |     5|
|176   |                  \I_WHOLE_SLICE.G_SLICE_IDX[5].U_ALL_SRL_SLICE             |ltlib_v1_0_0_all_typeA_slice__parameterized0_203             |     6|
|177   |            U_TM                                                            |ila_v6_2_9_ila_trig_match                                    |  1408|
|178   |              \N_DDR_MODE.G_NMU[0].U_M                                      |ltlib_v1_0_0_match__parameterized0                           |    13|
|179   |                \allx_typeA_match_detection.ltlib_v1_0_0_allx_typeA_inst    |ltlib_v1_0_0_allx_typeA__parameterized0_195                  |    12|
|180   |                  DUT                                                       |ltlib_v1_0_0_all_typeA__parameterized0_196                   |     8|
|181   |                    \I_WHOLE_SLICE.G_SLICE_IDX[0].U_ALL_SRL_SLICE           |ltlib_v1_0_0_all_typeA_slice__parameterized0_197             |     6|
|182   |              \N_DDR_MODE.G_NMU[10].U_M                                     |ltlib_v1_0_0_match__parameterized1                           |    88|
|183   |                \allx_typeA_match_detection.ltlib_v1_0_0_allx_typeA_inst    |ltlib_v1_0_0_allx_typeA__parameterized1_189                  |    87|
|184   |                  DUT                                                       |ltlib_v1_0_0_all_typeA__parameterized1_190                   |    23|
|185   |                    \I_WHOLE_SLICE.G_SLICE_IDX[0].U_ALL_SRL_SLICE           |ltlib_v1_0_0_all_typeA_slice_191                             |     5|
|186   |                    \I_WHOLE_SLICE.G_SLICE_IDX[1].U_ALL_SRL_SLICE           |ltlib_v1_0_0_all_typeA_slice_192                             |     5|
|187   |                    \I_WHOLE_SLICE.G_SLICE_IDX[2].U_ALL_SRL_SLICE           |ltlib_v1_0_0_all_typeA_slice_193                             |     5|
|188   |                    \I_WHOLE_SLICE.G_SLICE_IDX[3].U_ALL_SRL_SLICE           |ltlib_v1_0_0_all_typeA_slice__parameterized0_194             |     6|
|189   |              \N_DDR_MODE.G_NMU[11].U_M                                     |ltlib_v1_0_0_match__parameterized0_0                         |    13|
|190   |                \allx_typeA_match_detection.ltlib_v1_0_0_allx_typeA_inst    |ltlib_v1_0_0_allx_typeA__parameterized0_186                  |    12|
|191   |                  DUT                                                       |ltlib_v1_0_0_all_typeA__parameterized0_187                   |     8|
|192   |                    \I_WHOLE_SLICE.G_SLICE_IDX[0].U_ALL_SRL_SLICE           |ltlib_v1_0_0_all_typeA_slice__parameterized0_188             |     6|
|193   |              \N_DDR_MODE.G_NMU[12].U_M                                     |ltlib_v1_0_0_match__parameterized1_1                         |    88|
|194   |                \allx_typeA_match_detection.ltlib_v1_0_0_allx_typeA_inst    |ltlib_v1_0_0_allx_typeA__parameterized1_180                  |    87|
|195   |                  DUT                                                       |ltlib_v1_0_0_all_typeA__parameterized1_181                   |    23|
|196   |                    \I_WHOLE_SLICE.G_SLICE_IDX[0].U_ALL_SRL_SLICE           |ltlib_v1_0_0_all_typeA_slice_182                             |     5|
|197   |                    \I_WHOLE_SLICE.G_SLICE_IDX[1].U_ALL_SRL_SLICE           |ltlib_v1_0_0_all_typeA_slice_183                             |     5|
|198   |                    \I_WHOLE_SLICE.G_SLICE_IDX[2].U_ALL_SRL_SLICE           |ltlib_v1_0_0_all_typeA_slice_184                             |     5|
|199   |                    \I_WHOLE_SLICE.G_SLICE_IDX[3].U_ALL_SRL_SLICE           |ltlib_v1_0_0_all_typeA_slice__parameterized0_185             |     6|
|200   |              \N_DDR_MODE.G_NMU[13].U_M                                     |ltlib_v1_0_0_match__parameterized0_2                         |    13|
|201   |                \allx_typeA_match_detection.ltlib_v1_0_0_allx_typeA_inst    |ltlib_v1_0_0_allx_typeA__parameterized0_177                  |    12|
|202   |                  DUT                                                       |ltlib_v1_0_0_all_typeA__parameterized0_178                   |     8|
|203   |                    \I_WHOLE_SLICE.G_SLICE_IDX[0].U_ALL_SRL_SLICE           |ltlib_v1_0_0_all_typeA_slice__parameterized0_179             |     6|
|204   |              \N_DDR_MODE.G_NMU[14].U_M                                     |ltlib_v1_0_0_match__parameterized3                           |    15|
|205   |                \allx_typeA_match_detection.ltlib_v1_0_0_allx_typeA_inst    |ltlib_v1_0_0_allx_typeA__parameterized3_174                  |    14|
|206   |                  DUT                                                       |ltlib_v1_0_0_all_typeA__parameterized0_175                   |     8|
|207   |                    \I_WHOLE_SLICE.G_SLICE_IDX[0].U_ALL_SRL_SLICE           |ltlib_v1_0_0_all_typeA_slice__parameterized0_176             |     6|
|208   |              \N_DDR_MODE.G_NMU[15].U_M                                     |ltlib_v1_0_0_match__parameterized0_3                         |    13|
|209   |                \allx_typeA_match_detection.ltlib_v1_0_0_allx_typeA_inst    |ltlib_v1_0_0_allx_typeA__parameterized0_171                  |    12|
|210   |                  DUT                                                       |ltlib_v1_0_0_all_typeA__parameterized0_172                   |     8|
|211   |                    \I_WHOLE_SLICE.G_SLICE_IDX[0].U_ALL_SRL_SLICE           |ltlib_v1_0_0_all_typeA_slice__parameterized0_173             |     6|
|212   |              \N_DDR_MODE.G_NMU[16].U_M                                     |ltlib_v1_0_0_match__parameterized0_4                         |    13|
|213   |                \allx_typeA_match_detection.ltlib_v1_0_0_allx_typeA_inst    |ltlib_v1_0_0_allx_typeA__parameterized0_168                  |    12|
|214   |                  DUT                                                       |ltlib_v1_0_0_all_typeA__parameterized0_169                   |     8|
|215   |                    \I_WHOLE_SLICE.G_SLICE_IDX[0].U_ALL_SRL_SLICE           |ltlib_v1_0_0_all_typeA_slice__parameterized0_170             |     6|
|216   |              \N_DDR_MODE.G_NMU[17].U_M                                     |ltlib_v1_0_0_match__parameterized3_5                         |    15|
|217   |                \allx_typeA_match_detection.ltlib_v1_0_0_allx_typeA_inst    |ltlib_v1_0_0_allx_typeA__parameterized3_165                  |    14|
|218   |                  DUT                                                       |ltlib_v1_0_0_all_typeA__parameterized0_166                   |     8|
|219   |                    \I_WHOLE_SLICE.G_SLICE_IDX[0].U_ALL_SRL_SLICE           |ltlib_v1_0_0_all_typeA_slice__parameterized0_167             |     6|
|220   |              \N_DDR_MODE.G_NMU[18].U_M                                     |ltlib_v1_0_0_match__parameterized0_6                         |    13|
|221   |                \allx_typeA_match_detection.ltlib_v1_0_0_allx_typeA_inst    |ltlib_v1_0_0_allx_typeA__parameterized0_162                  |    12|
|222   |                  DUT                                                       |ltlib_v1_0_0_all_typeA__parameterized0_163                   |     8|
|223   |                    \I_WHOLE_SLICE.G_SLICE_IDX[0].U_ALL_SRL_SLICE           |ltlib_v1_0_0_all_typeA_slice__parameterized0_164             |     6|
|224   |              \N_DDR_MODE.G_NMU[19].U_M                                     |ltlib_v1_0_0_match__parameterized1_7                         |    88|
|225   |                \allx_typeA_match_detection.ltlib_v1_0_0_allx_typeA_inst    |ltlib_v1_0_0_allx_typeA__parameterized1_156                  |    87|
|226   |                  DUT                                                       |ltlib_v1_0_0_all_typeA__parameterized1_157                   |    23|
|227   |                    \I_WHOLE_SLICE.G_SLICE_IDX[0].U_ALL_SRL_SLICE           |ltlib_v1_0_0_all_typeA_slice_158                             |     5|
|228   |                    \I_WHOLE_SLICE.G_SLICE_IDX[1].U_ALL_SRL_SLICE           |ltlib_v1_0_0_all_typeA_slice_159                             |     5|
|229   |                    \I_WHOLE_SLICE.G_SLICE_IDX[2].U_ALL_SRL_SLICE           |ltlib_v1_0_0_all_typeA_slice_160                             |     5|
|230   |                    \I_WHOLE_SLICE.G_SLICE_IDX[3].U_ALL_SRL_SLICE           |ltlib_v1_0_0_all_typeA_slice__parameterized0_161             |     6|
|231   |              \N_DDR_MODE.G_NMU[1].U_M                                      |ltlib_v1_0_0_match__parameterized1_8                         |    88|
|232   |                \allx_typeA_match_detection.ltlib_v1_0_0_allx_typeA_inst    |ltlib_v1_0_0_allx_typeA__parameterized1_150                  |    87|
|233   |                  DUT                                                       |ltlib_v1_0_0_all_typeA__parameterized1_151                   |    23|
|234   |                    \I_WHOLE_SLICE.G_SLICE_IDX[0].U_ALL_SRL_SLICE           |ltlib_v1_0_0_all_typeA_slice_152                             |     5|
|235   |                    \I_WHOLE_SLICE.G_SLICE_IDX[1].U_ALL_SRL_SLICE           |ltlib_v1_0_0_all_typeA_slice_153                             |     5|
|236   |                    \I_WHOLE_SLICE.G_SLICE_IDX[2].U_ALL_SRL_SLICE           |ltlib_v1_0_0_all_typeA_slice_154                             |     5|
|237   |                    \I_WHOLE_SLICE.G_SLICE_IDX[3].U_ALL_SRL_SLICE           |ltlib_v1_0_0_all_typeA_slice__parameterized0_155             |     6|
|238   |              \N_DDR_MODE.G_NMU[20].U_M                                     |ltlib_v1_0_0_match__parameterized2                           |    25|
|239   |                \allx_typeA_match_detection.ltlib_v1_0_0_allx_typeA_inst    |ltlib_v1_0_0_allx_typeA__parameterized2_147                  |    24|
|240   |                  DUT                                                       |ltlib_v1_0_0_all_typeA__parameterized0_148                   |     8|
|241   |                    \I_WHOLE_SLICE.G_SLICE_IDX[0].U_ALL_SRL_SLICE           |ltlib_v1_0_0_all_typeA_slice__parameterized0_149             |     6|
|242   |              \N_DDR_MODE.G_NMU[21].U_M                                     |ltlib_v1_0_0_match__parameterized3_9                         |    15|
|243   |                \allx_typeA_match_detection.ltlib_v1_0_0_allx_typeA_inst    |ltlib_v1_0_0_allx_typeA__parameterized3_144                  |    14|
|244   |                  DUT                                                       |ltlib_v1_0_0_all_typeA__parameterized0_145                   |     8|
|245   |                    \I_WHOLE_SLICE.G_SLICE_IDX[0].U_ALL_SRL_SLICE           |ltlib_v1_0_0_all_typeA_slice__parameterized0_146             |     6|
|246   |              \N_DDR_MODE.G_NMU[22].U_M                                     |ltlib_v1_0_0_match__parameterized0_10                        |    13|
|247   |                \allx_typeA_match_detection.ltlib_v1_0_0_allx_typeA_inst    |ltlib_v1_0_0_allx_typeA__parameterized0_141                  |    12|
|248   |                  DUT                                                       |ltlib_v1_0_0_all_typeA__parameterized0_142                   |     8|
|249   |                    \I_WHOLE_SLICE.G_SLICE_IDX[0].U_ALL_SRL_SLICE           |ltlib_v1_0_0_all_typeA_slice__parameterized0_143             |     6|
|250   |              \N_DDR_MODE.G_NMU[23].U_M                                     |ltlib_v1_0_0_match__parameterized1_11                        |    88|
|251   |                \allx_typeA_match_detection.ltlib_v1_0_0_allx_typeA_inst    |ltlib_v1_0_0_allx_typeA__parameterized1_135                  |    87|
|252   |                  DUT                                                       |ltlib_v1_0_0_all_typeA__parameterized1_136                   |    23|
|253   |                    \I_WHOLE_SLICE.G_SLICE_IDX[0].U_ALL_SRL_SLICE           |ltlib_v1_0_0_all_typeA_slice_137                             |     5|
|254   |                    \I_WHOLE_SLICE.G_SLICE_IDX[1].U_ALL_SRL_SLICE           |ltlib_v1_0_0_all_typeA_slice_138                             |     5|
|255   |                    \I_WHOLE_SLICE.G_SLICE_IDX[2].U_ALL_SRL_SLICE           |ltlib_v1_0_0_all_typeA_slice_139                             |     5|
|256   |                    \I_WHOLE_SLICE.G_SLICE_IDX[3].U_ALL_SRL_SLICE           |ltlib_v1_0_0_all_typeA_slice__parameterized0_140             |     6|
|257   |              \N_DDR_MODE.G_NMU[24].U_M                                     |ltlib_v1_0_0_match__parameterized2_12                        |    25|
|258   |                \allx_typeA_match_detection.ltlib_v1_0_0_allx_typeA_inst    |ltlib_v1_0_0_allx_typeA__parameterized2_132                  |    24|
|259   |                  DUT                                                       |ltlib_v1_0_0_all_typeA__parameterized0_133                   |     8|
|260   |                    \I_WHOLE_SLICE.G_SLICE_IDX[0].U_ALL_SRL_SLICE           |ltlib_v1_0_0_all_typeA_slice__parameterized0_134             |     6|
|261   |              \N_DDR_MODE.G_NMU[25].U_M                                     |ltlib_v1_0_0_match__parameterized3_13                        |    15|
|262   |                \allx_typeA_match_detection.ltlib_v1_0_0_allx_typeA_inst    |ltlib_v1_0_0_allx_typeA__parameterized3_129                  |    14|
|263   |                  DUT                                                       |ltlib_v1_0_0_all_typeA__parameterized0_130                   |     8|
|264   |                    \I_WHOLE_SLICE.G_SLICE_IDX[0].U_ALL_SRL_SLICE           |ltlib_v1_0_0_all_typeA_slice__parameterized0_131             |     6|
|265   |              \N_DDR_MODE.G_NMU[26].U_M                                     |ltlib_v1_0_0_match__parameterized0_14                        |    13|
|266   |                \allx_typeA_match_detection.ltlib_v1_0_0_allx_typeA_inst    |ltlib_v1_0_0_allx_typeA__parameterized0_126                  |    12|
|267   |                  DUT                                                       |ltlib_v1_0_0_all_typeA__parameterized0_127                   |     8|
|268   |                    \I_WHOLE_SLICE.G_SLICE_IDX[0].U_ALL_SRL_SLICE           |ltlib_v1_0_0_all_typeA_slice__parameterized0_128             |     6|
|269   |              \N_DDR_MODE.G_NMU[27].U_M                                     |ltlib_v1_0_0_match__parameterized0_15                        |    13|
|270   |                \allx_typeA_match_detection.ltlib_v1_0_0_allx_typeA_inst    |ltlib_v1_0_0_allx_typeA__parameterized0_123                  |    12|
|271   |                  DUT                                                       |ltlib_v1_0_0_all_typeA__parameterized0_124                   |     8|
|272   |                    \I_WHOLE_SLICE.G_SLICE_IDX[0].U_ALL_SRL_SLICE           |ltlib_v1_0_0_all_typeA_slice__parameterized0_125             |     6|
|273   |              \N_DDR_MODE.G_NMU[28].U_M                                     |ltlib_v1_0_0_match__parameterized0_16                        |    13|
|274   |                \allx_typeA_match_detection.ltlib_v1_0_0_allx_typeA_inst    |ltlib_v1_0_0_allx_typeA__parameterized0_120                  |    12|
|275   |                  DUT                                                       |ltlib_v1_0_0_all_typeA__parameterized0_121                   |     8|
|276   |                    \I_WHOLE_SLICE.G_SLICE_IDX[0].U_ALL_SRL_SLICE           |ltlib_v1_0_0_all_typeA_slice__parameterized0_122             |     6|
|277   |              \N_DDR_MODE.G_NMU[29].U_M                                     |ltlib_v1_0_0_match__parameterized1_17                        |    88|
|278   |                \allx_typeA_match_detection.ltlib_v1_0_0_allx_typeA_inst    |ltlib_v1_0_0_allx_typeA__parameterized1_114                  |    87|
|279   |                  DUT                                                       |ltlib_v1_0_0_all_typeA__parameterized1_115                   |    23|
|280   |                    \I_WHOLE_SLICE.G_SLICE_IDX[0].U_ALL_SRL_SLICE           |ltlib_v1_0_0_all_typeA_slice_116                             |     5|
|281   |                    \I_WHOLE_SLICE.G_SLICE_IDX[1].U_ALL_SRL_SLICE           |ltlib_v1_0_0_all_typeA_slice_117                             |     5|
|282   |                    \I_WHOLE_SLICE.G_SLICE_IDX[2].U_ALL_SRL_SLICE           |ltlib_v1_0_0_all_typeA_slice_118                             |     5|
|283   |                    \I_WHOLE_SLICE.G_SLICE_IDX[3].U_ALL_SRL_SLICE           |ltlib_v1_0_0_all_typeA_slice__parameterized0_119             |     6|
|284   |              \N_DDR_MODE.G_NMU[2].U_M                                      |ltlib_v1_0_0_match__parameterized2_18                        |    25|
|285   |                \allx_typeA_match_detection.ltlib_v1_0_0_allx_typeA_inst    |ltlib_v1_0_0_allx_typeA__parameterized2_111                  |    24|
|286   |                  DUT                                                       |ltlib_v1_0_0_all_typeA__parameterized0_112                   |     8|
|287   |                    \I_WHOLE_SLICE.G_SLICE_IDX[0].U_ALL_SRL_SLICE           |ltlib_v1_0_0_all_typeA_slice__parameterized0_113             |     6|
|288   |              \N_DDR_MODE.G_NMU[30].U_M                                     |ltlib_v1_0_0_match__parameterized1_19                        |    88|
|289   |                \allx_typeA_match_detection.ltlib_v1_0_0_allx_typeA_inst    |ltlib_v1_0_0_allx_typeA__parameterized1_105                  |    87|
|290   |                  DUT                                                       |ltlib_v1_0_0_all_typeA__parameterized1_106                   |    23|
|291   |                    \I_WHOLE_SLICE.G_SLICE_IDX[0].U_ALL_SRL_SLICE           |ltlib_v1_0_0_all_typeA_slice_107                             |     5|
|292   |                    \I_WHOLE_SLICE.G_SLICE_IDX[1].U_ALL_SRL_SLICE           |ltlib_v1_0_0_all_typeA_slice_108                             |     5|
|293   |                    \I_WHOLE_SLICE.G_SLICE_IDX[2].U_ALL_SRL_SLICE           |ltlib_v1_0_0_all_typeA_slice_109                             |     5|
|294   |                    \I_WHOLE_SLICE.G_SLICE_IDX[3].U_ALL_SRL_SLICE           |ltlib_v1_0_0_all_typeA_slice__parameterized0_110             |     6|
|295   |              \N_DDR_MODE.G_NMU[31].U_M                                     |ltlib_v1_0_0_match__parameterized4                           |    17|
|296   |                \allx_typeA_match_detection.ltlib_v1_0_0_allx_typeA_inst    |ltlib_v1_0_0_allx_typeA__parameterized4_102                  |    16|
|297   |                  DUT                                                       |ltlib_v1_0_0_all_typeA__parameterized0_103                   |     8|
|298   |                    \I_WHOLE_SLICE.G_SLICE_IDX[0].U_ALL_SRL_SLICE           |ltlib_v1_0_0_all_typeA_slice__parameterized0_104             |     6|
|299   |              \N_DDR_MODE.G_NMU[32].U_M                                     |ltlib_v1_0_0_match__parameterized0_20                        |    13|
|300   |                \allx_typeA_match_detection.ltlib_v1_0_0_allx_typeA_inst    |ltlib_v1_0_0_allx_typeA__parameterized0_99                   |    12|
|301   |                  DUT                                                       |ltlib_v1_0_0_all_typeA__parameterized0_100                   |     8|
|302   |                    \I_WHOLE_SLICE.G_SLICE_IDX[0].U_ALL_SRL_SLICE           |ltlib_v1_0_0_all_typeA_slice__parameterized0_101             |     6|
|303   |              \N_DDR_MODE.G_NMU[33].U_M                                     |ltlib_v1_0_0_match__parameterized3_21                        |    15|
|304   |                \allx_typeA_match_detection.ltlib_v1_0_0_allx_typeA_inst    |ltlib_v1_0_0_allx_typeA__parameterized3_96                   |    14|
|305   |                  DUT                                                       |ltlib_v1_0_0_all_typeA__parameterized0_97                    |     8|
|306   |                    \I_WHOLE_SLICE.G_SLICE_IDX[0].U_ALL_SRL_SLICE           |ltlib_v1_0_0_all_typeA_slice__parameterized0_98              |     6|
|307   |              \N_DDR_MODE.G_NMU[34].U_M                                     |ltlib_v1_0_0_match__parameterized0_22                        |    13|
|308   |                \allx_typeA_match_detection.ltlib_v1_0_0_allx_typeA_inst    |ltlib_v1_0_0_allx_typeA__parameterized0_93                   |    12|
|309   |                  DUT                                                       |ltlib_v1_0_0_all_typeA__parameterized0_94                    |     8|
|310   |                    \I_WHOLE_SLICE.G_SLICE_IDX[0].U_ALL_SRL_SLICE           |ltlib_v1_0_0_all_typeA_slice__parameterized0_95              |     6|
|311   |              \N_DDR_MODE.G_NMU[35].U_M                                     |ltlib_v1_0_0_match__parameterized0_23                        |    13|
|312   |                \allx_typeA_match_detection.ltlib_v1_0_0_allx_typeA_inst    |ltlib_v1_0_0_allx_typeA__parameterized0_90                   |    12|
|313   |                  DUT                                                       |ltlib_v1_0_0_all_typeA__parameterized0_91                    |     8|
|314   |                    \I_WHOLE_SLICE.G_SLICE_IDX[0].U_ALL_SRL_SLICE           |ltlib_v1_0_0_all_typeA_slice__parameterized0_92              |     6|
|315   |              \N_DDR_MODE.G_NMU[36].U_M                                     |ltlib_v1_0_0_match__parameterized3_24                        |    15|
|316   |                \allx_typeA_match_detection.ltlib_v1_0_0_allx_typeA_inst    |ltlib_v1_0_0_allx_typeA__parameterized3_87                   |    14|
|317   |                  DUT                                                       |ltlib_v1_0_0_all_typeA__parameterized0_88                    |     8|
|318   |                    \I_WHOLE_SLICE.G_SLICE_IDX[0].U_ALL_SRL_SLICE           |ltlib_v1_0_0_all_typeA_slice__parameterized0_89              |     6|
|319   |              \N_DDR_MODE.G_NMU[37].U_M                                     |ltlib_v1_0_0_match__parameterized1_25                        |    88|
|320   |                \allx_typeA_match_detection.ltlib_v1_0_0_allx_typeA_inst    |ltlib_v1_0_0_allx_typeA__parameterized1_81                   |    87|
|321   |                  DUT                                                       |ltlib_v1_0_0_all_typeA__parameterized1_82                    |    23|
|322   |                    \I_WHOLE_SLICE.G_SLICE_IDX[0].U_ALL_SRL_SLICE           |ltlib_v1_0_0_all_typeA_slice_83                              |     5|
|323   |                    \I_WHOLE_SLICE.G_SLICE_IDX[1].U_ALL_SRL_SLICE           |ltlib_v1_0_0_all_typeA_slice_84                              |     5|
|324   |                    \I_WHOLE_SLICE.G_SLICE_IDX[2].U_ALL_SRL_SLICE           |ltlib_v1_0_0_all_typeA_slice_85                              |     5|
|325   |                    \I_WHOLE_SLICE.G_SLICE_IDX[3].U_ALL_SRL_SLICE           |ltlib_v1_0_0_all_typeA_slice__parameterized0_86              |     6|
|326   |              \N_DDR_MODE.G_NMU[38].U_M                                     |ltlib_v1_0_0_match__parameterized5                           |    11|
|327   |                \allx_typeA_match_detection.ltlib_v1_0_0_allx_typeA_inst    |ltlib_v1_0_0_allx_typeA__parameterized5_78                   |    10|
|328   |                  DUT                                                       |ltlib_v1_0_0_all_typeA__parameterized0_79                    |     8|
|329   |                    \I_WHOLE_SLICE.G_SLICE_IDX[0].U_ALL_SRL_SLICE           |ltlib_v1_0_0_all_typeA_slice__parameterized0_80              |     6|
|330   |              \N_DDR_MODE.G_NMU[39].U_M                                     |ltlib_v1_0_0_match__parameterized5_26                        |    11|
|331   |                \allx_typeA_match_detection.ltlib_v1_0_0_allx_typeA_inst    |ltlib_v1_0_0_allx_typeA__parameterized5_75                   |    10|
|332   |                  DUT                                                       |ltlib_v1_0_0_all_typeA__parameterized0_76                    |     8|
|333   |                    \I_WHOLE_SLICE.G_SLICE_IDX[0].U_ALL_SRL_SLICE           |ltlib_v1_0_0_all_typeA_slice__parameterized0_77              |     6|
|334   |              \N_DDR_MODE.G_NMU[3].U_M                                      |ltlib_v1_0_0_match__parameterized3_27                        |    15|
|335   |                \allx_typeA_match_detection.ltlib_v1_0_0_allx_typeA_inst    |ltlib_v1_0_0_allx_typeA__parameterized3_72                   |    14|
|336   |                  DUT                                                       |ltlib_v1_0_0_all_typeA__parameterized0_73                    |     8|
|337   |                    \I_WHOLE_SLICE.G_SLICE_IDX[0].U_ALL_SRL_SLICE           |ltlib_v1_0_0_all_typeA_slice__parameterized0_74              |     6|
|338   |              \N_DDR_MODE.G_NMU[40].U_M                                     |ltlib_v1_0_0_match__parameterized5_28                        |    11|
|339   |                \allx_typeA_match_detection.ltlib_v1_0_0_allx_typeA_inst    |ltlib_v1_0_0_allx_typeA__parameterized5_69                   |    10|
|340   |                  DUT                                                       |ltlib_v1_0_0_all_typeA__parameterized0_70                    |     8|
|341   |                    \I_WHOLE_SLICE.G_SLICE_IDX[0].U_ALL_SRL_SLICE           |ltlib_v1_0_0_all_typeA_slice__parameterized0_71              |     6|
|342   |              \N_DDR_MODE.G_NMU[41].U_M                                     |ltlib_v1_0_0_match__parameterized1_29                        |    88|
|343   |                \allx_typeA_match_detection.ltlib_v1_0_0_allx_typeA_inst    |ltlib_v1_0_0_allx_typeA__parameterized1_63                   |    87|
|344   |                  DUT                                                       |ltlib_v1_0_0_all_typeA__parameterized1_64                    |    23|
|345   |                    \I_WHOLE_SLICE.G_SLICE_IDX[0].U_ALL_SRL_SLICE           |ltlib_v1_0_0_all_typeA_slice_65                              |     5|
|346   |                    \I_WHOLE_SLICE.G_SLICE_IDX[1].U_ALL_SRL_SLICE           |ltlib_v1_0_0_all_typeA_slice_66                              |     5|
|347   |                    \I_WHOLE_SLICE.G_SLICE_IDX[2].U_ALL_SRL_SLICE           |ltlib_v1_0_0_all_typeA_slice_67                              |     5|
|348   |                    \I_WHOLE_SLICE.G_SLICE_IDX[3].U_ALL_SRL_SLICE           |ltlib_v1_0_0_all_typeA_slice__parameterized0_68              |     6|
|349   |              \N_DDR_MODE.G_NMU[42].U_M                                     |ltlib_v1_0_0_match__parameterized4_30                        |    17|
|350   |                \allx_typeA_match_detection.ltlib_v1_0_0_allx_typeA_inst    |ltlib_v1_0_0_allx_typeA__parameterized4                      |    16|
|351   |                  DUT                                                       |ltlib_v1_0_0_all_typeA__parameterized0_61                    |     8|
|352   |                    \I_WHOLE_SLICE.G_SLICE_IDX[0].U_ALL_SRL_SLICE           |ltlib_v1_0_0_all_typeA_slice__parameterized0_62              |     6|
|353   |              \N_DDR_MODE.G_NMU[43].U_M                                     |ltlib_v1_0_0_match__parameterized5_31                        |    11|
|354   |                \allx_typeA_match_detection.ltlib_v1_0_0_allx_typeA_inst    |ltlib_v1_0_0_allx_typeA__parameterized5_58                   |    10|
|355   |                  DUT                                                       |ltlib_v1_0_0_all_typeA__parameterized0_59                    |     8|
|356   |                    \I_WHOLE_SLICE.G_SLICE_IDX[0].U_ALL_SRL_SLICE           |ltlib_v1_0_0_all_typeA_slice__parameterized0_60              |     6|
|357   |              \N_DDR_MODE.G_NMU[44].U_M                                     |ltlib_v1_0_0_match__parameterized5_32                        |    11|
|358   |                \allx_typeA_match_detection.ltlib_v1_0_0_allx_typeA_inst    |ltlib_v1_0_0_allx_typeA__parameterized5_55                   |    10|
|359   |                  DUT                                                       |ltlib_v1_0_0_all_typeA__parameterized0_56                    |     8|
|360   |                    \I_WHOLE_SLICE.G_SLICE_IDX[0].U_ALL_SRL_SLICE           |ltlib_v1_0_0_all_typeA_slice__parameterized0_57              |     6|
|361   |              \N_DDR_MODE.G_NMU[45].U_M                                     |ltlib_v1_0_0_match__parameterized5_33                        |    11|
|362   |                \allx_typeA_match_detection.ltlib_v1_0_0_allx_typeA_inst    |ltlib_v1_0_0_allx_typeA__parameterized5                      |    10|
|363   |                  DUT                                                       |ltlib_v1_0_0_all_typeA__parameterized0_53                    |     8|
|364   |                    \I_WHOLE_SLICE.G_SLICE_IDX[0].U_ALL_SRL_SLICE           |ltlib_v1_0_0_all_typeA_slice__parameterized0_54              |     6|
|365   |              \N_DDR_MODE.G_NMU[4].U_M                                      |ltlib_v1_0_0_match__parameterized0_34                        |    13|
|366   |                \allx_typeA_match_detection.ltlib_v1_0_0_allx_typeA_inst    |ltlib_v1_0_0_allx_typeA__parameterized0_50                   |    12|
|367   |                  DUT                                                       |ltlib_v1_0_0_all_typeA__parameterized0_51                    |     8|
|368   |                    \I_WHOLE_SLICE.G_SLICE_IDX[0].U_ALL_SRL_SLICE           |ltlib_v1_0_0_all_typeA_slice__parameterized0_52              |     6|
|369   |              \N_DDR_MODE.G_NMU[5].U_M                                      |ltlib_v1_0_0_match__parameterized1_35                        |    88|
|370   |                \allx_typeA_match_detection.ltlib_v1_0_0_allx_typeA_inst    |ltlib_v1_0_0_allx_typeA__parameterized1                      |    87|
|371   |                  DUT                                                       |ltlib_v1_0_0_all_typeA__parameterized1                       |    23|
|372   |                    \I_WHOLE_SLICE.G_SLICE_IDX[0].U_ALL_SRL_SLICE           |ltlib_v1_0_0_all_typeA_slice                                 |     5|
|373   |                    \I_WHOLE_SLICE.G_SLICE_IDX[1].U_ALL_SRL_SLICE           |ltlib_v1_0_0_all_typeA_slice_47                              |     5|
|374   |                    \I_WHOLE_SLICE.G_SLICE_IDX[2].U_ALL_SRL_SLICE           |ltlib_v1_0_0_all_typeA_slice_48                              |     5|
|375   |                    \I_WHOLE_SLICE.G_SLICE_IDX[3].U_ALL_SRL_SLICE           |ltlib_v1_0_0_all_typeA_slice__parameterized0_49              |     6|
|376   |              \N_DDR_MODE.G_NMU[6].U_M                                      |ltlib_v1_0_0_match__parameterized2_36                        |    25|
|377   |                \allx_typeA_match_detection.ltlib_v1_0_0_allx_typeA_inst    |ltlib_v1_0_0_allx_typeA__parameterized2                      |    24|
|378   |                  DUT                                                       |ltlib_v1_0_0_all_typeA__parameterized0_45                    |     8|
|379   |                    \I_WHOLE_SLICE.G_SLICE_IDX[0].U_ALL_SRL_SLICE           |ltlib_v1_0_0_all_typeA_slice__parameterized0_46              |     6|
|380   |              \N_DDR_MODE.G_NMU[7].U_M                                      |ltlib_v1_0_0_match__parameterized3_37                        |    15|
|381   |                \allx_typeA_match_detection.ltlib_v1_0_0_allx_typeA_inst    |ltlib_v1_0_0_allx_typeA__parameterized3                      |    14|
|382   |                  DUT                                                       |ltlib_v1_0_0_all_typeA__parameterized0_43                    |     8|
|383   |                    \I_WHOLE_SLICE.G_SLICE_IDX[0].U_ALL_SRL_SLICE           |ltlib_v1_0_0_all_typeA_slice__parameterized0_44              |     6|
|384   |              \N_DDR_MODE.G_NMU[8].U_M                                      |ltlib_v1_0_0_match__parameterized0_38                        |    13|
|385   |                \allx_typeA_match_detection.ltlib_v1_0_0_allx_typeA_inst    |ltlib_v1_0_0_allx_typeA__parameterized0_40                   |    12|
|386   |                  DUT                                                       |ltlib_v1_0_0_all_typeA__parameterized0_41                    |     8|
|387   |                    \I_WHOLE_SLICE.G_SLICE_IDX[0].U_ALL_SRL_SLICE           |ltlib_v1_0_0_all_typeA_slice__parameterized0_42              |     6|
|388   |              \N_DDR_MODE.G_NMU[9].U_M                                      |ltlib_v1_0_0_match__parameterized0_39                        |    13|
|389   |                \allx_typeA_match_detection.ltlib_v1_0_0_allx_typeA_inst    |ltlib_v1_0_0_allx_typeA__parameterized0                      |    12|
|390   |                  DUT                                                       |ltlib_v1_0_0_all_typeA__parameterized0                       |     8|
|391   |                    \I_WHOLE_SLICE.G_SLICE_IDX[0].U_ALL_SRL_SLICE           |ltlib_v1_0_0_all_typeA_slice__parameterized0                 |     6|
|392   |          xsdb_memory_read_inst                                             |ltlib_v1_0_0_generic_memrd                                   |   662|
|393   |    slot_0_ar                                                               |bd_f60c_slot_0_ar_0                                          |     0|
|394   |    slot_0_aw                                                               |bd_f60c_slot_0_aw_0                                          |     0|
|395   |    slot_0_b                                                                |bd_f60c_slot_0_b_0                                           |     0|
|396   |    slot_0_r                                                                |bd_f60c_slot_0_r_0                                           |     0|
|397   |    slot_0_w                                                                |bd_f60c_slot_0_w_0                                           |     0|
|398   |    slot_1_ar                                                               |bd_f60c_slot_1_ar_0                                          |     0|
|399   |    slot_1_aw                                                               |bd_f60c_slot_1_aw_0                                          |     0|
|400   |    slot_1_b                                                                |bd_f60c_slot_1_b_0                                           |     0|
|401   |    slot_1_r                                                                |bd_f60c_slot_1_r_0                                           |     0|
|402   |    slot_1_w                                                                |bd_f60c_slot_1_w_0                                           |     0|
+------+----------------------------------------------------------------------------+-------------------------------------------------------------+------+
---------------------------------------------------------------------------------
Finished Writing Synthesis Report : Time (s): cpu = 00:01:45 ; elapsed = 00:01:53 . Memory (MB): peak = 1393.715 ; gain = 669.137
---------------------------------------------------------------------------------
Synthesis finished with 0 errors, 0 critical warnings and 1135 warnings.
Synthesis Optimization Runtime : Time (s): cpu = 00:00:35 ; elapsed = 00:01:46 . Memory (MB): peak = 1393.715 ; gain = 669.137
Synthesis Optimization Complete : Time (s): cpu = 00:01:45 ; elapsed = 00:01:54 . Memory (MB): peak = 1393.715 ; gain = 669.137
INFO: [Project 1-571] Translating synthesized netlist
INFO: [Netlist 29-17] Analyzing 726 Unisim elements for replacement
INFO: [Netlist 29-28] Unisim Transformation completed in 0 CPU seconds
INFO: [Project 1-570] Preparing netlist for logic optimization
INFO: [Opt 31-138] Pushed 0 inverter(s) to 0 load pin(s).
Netlist sorting complete. Time (s): cpu = 00:00:00 ; elapsed = 00:00:00.003 . Memory (MB): peak = 1393.715 ; gain = 0.000
INFO: [Project 1-111] Unisim Transformation Summary:
  A total of 402 instances were transformed.
  CFGLUT5 => CFGLUT5 (SRLC32E, SRL16E): 352 instances
  CFGLUT5 => SRLC32E: 50 instances

INFO: [Common 17-83] Releasing license: Synthesis
415 Infos, 204 Warnings, 0 Critical Warnings and 0 Errors encountered.
synth_design completed successfully
synth_design: Time (s): cpu = 00:01:52 ; elapsed = 00:02:13 . Memory (MB): peak = 1393.715 ; gain = 932.848
Netlist sorting complete. Time (s): cpu = 00:00:00 ; elapsed = 00:00:00.004 . Memory (MB): peak = 1393.715 ; gain = 0.000
WARNING: [Constraints 18-5210] No constraints selected for write.
Resolution: This message can indicate that there are no constraints for the design, or it can indicate that the used_in flags are set such that the constraints are ignored. This later case is used when running synth_design to not write synthesis constraints to the resulting checkpoint. Instead, project constraints are read when the synthesized design is opened.
INFO: [Common 17-1381] The checkpoint 'D:/Sem_6/AELD/Labs/Lab_6_Vivado/Lab_6_Vivado.runs/design_1_system_ila_0_0_synth_1/design_1_system_ila_0_0.dcp' has been generated.
WARNING: [Common 17-576] 'use_project_ipc' is deprecated. This option is deprecated and no longer used.
INFO: [Coretcl 2-1648] Added synthesis output to IP cache for IP design_1_system_ila_0_0, cache-ID = 756c51e05e781c2a
INFO: [Coretcl 2-1174] Renamed 401 cell refs.
Netlist sorting complete. Time (s): cpu = 00:00:00 ; elapsed = 00:00:00.003 . Memory (MB): peak = 1393.715 ; gain = 0.000
WARNING: [Constraints 18-5210] No constraints selected for write.
Resolution: This message can indicate that there are no constraints for the design, or it can indicate that the used_in flags are set such that the constraints are ignored. This later case is used when running synth_design to not write synthesis constraints to the resulting checkpoint. Instead, project constraints are read when the synthesized design is opened.
INFO: [Common 17-1381] The checkpoint 'D:/Sem_6/AELD/Labs/Lab_6_Vivado/Lab_6_Vivado.runs/design_1_system_ila_0_0_synth_1/design_1_system_ila_0_0.dcp' has been generated.
INFO: [runtcl-4] Executing : report_utilization -file design_1_system_ila_0_0_utilization_synth.rpt -pb design_1_system_ila_0_0_utilization_synth.pb
INFO: [Common 17-206] Exiting Vivado at Tue Mar 25 19:27:53 2025...
