

================================================================
== Vivado HLS Report for 'matrixmul_3'
================================================================
* Date:           Sun Apr  6 21:05:36 2025

* Version:        2019.1 (Build 2552052 on Fri May 24 15:28:33 MDT 2019)
* Project:        Lab_8_HLS
* Solution:       solution3
* Product family: zynq
* Target device:  xc7z020-clg484-1


================================================================
== Performance Estimates
================================================================
+ Timing (ns): 
    * Summary: 
    +--------+-------+----------+------------+
    |  Clock | Target| Estimated| Uncertainty|
    +--------+-------+----------+------------+
    |ap_clk  |  10.00|     8.024|        1.25|
    +--------+-------+----------+------------+

+ Latency (clock cycles): 
    * Summary: 
    +-----+-----+-----+-----+---------+
    |  Latency  |  Interval | Pipeline|
    | min | max | min | max |   Type  |
    +-----+-----+-----+-----+---------+
    |  309|  309|  309|  309|   none  |
    +-----+-----+-----+-----+---------+

    + Detail: 
        * Instance: 
        N/A

        * Loop: 
        +---------------------------------+-----+-----+----------+-----------+-----------+------+----------+
        |                                 |  Latency  | Iteration|  Initiation Interval  | Trip |          |
        |            Loop Name            | min | max |  Latency |  achieved |   target  | Count| Pipelined|
        +---------------------------------+-----+-----+----------+-----------+-----------+------+----------+
        |- loop_input_A1_loop_input_A2    |   64|   64|         1|          1|          1|    64|    yes   |
        |- loop_input_B1_loop_input_B2    |   64|   64|         1|          1|          1|    64|    yes   |
        |- loop1_loop2                    |  108|  108|        46|          1|          1|    64|    yes   |
        |- loop_output_C1_loop_output_C2  |   65|   65|         3|          1|          1|    64|    yes   |
        +---------------------------------+-----+-----+----------+-----------+-----------+------+----------+

============================================================
+ Verbose Summary: Synthesis Manager
============================================================
InlineROM: 1
ExposeGlobal: 0
============================================================
+ Verbose Summary: CDFG Model
============================================================
IsTopModel: 1
ResetActiveHigh: 1
IsCombinational: 0
IsDatapathOnly: 0
HasWiredReturn: 1
HasMFsm: 0
HasVarLatency: 1
IsPipeline: 0
IsRtlPipelined: 0
IsInstanceOverlapped: 0
IsDontTouch: 0
HasImplIP: 0
IsGatedGlobalClock: 0

+ Individual pipeline summary: 
  * Pipeline-0: initiation interval (II) = 1, depth = 1
  * Pipeline-1: initiation interval (II) = 1, depth = 1
  * Pipeline-2: initiation interval (II) = 1, depth = 46
  * Pipeline-3: initiation interval (II) = 1, depth = 3


============================================================
+ Verbose Summary: Schedule
============================================================
* Number of FSM states : 56
* Pipeline : 4
  Pipeline-0 : II = 1, D = 1, States = { 2 }
  Pipeline-1 : II = 1, D = 1, States = { 4 }
  Pipeline-2 : II = 1, D = 46, States = { 6 7 8 9 10 11 12 13 14 15 16 17 18 19 20 21 22 23 24 25 26 27 28 29 30 31 32 33 34 35 36 37 38 39 40 41 42 43 44 45 46 47 48 49 50 51 }
  Pipeline-3 : II = 1, D = 3, States = { 53 54 55 }
* Dataflow Pipeline: 0

* FSM state transitions: 
1 --> 2 
2 --> 3 2 
3 --> 4 
4 --> 5 4 
5 --> 6 
6 --> 52 7 
7 --> 8 
8 --> 9 
9 --> 10 
10 --> 11 
11 --> 12 
12 --> 13 
13 --> 14 
14 --> 15 
15 --> 16 
16 --> 17 
17 --> 18 
18 --> 19 
19 --> 20 
20 --> 21 
21 --> 22 
22 --> 23 
23 --> 24 
24 --> 25 
25 --> 26 
26 --> 27 
27 --> 28 
28 --> 29 
29 --> 30 
30 --> 31 
31 --> 32 
32 --> 33 
33 --> 34 
34 --> 35 
35 --> 36 
36 --> 37 
37 --> 38 
38 --> 39 
39 --> 40 
40 --> 41 
41 --> 42 
42 --> 43 
43 --> 44 
44 --> 45 
45 --> 46 
46 --> 47 
47 --> 48 
48 --> 49 
49 --> 50 
50 --> 51 
51 --> 6 
52 --> 53 
53 --> 56 54 
54 --> 55 
55 --> 53 
56 --> 

* FSM state operations: 

State 1 <SV = 0> <Delay = 1.76>
ST_1 : Operation 57 [1/1] (0.00ns)   --->   "call void (...)* @_ssdm_op_SpecBitsMap(float* %in_A_V_data), !map !30"   --->   Operation 57 'specbitsmap' <Predicate = true> <Delay = 0.00>
ST_1 : Operation 58 [1/1] (0.00ns)   --->   "call void (...)* @_ssdm_op_SpecBitsMap(i1* %in_A_V_last_V), !map !36"   --->   Operation 58 'specbitsmap' <Predicate = true> <Delay = 0.00>
ST_1 : Operation 59 [1/1] (0.00ns)   --->   "call void (...)* @_ssdm_op_SpecBitsMap(float* %out_C_V_data), !map !40"   --->   Operation 59 'specbitsmap' <Predicate = true> <Delay = 0.00>
ST_1 : Operation 60 [1/1] (0.00ns)   --->   "call void (...)* @_ssdm_op_SpecBitsMap(i1* %out_C_V_last_V), !map !44"   --->   Operation 60 'specbitsmap' <Predicate = true> <Delay = 0.00>
ST_1 : Operation 61 [1/1] (0.00ns)   --->   "call void (...)* @_ssdm_op_SpecTopModule([12 x i8]* @matrixmul_3_str) nounwind"   --->   Operation 61 'spectopmodule' <Predicate = true> <Delay = 0.00>
ST_1 : Operation 62 [1/1] (0.00ns)   --->   "%input_A_0 = alloca [8 x float], align 4" [Lab_7_MM_HLS/matrixmul.cpp:74]   --->   Operation 62 'alloca' 'input_A_0' <Predicate = true> <Delay = 0.00> <Core = "RAM">   --->   Core 37 'RAM' <Latency = 1> <II = 1> <Delay = 3.25> <Storage> <Opcode : 'load' 'store'> <Ports = 2> <Width = 32> <Depth = 64> <RAM>
ST_1 : Operation 63 [1/1] (0.00ns)   --->   "%input_A_1 = alloca [8 x float], align 4" [Lab_7_MM_HLS/matrixmul.cpp:74]   --->   Operation 63 'alloca' 'input_A_1' <Predicate = true> <Delay = 0.00> <Core = "RAM">   --->   Core 37 'RAM' <Latency = 1> <II = 1> <Delay = 3.25> <Storage> <Opcode : 'load' 'store'> <Ports = 2> <Width = 32> <Depth = 64> <RAM>
ST_1 : Operation 64 [1/1] (0.00ns)   --->   "%input_A_2 = alloca [8 x float], align 4" [Lab_7_MM_HLS/matrixmul.cpp:74]   --->   Operation 64 'alloca' 'input_A_2' <Predicate = true> <Delay = 0.00> <Core = "RAM">   --->   Core 37 'RAM' <Latency = 1> <II = 1> <Delay = 3.25> <Storage> <Opcode : 'load' 'store'> <Ports = 2> <Width = 32> <Depth = 64> <RAM>
ST_1 : Operation 65 [1/1] (0.00ns)   --->   "%input_A_3 = alloca [8 x float], align 4" [Lab_7_MM_HLS/matrixmul.cpp:74]   --->   Operation 65 'alloca' 'input_A_3' <Predicate = true> <Delay = 0.00> <Core = "RAM">   --->   Core 37 'RAM' <Latency = 1> <II = 1> <Delay = 3.25> <Storage> <Opcode : 'load' 'store'> <Ports = 2> <Width = 32> <Depth = 64> <RAM>
ST_1 : Operation 66 [1/1] (0.00ns)   --->   "%input_A_4 = alloca [8 x float], align 4" [Lab_7_MM_HLS/matrixmul.cpp:74]   --->   Operation 66 'alloca' 'input_A_4' <Predicate = true> <Delay = 0.00> <Core = "RAM">   --->   Core 37 'RAM' <Latency = 1> <II = 1> <Delay = 3.25> <Storage> <Opcode : 'load' 'store'> <Ports = 2> <Width = 32> <Depth = 64> <RAM>
ST_1 : Operation 67 [1/1] (0.00ns)   --->   "%input_A_5 = alloca [8 x float], align 4" [Lab_7_MM_HLS/matrixmul.cpp:74]   --->   Operation 67 'alloca' 'input_A_5' <Predicate = true> <Delay = 0.00> <Core = "RAM">   --->   Core 37 'RAM' <Latency = 1> <II = 1> <Delay = 3.25> <Storage> <Opcode : 'load' 'store'> <Ports = 2> <Width = 32> <Depth = 64> <RAM>
ST_1 : Operation 68 [1/1] (0.00ns)   --->   "%input_A_6 = alloca [8 x float], align 4" [Lab_7_MM_HLS/matrixmul.cpp:74]   --->   Operation 68 'alloca' 'input_A_6' <Predicate = true> <Delay = 0.00> <Core = "RAM">   --->   Core 37 'RAM' <Latency = 1> <II = 1> <Delay = 3.25> <Storage> <Opcode : 'load' 'store'> <Ports = 2> <Width = 32> <Depth = 64> <RAM>
ST_1 : Operation 69 [1/1] (0.00ns)   --->   "%input_A_7 = alloca [8 x float], align 4" [Lab_7_MM_HLS/matrixmul.cpp:74]   --->   Operation 69 'alloca' 'input_A_7' <Predicate = true> <Delay = 0.00> <Core = "RAM">   --->   Core 37 'RAM' <Latency = 1> <II = 1> <Delay = 3.25> <Storage> <Opcode : 'load' 'store'> <Ports = 2> <Width = 32> <Depth = 64> <RAM>
ST_1 : Operation 70 [1/1] (0.00ns)   --->   "%input_B_0 = alloca [8 x float], align 4" [Lab_7_MM_HLS/matrixmul.cpp:76]   --->   Operation 70 'alloca' 'input_B_0' <Predicate = true> <Delay = 0.00> <Core = "RAM">   --->   Core 37 'RAM' <Latency = 1> <II = 1> <Delay = 3.25> <Storage> <Opcode : 'load' 'store'> <Ports = 2> <Width = 32> <Depth = 64> <RAM>
ST_1 : Operation 71 [1/1] (0.00ns)   --->   "%input_B_1 = alloca [8 x float], align 4" [Lab_7_MM_HLS/matrixmul.cpp:76]   --->   Operation 71 'alloca' 'input_B_1' <Predicate = true> <Delay = 0.00> <Core = "RAM">   --->   Core 37 'RAM' <Latency = 1> <II = 1> <Delay = 3.25> <Storage> <Opcode : 'load' 'store'> <Ports = 2> <Width = 32> <Depth = 64> <RAM>
ST_1 : Operation 72 [1/1] (0.00ns)   --->   "%input_B_2 = alloca [8 x float], align 4" [Lab_7_MM_HLS/matrixmul.cpp:76]   --->   Operation 72 'alloca' 'input_B_2' <Predicate = true> <Delay = 0.00> <Core = "RAM">   --->   Core 37 'RAM' <Latency = 1> <II = 1> <Delay = 3.25> <Storage> <Opcode : 'load' 'store'> <Ports = 2> <Width = 32> <Depth = 64> <RAM>
ST_1 : Operation 73 [1/1] (0.00ns)   --->   "%input_B_3 = alloca [8 x float], align 4" [Lab_7_MM_HLS/matrixmul.cpp:76]   --->   Operation 73 'alloca' 'input_B_3' <Predicate = true> <Delay = 0.00> <Core = "RAM">   --->   Core 37 'RAM' <Latency = 1> <II = 1> <Delay = 3.25> <Storage> <Opcode : 'load' 'store'> <Ports = 2> <Width = 32> <Depth = 64> <RAM>
ST_1 : Operation 74 [1/1] (0.00ns)   --->   "%input_B_4 = alloca [8 x float], align 4" [Lab_7_MM_HLS/matrixmul.cpp:76]   --->   Operation 74 'alloca' 'input_B_4' <Predicate = true> <Delay = 0.00> <Core = "RAM">   --->   Core 37 'RAM' <Latency = 1> <II = 1> <Delay = 3.25> <Storage> <Opcode : 'load' 'store'> <Ports = 2> <Width = 32> <Depth = 64> <RAM>
ST_1 : Operation 75 [1/1] (0.00ns)   --->   "%input_B_5 = alloca [8 x float], align 4" [Lab_7_MM_HLS/matrixmul.cpp:76]   --->   Operation 75 'alloca' 'input_B_5' <Predicate = true> <Delay = 0.00> <Core = "RAM">   --->   Core 37 'RAM' <Latency = 1> <II = 1> <Delay = 3.25> <Storage> <Opcode : 'load' 'store'> <Ports = 2> <Width = 32> <Depth = 64> <RAM>
ST_1 : Operation 76 [1/1] (0.00ns)   --->   "%input_B_6 = alloca [8 x float], align 4" [Lab_7_MM_HLS/matrixmul.cpp:76]   --->   Operation 76 'alloca' 'input_B_6' <Predicate = true> <Delay = 0.00> <Core = "RAM">   --->   Core 37 'RAM' <Latency = 1> <II = 1> <Delay = 3.25> <Storage> <Opcode : 'load' 'store'> <Ports = 2> <Width = 32> <Depth = 64> <RAM>
ST_1 : Operation 77 [1/1] (0.00ns)   --->   "%input_B_7 = alloca [8 x float], align 4" [Lab_7_MM_HLS/matrixmul.cpp:76]   --->   Operation 77 'alloca' 'input_B_7' <Predicate = true> <Delay = 0.00> <Core = "RAM">   --->   Core 37 'RAM' <Latency = 1> <II = 1> <Delay = 3.25> <Storage> <Opcode : 'load' 'store'> <Ports = 2> <Width = 32> <Depth = 64> <RAM>
ST_1 : Operation 78 [1/1] (0.00ns)   --->   "%output_C = alloca [64 x float], align 4" [Lab_7_MM_HLS/matrixmul.cpp:78]   --->   Operation 78 'alloca' 'output_C' <Predicate = true> <Delay = 0.00> <Core = "RAM">   --->   Core 37 'RAM' <Latency = 1> <II = 1> <Delay = 3.25> <Storage> <Opcode : 'load' 'store'> <Ports = 2> <Width = 32> <Depth = 64> <RAM>
ST_1 : Operation 79 [1/1] (0.00ns)   --->   "call void (...)* @_ssdm_op_SpecInterface(i32 0, [13 x i8]* @p_str, i32 0, i32 0, [1 x i8]* @p_str1, i32 0, i32 0, [1 x i8]* @p_str1, [1 x i8]* @p_str1, [1 x i8]* @p_str1, i32 0, i32 0, i32 0, i32 0, [1 x i8]* @p_str1, [1 x i8]* @p_str1) nounwind" [Lab_7_MM_HLS/matrixmul.cpp:70]   --->   Operation 79 'specinterface' <Predicate = true> <Delay = 0.00>
ST_1 : Operation 80 [1/1] (0.00ns)   --->   "call void (...)* @_ssdm_op_SpecInterface(float* %out_C_V_data, i1* %out_C_V_last_V, [5 x i8]* @p_str2, i32 1, i32 1, [5 x i8]* @p_str3, i32 0, i32 0, [1 x i8]* @p_str1, [1 x i8]* @p_str1, [1 x i8]* @p_str1, i32 0, i32 0, i32 0, i32 0, [1 x i8]* @p_str1, [1 x i8]* @p_str1) nounwind" [Lab_7_MM_HLS/matrixmul.cpp:71]   --->   Operation 80 'specinterface' <Predicate = true> <Delay = 0.00>
ST_1 : Operation 81 [1/1] (0.00ns)   --->   "call void (...)* @_ssdm_op_SpecInterface(float* %in_A_V_data, i1* %in_A_V_last_V, [5 x i8]* @p_str2, i32 1, i32 1, [5 x i8]* @p_str3, i32 0, i32 0, [1 x i8]* @p_str1, [1 x i8]* @p_str1, [1 x i8]* @p_str1, i32 0, i32 0, i32 0, i32 0, [1 x i8]* @p_str1, [1 x i8]* @p_str1) nounwind" [Lab_7_MM_HLS/matrixmul.cpp:72]   --->   Operation 81 'specinterface' <Predicate = true> <Delay = 0.00>
ST_1 : Operation 82 [1/1] (1.76ns)   --->   "br label %1" [Lab_7_MM_HLS/matrixmul.cpp:83]   --->   Operation 82 'br' <Predicate = true> <Delay = 1.76>

State 2 <SV = 1> <Delay = 5.08>
ST_2 : Operation 83 [1/1] (0.00ns)   --->   "%indvar_flatten = phi i7 [ 0, %0 ], [ %add_ln83, %loop_input_A2_end ]" [Lab_7_MM_HLS/matrixmul.cpp:83]   --->   Operation 83 'phi' 'indvar_flatten' <Predicate = true> <Delay = 0.00>
ST_2 : Operation 84 [1/1] (0.00ns)   --->   "%row_0 = phi i4 [ 0, %0 ], [ %select_ln89_1, %loop_input_A2_end ]" [Lab_7_MM_HLS/matrixmul.cpp:89]   --->   Operation 84 'phi' 'row_0' <Predicate = true> <Delay = 0.00>
ST_2 : Operation 85 [1/1] (0.00ns)   --->   "%col_0 = phi i4 [ 0, %0 ], [ %col, %loop_input_A2_end ]"   --->   Operation 85 'phi' 'col_0' <Predicate = true> <Delay = 0.00>
ST_2 : Operation 86 [1/1] (1.48ns)   --->   "%icmp_ln83 = icmp eq i7 %indvar_flatten, -64" [Lab_7_MM_HLS/matrixmul.cpp:83]   --->   Operation 86 'icmp' 'icmp_ln83' <Predicate = true> <Delay = 1.48> <Core = "Cmp">   --->   Core 25 'Cmp' <Latency = 0> <II = 1> <Delay = 1.30> <FuncUnit> <Opcode : 'icmp'> <InPorts = 2> <OutPorts = 1>
ST_2 : Operation 87 [1/1] (1.87ns)   --->   "%add_ln83 = add i7 %indvar_flatten, 1" [Lab_7_MM_HLS/matrixmul.cpp:83]   --->   Operation 87 'add' 'add_ln83' <Predicate = true> <Delay = 1.87> <Core = "AddSub">   --->   Core 14 'AddSub' <Latency = 0> <II = 1> <Delay = 1.73> <FuncUnit> <Opcode : 'add' 'sub'> <InPorts = 2> <OutPorts = 1>
ST_2 : Operation 88 [1/1] (0.00ns)   --->   "br i1 %icmp_ln83, label %.preheader21.preheader.preheader, label %loop_input_A2_begin" [Lab_7_MM_HLS/matrixmul.cpp:83]   --->   Operation 88 'br' <Predicate = true> <Delay = 0.00>
ST_2 : Operation 89 [1/1] (1.73ns)   --->   "%row = add i4 1, %row_0" [Lab_7_MM_HLS/matrixmul.cpp:83]   --->   Operation 89 'add' 'row' <Predicate = (!icmp_ln83)> <Delay = 1.73> <Core = "AddSub">   --->   Core 14 'AddSub' <Latency = 0> <II = 1> <Delay = 1.73> <FuncUnit> <Opcode : 'add' 'sub'> <InPorts = 2> <OutPorts = 1>
ST_2 : Operation 90 [1/1] (0.00ns)   --->   "call void (...)* @_ssdm_op_SpecLoopName([28 x i8]* @loop_input_A1_loop_i)"   --->   Operation 90 'specloopname' <Predicate = (!icmp_ln83)> <Delay = 0.00>
ST_2 : Operation 91 [1/1] (0.00ns)   --->   "%empty_3 = call i32 (...)* @_ssdm_op_SpecLoopTripCount(i64 64, i64 64, i64 64)"   --->   Operation 91 'speclooptripcount' 'empty_3' <Predicate = (!icmp_ln83)> <Delay = 0.00>
ST_2 : Operation 92 [1/1] (1.30ns)   --->   "%icmp_ln85 = icmp eq i4 %col_0, -8" [Lab_7_MM_HLS/matrixmul.cpp:85]   --->   Operation 92 'icmp' 'icmp_ln85' <Predicate = (!icmp_ln83)> <Delay = 1.30> <Core = "Cmp">   --->   Core 25 'Cmp' <Latency = 0> <II = 1> <Delay = 1.30> <FuncUnit> <Opcode : 'icmp'> <InPorts = 2> <OutPorts = 1>
ST_2 : Operation 93 [1/1] (1.02ns)   --->   "%select_ln89 = select i1 %icmp_ln85, i4 0, i4 %col_0" [Lab_7_MM_HLS/matrixmul.cpp:89]   --->   Operation 93 'select' 'select_ln89' <Predicate = (!icmp_ln83)> <Delay = 1.02> <Core = "Sel">   --->   Core 26 'Sel' <Latency = 0> <II = 1> <Delay = 0.99> <FuncUnit> <Opcode : 'select'> <InPorts = 3> <OutPorts = 1>
ST_2 : Operation 94 [1/1] (1.02ns)   --->   "%select_ln89_1 = select i1 %icmp_ln85, i4 %row, i4 %row_0" [Lab_7_MM_HLS/matrixmul.cpp:89]   --->   Operation 94 'select' 'select_ln89_1' <Predicate = (!icmp_ln83)> <Delay = 1.02> <Core = "Sel">   --->   Core 26 'Sel' <Latency = 0> <II = 1> <Delay = 0.99> <FuncUnit> <Opcode : 'select'> <InPorts = 3> <OutPorts = 1>
ST_2 : Operation 95 [1/1] (0.00ns)   --->   "%zext_ln89 = zext i4 %select_ln89_1 to i64" [Lab_7_MM_HLS/matrixmul.cpp:89]   --->   Operation 95 'zext' 'zext_ln89' <Predicate = (!icmp_ln83)> <Delay = 0.00>
ST_2 : Operation 96 [1/1] (0.00ns)   --->   "call void (...)* @_ssdm_op_SpecLoopName([14 x i8]* @p_str6) nounwind" [Lab_7_MM_HLS/matrixmul.cpp:86]   --->   Operation 96 'specloopname' <Predicate = (!icmp_ln83)> <Delay = 0.00>
ST_2 : Operation 97 [1/1] (0.00ns)   --->   "%tmp_3 = call i32 (...)* @_ssdm_op_SpecRegionBegin([14 x i8]* @p_str6)" [Lab_7_MM_HLS/matrixmul.cpp:86]   --->   Operation 97 'specregionbegin' 'tmp_3' <Predicate = (!icmp_ln83)> <Delay = 0.00>
ST_2 : Operation 98 [1/1] (0.00ns)   --->   "call void (...)* @_ssdm_op_SpecPipeline(i32 -1, i32 1, i32 1, i32 0, [1 x i8]* @p_str1) nounwind" [Lab_7_MM_HLS/matrixmul.cpp:87]   --->   Operation 98 'specpipeline' <Predicate = (!icmp_ln83)> <Delay = 0.00>
ST_2 : Operation 99 [1/1] (0.00ns)   --->   "%empty_4 = call { float, i1 } @_ssdm_op_Read.axis.volatile.floatP.i1P(float* %in_A_V_data, i1* %in_A_V_last_V)" [Lab_7_MM_HLS/matrixmul.cpp:88]   --->   Operation 99 'read' 'empty_4' <Predicate = (!icmp_ln83)> <Delay = 0.00> <Core = "AXI4Stream">   --->   Core 5 'AXI4Stream' <Latency = 0> <II = 1> <Delay = 1.00> <Adapter> <Opcode : >
ST_2 : Operation 100 [1/1] (0.00ns)   --->   "%tmp_data = extractvalue { float, i1 } %empty_4, 0" [Lab_7_MM_HLS/matrixmul.cpp:88]   --->   Operation 100 'extractvalue' 'tmp_data' <Predicate = (!icmp_ln83)> <Delay = 0.00>
ST_2 : Operation 101 [1/1] (0.00ns)   --->   "%trunc_ln89 = trunc i4 %select_ln89 to i3" [Lab_7_MM_HLS/matrixmul.cpp:89]   --->   Operation 101 'trunc' 'trunc_ln89' <Predicate = (!icmp_ln83)> <Delay = 0.00>
ST_2 : Operation 102 [1/1] (1.36ns)   --->   "switch i3 %trunc_ln89, label %branch7 [
    i3 0, label %branch0
    i3 1, label %branch1
    i3 2, label %branch2
    i3 3, label %branch3
    i3 -4, label %branch4
    i3 -3, label %branch5
    i3 -2, label %branch6
  ]" [Lab_7_MM_HLS/matrixmul.cpp:89]   --->   Operation 102 'switch' <Predicate = (!icmp_ln83)> <Delay = 1.36>
ST_2 : Operation 103 [1/1] (0.00ns)   --->   "%input_A_6_addr = getelementptr [8 x float]* %input_A_6, i64 0, i64 %zext_ln89" [Lab_7_MM_HLS/matrixmul.cpp:89]   --->   Operation 103 'getelementptr' 'input_A_6_addr' <Predicate = (!icmp_ln83 & trunc_ln89 == 6)> <Delay = 0.00>
ST_2 : Operation 104 [1/1] (2.32ns)   --->   "store float %tmp_data, float* %input_A_6_addr, align 4" [Lab_7_MM_HLS/matrixmul.cpp:89]   --->   Operation 104 'store' <Predicate = (!icmp_ln83 & trunc_ln89 == 6)> <Delay = 2.32> <Core = "RAM">   --->   Core 37 'RAM' <Latency = 1> <II = 1> <Delay = 3.25> <Storage> <Opcode : 'load' 'store'> <Ports = 2> <Width = 32> <Depth = 64> <RAM>
ST_2 : Operation 105 [1/1] (0.00ns)   --->   "br label %loop_input_A2_end" [Lab_7_MM_HLS/matrixmul.cpp:89]   --->   Operation 105 'br' <Predicate = (!icmp_ln83 & trunc_ln89 == 6)> <Delay = 0.00>
ST_2 : Operation 106 [1/1] (0.00ns)   --->   "%input_A_5_addr = getelementptr [8 x float]* %input_A_5, i64 0, i64 %zext_ln89" [Lab_7_MM_HLS/matrixmul.cpp:89]   --->   Operation 106 'getelementptr' 'input_A_5_addr' <Predicate = (!icmp_ln83 & trunc_ln89 == 5)> <Delay = 0.00>
ST_2 : Operation 107 [1/1] (2.32ns)   --->   "store float %tmp_data, float* %input_A_5_addr, align 4" [Lab_7_MM_HLS/matrixmul.cpp:89]   --->   Operation 107 'store' <Predicate = (!icmp_ln83 & trunc_ln89 == 5)> <Delay = 2.32> <Core = "RAM">   --->   Core 37 'RAM' <Latency = 1> <II = 1> <Delay = 3.25> <Storage> <Opcode : 'load' 'store'> <Ports = 2> <Width = 32> <Depth = 64> <RAM>
ST_2 : Operation 108 [1/1] (0.00ns)   --->   "br label %loop_input_A2_end" [Lab_7_MM_HLS/matrixmul.cpp:89]   --->   Operation 108 'br' <Predicate = (!icmp_ln83 & trunc_ln89 == 5)> <Delay = 0.00>
ST_2 : Operation 109 [1/1] (0.00ns)   --->   "%input_A_4_addr = getelementptr [8 x float]* %input_A_4, i64 0, i64 %zext_ln89" [Lab_7_MM_HLS/matrixmul.cpp:89]   --->   Operation 109 'getelementptr' 'input_A_4_addr' <Predicate = (!icmp_ln83 & trunc_ln89 == 4)> <Delay = 0.00>
ST_2 : Operation 110 [1/1] (2.32ns)   --->   "store float %tmp_data, float* %input_A_4_addr, align 4" [Lab_7_MM_HLS/matrixmul.cpp:89]   --->   Operation 110 'store' <Predicate = (!icmp_ln83 & trunc_ln89 == 4)> <Delay = 2.32> <Core = "RAM">   --->   Core 37 'RAM' <Latency = 1> <II = 1> <Delay = 3.25> <Storage> <Opcode : 'load' 'store'> <Ports = 2> <Width = 32> <Depth = 64> <RAM>
ST_2 : Operation 111 [1/1] (0.00ns)   --->   "br label %loop_input_A2_end" [Lab_7_MM_HLS/matrixmul.cpp:89]   --->   Operation 111 'br' <Predicate = (!icmp_ln83 & trunc_ln89 == 4)> <Delay = 0.00>
ST_2 : Operation 112 [1/1] (0.00ns)   --->   "%input_A_3_addr = getelementptr [8 x float]* %input_A_3, i64 0, i64 %zext_ln89" [Lab_7_MM_HLS/matrixmul.cpp:89]   --->   Operation 112 'getelementptr' 'input_A_3_addr' <Predicate = (!icmp_ln83 & trunc_ln89 == 3)> <Delay = 0.00>
ST_2 : Operation 113 [1/1] (2.32ns)   --->   "store float %tmp_data, float* %input_A_3_addr, align 4" [Lab_7_MM_HLS/matrixmul.cpp:89]   --->   Operation 113 'store' <Predicate = (!icmp_ln83 & trunc_ln89 == 3)> <Delay = 2.32> <Core = "RAM">   --->   Core 37 'RAM' <Latency = 1> <II = 1> <Delay = 3.25> <Storage> <Opcode : 'load' 'store'> <Ports = 2> <Width = 32> <Depth = 64> <RAM>
ST_2 : Operation 114 [1/1] (0.00ns)   --->   "br label %loop_input_A2_end" [Lab_7_MM_HLS/matrixmul.cpp:89]   --->   Operation 114 'br' <Predicate = (!icmp_ln83 & trunc_ln89 == 3)> <Delay = 0.00>
ST_2 : Operation 115 [1/1] (0.00ns)   --->   "%input_A_2_addr = getelementptr [8 x float]* %input_A_2, i64 0, i64 %zext_ln89" [Lab_7_MM_HLS/matrixmul.cpp:89]   --->   Operation 115 'getelementptr' 'input_A_2_addr' <Predicate = (!icmp_ln83 & trunc_ln89 == 2)> <Delay = 0.00>
ST_2 : Operation 116 [1/1] (2.32ns)   --->   "store float %tmp_data, float* %input_A_2_addr, align 4" [Lab_7_MM_HLS/matrixmul.cpp:89]   --->   Operation 116 'store' <Predicate = (!icmp_ln83 & trunc_ln89 == 2)> <Delay = 2.32> <Core = "RAM">   --->   Core 37 'RAM' <Latency = 1> <II = 1> <Delay = 3.25> <Storage> <Opcode : 'load' 'store'> <Ports = 2> <Width = 32> <Depth = 64> <RAM>
ST_2 : Operation 117 [1/1] (0.00ns)   --->   "br label %loop_input_A2_end" [Lab_7_MM_HLS/matrixmul.cpp:89]   --->   Operation 117 'br' <Predicate = (!icmp_ln83 & trunc_ln89 == 2)> <Delay = 0.00>
ST_2 : Operation 118 [1/1] (0.00ns)   --->   "%input_A_1_addr = getelementptr [8 x float]* %input_A_1, i64 0, i64 %zext_ln89" [Lab_7_MM_HLS/matrixmul.cpp:89]   --->   Operation 118 'getelementptr' 'input_A_1_addr' <Predicate = (!icmp_ln83 & trunc_ln89 == 1)> <Delay = 0.00>
ST_2 : Operation 119 [1/1] (2.32ns)   --->   "store float %tmp_data, float* %input_A_1_addr, align 4" [Lab_7_MM_HLS/matrixmul.cpp:89]   --->   Operation 119 'store' <Predicate = (!icmp_ln83 & trunc_ln89 == 1)> <Delay = 2.32> <Core = "RAM">   --->   Core 37 'RAM' <Latency = 1> <II = 1> <Delay = 3.25> <Storage> <Opcode : 'load' 'store'> <Ports = 2> <Width = 32> <Depth = 64> <RAM>
ST_2 : Operation 120 [1/1] (0.00ns)   --->   "br label %loop_input_A2_end" [Lab_7_MM_HLS/matrixmul.cpp:89]   --->   Operation 120 'br' <Predicate = (!icmp_ln83 & trunc_ln89 == 1)> <Delay = 0.00>
ST_2 : Operation 121 [1/1] (0.00ns)   --->   "%input_A_0_addr = getelementptr [8 x float]* %input_A_0, i64 0, i64 %zext_ln89" [Lab_7_MM_HLS/matrixmul.cpp:89]   --->   Operation 121 'getelementptr' 'input_A_0_addr' <Predicate = (!icmp_ln83 & trunc_ln89 == 0)> <Delay = 0.00>
ST_2 : Operation 122 [1/1] (2.32ns)   --->   "store float %tmp_data, float* %input_A_0_addr, align 4" [Lab_7_MM_HLS/matrixmul.cpp:89]   --->   Operation 122 'store' <Predicate = (!icmp_ln83 & trunc_ln89 == 0)> <Delay = 2.32> <Core = "RAM">   --->   Core 37 'RAM' <Latency = 1> <II = 1> <Delay = 3.25> <Storage> <Opcode : 'load' 'store'> <Ports = 2> <Width = 32> <Depth = 64> <RAM>
ST_2 : Operation 123 [1/1] (0.00ns)   --->   "br label %loop_input_A2_end" [Lab_7_MM_HLS/matrixmul.cpp:89]   --->   Operation 123 'br' <Predicate = (!icmp_ln83 & trunc_ln89 == 0)> <Delay = 0.00>
ST_2 : Operation 124 [1/1] (0.00ns)   --->   "%input_A_7_addr = getelementptr [8 x float]* %input_A_7, i64 0, i64 %zext_ln89" [Lab_7_MM_HLS/matrixmul.cpp:89]   --->   Operation 124 'getelementptr' 'input_A_7_addr' <Predicate = (!icmp_ln83 & trunc_ln89 == 7)> <Delay = 0.00>
ST_2 : Operation 125 [1/1] (2.32ns)   --->   "store float %tmp_data, float* %input_A_7_addr, align 4" [Lab_7_MM_HLS/matrixmul.cpp:89]   --->   Operation 125 'store' <Predicate = (!icmp_ln83 & trunc_ln89 == 7)> <Delay = 2.32> <Core = "RAM">   --->   Core 37 'RAM' <Latency = 1> <II = 1> <Delay = 3.25> <Storage> <Opcode : 'load' 'store'> <Ports = 2> <Width = 32> <Depth = 64> <RAM>
ST_2 : Operation 126 [1/1] (0.00ns)   --->   "br label %loop_input_A2_end" [Lab_7_MM_HLS/matrixmul.cpp:89]   --->   Operation 126 'br' <Predicate = (!icmp_ln83 & trunc_ln89 == 7)> <Delay = 0.00>
ST_2 : Operation 127 [1/1] (0.00ns)   --->   "%empty = call i32 (...)* @_ssdm_op_SpecRegionEnd([14 x i8]* @p_str6, i32 %tmp_3)" [Lab_7_MM_HLS/matrixmul.cpp:90]   --->   Operation 127 'specregionend' 'empty' <Predicate = (!icmp_ln83)> <Delay = 0.00>
ST_2 : Operation 128 [1/1] (1.73ns)   --->   "%col = add i4 %select_ln89, 1" [Lab_7_MM_HLS/matrixmul.cpp:85]   --->   Operation 128 'add' 'col' <Predicate = (!icmp_ln83)> <Delay = 1.73> <Core = "AddSub">   --->   Core 14 'AddSub' <Latency = 0> <II = 1> <Delay = 1.73> <FuncUnit> <Opcode : 'add' 'sub'> <InPorts = 2> <OutPorts = 1>
ST_2 : Operation 129 [1/1] (0.00ns)   --->   "br label %1"   --->   Operation 129 'br' <Predicate = (!icmp_ln83)> <Delay = 0.00>

State 3 <SV = 2> <Delay = 1.76>
ST_3 : Operation 130 [1/1] (1.76ns)   --->   "br label %.preheader21.preheader" [Lab_7_MM_HLS/matrixmul.cpp:93]   --->   Operation 130 'br' <Predicate = true> <Delay = 1.76>

State 4 <SV = 3> <Delay = 4.64>
ST_4 : Operation 131 [1/1] (0.00ns)   --->   "%indvar_flatten19 = phi i7 [ %add_ln93, %loop_input_B2_end ], [ 0, %.preheader21.preheader.preheader ]" [Lab_7_MM_HLS/matrixmul.cpp:93]   --->   Operation 131 'phi' 'indvar_flatten19' <Predicate = true> <Delay = 0.00>
ST_4 : Operation 132 [1/1] (0.00ns)   --->   "%row_1 = phi i4 [ %select_ln99_1, %loop_input_B2_end ], [ 0, %.preheader21.preheader.preheader ]" [Lab_7_MM_HLS/matrixmul.cpp:99]   --->   Operation 132 'phi' 'row_1' <Predicate = true> <Delay = 0.00>
ST_4 : Operation 133 [1/1] (0.00ns)   --->   "%col_1 = phi i4 [ %col_5, %loop_input_B2_end ], [ 0, %.preheader21.preheader.preheader ]"   --->   Operation 133 'phi' 'col_1' <Predicate = true> <Delay = 0.00>
ST_4 : Operation 134 [1/1] (1.48ns)   --->   "%icmp_ln93 = icmp eq i7 %indvar_flatten19, -64" [Lab_7_MM_HLS/matrixmul.cpp:93]   --->   Operation 134 'icmp' 'icmp_ln93' <Predicate = true> <Delay = 1.48> <Core = "Cmp">   --->   Core 25 'Cmp' <Latency = 0> <II = 1> <Delay = 1.30> <FuncUnit> <Opcode : 'icmp'> <InPorts = 2> <OutPorts = 1>
ST_4 : Operation 135 [1/1] (1.87ns)   --->   "%add_ln93 = add i7 %indvar_flatten19, 1" [Lab_7_MM_HLS/matrixmul.cpp:93]   --->   Operation 135 'add' 'add_ln93' <Predicate = true> <Delay = 1.87> <Core = "AddSub">   --->   Core 14 'AddSub' <Latency = 0> <II = 1> <Delay = 1.73> <FuncUnit> <Opcode : 'add' 'sub'> <InPorts = 2> <OutPorts = 1>
ST_4 : Operation 136 [1/1] (0.00ns)   --->   "br i1 %icmp_ln93, label %.preheader20.preheader.preheader, label %loop_input_B2_begin" [Lab_7_MM_HLS/matrixmul.cpp:93]   --->   Operation 136 'br' <Predicate = true> <Delay = 0.00>
ST_4 : Operation 137 [1/1] (1.73ns)   --->   "%row_4 = add i4 1, %row_1" [Lab_7_MM_HLS/matrixmul.cpp:93]   --->   Operation 137 'add' 'row_4' <Predicate = (!icmp_ln93)> <Delay = 1.73> <Core = "AddSub">   --->   Core 14 'AddSub' <Latency = 0> <II = 1> <Delay = 1.73> <FuncUnit> <Opcode : 'add' 'sub'> <InPorts = 2> <OutPorts = 1>
ST_4 : Operation 138 [1/1] (0.00ns)   --->   "call void (...)* @_ssdm_op_SpecLoopName([28 x i8]* @loop_input_B1_loop_i)"   --->   Operation 138 'specloopname' <Predicate = (!icmp_ln93)> <Delay = 0.00>
ST_4 : Operation 139 [1/1] (0.00ns)   --->   "%empty_6 = call i32 (...)* @_ssdm_op_SpecLoopTripCount(i64 64, i64 64, i64 64)"   --->   Operation 139 'speclooptripcount' 'empty_6' <Predicate = (!icmp_ln93)> <Delay = 0.00>
ST_4 : Operation 140 [1/1] (1.30ns)   --->   "%icmp_ln95 = icmp eq i4 %col_1, -8" [Lab_7_MM_HLS/matrixmul.cpp:95]   --->   Operation 140 'icmp' 'icmp_ln95' <Predicate = (!icmp_ln93)> <Delay = 1.30> <Core = "Cmp">   --->   Core 25 'Cmp' <Latency = 0> <II = 1> <Delay = 1.30> <FuncUnit> <Opcode : 'icmp'> <InPorts = 2> <OutPorts = 1>
ST_4 : Operation 141 [1/1] (1.02ns)   --->   "%select_ln99 = select i1 %icmp_ln95, i4 0, i4 %col_1" [Lab_7_MM_HLS/matrixmul.cpp:99]   --->   Operation 141 'select' 'select_ln99' <Predicate = (!icmp_ln93)> <Delay = 1.02> <Core = "Sel">   --->   Core 26 'Sel' <Latency = 0> <II = 1> <Delay = 0.99> <FuncUnit> <Opcode : 'select'> <InPorts = 3> <OutPorts = 1>
ST_4 : Operation 142 [1/1] (1.02ns)   --->   "%select_ln99_1 = select i1 %icmp_ln95, i4 %row_4, i4 %row_1" [Lab_7_MM_HLS/matrixmul.cpp:99]   --->   Operation 142 'select' 'select_ln99_1' <Predicate = (!icmp_ln93)> <Delay = 1.02> <Core = "Sel">   --->   Core 26 'Sel' <Latency = 0> <II = 1> <Delay = 0.99> <FuncUnit> <Opcode : 'select'> <InPorts = 3> <OutPorts = 1>
ST_4 : Operation 143 [1/1] (0.00ns)   --->   "%trunc_ln99 = trunc i4 %select_ln99_1 to i3" [Lab_7_MM_HLS/matrixmul.cpp:99]   --->   Operation 143 'trunc' 'trunc_ln99' <Predicate = (!icmp_ln93)> <Delay = 0.00>
ST_4 : Operation 144 [1/1] (0.00ns)   --->   "call void (...)* @_ssdm_op_SpecLoopName([14 x i8]* @p_str8) nounwind" [Lab_7_MM_HLS/matrixmul.cpp:96]   --->   Operation 144 'specloopname' <Predicate = (!icmp_ln93)> <Delay = 0.00>
ST_4 : Operation 145 [1/1] (0.00ns)   --->   "%tmp_5 = call i32 (...)* @_ssdm_op_SpecRegionBegin([14 x i8]* @p_str8)" [Lab_7_MM_HLS/matrixmul.cpp:96]   --->   Operation 145 'specregionbegin' 'tmp_5' <Predicate = (!icmp_ln93)> <Delay = 0.00>
ST_4 : Operation 146 [1/1] (0.00ns)   --->   "call void (...)* @_ssdm_op_SpecPipeline(i32 -1, i32 1, i32 1, i32 0, [1 x i8]* @p_str1) nounwind" [Lab_7_MM_HLS/matrixmul.cpp:97]   --->   Operation 146 'specpipeline' <Predicate = (!icmp_ln93)> <Delay = 0.00>
ST_4 : Operation 147 [1/1] (0.00ns)   --->   "%empty_7 = call { float, i1 } @_ssdm_op_Read.axis.volatile.floatP.i1P(float* %in_A_V_data, i1* %in_A_V_last_V)" [Lab_7_MM_HLS/matrixmul.cpp:98]   --->   Operation 147 'read' 'empty_7' <Predicate = (!icmp_ln93)> <Delay = 0.00> <Core = "AXI4Stream">   --->   Core 5 'AXI4Stream' <Latency = 0> <II = 1> <Delay = 1.00> <Adapter> <Opcode : >
ST_4 : Operation 148 [1/1] (0.00ns)   --->   "%tmp_data_1 = extractvalue { float, i1 } %empty_7, 0" [Lab_7_MM_HLS/matrixmul.cpp:98]   --->   Operation 148 'extractvalue' 'tmp_data_1' <Predicate = (!icmp_ln93)> <Delay = 0.00>
ST_4 : Operation 149 [1/1] (0.00ns)   --->   "%zext_ln99 = zext i4 %select_ln99 to i64" [Lab_7_MM_HLS/matrixmul.cpp:99]   --->   Operation 149 'zext' 'zext_ln99' <Predicate = (!icmp_ln93)> <Delay = 0.00>
ST_4 : Operation 150 [1/1] (0.00ns)   --->   "%input_B_0_addr = getelementptr [8 x float]* %input_B_0, i64 0, i64 %zext_ln99" [Lab_7_MM_HLS/matrixmul.cpp:99]   --->   Operation 150 'getelementptr' 'input_B_0_addr' <Predicate = (!icmp_ln93)> <Delay = 0.00>
ST_4 : Operation 151 [1/1] (0.00ns)   --->   "%input_B_1_addr = getelementptr [8 x float]* %input_B_1, i64 0, i64 %zext_ln99" [Lab_7_MM_HLS/matrixmul.cpp:99]   --->   Operation 151 'getelementptr' 'input_B_1_addr' <Predicate = (!icmp_ln93)> <Delay = 0.00>
ST_4 : Operation 152 [1/1] (0.00ns)   --->   "%input_B_2_addr = getelementptr [8 x float]* %input_B_2, i64 0, i64 %zext_ln99" [Lab_7_MM_HLS/matrixmul.cpp:99]   --->   Operation 152 'getelementptr' 'input_B_2_addr' <Predicate = (!icmp_ln93)> <Delay = 0.00>
ST_4 : Operation 153 [1/1] (0.00ns)   --->   "%input_B_3_addr = getelementptr [8 x float]* %input_B_3, i64 0, i64 %zext_ln99" [Lab_7_MM_HLS/matrixmul.cpp:99]   --->   Operation 153 'getelementptr' 'input_B_3_addr' <Predicate = (!icmp_ln93)> <Delay = 0.00>
ST_4 : Operation 154 [1/1] (0.00ns)   --->   "%input_B_4_addr = getelementptr [8 x float]* %input_B_4, i64 0, i64 %zext_ln99" [Lab_7_MM_HLS/matrixmul.cpp:99]   --->   Operation 154 'getelementptr' 'input_B_4_addr' <Predicate = (!icmp_ln93)> <Delay = 0.00>
ST_4 : Operation 155 [1/1] (0.00ns)   --->   "%input_B_5_addr = getelementptr [8 x float]* %input_B_5, i64 0, i64 %zext_ln99" [Lab_7_MM_HLS/matrixmul.cpp:99]   --->   Operation 155 'getelementptr' 'input_B_5_addr' <Predicate = (!icmp_ln93)> <Delay = 0.00>
ST_4 : Operation 156 [1/1] (0.00ns)   --->   "%input_B_6_addr = getelementptr [8 x float]* %input_B_6, i64 0, i64 %zext_ln99" [Lab_7_MM_HLS/matrixmul.cpp:99]   --->   Operation 156 'getelementptr' 'input_B_6_addr' <Predicate = (!icmp_ln93)> <Delay = 0.00>
ST_4 : Operation 157 [1/1] (0.00ns)   --->   "%input_B_7_addr = getelementptr [8 x float]* %input_B_7, i64 0, i64 %zext_ln99" [Lab_7_MM_HLS/matrixmul.cpp:99]   --->   Operation 157 'getelementptr' 'input_B_7_addr' <Predicate = (!icmp_ln93)> <Delay = 0.00>
ST_4 : Operation 158 [1/1] (1.36ns)   --->   "switch i3 %trunc_ln99, label %branch15 [
    i3 0, label %branch8
    i3 1, label %branch9
    i3 2, label %branch10
    i3 3, label %branch11
    i3 -4, label %branch12
    i3 -3, label %branch13
    i3 -2, label %branch14
  ]" [Lab_7_MM_HLS/matrixmul.cpp:99]   --->   Operation 158 'switch' <Predicate = (!icmp_ln93)> <Delay = 1.36>
ST_4 : Operation 159 [1/1] (2.32ns)   --->   "store float %tmp_data_1, float* %input_B_6_addr, align 4" [Lab_7_MM_HLS/matrixmul.cpp:99]   --->   Operation 159 'store' <Predicate = (!icmp_ln93 & trunc_ln99 == 6)> <Delay = 2.32> <Core = "RAM">   --->   Core 37 'RAM' <Latency = 1> <II = 1> <Delay = 3.25> <Storage> <Opcode : 'load' 'store'> <Ports = 2> <Width = 32> <Depth = 64> <RAM>
ST_4 : Operation 160 [1/1] (0.00ns)   --->   "br label %loop_input_B2_end" [Lab_7_MM_HLS/matrixmul.cpp:99]   --->   Operation 160 'br' <Predicate = (!icmp_ln93 & trunc_ln99 == 6)> <Delay = 0.00>
ST_4 : Operation 161 [1/1] (2.32ns)   --->   "store float %tmp_data_1, float* %input_B_5_addr, align 4" [Lab_7_MM_HLS/matrixmul.cpp:99]   --->   Operation 161 'store' <Predicate = (!icmp_ln93 & trunc_ln99 == 5)> <Delay = 2.32> <Core = "RAM">   --->   Core 37 'RAM' <Latency = 1> <II = 1> <Delay = 3.25> <Storage> <Opcode : 'load' 'store'> <Ports = 2> <Width = 32> <Depth = 64> <RAM>
ST_4 : Operation 162 [1/1] (0.00ns)   --->   "br label %loop_input_B2_end" [Lab_7_MM_HLS/matrixmul.cpp:99]   --->   Operation 162 'br' <Predicate = (!icmp_ln93 & trunc_ln99 == 5)> <Delay = 0.00>
ST_4 : Operation 163 [1/1] (2.32ns)   --->   "store float %tmp_data_1, float* %input_B_4_addr, align 4" [Lab_7_MM_HLS/matrixmul.cpp:99]   --->   Operation 163 'store' <Predicate = (!icmp_ln93 & trunc_ln99 == 4)> <Delay = 2.32> <Core = "RAM">   --->   Core 37 'RAM' <Latency = 1> <II = 1> <Delay = 3.25> <Storage> <Opcode : 'load' 'store'> <Ports = 2> <Width = 32> <Depth = 64> <RAM>
ST_4 : Operation 164 [1/1] (0.00ns)   --->   "br label %loop_input_B2_end" [Lab_7_MM_HLS/matrixmul.cpp:99]   --->   Operation 164 'br' <Predicate = (!icmp_ln93 & trunc_ln99 == 4)> <Delay = 0.00>
ST_4 : Operation 165 [1/1] (2.32ns)   --->   "store float %tmp_data_1, float* %input_B_3_addr, align 4" [Lab_7_MM_HLS/matrixmul.cpp:99]   --->   Operation 165 'store' <Predicate = (!icmp_ln93 & trunc_ln99 == 3)> <Delay = 2.32> <Core = "RAM">   --->   Core 37 'RAM' <Latency = 1> <II = 1> <Delay = 3.25> <Storage> <Opcode : 'load' 'store'> <Ports = 2> <Width = 32> <Depth = 64> <RAM>
ST_4 : Operation 166 [1/1] (0.00ns)   --->   "br label %loop_input_B2_end" [Lab_7_MM_HLS/matrixmul.cpp:99]   --->   Operation 166 'br' <Predicate = (!icmp_ln93 & trunc_ln99 == 3)> <Delay = 0.00>
ST_4 : Operation 167 [1/1] (2.32ns)   --->   "store float %tmp_data_1, float* %input_B_2_addr, align 4" [Lab_7_MM_HLS/matrixmul.cpp:99]   --->   Operation 167 'store' <Predicate = (!icmp_ln93 & trunc_ln99 == 2)> <Delay = 2.32> <Core = "RAM">   --->   Core 37 'RAM' <Latency = 1> <II = 1> <Delay = 3.25> <Storage> <Opcode : 'load' 'store'> <Ports = 2> <Width = 32> <Depth = 64> <RAM>
ST_4 : Operation 168 [1/1] (0.00ns)   --->   "br label %loop_input_B2_end" [Lab_7_MM_HLS/matrixmul.cpp:99]   --->   Operation 168 'br' <Predicate = (!icmp_ln93 & trunc_ln99 == 2)> <Delay = 0.00>
ST_4 : Operation 169 [1/1] (2.32ns)   --->   "store float %tmp_data_1, float* %input_B_1_addr, align 4" [Lab_7_MM_HLS/matrixmul.cpp:99]   --->   Operation 169 'store' <Predicate = (!icmp_ln93 & trunc_ln99 == 1)> <Delay = 2.32> <Core = "RAM">   --->   Core 37 'RAM' <Latency = 1> <II = 1> <Delay = 3.25> <Storage> <Opcode : 'load' 'store'> <Ports = 2> <Width = 32> <Depth = 64> <RAM>
ST_4 : Operation 170 [1/1] (0.00ns)   --->   "br label %loop_input_B2_end" [Lab_7_MM_HLS/matrixmul.cpp:99]   --->   Operation 170 'br' <Predicate = (!icmp_ln93 & trunc_ln99 == 1)> <Delay = 0.00>
ST_4 : Operation 171 [1/1] (2.32ns)   --->   "store float %tmp_data_1, float* %input_B_0_addr, align 4" [Lab_7_MM_HLS/matrixmul.cpp:99]   --->   Operation 171 'store' <Predicate = (!icmp_ln93 & trunc_ln99 == 0)> <Delay = 2.32> <Core = "RAM">   --->   Core 37 'RAM' <Latency = 1> <II = 1> <Delay = 3.25> <Storage> <Opcode : 'load' 'store'> <Ports = 2> <Width = 32> <Depth = 64> <RAM>
ST_4 : Operation 172 [1/1] (0.00ns)   --->   "br label %loop_input_B2_end" [Lab_7_MM_HLS/matrixmul.cpp:99]   --->   Operation 172 'br' <Predicate = (!icmp_ln93 & trunc_ln99 == 0)> <Delay = 0.00>
ST_4 : Operation 173 [1/1] (2.32ns)   --->   "store float %tmp_data_1, float* %input_B_7_addr, align 4" [Lab_7_MM_HLS/matrixmul.cpp:99]   --->   Operation 173 'store' <Predicate = (!icmp_ln93 & trunc_ln99 == 7)> <Delay = 2.32> <Core = "RAM">   --->   Core 37 'RAM' <Latency = 1> <II = 1> <Delay = 3.25> <Storage> <Opcode : 'load' 'store'> <Ports = 2> <Width = 32> <Depth = 64> <RAM>
ST_4 : Operation 174 [1/1] (0.00ns)   --->   "br label %loop_input_B2_end" [Lab_7_MM_HLS/matrixmul.cpp:99]   --->   Operation 174 'br' <Predicate = (!icmp_ln93 & trunc_ln99 == 7)> <Delay = 0.00>
ST_4 : Operation 175 [1/1] (0.00ns)   --->   "%empty_5 = call i32 (...)* @_ssdm_op_SpecRegionEnd([14 x i8]* @p_str8, i32 %tmp_5)" [Lab_7_MM_HLS/matrixmul.cpp:100]   --->   Operation 175 'specregionend' 'empty_5' <Predicate = (!icmp_ln93)> <Delay = 0.00>
ST_4 : Operation 176 [1/1] (1.73ns)   --->   "%col_5 = add i4 %select_ln99, 1" [Lab_7_MM_HLS/matrixmul.cpp:95]   --->   Operation 176 'add' 'col_5' <Predicate = (!icmp_ln93)> <Delay = 1.73> <Core = "AddSub">   --->   Core 14 'AddSub' <Latency = 0> <II = 1> <Delay = 1.73> <FuncUnit> <Opcode : 'add' 'sub'> <InPorts = 2> <OutPorts = 1>
ST_4 : Operation 177 [1/1] (0.00ns)   --->   "br label %.preheader21.preheader"   --->   Operation 177 'br' <Predicate = (!icmp_ln93)> <Delay = 0.00>

State 5 <SV = 4> <Delay = 1.76>
ST_5 : Operation 178 [1/1] (1.76ns)   --->   "br label %.preheader20.preheader" [Lab_7_MM_HLS/matrixmul.cpp:104]   --->   Operation 178 'br' <Predicate = true> <Delay = 1.76>

State 6 <SV = 5> <Delay = 5.08>
ST_6 : Operation 179 [1/1] (0.00ns)   --->   "%indvar_flatten39 = phi i7 [ %add_ln104, %loop2 ], [ 0, %.preheader20.preheader.preheader ]" [Lab_7_MM_HLS/matrixmul.cpp:104]   --->   Operation 179 'phi' 'indvar_flatten39' <Predicate = true> <Delay = 0.00>
ST_6 : Operation 180 [1/1] (0.00ns)   --->   "%row_2 = phi i4 [ %select_ln109_1, %loop2 ], [ 0, %.preheader20.preheader.preheader ]" [Lab_7_MM_HLS/matrixmul.cpp:109]   --->   Operation 180 'phi' 'row_2' <Predicate = true> <Delay = 0.00>
ST_6 : Operation 181 [1/1] (0.00ns)   --->   "%col_2 = phi i4 [ %col_4, %loop2 ], [ 0, %.preheader20.preheader.preheader ]"   --->   Operation 181 'phi' 'col_2' <Predicate = true> <Delay = 0.00>
ST_6 : Operation 182 [1/1] (1.48ns)   --->   "%icmp_ln104 = icmp eq i7 %indvar_flatten39, -64" [Lab_7_MM_HLS/matrixmul.cpp:104]   --->   Operation 182 'icmp' 'icmp_ln104' <Predicate = true> <Delay = 1.48> <Core = "Cmp">   --->   Core 25 'Cmp' <Latency = 0> <II = 1> <Delay = 1.30> <FuncUnit> <Opcode : 'icmp'> <InPorts = 2> <OutPorts = 1>
ST_6 : Operation 183 [1/1] (1.87ns)   --->   "%add_ln104 = add i7 %indvar_flatten39, 1" [Lab_7_MM_HLS/matrixmul.cpp:104]   --->   Operation 183 'add' 'add_ln104' <Predicate = true> <Delay = 1.87> <Core = "AddSub">   --->   Core 14 'AddSub' <Latency = 0> <II = 1> <Delay = 1.73> <FuncUnit> <Opcode : 'add' 'sub'> <InPorts = 2> <OutPorts = 1>
ST_6 : Operation 184 [1/1] (0.00ns)   --->   "br i1 %icmp_ln104, label %.preheader.preheader.preheader, label %loop2" [Lab_7_MM_HLS/matrixmul.cpp:104]   --->   Operation 184 'br' <Predicate = true> <Delay = 0.00>
ST_6 : Operation 185 [1/1] (1.73ns)   --->   "%row_5 = add i4 %row_2, 1" [Lab_7_MM_HLS/matrixmul.cpp:104]   --->   Operation 185 'add' 'row_5' <Predicate = (!icmp_ln104)> <Delay = 1.73> <Core = "AddSub">   --->   Core 14 'AddSub' <Latency = 0> <II = 1> <Delay = 1.73> <FuncUnit> <Opcode : 'add' 'sub'> <InPorts = 2> <OutPorts = 1>
ST_6 : Operation 186 [1/1] (1.30ns)   --->   "%icmp_ln105 = icmp eq i4 %col_2, -8" [Lab_7_MM_HLS/matrixmul.cpp:105]   --->   Operation 186 'icmp' 'icmp_ln105' <Predicate = (!icmp_ln104)> <Delay = 1.30> <Core = "Cmp">   --->   Core 25 'Cmp' <Latency = 0> <II = 1> <Delay = 1.30> <FuncUnit> <Opcode : 'icmp'> <InPorts = 2> <OutPorts = 1>
ST_6 : Operation 187 [1/1] (1.02ns)   --->   "%select_ln109 = select i1 %icmp_ln105, i4 0, i4 %col_2" [Lab_7_MM_HLS/matrixmul.cpp:109]   --->   Operation 187 'select' 'select_ln109' <Predicate = (!icmp_ln104)> <Delay = 1.02> <Core = "Sel">   --->   Core 26 'Sel' <Latency = 0> <II = 1> <Delay = 0.99> <FuncUnit> <Opcode : 'select'> <InPorts = 3> <OutPorts = 1>
ST_6 : Operation 188 [1/1] (1.02ns)   --->   "%select_ln109_1 = select i1 %icmp_ln105, i4 %row_5, i4 %row_2" [Lab_7_MM_HLS/matrixmul.cpp:109]   --->   Operation 188 'select' 'select_ln109_1' <Predicate = (!icmp_ln104)> <Delay = 1.02> <Core = "Sel">   --->   Core 26 'Sel' <Latency = 0> <II = 1> <Delay = 0.99> <FuncUnit> <Opcode : 'select'> <InPorts = 3> <OutPorts = 1>
ST_6 : Operation 189 [1/1] (0.00ns)   --->   "%zext_ln109_2 = zext i4 %select_ln109_1 to i64" [Lab_7_MM_HLS/matrixmul.cpp:109]   --->   Operation 189 'zext' 'zext_ln109_2' <Predicate = (!icmp_ln104)> <Delay = 0.00>
ST_6 : Operation 190 [1/1] (0.00ns)   --->   "%input_A_0_addr_1 = getelementptr [8 x float]* %input_A_0, i64 0, i64 %zext_ln109_2" [Lab_7_MM_HLS/matrixmul.cpp:109]   --->   Operation 190 'getelementptr' 'input_A_0_addr_1' <Predicate = (!icmp_ln104)> <Delay = 0.00>
ST_6 : Operation 191 [2/2] (2.32ns)   --->   "%input_A_0_load = load float* %input_A_0_addr_1, align 4" [Lab_7_MM_HLS/matrixmul.cpp:109]   --->   Operation 191 'load' 'input_A_0_load' <Predicate = (!icmp_ln104)> <Delay = 2.32> <Core = "RAM">   --->   Core 37 'RAM' <Latency = 1> <II = 1> <Delay = 3.25> <Storage> <Opcode : 'load' 'store'> <Ports = 2> <Width = 32> <Depth = 64> <RAM>
ST_6 : Operation 192 [1/1] (0.00ns)   --->   "%zext_ln109_1 = zext i4 %select_ln109 to i64" [Lab_7_MM_HLS/matrixmul.cpp:109]   --->   Operation 192 'zext' 'zext_ln109_1' <Predicate = (!icmp_ln104)> <Delay = 0.00>
ST_6 : Operation 193 [1/1] (0.00ns)   --->   "%input_B_0_addr_1 = getelementptr [8 x float]* %input_B_0, i64 0, i64 %zext_ln109_1" [Lab_7_MM_HLS/matrixmul.cpp:109]   --->   Operation 193 'getelementptr' 'input_B_0_addr_1' <Predicate = (!icmp_ln104)> <Delay = 0.00>
ST_6 : Operation 194 [2/2] (2.32ns)   --->   "%input_B_0_load = load float* %input_B_0_addr_1, align 4" [Lab_7_MM_HLS/matrixmul.cpp:109]   --->   Operation 194 'load' 'input_B_0_load' <Predicate = (!icmp_ln104)> <Delay = 2.32> <Core = "RAM">   --->   Core 37 'RAM' <Latency = 1> <II = 1> <Delay = 3.25> <Storage> <Opcode : 'load' 'store'> <Ports = 2> <Width = 32> <Depth = 64> <RAM>
ST_6 : Operation 195 [1/1] (1.73ns)   --->   "%col_4 = add i4 %select_ln109, 1" [Lab_7_MM_HLS/matrixmul.cpp:105]   --->   Operation 195 'add' 'col_4' <Predicate = (!icmp_ln104)> <Delay = 1.73> <Core = "AddSub">   --->   Core 14 'AddSub' <Latency = 0> <II = 1> <Delay = 1.73> <FuncUnit> <Opcode : 'add' 'sub'> <InPorts = 2> <OutPorts = 1>

State 7 <SV = 6> <Delay = 8.02>
ST_7 : Operation 196 [1/2] (2.32ns)   --->   "%input_A_0_load = load float* %input_A_0_addr_1, align 4" [Lab_7_MM_HLS/matrixmul.cpp:109]   --->   Operation 196 'load' 'input_A_0_load' <Predicate = (!icmp_ln104)> <Delay = 2.32> <Core = "RAM">   --->   Core 37 'RAM' <Latency = 1> <II = 1> <Delay = 3.25> <Storage> <Opcode : 'load' 'store'> <Ports = 2> <Width = 32> <Depth = 64> <RAM>
ST_7 : Operation 197 [1/2] (2.32ns)   --->   "%input_B_0_load = load float* %input_B_0_addr_1, align 4" [Lab_7_MM_HLS/matrixmul.cpp:109]   --->   Operation 197 'load' 'input_B_0_load' <Predicate = (!icmp_ln104)> <Delay = 2.32> <Core = "RAM">   --->   Core 37 'RAM' <Latency = 1> <II = 1> <Delay = 3.25> <Storage> <Opcode : 'load' 'store'> <Ports = 2> <Width = 32> <Depth = 64> <RAM>
ST_7 : Operation 198 [4/4] (5.70ns)   --->   "%tmp_s = fmul float %input_A_0_load, %input_B_0_load" [Lab_7_MM_HLS/matrixmul.cpp:109]   --->   Operation 198 'fmul' 'tmp_s' <Predicate = (!icmp_ln104)> <Delay = 5.70> <Core = "FMul">   --->   Core 106 'FMul' <Latency = 3> <II = 1> <Delay = 5.70> <FuncUnit> <Opcode : 'fmul'> <InPorts = 2> <OutPorts = 1>

State 8 <SV = 7> <Delay = 5.70>
ST_8 : Operation 199 [3/4] (5.70ns)   --->   "%tmp_s = fmul float %input_A_0_load, %input_B_0_load" [Lab_7_MM_HLS/matrixmul.cpp:109]   --->   Operation 199 'fmul' 'tmp_s' <Predicate = (!icmp_ln104)> <Delay = 5.70> <Core = "FMul">   --->   Core 106 'FMul' <Latency = 3> <II = 1> <Delay = 5.70> <FuncUnit> <Opcode : 'fmul'> <InPorts = 2> <OutPorts = 1>

State 9 <SV = 8> <Delay = 5.70>
ST_9 : Operation 200 [2/4] (5.70ns)   --->   "%tmp_s = fmul float %input_A_0_load, %input_B_0_load" [Lab_7_MM_HLS/matrixmul.cpp:109]   --->   Operation 200 'fmul' 'tmp_s' <Predicate = (!icmp_ln104)> <Delay = 5.70> <Core = "FMul">   --->   Core 106 'FMul' <Latency = 3> <II = 1> <Delay = 5.70> <FuncUnit> <Opcode : 'fmul'> <InPorts = 2> <OutPorts = 1>

State 10 <SV = 9> <Delay = 5.70>
ST_10 : Operation 201 [1/4] (5.70ns)   --->   "%tmp_s = fmul float %input_A_0_load, %input_B_0_load" [Lab_7_MM_HLS/matrixmul.cpp:109]   --->   Operation 201 'fmul' 'tmp_s' <Predicate = (!icmp_ln104)> <Delay = 5.70> <Core = "FMul">   --->   Core 106 'FMul' <Latency = 3> <II = 1> <Delay = 5.70> <FuncUnit> <Opcode : 'fmul'> <InPorts = 2> <OutPorts = 1>

State 11 <SV = 10> <Delay = 7.25>
ST_11 : Operation 202 [1/1] (0.00ns)   --->   "%input_A_1_addr_1 = getelementptr [8 x float]* %input_A_1, i64 0, i64 %zext_ln109_2" [Lab_7_MM_HLS/matrixmul.cpp:109]   --->   Operation 202 'getelementptr' 'input_A_1_addr_1' <Predicate = (!icmp_ln104)> <Delay = 0.00>
ST_11 : Operation 203 [2/2] (2.32ns)   --->   "%input_A_1_load = load float* %input_A_1_addr_1, align 4" [Lab_7_MM_HLS/matrixmul.cpp:109]   --->   Operation 203 'load' 'input_A_1_load' <Predicate = (!icmp_ln104)> <Delay = 2.32> <Core = "RAM">   --->   Core 37 'RAM' <Latency = 1> <II = 1> <Delay = 3.25> <Storage> <Opcode : 'load' 'store'> <Ports = 2> <Width = 32> <Depth = 64> <RAM>
ST_11 : Operation 204 [5/5] (7.25ns)   --->   "%res_s = fadd float %tmp_s, 0.000000e+00" [Lab_7_MM_HLS/matrixmul.cpp:109]   --->   Operation 204 'fadd' 'res_s' <Predicate = (!icmp_ln104)> <Delay = 7.25> <Core = "FAddSub">   --->   Core 105 'FAddSub' <Latency = 4> <II = 1> <Delay = 7.25> <FuncUnit> <Opcode : 'fadd' 'fsub'> <InPorts = 2> <OutPorts = 1>
ST_11 : Operation 205 [1/1] (0.00ns)   --->   "%input_B_1_addr_1 = getelementptr [8 x float]* %input_B_1, i64 0, i64 %zext_ln109_1" [Lab_7_MM_HLS/matrixmul.cpp:109]   --->   Operation 205 'getelementptr' 'input_B_1_addr_1' <Predicate = (!icmp_ln104)> <Delay = 0.00>
ST_11 : Operation 206 [2/2] (2.32ns)   --->   "%input_B_1_load = load float* %input_B_1_addr_1, align 4" [Lab_7_MM_HLS/matrixmul.cpp:109]   --->   Operation 206 'load' 'input_B_1_load' <Predicate = (!icmp_ln104)> <Delay = 2.32> <Core = "RAM">   --->   Core 37 'RAM' <Latency = 1> <II = 1> <Delay = 3.25> <Storage> <Opcode : 'load' 'store'> <Ports = 2> <Width = 32> <Depth = 64> <RAM>

State 12 <SV = 11> <Delay = 8.02>
ST_12 : Operation 207 [1/2] (2.32ns)   --->   "%input_A_1_load = load float* %input_A_1_addr_1, align 4" [Lab_7_MM_HLS/matrixmul.cpp:109]   --->   Operation 207 'load' 'input_A_1_load' <Predicate = (!icmp_ln104)> <Delay = 2.32> <Core = "RAM">   --->   Core 37 'RAM' <Latency = 1> <II = 1> <Delay = 3.25> <Storage> <Opcode : 'load' 'store'> <Ports = 2> <Width = 32> <Depth = 64> <RAM>
ST_12 : Operation 208 [4/5] (7.25ns)   --->   "%res_s = fadd float %tmp_s, 0.000000e+00" [Lab_7_MM_HLS/matrixmul.cpp:109]   --->   Operation 208 'fadd' 'res_s' <Predicate = (!icmp_ln104)> <Delay = 7.25> <Core = "FAddSub">   --->   Core 105 'FAddSub' <Latency = 4> <II = 1> <Delay = 7.25> <FuncUnit> <Opcode : 'fadd' 'fsub'> <InPorts = 2> <OutPorts = 1>
ST_12 : Operation 209 [1/2] (2.32ns)   --->   "%input_B_1_load = load float* %input_B_1_addr_1, align 4" [Lab_7_MM_HLS/matrixmul.cpp:109]   --->   Operation 209 'load' 'input_B_1_load' <Predicate = (!icmp_ln104)> <Delay = 2.32> <Core = "RAM">   --->   Core 37 'RAM' <Latency = 1> <II = 1> <Delay = 3.25> <Storage> <Opcode : 'load' 'store'> <Ports = 2> <Width = 32> <Depth = 64> <RAM>
ST_12 : Operation 210 [4/4] (5.70ns)   --->   "%tmp_3_1 = fmul float %input_A_1_load, %input_B_1_load" [Lab_7_MM_HLS/matrixmul.cpp:109]   --->   Operation 210 'fmul' 'tmp_3_1' <Predicate = (!icmp_ln104)> <Delay = 5.70> <Core = "FMul">   --->   Core 106 'FMul' <Latency = 3> <II = 1> <Delay = 5.70> <FuncUnit> <Opcode : 'fmul'> <InPorts = 2> <OutPorts = 1>

State 13 <SV = 12> <Delay = 7.25>
ST_13 : Operation 211 [3/5] (7.25ns)   --->   "%res_s = fadd float %tmp_s, 0.000000e+00" [Lab_7_MM_HLS/matrixmul.cpp:109]   --->   Operation 211 'fadd' 'res_s' <Predicate = (!icmp_ln104)> <Delay = 7.25> <Core = "FAddSub">   --->   Core 105 'FAddSub' <Latency = 4> <II = 1> <Delay = 7.25> <FuncUnit> <Opcode : 'fadd' 'fsub'> <InPorts = 2> <OutPorts = 1>
ST_13 : Operation 212 [3/4] (5.70ns)   --->   "%tmp_3_1 = fmul float %input_A_1_load, %input_B_1_load" [Lab_7_MM_HLS/matrixmul.cpp:109]   --->   Operation 212 'fmul' 'tmp_3_1' <Predicate = (!icmp_ln104)> <Delay = 5.70> <Core = "FMul">   --->   Core 106 'FMul' <Latency = 3> <II = 1> <Delay = 5.70> <FuncUnit> <Opcode : 'fmul'> <InPorts = 2> <OutPorts = 1>

State 14 <SV = 13> <Delay = 7.25>
ST_14 : Operation 213 [2/5] (7.25ns)   --->   "%res_s = fadd float %tmp_s, 0.000000e+00" [Lab_7_MM_HLS/matrixmul.cpp:109]   --->   Operation 213 'fadd' 'res_s' <Predicate = (!icmp_ln104)> <Delay = 7.25> <Core = "FAddSub">   --->   Core 105 'FAddSub' <Latency = 4> <II = 1> <Delay = 7.25> <FuncUnit> <Opcode : 'fadd' 'fsub'> <InPorts = 2> <OutPorts = 1>
ST_14 : Operation 214 [2/4] (5.70ns)   --->   "%tmp_3_1 = fmul float %input_A_1_load, %input_B_1_load" [Lab_7_MM_HLS/matrixmul.cpp:109]   --->   Operation 214 'fmul' 'tmp_3_1' <Predicate = (!icmp_ln104)> <Delay = 5.70> <Core = "FMul">   --->   Core 106 'FMul' <Latency = 3> <II = 1> <Delay = 5.70> <FuncUnit> <Opcode : 'fmul'> <InPorts = 2> <OutPorts = 1>

State 15 <SV = 14> <Delay = 7.25>
ST_15 : Operation 215 [1/5] (7.25ns)   --->   "%res_s = fadd float %tmp_s, 0.000000e+00" [Lab_7_MM_HLS/matrixmul.cpp:109]   --->   Operation 215 'fadd' 'res_s' <Predicate = (!icmp_ln104)> <Delay = 7.25> <Core = "FAddSub">   --->   Core 105 'FAddSub' <Latency = 4> <II = 1> <Delay = 7.25> <FuncUnit> <Opcode : 'fadd' 'fsub'> <InPorts = 2> <OutPorts = 1>
ST_15 : Operation 216 [1/4] (5.70ns)   --->   "%tmp_3_1 = fmul float %input_A_1_load, %input_B_1_load" [Lab_7_MM_HLS/matrixmul.cpp:109]   --->   Operation 216 'fmul' 'tmp_3_1' <Predicate = (!icmp_ln104)> <Delay = 5.70> <Core = "FMul">   --->   Core 106 'FMul' <Latency = 3> <II = 1> <Delay = 5.70> <FuncUnit> <Opcode : 'fmul'> <InPorts = 2> <OutPorts = 1>

State 16 <SV = 15> <Delay = 7.25>
ST_16 : Operation 217 [1/1] (0.00ns)   --->   "%input_A_2_addr_1 = getelementptr [8 x float]* %input_A_2, i64 0, i64 %zext_ln109_2" [Lab_7_MM_HLS/matrixmul.cpp:109]   --->   Operation 217 'getelementptr' 'input_A_2_addr_1' <Predicate = (!icmp_ln104)> <Delay = 0.00>
ST_16 : Operation 218 [2/2] (2.32ns)   --->   "%input_A_2_load = load float* %input_A_2_addr_1, align 4" [Lab_7_MM_HLS/matrixmul.cpp:109]   --->   Operation 218 'load' 'input_A_2_load' <Predicate = (!icmp_ln104)> <Delay = 2.32> <Core = "RAM">   --->   Core 37 'RAM' <Latency = 1> <II = 1> <Delay = 3.25> <Storage> <Opcode : 'load' 'store'> <Ports = 2> <Width = 32> <Depth = 64> <RAM>
ST_16 : Operation 219 [5/5] (7.25ns)   --->   "%res_1 = fadd float %res_s, %tmp_3_1" [Lab_7_MM_HLS/matrixmul.cpp:109]   --->   Operation 219 'fadd' 'res_1' <Predicate = (!icmp_ln104)> <Delay = 7.25> <Core = "FAddSub">   --->   Core 105 'FAddSub' <Latency = 4> <II = 1> <Delay = 7.25> <FuncUnit> <Opcode : 'fadd' 'fsub'> <InPorts = 2> <OutPorts = 1>
ST_16 : Operation 220 [1/1] (0.00ns)   --->   "%input_B_2_addr_1 = getelementptr [8 x float]* %input_B_2, i64 0, i64 %zext_ln109_1" [Lab_7_MM_HLS/matrixmul.cpp:109]   --->   Operation 220 'getelementptr' 'input_B_2_addr_1' <Predicate = (!icmp_ln104)> <Delay = 0.00>
ST_16 : Operation 221 [2/2] (2.32ns)   --->   "%input_B_2_load = load float* %input_B_2_addr_1, align 4" [Lab_7_MM_HLS/matrixmul.cpp:109]   --->   Operation 221 'load' 'input_B_2_load' <Predicate = (!icmp_ln104)> <Delay = 2.32> <Core = "RAM">   --->   Core 37 'RAM' <Latency = 1> <II = 1> <Delay = 3.25> <Storage> <Opcode : 'load' 'store'> <Ports = 2> <Width = 32> <Depth = 64> <RAM>

State 17 <SV = 16> <Delay = 8.02>
ST_17 : Operation 222 [1/2] (2.32ns)   --->   "%input_A_2_load = load float* %input_A_2_addr_1, align 4" [Lab_7_MM_HLS/matrixmul.cpp:109]   --->   Operation 222 'load' 'input_A_2_load' <Predicate = (!icmp_ln104)> <Delay = 2.32> <Core = "RAM">   --->   Core 37 'RAM' <Latency = 1> <II = 1> <Delay = 3.25> <Storage> <Opcode : 'load' 'store'> <Ports = 2> <Width = 32> <Depth = 64> <RAM>
ST_17 : Operation 223 [4/5] (7.25ns)   --->   "%res_1 = fadd float %res_s, %tmp_3_1" [Lab_7_MM_HLS/matrixmul.cpp:109]   --->   Operation 223 'fadd' 'res_1' <Predicate = (!icmp_ln104)> <Delay = 7.25> <Core = "FAddSub">   --->   Core 105 'FAddSub' <Latency = 4> <II = 1> <Delay = 7.25> <FuncUnit> <Opcode : 'fadd' 'fsub'> <InPorts = 2> <OutPorts = 1>
ST_17 : Operation 224 [1/2] (2.32ns)   --->   "%input_B_2_load = load float* %input_B_2_addr_1, align 4" [Lab_7_MM_HLS/matrixmul.cpp:109]   --->   Operation 224 'load' 'input_B_2_load' <Predicate = (!icmp_ln104)> <Delay = 2.32> <Core = "RAM">   --->   Core 37 'RAM' <Latency = 1> <II = 1> <Delay = 3.25> <Storage> <Opcode : 'load' 'store'> <Ports = 2> <Width = 32> <Depth = 64> <RAM>
ST_17 : Operation 225 [4/4] (5.70ns)   --->   "%tmp_3_2 = fmul float %input_A_2_load, %input_B_2_load" [Lab_7_MM_HLS/matrixmul.cpp:109]   --->   Operation 225 'fmul' 'tmp_3_2' <Predicate = (!icmp_ln104)> <Delay = 5.70> <Core = "FMul">   --->   Core 106 'FMul' <Latency = 3> <II = 1> <Delay = 5.70> <FuncUnit> <Opcode : 'fmul'> <InPorts = 2> <OutPorts = 1>

State 18 <SV = 17> <Delay = 7.25>
ST_18 : Operation 226 [3/5] (7.25ns)   --->   "%res_1 = fadd float %res_s, %tmp_3_1" [Lab_7_MM_HLS/matrixmul.cpp:109]   --->   Operation 226 'fadd' 'res_1' <Predicate = (!icmp_ln104)> <Delay = 7.25> <Core = "FAddSub">   --->   Core 105 'FAddSub' <Latency = 4> <II = 1> <Delay = 7.25> <FuncUnit> <Opcode : 'fadd' 'fsub'> <InPorts = 2> <OutPorts = 1>
ST_18 : Operation 227 [3/4] (5.70ns)   --->   "%tmp_3_2 = fmul float %input_A_2_load, %input_B_2_load" [Lab_7_MM_HLS/matrixmul.cpp:109]   --->   Operation 227 'fmul' 'tmp_3_2' <Predicate = (!icmp_ln104)> <Delay = 5.70> <Core = "FMul">   --->   Core 106 'FMul' <Latency = 3> <II = 1> <Delay = 5.70> <FuncUnit> <Opcode : 'fmul'> <InPorts = 2> <OutPorts = 1>

State 19 <SV = 18> <Delay = 7.25>
ST_19 : Operation 228 [2/5] (7.25ns)   --->   "%res_1 = fadd float %res_s, %tmp_3_1" [Lab_7_MM_HLS/matrixmul.cpp:109]   --->   Operation 228 'fadd' 'res_1' <Predicate = (!icmp_ln104)> <Delay = 7.25> <Core = "FAddSub">   --->   Core 105 'FAddSub' <Latency = 4> <II = 1> <Delay = 7.25> <FuncUnit> <Opcode : 'fadd' 'fsub'> <InPorts = 2> <OutPorts = 1>
ST_19 : Operation 229 [2/4] (5.70ns)   --->   "%tmp_3_2 = fmul float %input_A_2_load, %input_B_2_load" [Lab_7_MM_HLS/matrixmul.cpp:109]   --->   Operation 229 'fmul' 'tmp_3_2' <Predicate = (!icmp_ln104)> <Delay = 5.70> <Core = "FMul">   --->   Core 106 'FMul' <Latency = 3> <II = 1> <Delay = 5.70> <FuncUnit> <Opcode : 'fmul'> <InPorts = 2> <OutPorts = 1>

State 20 <SV = 19> <Delay = 7.25>
ST_20 : Operation 230 [1/5] (7.25ns)   --->   "%res_1 = fadd float %res_s, %tmp_3_1" [Lab_7_MM_HLS/matrixmul.cpp:109]   --->   Operation 230 'fadd' 'res_1' <Predicate = (!icmp_ln104)> <Delay = 7.25> <Core = "FAddSub">   --->   Core 105 'FAddSub' <Latency = 4> <II = 1> <Delay = 7.25> <FuncUnit> <Opcode : 'fadd' 'fsub'> <InPorts = 2> <OutPorts = 1>
ST_20 : Operation 231 [1/4] (5.70ns)   --->   "%tmp_3_2 = fmul float %input_A_2_load, %input_B_2_load" [Lab_7_MM_HLS/matrixmul.cpp:109]   --->   Operation 231 'fmul' 'tmp_3_2' <Predicate = (!icmp_ln104)> <Delay = 5.70> <Core = "FMul">   --->   Core 106 'FMul' <Latency = 3> <II = 1> <Delay = 5.70> <FuncUnit> <Opcode : 'fmul'> <InPorts = 2> <OutPorts = 1>

State 21 <SV = 20> <Delay = 7.25>
ST_21 : Operation 232 [1/1] (0.00ns)   --->   "%input_A_3_addr_1 = getelementptr [8 x float]* %input_A_3, i64 0, i64 %zext_ln109_2" [Lab_7_MM_HLS/matrixmul.cpp:109]   --->   Operation 232 'getelementptr' 'input_A_3_addr_1' <Predicate = (!icmp_ln104)> <Delay = 0.00>
ST_21 : Operation 233 [2/2] (2.32ns)   --->   "%input_A_3_load = load float* %input_A_3_addr_1, align 4" [Lab_7_MM_HLS/matrixmul.cpp:109]   --->   Operation 233 'load' 'input_A_3_load' <Predicate = (!icmp_ln104)> <Delay = 2.32> <Core = "RAM">   --->   Core 37 'RAM' <Latency = 1> <II = 1> <Delay = 3.25> <Storage> <Opcode : 'load' 'store'> <Ports = 2> <Width = 32> <Depth = 64> <RAM>
ST_21 : Operation 234 [5/5] (7.25ns)   --->   "%res_2 = fadd float %res_1, %tmp_3_2" [Lab_7_MM_HLS/matrixmul.cpp:109]   --->   Operation 234 'fadd' 'res_2' <Predicate = (!icmp_ln104)> <Delay = 7.25> <Core = "FAddSub">   --->   Core 105 'FAddSub' <Latency = 4> <II = 1> <Delay = 7.25> <FuncUnit> <Opcode : 'fadd' 'fsub'> <InPorts = 2> <OutPorts = 1>
ST_21 : Operation 235 [1/1] (0.00ns)   --->   "%input_B_3_addr_1 = getelementptr [8 x float]* %input_B_3, i64 0, i64 %zext_ln109_1" [Lab_7_MM_HLS/matrixmul.cpp:109]   --->   Operation 235 'getelementptr' 'input_B_3_addr_1' <Predicate = (!icmp_ln104)> <Delay = 0.00>
ST_21 : Operation 236 [2/2] (2.32ns)   --->   "%input_B_3_load = load float* %input_B_3_addr_1, align 4" [Lab_7_MM_HLS/matrixmul.cpp:109]   --->   Operation 236 'load' 'input_B_3_load' <Predicate = (!icmp_ln104)> <Delay = 2.32> <Core = "RAM">   --->   Core 37 'RAM' <Latency = 1> <II = 1> <Delay = 3.25> <Storage> <Opcode : 'load' 'store'> <Ports = 2> <Width = 32> <Depth = 64> <RAM>

State 22 <SV = 21> <Delay = 8.02>
ST_22 : Operation 237 [1/2] (2.32ns)   --->   "%input_A_3_load = load float* %input_A_3_addr_1, align 4" [Lab_7_MM_HLS/matrixmul.cpp:109]   --->   Operation 237 'load' 'input_A_3_load' <Predicate = (!icmp_ln104)> <Delay = 2.32> <Core = "RAM">   --->   Core 37 'RAM' <Latency = 1> <II = 1> <Delay = 3.25> <Storage> <Opcode : 'load' 'store'> <Ports = 2> <Width = 32> <Depth = 64> <RAM>
ST_22 : Operation 238 [4/5] (7.25ns)   --->   "%res_2 = fadd float %res_1, %tmp_3_2" [Lab_7_MM_HLS/matrixmul.cpp:109]   --->   Operation 238 'fadd' 'res_2' <Predicate = (!icmp_ln104)> <Delay = 7.25> <Core = "FAddSub">   --->   Core 105 'FAddSub' <Latency = 4> <II = 1> <Delay = 7.25> <FuncUnit> <Opcode : 'fadd' 'fsub'> <InPorts = 2> <OutPorts = 1>
ST_22 : Operation 239 [1/2] (2.32ns)   --->   "%input_B_3_load = load float* %input_B_3_addr_1, align 4" [Lab_7_MM_HLS/matrixmul.cpp:109]   --->   Operation 239 'load' 'input_B_3_load' <Predicate = (!icmp_ln104)> <Delay = 2.32> <Core = "RAM">   --->   Core 37 'RAM' <Latency = 1> <II = 1> <Delay = 3.25> <Storage> <Opcode : 'load' 'store'> <Ports = 2> <Width = 32> <Depth = 64> <RAM>
ST_22 : Operation 240 [4/4] (5.70ns)   --->   "%tmp_3_3 = fmul float %input_A_3_load, %input_B_3_load" [Lab_7_MM_HLS/matrixmul.cpp:109]   --->   Operation 240 'fmul' 'tmp_3_3' <Predicate = (!icmp_ln104)> <Delay = 5.70> <Core = "FMul">   --->   Core 106 'FMul' <Latency = 3> <II = 1> <Delay = 5.70> <FuncUnit> <Opcode : 'fmul'> <InPorts = 2> <OutPorts = 1>

State 23 <SV = 22> <Delay = 7.25>
ST_23 : Operation 241 [3/5] (7.25ns)   --->   "%res_2 = fadd float %res_1, %tmp_3_2" [Lab_7_MM_HLS/matrixmul.cpp:109]   --->   Operation 241 'fadd' 'res_2' <Predicate = (!icmp_ln104)> <Delay = 7.25> <Core = "FAddSub">   --->   Core 105 'FAddSub' <Latency = 4> <II = 1> <Delay = 7.25> <FuncUnit> <Opcode : 'fadd' 'fsub'> <InPorts = 2> <OutPorts = 1>
ST_23 : Operation 242 [3/4] (5.70ns)   --->   "%tmp_3_3 = fmul float %input_A_3_load, %input_B_3_load" [Lab_7_MM_HLS/matrixmul.cpp:109]   --->   Operation 242 'fmul' 'tmp_3_3' <Predicate = (!icmp_ln104)> <Delay = 5.70> <Core = "FMul">   --->   Core 106 'FMul' <Latency = 3> <II = 1> <Delay = 5.70> <FuncUnit> <Opcode : 'fmul'> <InPorts = 2> <OutPorts = 1>

State 24 <SV = 23> <Delay = 7.25>
ST_24 : Operation 243 [2/5] (7.25ns)   --->   "%res_2 = fadd float %res_1, %tmp_3_2" [Lab_7_MM_HLS/matrixmul.cpp:109]   --->   Operation 243 'fadd' 'res_2' <Predicate = (!icmp_ln104)> <Delay = 7.25> <Core = "FAddSub">   --->   Core 105 'FAddSub' <Latency = 4> <II = 1> <Delay = 7.25> <FuncUnit> <Opcode : 'fadd' 'fsub'> <InPorts = 2> <OutPorts = 1>
ST_24 : Operation 244 [2/4] (5.70ns)   --->   "%tmp_3_3 = fmul float %input_A_3_load, %input_B_3_load" [Lab_7_MM_HLS/matrixmul.cpp:109]   --->   Operation 244 'fmul' 'tmp_3_3' <Predicate = (!icmp_ln104)> <Delay = 5.70> <Core = "FMul">   --->   Core 106 'FMul' <Latency = 3> <II = 1> <Delay = 5.70> <FuncUnit> <Opcode : 'fmul'> <InPorts = 2> <OutPorts = 1>

State 25 <SV = 24> <Delay = 7.25>
ST_25 : Operation 245 [1/5] (7.25ns)   --->   "%res_2 = fadd float %res_1, %tmp_3_2" [Lab_7_MM_HLS/matrixmul.cpp:109]   --->   Operation 245 'fadd' 'res_2' <Predicate = (!icmp_ln104)> <Delay = 7.25> <Core = "FAddSub">   --->   Core 105 'FAddSub' <Latency = 4> <II = 1> <Delay = 7.25> <FuncUnit> <Opcode : 'fadd' 'fsub'> <InPorts = 2> <OutPorts = 1>
ST_25 : Operation 246 [1/4] (5.70ns)   --->   "%tmp_3_3 = fmul float %input_A_3_load, %input_B_3_load" [Lab_7_MM_HLS/matrixmul.cpp:109]   --->   Operation 246 'fmul' 'tmp_3_3' <Predicate = (!icmp_ln104)> <Delay = 5.70> <Core = "FMul">   --->   Core 106 'FMul' <Latency = 3> <II = 1> <Delay = 5.70> <FuncUnit> <Opcode : 'fmul'> <InPorts = 2> <OutPorts = 1>

State 26 <SV = 25> <Delay = 7.25>
ST_26 : Operation 247 [1/1] (0.00ns)   --->   "%input_A_4_addr_1 = getelementptr [8 x float]* %input_A_4, i64 0, i64 %zext_ln109_2" [Lab_7_MM_HLS/matrixmul.cpp:109]   --->   Operation 247 'getelementptr' 'input_A_4_addr_1' <Predicate = (!icmp_ln104)> <Delay = 0.00>
ST_26 : Operation 248 [2/2] (2.32ns)   --->   "%input_A_4_load = load float* %input_A_4_addr_1, align 4" [Lab_7_MM_HLS/matrixmul.cpp:109]   --->   Operation 248 'load' 'input_A_4_load' <Predicate = (!icmp_ln104)> <Delay = 2.32> <Core = "RAM">   --->   Core 37 'RAM' <Latency = 1> <II = 1> <Delay = 3.25> <Storage> <Opcode : 'load' 'store'> <Ports = 2> <Width = 32> <Depth = 64> <RAM>
ST_26 : Operation 249 [5/5] (7.25ns)   --->   "%res_3 = fadd float %res_2, %tmp_3_3" [Lab_7_MM_HLS/matrixmul.cpp:109]   --->   Operation 249 'fadd' 'res_3' <Predicate = (!icmp_ln104)> <Delay = 7.25> <Core = "FAddSub">   --->   Core 105 'FAddSub' <Latency = 4> <II = 1> <Delay = 7.25> <FuncUnit> <Opcode : 'fadd' 'fsub'> <InPorts = 2> <OutPorts = 1>
ST_26 : Operation 250 [1/1] (0.00ns)   --->   "%input_B_4_addr_1 = getelementptr [8 x float]* %input_B_4, i64 0, i64 %zext_ln109_1" [Lab_7_MM_HLS/matrixmul.cpp:109]   --->   Operation 250 'getelementptr' 'input_B_4_addr_1' <Predicate = (!icmp_ln104)> <Delay = 0.00>
ST_26 : Operation 251 [2/2] (2.32ns)   --->   "%input_B_4_load = load float* %input_B_4_addr_1, align 4" [Lab_7_MM_HLS/matrixmul.cpp:109]   --->   Operation 251 'load' 'input_B_4_load' <Predicate = (!icmp_ln104)> <Delay = 2.32> <Core = "RAM">   --->   Core 37 'RAM' <Latency = 1> <II = 1> <Delay = 3.25> <Storage> <Opcode : 'load' 'store'> <Ports = 2> <Width = 32> <Depth = 64> <RAM>

State 27 <SV = 26> <Delay = 8.02>
ST_27 : Operation 252 [1/2] (2.32ns)   --->   "%input_A_4_load = load float* %input_A_4_addr_1, align 4" [Lab_7_MM_HLS/matrixmul.cpp:109]   --->   Operation 252 'load' 'input_A_4_load' <Predicate = (!icmp_ln104)> <Delay = 2.32> <Core = "RAM">   --->   Core 37 'RAM' <Latency = 1> <II = 1> <Delay = 3.25> <Storage> <Opcode : 'load' 'store'> <Ports = 2> <Width = 32> <Depth = 64> <RAM>
ST_27 : Operation 253 [4/5] (7.25ns)   --->   "%res_3 = fadd float %res_2, %tmp_3_3" [Lab_7_MM_HLS/matrixmul.cpp:109]   --->   Operation 253 'fadd' 'res_3' <Predicate = (!icmp_ln104)> <Delay = 7.25> <Core = "FAddSub">   --->   Core 105 'FAddSub' <Latency = 4> <II = 1> <Delay = 7.25> <FuncUnit> <Opcode : 'fadd' 'fsub'> <InPorts = 2> <OutPorts = 1>
ST_27 : Operation 254 [1/2] (2.32ns)   --->   "%input_B_4_load = load float* %input_B_4_addr_1, align 4" [Lab_7_MM_HLS/matrixmul.cpp:109]   --->   Operation 254 'load' 'input_B_4_load' <Predicate = (!icmp_ln104)> <Delay = 2.32> <Core = "RAM">   --->   Core 37 'RAM' <Latency = 1> <II = 1> <Delay = 3.25> <Storage> <Opcode : 'load' 'store'> <Ports = 2> <Width = 32> <Depth = 64> <RAM>
ST_27 : Operation 255 [4/4] (5.70ns)   --->   "%tmp_3_4 = fmul float %input_A_4_load, %input_B_4_load" [Lab_7_MM_HLS/matrixmul.cpp:109]   --->   Operation 255 'fmul' 'tmp_3_4' <Predicate = (!icmp_ln104)> <Delay = 5.70> <Core = "FMul">   --->   Core 106 'FMul' <Latency = 3> <II = 1> <Delay = 5.70> <FuncUnit> <Opcode : 'fmul'> <InPorts = 2> <OutPorts = 1>

State 28 <SV = 27> <Delay = 7.25>
ST_28 : Operation 256 [3/5] (7.25ns)   --->   "%res_3 = fadd float %res_2, %tmp_3_3" [Lab_7_MM_HLS/matrixmul.cpp:109]   --->   Operation 256 'fadd' 'res_3' <Predicate = (!icmp_ln104)> <Delay = 7.25> <Core = "FAddSub">   --->   Core 105 'FAddSub' <Latency = 4> <II = 1> <Delay = 7.25> <FuncUnit> <Opcode : 'fadd' 'fsub'> <InPorts = 2> <OutPorts = 1>
ST_28 : Operation 257 [3/4] (5.70ns)   --->   "%tmp_3_4 = fmul float %input_A_4_load, %input_B_4_load" [Lab_7_MM_HLS/matrixmul.cpp:109]   --->   Operation 257 'fmul' 'tmp_3_4' <Predicate = (!icmp_ln104)> <Delay = 5.70> <Core = "FMul">   --->   Core 106 'FMul' <Latency = 3> <II = 1> <Delay = 5.70> <FuncUnit> <Opcode : 'fmul'> <InPorts = 2> <OutPorts = 1>

State 29 <SV = 28> <Delay = 7.25>
ST_29 : Operation 258 [2/5] (7.25ns)   --->   "%res_3 = fadd float %res_2, %tmp_3_3" [Lab_7_MM_HLS/matrixmul.cpp:109]   --->   Operation 258 'fadd' 'res_3' <Predicate = (!icmp_ln104)> <Delay = 7.25> <Core = "FAddSub">   --->   Core 105 'FAddSub' <Latency = 4> <II = 1> <Delay = 7.25> <FuncUnit> <Opcode : 'fadd' 'fsub'> <InPorts = 2> <OutPorts = 1>
ST_29 : Operation 259 [2/4] (5.70ns)   --->   "%tmp_3_4 = fmul float %input_A_4_load, %input_B_4_load" [Lab_7_MM_HLS/matrixmul.cpp:109]   --->   Operation 259 'fmul' 'tmp_3_4' <Predicate = (!icmp_ln104)> <Delay = 5.70> <Core = "FMul">   --->   Core 106 'FMul' <Latency = 3> <II = 1> <Delay = 5.70> <FuncUnit> <Opcode : 'fmul'> <InPorts = 2> <OutPorts = 1>

State 30 <SV = 29> <Delay = 7.25>
ST_30 : Operation 260 [1/5] (7.25ns)   --->   "%res_3 = fadd float %res_2, %tmp_3_3" [Lab_7_MM_HLS/matrixmul.cpp:109]   --->   Operation 260 'fadd' 'res_3' <Predicate = (!icmp_ln104)> <Delay = 7.25> <Core = "FAddSub">   --->   Core 105 'FAddSub' <Latency = 4> <II = 1> <Delay = 7.25> <FuncUnit> <Opcode : 'fadd' 'fsub'> <InPorts = 2> <OutPorts = 1>
ST_30 : Operation 261 [1/4] (5.70ns)   --->   "%tmp_3_4 = fmul float %input_A_4_load, %input_B_4_load" [Lab_7_MM_HLS/matrixmul.cpp:109]   --->   Operation 261 'fmul' 'tmp_3_4' <Predicate = (!icmp_ln104)> <Delay = 5.70> <Core = "FMul">   --->   Core 106 'FMul' <Latency = 3> <II = 1> <Delay = 5.70> <FuncUnit> <Opcode : 'fmul'> <InPorts = 2> <OutPorts = 1>

State 31 <SV = 30> <Delay = 7.25>
ST_31 : Operation 262 [1/1] (0.00ns)   --->   "%input_A_5_addr_1 = getelementptr [8 x float]* %input_A_5, i64 0, i64 %zext_ln109_2" [Lab_7_MM_HLS/matrixmul.cpp:109]   --->   Operation 262 'getelementptr' 'input_A_5_addr_1' <Predicate = (!icmp_ln104)> <Delay = 0.00>
ST_31 : Operation 263 [2/2] (2.32ns)   --->   "%input_A_5_load = load float* %input_A_5_addr_1, align 4" [Lab_7_MM_HLS/matrixmul.cpp:109]   --->   Operation 263 'load' 'input_A_5_load' <Predicate = (!icmp_ln104)> <Delay = 2.32> <Core = "RAM">   --->   Core 37 'RAM' <Latency = 1> <II = 1> <Delay = 3.25> <Storage> <Opcode : 'load' 'store'> <Ports = 2> <Width = 32> <Depth = 64> <RAM>
ST_31 : Operation 264 [5/5] (7.25ns)   --->   "%res_4 = fadd float %res_3, %tmp_3_4" [Lab_7_MM_HLS/matrixmul.cpp:109]   --->   Operation 264 'fadd' 'res_4' <Predicate = (!icmp_ln104)> <Delay = 7.25> <Core = "FAddSub">   --->   Core 105 'FAddSub' <Latency = 4> <II = 1> <Delay = 7.25> <FuncUnit> <Opcode : 'fadd' 'fsub'> <InPorts = 2> <OutPorts = 1>
ST_31 : Operation 265 [1/1] (0.00ns)   --->   "%input_B_5_addr_1 = getelementptr [8 x float]* %input_B_5, i64 0, i64 %zext_ln109_1" [Lab_7_MM_HLS/matrixmul.cpp:109]   --->   Operation 265 'getelementptr' 'input_B_5_addr_1' <Predicate = (!icmp_ln104)> <Delay = 0.00>
ST_31 : Operation 266 [2/2] (2.32ns)   --->   "%input_B_5_load = load float* %input_B_5_addr_1, align 4" [Lab_7_MM_HLS/matrixmul.cpp:109]   --->   Operation 266 'load' 'input_B_5_load' <Predicate = (!icmp_ln104)> <Delay = 2.32> <Core = "RAM">   --->   Core 37 'RAM' <Latency = 1> <II = 1> <Delay = 3.25> <Storage> <Opcode : 'load' 'store'> <Ports = 2> <Width = 32> <Depth = 64> <RAM>

State 32 <SV = 31> <Delay = 8.02>
ST_32 : Operation 267 [1/2] (2.32ns)   --->   "%input_A_5_load = load float* %input_A_5_addr_1, align 4" [Lab_7_MM_HLS/matrixmul.cpp:109]   --->   Operation 267 'load' 'input_A_5_load' <Predicate = (!icmp_ln104)> <Delay = 2.32> <Core = "RAM">   --->   Core 37 'RAM' <Latency = 1> <II = 1> <Delay = 3.25> <Storage> <Opcode : 'load' 'store'> <Ports = 2> <Width = 32> <Depth = 64> <RAM>
ST_32 : Operation 268 [4/5] (7.25ns)   --->   "%res_4 = fadd float %res_3, %tmp_3_4" [Lab_7_MM_HLS/matrixmul.cpp:109]   --->   Operation 268 'fadd' 'res_4' <Predicate = (!icmp_ln104)> <Delay = 7.25> <Core = "FAddSub">   --->   Core 105 'FAddSub' <Latency = 4> <II = 1> <Delay = 7.25> <FuncUnit> <Opcode : 'fadd' 'fsub'> <InPorts = 2> <OutPorts = 1>
ST_32 : Operation 269 [1/2] (2.32ns)   --->   "%input_B_5_load = load float* %input_B_5_addr_1, align 4" [Lab_7_MM_HLS/matrixmul.cpp:109]   --->   Operation 269 'load' 'input_B_5_load' <Predicate = (!icmp_ln104)> <Delay = 2.32> <Core = "RAM">   --->   Core 37 'RAM' <Latency = 1> <II = 1> <Delay = 3.25> <Storage> <Opcode : 'load' 'store'> <Ports = 2> <Width = 32> <Depth = 64> <RAM>
ST_32 : Operation 270 [4/4] (5.70ns)   --->   "%tmp_3_5 = fmul float %input_A_5_load, %input_B_5_load" [Lab_7_MM_HLS/matrixmul.cpp:109]   --->   Operation 270 'fmul' 'tmp_3_5' <Predicate = (!icmp_ln104)> <Delay = 5.70> <Core = "FMul">   --->   Core 106 'FMul' <Latency = 3> <II = 1> <Delay = 5.70> <FuncUnit> <Opcode : 'fmul'> <InPorts = 2> <OutPorts = 1>

State 33 <SV = 32> <Delay = 7.25>
ST_33 : Operation 271 [3/5] (7.25ns)   --->   "%res_4 = fadd float %res_3, %tmp_3_4" [Lab_7_MM_HLS/matrixmul.cpp:109]   --->   Operation 271 'fadd' 'res_4' <Predicate = (!icmp_ln104)> <Delay = 7.25> <Core = "FAddSub">   --->   Core 105 'FAddSub' <Latency = 4> <II = 1> <Delay = 7.25> <FuncUnit> <Opcode : 'fadd' 'fsub'> <InPorts = 2> <OutPorts = 1>
ST_33 : Operation 272 [3/4] (5.70ns)   --->   "%tmp_3_5 = fmul float %input_A_5_load, %input_B_5_load" [Lab_7_MM_HLS/matrixmul.cpp:109]   --->   Operation 272 'fmul' 'tmp_3_5' <Predicate = (!icmp_ln104)> <Delay = 5.70> <Core = "FMul">   --->   Core 106 'FMul' <Latency = 3> <II = 1> <Delay = 5.70> <FuncUnit> <Opcode : 'fmul'> <InPorts = 2> <OutPorts = 1>

State 34 <SV = 33> <Delay = 7.25>
ST_34 : Operation 273 [2/5] (7.25ns)   --->   "%res_4 = fadd float %res_3, %tmp_3_4" [Lab_7_MM_HLS/matrixmul.cpp:109]   --->   Operation 273 'fadd' 'res_4' <Predicate = (!icmp_ln104)> <Delay = 7.25> <Core = "FAddSub">   --->   Core 105 'FAddSub' <Latency = 4> <II = 1> <Delay = 7.25> <FuncUnit> <Opcode : 'fadd' 'fsub'> <InPorts = 2> <OutPorts = 1>
ST_34 : Operation 274 [2/4] (5.70ns)   --->   "%tmp_3_5 = fmul float %input_A_5_load, %input_B_5_load" [Lab_7_MM_HLS/matrixmul.cpp:109]   --->   Operation 274 'fmul' 'tmp_3_5' <Predicate = (!icmp_ln104)> <Delay = 5.70> <Core = "FMul">   --->   Core 106 'FMul' <Latency = 3> <II = 1> <Delay = 5.70> <FuncUnit> <Opcode : 'fmul'> <InPorts = 2> <OutPorts = 1>

State 35 <SV = 34> <Delay = 7.25>
ST_35 : Operation 275 [1/5] (7.25ns)   --->   "%res_4 = fadd float %res_3, %tmp_3_4" [Lab_7_MM_HLS/matrixmul.cpp:109]   --->   Operation 275 'fadd' 'res_4' <Predicate = (!icmp_ln104)> <Delay = 7.25> <Core = "FAddSub">   --->   Core 105 'FAddSub' <Latency = 4> <II = 1> <Delay = 7.25> <FuncUnit> <Opcode : 'fadd' 'fsub'> <InPorts = 2> <OutPorts = 1>
ST_35 : Operation 276 [1/4] (5.70ns)   --->   "%tmp_3_5 = fmul float %input_A_5_load, %input_B_5_load" [Lab_7_MM_HLS/matrixmul.cpp:109]   --->   Operation 276 'fmul' 'tmp_3_5' <Predicate = (!icmp_ln104)> <Delay = 5.70> <Core = "FMul">   --->   Core 106 'FMul' <Latency = 3> <II = 1> <Delay = 5.70> <FuncUnit> <Opcode : 'fmul'> <InPorts = 2> <OutPorts = 1>

State 36 <SV = 35> <Delay = 7.25>
ST_36 : Operation 277 [1/1] (0.00ns)   --->   "%input_A_6_addr_1 = getelementptr [8 x float]* %input_A_6, i64 0, i64 %zext_ln109_2" [Lab_7_MM_HLS/matrixmul.cpp:109]   --->   Operation 277 'getelementptr' 'input_A_6_addr_1' <Predicate = (!icmp_ln104)> <Delay = 0.00>
ST_36 : Operation 278 [2/2] (2.32ns)   --->   "%input_A_6_load = load float* %input_A_6_addr_1, align 4" [Lab_7_MM_HLS/matrixmul.cpp:109]   --->   Operation 278 'load' 'input_A_6_load' <Predicate = (!icmp_ln104)> <Delay = 2.32> <Core = "RAM">   --->   Core 37 'RAM' <Latency = 1> <II = 1> <Delay = 3.25> <Storage> <Opcode : 'load' 'store'> <Ports = 2> <Width = 32> <Depth = 64> <RAM>
ST_36 : Operation 279 [5/5] (7.25ns)   --->   "%res_5 = fadd float %res_4, %tmp_3_5" [Lab_7_MM_HLS/matrixmul.cpp:109]   --->   Operation 279 'fadd' 'res_5' <Predicate = (!icmp_ln104)> <Delay = 7.25> <Core = "FAddSub">   --->   Core 105 'FAddSub' <Latency = 4> <II = 1> <Delay = 7.25> <FuncUnit> <Opcode : 'fadd' 'fsub'> <InPorts = 2> <OutPorts = 1>
ST_36 : Operation 280 [1/1] (0.00ns)   --->   "%input_B_6_addr_1 = getelementptr [8 x float]* %input_B_6, i64 0, i64 %zext_ln109_1" [Lab_7_MM_HLS/matrixmul.cpp:109]   --->   Operation 280 'getelementptr' 'input_B_6_addr_1' <Predicate = (!icmp_ln104)> <Delay = 0.00>
ST_36 : Operation 281 [2/2] (2.32ns)   --->   "%input_B_6_load = load float* %input_B_6_addr_1, align 4" [Lab_7_MM_HLS/matrixmul.cpp:109]   --->   Operation 281 'load' 'input_B_6_load' <Predicate = (!icmp_ln104)> <Delay = 2.32> <Core = "RAM">   --->   Core 37 'RAM' <Latency = 1> <II = 1> <Delay = 3.25> <Storage> <Opcode : 'load' 'store'> <Ports = 2> <Width = 32> <Depth = 64> <RAM>

State 37 <SV = 36> <Delay = 8.02>
ST_37 : Operation 282 [1/2] (2.32ns)   --->   "%input_A_6_load = load float* %input_A_6_addr_1, align 4" [Lab_7_MM_HLS/matrixmul.cpp:109]   --->   Operation 282 'load' 'input_A_6_load' <Predicate = (!icmp_ln104)> <Delay = 2.32> <Core = "RAM">   --->   Core 37 'RAM' <Latency = 1> <II = 1> <Delay = 3.25> <Storage> <Opcode : 'load' 'store'> <Ports = 2> <Width = 32> <Depth = 64> <RAM>
ST_37 : Operation 283 [4/5] (7.25ns)   --->   "%res_5 = fadd float %res_4, %tmp_3_5" [Lab_7_MM_HLS/matrixmul.cpp:109]   --->   Operation 283 'fadd' 'res_5' <Predicate = (!icmp_ln104)> <Delay = 7.25> <Core = "FAddSub">   --->   Core 105 'FAddSub' <Latency = 4> <II = 1> <Delay = 7.25> <FuncUnit> <Opcode : 'fadd' 'fsub'> <InPorts = 2> <OutPorts = 1>
ST_37 : Operation 284 [1/2] (2.32ns)   --->   "%input_B_6_load = load float* %input_B_6_addr_1, align 4" [Lab_7_MM_HLS/matrixmul.cpp:109]   --->   Operation 284 'load' 'input_B_6_load' <Predicate = (!icmp_ln104)> <Delay = 2.32> <Core = "RAM">   --->   Core 37 'RAM' <Latency = 1> <II = 1> <Delay = 3.25> <Storage> <Opcode : 'load' 'store'> <Ports = 2> <Width = 32> <Depth = 64> <RAM>
ST_37 : Operation 285 [4/4] (5.70ns)   --->   "%tmp_3_6 = fmul float %input_A_6_load, %input_B_6_load" [Lab_7_MM_HLS/matrixmul.cpp:109]   --->   Operation 285 'fmul' 'tmp_3_6' <Predicate = (!icmp_ln104)> <Delay = 5.70> <Core = "FMul">   --->   Core 106 'FMul' <Latency = 3> <II = 1> <Delay = 5.70> <FuncUnit> <Opcode : 'fmul'> <InPorts = 2> <OutPorts = 1>

State 38 <SV = 37> <Delay = 7.25>
ST_38 : Operation 286 [3/5] (7.25ns)   --->   "%res_5 = fadd float %res_4, %tmp_3_5" [Lab_7_MM_HLS/matrixmul.cpp:109]   --->   Operation 286 'fadd' 'res_5' <Predicate = (!icmp_ln104)> <Delay = 7.25> <Core = "FAddSub">   --->   Core 105 'FAddSub' <Latency = 4> <II = 1> <Delay = 7.25> <FuncUnit> <Opcode : 'fadd' 'fsub'> <InPorts = 2> <OutPorts = 1>
ST_38 : Operation 287 [3/4] (5.70ns)   --->   "%tmp_3_6 = fmul float %input_A_6_load, %input_B_6_load" [Lab_7_MM_HLS/matrixmul.cpp:109]   --->   Operation 287 'fmul' 'tmp_3_6' <Predicate = (!icmp_ln104)> <Delay = 5.70> <Core = "FMul">   --->   Core 106 'FMul' <Latency = 3> <II = 1> <Delay = 5.70> <FuncUnit> <Opcode : 'fmul'> <InPorts = 2> <OutPorts = 1>

State 39 <SV = 38> <Delay = 7.25>
ST_39 : Operation 288 [2/5] (7.25ns)   --->   "%res_5 = fadd float %res_4, %tmp_3_5" [Lab_7_MM_HLS/matrixmul.cpp:109]   --->   Operation 288 'fadd' 'res_5' <Predicate = (!icmp_ln104)> <Delay = 7.25> <Core = "FAddSub">   --->   Core 105 'FAddSub' <Latency = 4> <II = 1> <Delay = 7.25> <FuncUnit> <Opcode : 'fadd' 'fsub'> <InPorts = 2> <OutPorts = 1>
ST_39 : Operation 289 [2/4] (5.70ns)   --->   "%tmp_3_6 = fmul float %input_A_6_load, %input_B_6_load" [Lab_7_MM_HLS/matrixmul.cpp:109]   --->   Operation 289 'fmul' 'tmp_3_6' <Predicate = (!icmp_ln104)> <Delay = 5.70> <Core = "FMul">   --->   Core 106 'FMul' <Latency = 3> <II = 1> <Delay = 5.70> <FuncUnit> <Opcode : 'fmul'> <InPorts = 2> <OutPorts = 1>

State 40 <SV = 39> <Delay = 7.25>
ST_40 : Operation 290 [1/5] (7.25ns)   --->   "%res_5 = fadd float %res_4, %tmp_3_5" [Lab_7_MM_HLS/matrixmul.cpp:109]   --->   Operation 290 'fadd' 'res_5' <Predicate = (!icmp_ln104)> <Delay = 7.25> <Core = "FAddSub">   --->   Core 105 'FAddSub' <Latency = 4> <II = 1> <Delay = 7.25> <FuncUnit> <Opcode : 'fadd' 'fsub'> <InPorts = 2> <OutPorts = 1>
ST_40 : Operation 291 [1/4] (5.70ns)   --->   "%tmp_3_6 = fmul float %input_A_6_load, %input_B_6_load" [Lab_7_MM_HLS/matrixmul.cpp:109]   --->   Operation 291 'fmul' 'tmp_3_6' <Predicate = (!icmp_ln104)> <Delay = 5.70> <Core = "FMul">   --->   Core 106 'FMul' <Latency = 3> <II = 1> <Delay = 5.70> <FuncUnit> <Opcode : 'fmul'> <InPorts = 2> <OutPorts = 1>

State 41 <SV = 40> <Delay = 7.25>
ST_41 : Operation 292 [1/1] (0.00ns)   --->   "%input_A_7_addr_1 = getelementptr [8 x float]* %input_A_7, i64 0, i64 %zext_ln109_2" [Lab_7_MM_HLS/matrixmul.cpp:109]   --->   Operation 292 'getelementptr' 'input_A_7_addr_1' <Predicate = (!icmp_ln104)> <Delay = 0.00>
ST_41 : Operation 293 [2/2] (2.32ns)   --->   "%input_A_7_load = load float* %input_A_7_addr_1, align 4" [Lab_7_MM_HLS/matrixmul.cpp:109]   --->   Operation 293 'load' 'input_A_7_load' <Predicate = (!icmp_ln104)> <Delay = 2.32> <Core = "RAM">   --->   Core 37 'RAM' <Latency = 1> <II = 1> <Delay = 3.25> <Storage> <Opcode : 'load' 'store'> <Ports = 2> <Width = 32> <Depth = 64> <RAM>
ST_41 : Operation 294 [5/5] (7.25ns)   --->   "%res_6 = fadd float %res_5, %tmp_3_6" [Lab_7_MM_HLS/matrixmul.cpp:109]   --->   Operation 294 'fadd' 'res_6' <Predicate = (!icmp_ln104)> <Delay = 7.25> <Core = "FAddSub">   --->   Core 105 'FAddSub' <Latency = 4> <II = 1> <Delay = 7.25> <FuncUnit> <Opcode : 'fadd' 'fsub'> <InPorts = 2> <OutPorts = 1>
ST_41 : Operation 295 [1/1] (0.00ns)   --->   "%input_B_7_addr_1 = getelementptr [8 x float]* %input_B_7, i64 0, i64 %zext_ln109_1" [Lab_7_MM_HLS/matrixmul.cpp:109]   --->   Operation 295 'getelementptr' 'input_B_7_addr_1' <Predicate = (!icmp_ln104)> <Delay = 0.00>
ST_41 : Operation 296 [2/2] (2.32ns)   --->   "%input_B_7_load = load float* %input_B_7_addr_1, align 4" [Lab_7_MM_HLS/matrixmul.cpp:109]   --->   Operation 296 'load' 'input_B_7_load' <Predicate = (!icmp_ln104)> <Delay = 2.32> <Core = "RAM">   --->   Core 37 'RAM' <Latency = 1> <II = 1> <Delay = 3.25> <Storage> <Opcode : 'load' 'store'> <Ports = 2> <Width = 32> <Depth = 64> <RAM>

State 42 <SV = 41> <Delay = 8.02>
ST_42 : Operation 297 [1/2] (2.32ns)   --->   "%input_A_7_load = load float* %input_A_7_addr_1, align 4" [Lab_7_MM_HLS/matrixmul.cpp:109]   --->   Operation 297 'load' 'input_A_7_load' <Predicate = (!icmp_ln104)> <Delay = 2.32> <Core = "RAM">   --->   Core 37 'RAM' <Latency = 1> <II = 1> <Delay = 3.25> <Storage> <Opcode : 'load' 'store'> <Ports = 2> <Width = 32> <Depth = 64> <RAM>
ST_42 : Operation 298 [4/5] (7.25ns)   --->   "%res_6 = fadd float %res_5, %tmp_3_6" [Lab_7_MM_HLS/matrixmul.cpp:109]   --->   Operation 298 'fadd' 'res_6' <Predicate = (!icmp_ln104)> <Delay = 7.25> <Core = "FAddSub">   --->   Core 105 'FAddSub' <Latency = 4> <II = 1> <Delay = 7.25> <FuncUnit> <Opcode : 'fadd' 'fsub'> <InPorts = 2> <OutPorts = 1>
ST_42 : Operation 299 [1/2] (2.32ns)   --->   "%input_B_7_load = load float* %input_B_7_addr_1, align 4" [Lab_7_MM_HLS/matrixmul.cpp:109]   --->   Operation 299 'load' 'input_B_7_load' <Predicate = (!icmp_ln104)> <Delay = 2.32> <Core = "RAM">   --->   Core 37 'RAM' <Latency = 1> <II = 1> <Delay = 3.25> <Storage> <Opcode : 'load' 'store'> <Ports = 2> <Width = 32> <Depth = 64> <RAM>
ST_42 : Operation 300 [4/4] (5.70ns)   --->   "%tmp_3_7 = fmul float %input_A_7_load, %input_B_7_load" [Lab_7_MM_HLS/matrixmul.cpp:109]   --->   Operation 300 'fmul' 'tmp_3_7' <Predicate = (!icmp_ln104)> <Delay = 5.70> <Core = "FMul">   --->   Core 106 'FMul' <Latency = 3> <II = 1> <Delay = 5.70> <FuncUnit> <Opcode : 'fmul'> <InPorts = 2> <OutPorts = 1>

State 43 <SV = 42> <Delay = 7.25>
ST_43 : Operation 301 [3/5] (7.25ns)   --->   "%res_6 = fadd float %res_5, %tmp_3_6" [Lab_7_MM_HLS/matrixmul.cpp:109]   --->   Operation 301 'fadd' 'res_6' <Predicate = (!icmp_ln104)> <Delay = 7.25> <Core = "FAddSub">   --->   Core 105 'FAddSub' <Latency = 4> <II = 1> <Delay = 7.25> <FuncUnit> <Opcode : 'fadd' 'fsub'> <InPorts = 2> <OutPorts = 1>
ST_43 : Operation 302 [3/4] (5.70ns)   --->   "%tmp_3_7 = fmul float %input_A_7_load, %input_B_7_load" [Lab_7_MM_HLS/matrixmul.cpp:109]   --->   Operation 302 'fmul' 'tmp_3_7' <Predicate = (!icmp_ln104)> <Delay = 5.70> <Core = "FMul">   --->   Core 106 'FMul' <Latency = 3> <II = 1> <Delay = 5.70> <FuncUnit> <Opcode : 'fmul'> <InPorts = 2> <OutPorts = 1>

State 44 <SV = 43> <Delay = 7.25>
ST_44 : Operation 303 [2/5] (7.25ns)   --->   "%res_6 = fadd float %res_5, %tmp_3_6" [Lab_7_MM_HLS/matrixmul.cpp:109]   --->   Operation 303 'fadd' 'res_6' <Predicate = (!icmp_ln104)> <Delay = 7.25> <Core = "FAddSub">   --->   Core 105 'FAddSub' <Latency = 4> <II = 1> <Delay = 7.25> <FuncUnit> <Opcode : 'fadd' 'fsub'> <InPorts = 2> <OutPorts = 1>
ST_44 : Operation 304 [2/4] (5.70ns)   --->   "%tmp_3_7 = fmul float %input_A_7_load, %input_B_7_load" [Lab_7_MM_HLS/matrixmul.cpp:109]   --->   Operation 304 'fmul' 'tmp_3_7' <Predicate = (!icmp_ln104)> <Delay = 5.70> <Core = "FMul">   --->   Core 106 'FMul' <Latency = 3> <II = 1> <Delay = 5.70> <FuncUnit> <Opcode : 'fmul'> <InPorts = 2> <OutPorts = 1>

State 45 <SV = 44> <Delay = 7.25>
ST_45 : Operation 305 [1/5] (7.25ns)   --->   "%res_6 = fadd float %res_5, %tmp_3_6" [Lab_7_MM_HLS/matrixmul.cpp:109]   --->   Operation 305 'fadd' 'res_6' <Predicate = (!icmp_ln104)> <Delay = 7.25> <Core = "FAddSub">   --->   Core 105 'FAddSub' <Latency = 4> <II = 1> <Delay = 7.25> <FuncUnit> <Opcode : 'fadd' 'fsub'> <InPorts = 2> <OutPorts = 1>
ST_45 : Operation 306 [1/4] (5.70ns)   --->   "%tmp_3_7 = fmul float %input_A_7_load, %input_B_7_load" [Lab_7_MM_HLS/matrixmul.cpp:109]   --->   Operation 306 'fmul' 'tmp_3_7' <Predicate = (!icmp_ln104)> <Delay = 5.70> <Core = "FMul">   --->   Core 106 'FMul' <Latency = 3> <II = 1> <Delay = 5.70> <FuncUnit> <Opcode : 'fmul'> <InPorts = 2> <OutPorts = 1>

State 46 <SV = 45> <Delay = 7.25>
ST_46 : Operation 307 [5/5] (7.25ns)   --->   "%res_7 = fadd float %res_6, %tmp_3_7" [Lab_7_MM_HLS/matrixmul.cpp:109]   --->   Operation 307 'fadd' 'res_7' <Predicate = (!icmp_ln104)> <Delay = 7.25> <Core = "FAddSub">   --->   Core 105 'FAddSub' <Latency = 4> <II = 1> <Delay = 7.25> <FuncUnit> <Opcode : 'fadd' 'fsub'> <InPorts = 2> <OutPorts = 1>

State 47 <SV = 46> <Delay = 7.25>
ST_47 : Operation 308 [4/5] (7.25ns)   --->   "%res_7 = fadd float %res_6, %tmp_3_7" [Lab_7_MM_HLS/matrixmul.cpp:109]   --->   Operation 308 'fadd' 'res_7' <Predicate = (!icmp_ln104)> <Delay = 7.25> <Core = "FAddSub">   --->   Core 105 'FAddSub' <Latency = 4> <II = 1> <Delay = 7.25> <FuncUnit> <Opcode : 'fadd' 'fsub'> <InPorts = 2> <OutPorts = 1>

State 48 <SV = 47> <Delay = 7.25>
ST_48 : Operation 309 [3/5] (7.25ns)   --->   "%res_7 = fadd float %res_6, %tmp_3_7" [Lab_7_MM_HLS/matrixmul.cpp:109]   --->   Operation 309 'fadd' 'res_7' <Predicate = (!icmp_ln104)> <Delay = 7.25> <Core = "FAddSub">   --->   Core 105 'FAddSub' <Latency = 4> <II = 1> <Delay = 7.25> <FuncUnit> <Opcode : 'fadd' 'fsub'> <InPorts = 2> <OutPorts = 1>

State 49 <SV = 48> <Delay = 7.25>
ST_49 : Operation 310 [2/5] (7.25ns)   --->   "%res_7 = fadd float %res_6, %tmp_3_7" [Lab_7_MM_HLS/matrixmul.cpp:109]   --->   Operation 310 'fadd' 'res_7' <Predicate = (!icmp_ln104)> <Delay = 7.25> <Core = "FAddSub">   --->   Core 105 'FAddSub' <Latency = 4> <II = 1> <Delay = 7.25> <FuncUnit> <Opcode : 'fadd' 'fsub'> <InPorts = 2> <OutPorts = 1>

State 50 <SV = 49> <Delay = 7.25>
ST_50 : Operation 311 [1/5] (7.25ns)   --->   "%res_7 = fadd float %res_6, %tmp_3_7" [Lab_7_MM_HLS/matrixmul.cpp:109]   --->   Operation 311 'fadd' 'res_7' <Predicate = (!icmp_ln104)> <Delay = 7.25> <Core = "FAddSub">   --->   Core 105 'FAddSub' <Latency = 4> <II = 1> <Delay = 7.25> <FuncUnit> <Opcode : 'fadd' 'fsub'> <InPorts = 2> <OutPorts = 1>

State 51 <SV = 50> <Delay = 5.12>
ST_51 : Operation 312 [1/1] (0.00ns)   --->   "call void (...)* @_ssdm_op_SpecLoopName([12 x i8]* @loop1_loop2_str)"   --->   Operation 312 'specloopname' <Predicate = (!icmp_ln104)> <Delay = 0.00>
ST_51 : Operation 313 [1/1] (0.00ns)   --->   "%empty_8 = call i32 (...)* @_ssdm_op_SpecLoopTripCount(i64 64, i64 64, i64 64)"   --->   Operation 313 'speclooptripcount' 'empty_8' <Predicate = (!icmp_ln104)> <Delay = 0.00>
ST_51 : Operation 314 [1/1] (0.00ns)   --->   "%tmp = call i7 @_ssdm_op_BitConcatenate.i7.i4.i3(i4 %select_ln109_1, i3 0)" [Lab_7_MM_HLS/matrixmul.cpp:109]   --->   Operation 314 'bitconcatenate' 'tmp' <Predicate = (!icmp_ln104)> <Delay = 0.00>
ST_51 : Operation 315 [1/1] (0.00ns)   --->   "%zext_ln109 = zext i7 %tmp to i8" [Lab_7_MM_HLS/matrixmul.cpp:109]   --->   Operation 315 'zext' 'zext_ln109' <Predicate = (!icmp_ln104)> <Delay = 0.00>
ST_51 : Operation 316 [1/1] (0.00ns)   --->   "call void (...)* @_ssdm_op_SpecLoopName([6 x i8]* @p_str10) nounwind" [Lab_7_MM_HLS/matrixmul.cpp:105]   --->   Operation 316 'specloopname' <Predicate = (!icmp_ln104)> <Delay = 0.00>
ST_51 : Operation 317 [1/1] (0.00ns)   --->   "%tmp_6 = call i32 (...)* @_ssdm_op_SpecRegionBegin([6 x i8]* @p_str10)" [Lab_7_MM_HLS/matrixmul.cpp:105]   --->   Operation 317 'specregionbegin' 'tmp_6' <Predicate = (!icmp_ln104)> <Delay = 0.00>
ST_51 : Operation 318 [1/1] (0.00ns)   --->   "call void (...)* @_ssdm_op_SpecPipeline(i32 -1, i32 1, i32 1, i32 0, [1 x i8]* @p_str1) nounwind" [Lab_7_MM_HLS/matrixmul.cpp:106]   --->   Operation 318 'specpipeline' <Predicate = (!icmp_ln104)> <Delay = 0.00>
ST_51 : Operation 319 [1/1] (0.00ns)   --->   "%zext_ln111 = zext i4 %select_ln109 to i8" [Lab_7_MM_HLS/matrixmul.cpp:111]   --->   Operation 319 'zext' 'zext_ln111' <Predicate = (!icmp_ln104)> <Delay = 0.00>
ST_51 : Operation 320 [1/1] (1.87ns)   --->   "%add_ln111 = add i8 %zext_ln109, %zext_ln111" [Lab_7_MM_HLS/matrixmul.cpp:111]   --->   Operation 320 'add' 'add_ln111' <Predicate = (!icmp_ln104)> <Delay = 1.87> <Core = "AddSub">   --->   Core 14 'AddSub' <Latency = 0> <II = 1> <Delay = 1.73> <FuncUnit> <Opcode : 'add' 'sub'> <InPorts = 2> <OutPorts = 1>
ST_51 : Operation 321 [1/1] (0.00ns)   --->   "%zext_ln111_1 = zext i8 %add_ln111 to i64" [Lab_7_MM_HLS/matrixmul.cpp:111]   --->   Operation 321 'zext' 'zext_ln111_1' <Predicate = (!icmp_ln104)> <Delay = 0.00>
ST_51 : Operation 322 [1/1] (0.00ns)   --->   "%output_C_addr_1 = getelementptr [64 x float]* %output_C, i64 0, i64 %zext_ln111_1" [Lab_7_MM_HLS/matrixmul.cpp:111]   --->   Operation 322 'getelementptr' 'output_C_addr_1' <Predicate = (!icmp_ln104)> <Delay = 0.00>
ST_51 : Operation 323 [1/1] (3.25ns)   --->   "store float %res_7, float* %output_C_addr_1, align 4" [Lab_7_MM_HLS/matrixmul.cpp:111]   --->   Operation 323 'store' <Predicate = (!icmp_ln104)> <Delay = 3.25> <Core = "RAM">   --->   Core 37 'RAM' <Latency = 1> <II = 1> <Delay = 3.25> <Storage> <Opcode : 'load' 'store'> <Ports = 2> <Width = 32> <Depth = 64> <RAM>
ST_51 : Operation 324 [1/1] (0.00ns)   --->   "%empty_9 = call i32 (...)* @_ssdm_op_SpecRegionEnd([6 x i8]* @p_str10, i32 %tmp_6)" [Lab_7_MM_HLS/matrixmul.cpp:112]   --->   Operation 324 'specregionend' 'empty_9' <Predicate = (!icmp_ln104)> <Delay = 0.00>
ST_51 : Operation 325 [1/1] (0.00ns)   --->   "br label %.preheader20.preheader"   --->   Operation 325 'br' <Predicate = (!icmp_ln104)> <Delay = 0.00>

State 52 <SV = 6> <Delay = 1.76>
ST_52 : Operation 326 [1/1] (1.76ns)   --->   "br label %.preheader.preheader" [Lab_7_MM_HLS/matrixmul.cpp:116]   --->   Operation 326 'br' <Predicate = true> <Delay = 1.76>

State 53 <SV = 7> <Delay = 7.88>
ST_53 : Operation 327 [1/1] (0.00ns)   --->   "%indvar_flatten51 = phi i7 [ %add_ln116, %loop_output_C2 ], [ 0, %.preheader.preheader.preheader ]" [Lab_7_MM_HLS/matrixmul.cpp:116]   --->   Operation 327 'phi' 'indvar_flatten51' <Predicate = true> <Delay = 0.00>
ST_53 : Operation 328 [1/1] (0.00ns)   --->   "%row_3 = phi i4 [ %select_ln119_1, %loop_output_C2 ], [ 0, %.preheader.preheader.preheader ]" [Lab_7_MM_HLS/matrixmul.cpp:119]   --->   Operation 328 'phi' 'row_3' <Predicate = true> <Delay = 0.00>
ST_53 : Operation 329 [1/1] (0.00ns)   --->   "%col_3 = phi i4 [ %col_6, %loop_output_C2 ], [ 0, %.preheader.preheader.preheader ]"   --->   Operation 329 'phi' 'col_3' <Predicate = true> <Delay = 0.00>
ST_53 : Operation 330 [1/1] (1.48ns)   --->   "%icmp_ln116 = icmp eq i7 %indvar_flatten51, -64" [Lab_7_MM_HLS/matrixmul.cpp:116]   --->   Operation 330 'icmp' 'icmp_ln116' <Predicate = true> <Delay = 1.48> <Core = "Cmp">   --->   Core 25 'Cmp' <Latency = 0> <II = 1> <Delay = 1.30> <FuncUnit> <Opcode : 'icmp'> <InPorts = 2> <OutPorts = 1>
ST_53 : Operation 331 [1/1] (1.87ns)   --->   "%add_ln116 = add i7 %indvar_flatten51, 1" [Lab_7_MM_HLS/matrixmul.cpp:116]   --->   Operation 331 'add' 'add_ln116' <Predicate = true> <Delay = 1.87> <Core = "AddSub">   --->   Core 14 'AddSub' <Latency = 0> <II = 1> <Delay = 1.73> <FuncUnit> <Opcode : 'add' 'sub'> <InPorts = 2> <OutPorts = 1>
ST_53 : Operation 332 [1/1] (0.00ns)   --->   "br i1 %icmp_ln116, label %2, label %loop_output_C2" [Lab_7_MM_HLS/matrixmul.cpp:116]   --->   Operation 332 'br' <Predicate = true> <Delay = 0.00>
ST_53 : Operation 333 [1/1] (1.73ns)   --->   "%row_6 = add i4 %row_3, 1" [Lab_7_MM_HLS/matrixmul.cpp:116]   --->   Operation 333 'add' 'row_6' <Predicate = (!icmp_ln116)> <Delay = 1.73> <Core = "AddSub">   --->   Core 14 'AddSub' <Latency = 0> <II = 1> <Delay = 1.73> <FuncUnit> <Opcode : 'add' 'sub'> <InPorts = 2> <OutPorts = 1>
ST_53 : Operation 334 [1/1] (1.30ns)   --->   "%icmp_ln117 = icmp eq i4 %col_3, -8" [Lab_7_MM_HLS/matrixmul.cpp:117]   --->   Operation 334 'icmp' 'icmp_ln117' <Predicate = (!icmp_ln116)> <Delay = 1.30> <Core = "Cmp">   --->   Core 25 'Cmp' <Latency = 0> <II = 1> <Delay = 1.30> <FuncUnit> <Opcode : 'icmp'> <InPorts = 2> <OutPorts = 1>
ST_53 : Operation 335 [1/1] (1.02ns)   --->   "%select_ln119 = select i1 %icmp_ln117, i4 0, i4 %col_3" [Lab_7_MM_HLS/matrixmul.cpp:119]   --->   Operation 335 'select' 'select_ln119' <Predicate = (!icmp_ln116)> <Delay = 1.02> <Core = "Sel">   --->   Core 26 'Sel' <Latency = 0> <II = 1> <Delay = 0.99> <FuncUnit> <Opcode : 'select'> <InPorts = 3> <OutPorts = 1>
ST_53 : Operation 336 [1/1] (1.02ns)   --->   "%select_ln119_1 = select i1 %icmp_ln117, i4 %row_6, i4 %row_3" [Lab_7_MM_HLS/matrixmul.cpp:119]   --->   Operation 336 'select' 'select_ln119_1' <Predicate = (!icmp_ln116)> <Delay = 1.02> <Core = "Sel">   --->   Core 26 'Sel' <Latency = 0> <II = 1> <Delay = 0.99> <FuncUnit> <Opcode : 'select'> <InPorts = 3> <OutPorts = 1>
ST_53 : Operation 337 [1/1] (0.00ns)   --->   "%tmp_1 = call i7 @_ssdm_op_BitConcatenate.i7.i4.i3(i4 %select_ln119_1, i3 0)" [Lab_7_MM_HLS/matrixmul.cpp:119]   --->   Operation 337 'bitconcatenate' 'tmp_1' <Predicate = (!icmp_ln116)> <Delay = 0.00>
ST_53 : Operation 338 [1/1] (0.00ns)   --->   "%zext_ln121 = zext i7 %tmp_1 to i8" [Lab_7_MM_HLS/matrixmul.cpp:121]   --->   Operation 338 'zext' 'zext_ln121' <Predicate = (!icmp_ln116)> <Delay = 0.00>
ST_53 : Operation 339 [1/1] (1.30ns)   --->   "%icmp_ln121 = icmp eq i4 %row_6, 7" [Lab_7_MM_HLS/matrixmul.cpp:121]   --->   Operation 339 'icmp' 'icmp_ln121' <Predicate = (!icmp_ln116)> <Delay = 1.30> <Core = "Cmp">   --->   Core 25 'Cmp' <Latency = 0> <II = 1> <Delay = 1.30> <FuncUnit> <Opcode : 'icmp'> <InPorts = 2> <OutPorts = 1>
ST_53 : Operation 340 [1/1] (1.30ns)   --->   "%icmp_ln121_2 = icmp eq i4 %row_3, 7" [Lab_7_MM_HLS/matrixmul.cpp:121]   --->   Operation 340 'icmp' 'icmp_ln121_2' <Predicate = (!icmp_ln116)> <Delay = 1.30> <Core = "Cmp">   --->   Core 25 'Cmp' <Latency = 0> <II = 1> <Delay = 1.30> <FuncUnit> <Opcode : 'icmp'> <InPorts = 2> <OutPorts = 1>
ST_53 : Operation 341 [1/1] (0.00ns) (grouped into LUT with out node tmp_last_V)   --->   "%select_ln119_2 = select i1 %icmp_ln117, i1 %icmp_ln121, i1 %icmp_ln121_2" [Lab_7_MM_HLS/matrixmul.cpp:119]   --->   Operation 341 'select' 'select_ln119_2' <Predicate = (!icmp_ln116)> <Delay = 0.00> <Core = "Sel">   --->   Core 26 'Sel' <Latency = 0> <II = 1> <Delay = 0.99> <FuncUnit> <Opcode : 'select'> <InPorts = 3> <OutPorts = 1>
ST_53 : Operation 342 [1/1] (0.00ns)   --->   "%zext_ln119 = zext i4 %select_ln119 to i8" [Lab_7_MM_HLS/matrixmul.cpp:119]   --->   Operation 342 'zext' 'zext_ln119' <Predicate = (!icmp_ln116)> <Delay = 0.00>
ST_53 : Operation 343 [1/1] (1.87ns)   --->   "%add_ln119 = add i8 %zext_ln119, %zext_ln121" [Lab_7_MM_HLS/matrixmul.cpp:119]   --->   Operation 343 'add' 'add_ln119' <Predicate = (!icmp_ln116)> <Delay = 1.87> <Core = "AddSub">   --->   Core 14 'AddSub' <Latency = 0> <II = 1> <Delay = 1.73> <FuncUnit> <Opcode : 'add' 'sub'> <InPorts = 2> <OutPorts = 1>
ST_53 : Operation 344 [1/1] (0.00ns)   --->   "%zext_ln119_1 = zext i8 %add_ln119 to i64" [Lab_7_MM_HLS/matrixmul.cpp:119]   --->   Operation 344 'zext' 'zext_ln119_1' <Predicate = (!icmp_ln116)> <Delay = 0.00>
ST_53 : Operation 345 [1/1] (0.00ns)   --->   "%output_C_addr = getelementptr [64 x float]* %output_C, i64 0, i64 %zext_ln119_1" [Lab_7_MM_HLS/matrixmul.cpp:119]   --->   Operation 345 'getelementptr' 'output_C_addr' <Predicate = (!icmp_ln116)> <Delay = 0.00>
ST_53 : Operation 346 [2/2] (3.25ns)   --->   "%local_write_data = load float* %output_C_addr, align 4" [Lab_7_MM_HLS/matrixmul.cpp:119]   --->   Operation 346 'load' 'local_write_data' <Predicate = (!icmp_ln116)> <Delay = 3.25> <Core = "RAM">   --->   Core 37 'RAM' <Latency = 1> <II = 1> <Delay = 3.25> <Storage> <Opcode : 'load' 'store'> <Ports = 2> <Width = 32> <Depth = 64> <RAM>
ST_53 : Operation 347 [1/1] (1.30ns)   --->   "%icmp_ln121_1 = icmp eq i4 %select_ln119, 7" [Lab_7_MM_HLS/matrixmul.cpp:121]   --->   Operation 347 'icmp' 'icmp_ln121_1' <Predicate = (!icmp_ln116)> <Delay = 1.30> <Core = "Cmp">   --->   Core 25 'Cmp' <Latency = 0> <II = 1> <Delay = 1.30> <FuncUnit> <Opcode : 'icmp'> <InPorts = 2> <OutPorts = 1>
ST_53 : Operation 348 [1/1] (0.99ns) (out node of the LUT)   --->   "%tmp_last_V = and i1 %select_ln119_2, %icmp_ln121_1" [Lab_7_MM_HLS/matrixmul.cpp:121]   --->   Operation 348 'and' 'tmp_last_V' <Predicate = (!icmp_ln116)> <Delay = 0.99> <Core = "LogicGate">   --->   Core 27 'LogicGate' <Latency = 0> <II = 1> <Delay = 0.97> <FuncUnit> <Opcode : 'and' 'or' 'xor'> <InPorts = 2> <OutPorts = 1>
ST_53 : Operation 349 [1/1] (1.73ns)   --->   "%col_6 = add i4 %select_ln119, 1" [Lab_7_MM_HLS/matrixmul.cpp:117]   --->   Operation 349 'add' 'col_6' <Predicate = (!icmp_ln116)> <Delay = 1.73> <Core = "AddSub">   --->   Core 14 'AddSub' <Latency = 0> <II = 1> <Delay = 1.73> <FuncUnit> <Opcode : 'add' 'sub'> <InPorts = 2> <OutPorts = 1>

State 54 <SV = 8> <Delay = 3.25>
ST_54 : Operation 350 [1/2] (3.25ns)   --->   "%local_write_data = load float* %output_C_addr, align 4" [Lab_7_MM_HLS/matrixmul.cpp:119]   --->   Operation 350 'load' 'local_write_data' <Predicate = (!icmp_ln116)> <Delay = 3.25> <Core = "RAM">   --->   Core 37 'RAM' <Latency = 1> <II = 1> <Delay = 3.25> <Storage> <Opcode : 'load' 'store'> <Ports = 2> <Width = 32> <Depth = 64> <RAM>
ST_54 : Operation 351 [2/2] (0.00ns)   --->   "call void @_ssdm_op_Write.axis.volatile.floatP.i1P(float* %out_C_V_data, i1* %out_C_V_last_V, float %local_write_data, i1 %tmp_last_V)" [Lab_7_MM_HLS/matrixmul.cpp:125]   --->   Operation 351 'write' <Predicate = (!icmp_ln116)> <Delay = 0.00> <Core = "AXI4Stream">   --->   Core 5 'AXI4Stream' <Latency = 0> <II = 1> <Delay = 1.00> <Adapter> <Opcode : >

State 55 <SV = 9> <Delay = 0.00>
ST_55 : Operation 352 [1/1] (0.00ns)   --->   "call void (...)* @_ssdm_op_SpecLoopName([30 x i8]* @loop_output_C1_loop_s)"   --->   Operation 352 'specloopname' <Predicate = (!icmp_ln116)> <Delay = 0.00>
ST_55 : Operation 353 [1/1] (0.00ns)   --->   "%empty_10 = call i32 (...)* @_ssdm_op_SpecLoopTripCount(i64 64, i64 64, i64 64)"   --->   Operation 353 'speclooptripcount' 'empty_10' <Predicate = (!icmp_ln116)> <Delay = 0.00>
ST_55 : Operation 354 [1/1] (0.00ns)   --->   "call void (...)* @_ssdm_op_SpecLoopName([15 x i8]* @p_str13) nounwind" [Lab_7_MM_HLS/matrixmul.cpp:117]   --->   Operation 354 'specloopname' <Predicate = (!icmp_ln116)> <Delay = 0.00>
ST_55 : Operation 355 [1/1] (0.00ns)   --->   "%tmp_7 = call i32 (...)* @_ssdm_op_SpecRegionBegin([15 x i8]* @p_str13)" [Lab_7_MM_HLS/matrixmul.cpp:117]   --->   Operation 355 'specregionbegin' 'tmp_7' <Predicate = (!icmp_ln116)> <Delay = 0.00>
ST_55 : Operation 356 [1/1] (0.00ns)   --->   "call void (...)* @_ssdm_op_SpecPipeline(i32 -1, i32 1, i32 1, i32 0, [1 x i8]* @p_str1) nounwind" [Lab_7_MM_HLS/matrixmul.cpp:118]   --->   Operation 356 'specpipeline' <Predicate = (!icmp_ln116)> <Delay = 0.00>
ST_55 : Operation 357 [1/2] (0.00ns)   --->   "call void @_ssdm_op_Write.axis.volatile.floatP.i1P(float* %out_C_V_data, i1* %out_C_V_last_V, float %local_write_data, i1 %tmp_last_V)" [Lab_7_MM_HLS/matrixmul.cpp:125]   --->   Operation 357 'write' <Predicate = (!icmp_ln116)> <Delay = 0.00> <Core = "AXI4Stream">   --->   Core 5 'AXI4Stream' <Latency = 0> <II = 1> <Delay = 1.00> <Adapter> <Opcode : >
ST_55 : Operation 358 [1/1] (0.00ns)   --->   "%empty_11 = call i32 (...)* @_ssdm_op_SpecRegionEnd([15 x i8]* @p_str13, i32 %tmp_7)" [Lab_7_MM_HLS/matrixmul.cpp:126]   --->   Operation 358 'specregionend' 'empty_11' <Predicate = (!icmp_ln116)> <Delay = 0.00>
ST_55 : Operation 359 [1/1] (0.00ns)   --->   "br label %.preheader.preheader"   --->   Operation 359 'br' <Predicate = (!icmp_ln116)> <Delay = 0.00>

State 56 <SV = 8> <Delay = 0.00>
ST_56 : Operation 360 [1/1] (0.00ns)   --->   "ret void" [Lab_7_MM_HLS/matrixmul.cpp:128]   --->   Operation 360 'ret' <Predicate = true> <Delay = 0.00>


============================================================
+ Verbose Summary: Timing violations
============================================================
Target clock period: 10ns, clock uncertainty: 1.25ns.

 <State 1>: 1.77ns
The critical path consists of the following:
	multiplexor before 'phi' operation ('indvar_flatten', Lab_7_MM_HLS/matrixmul.cpp:83) with incoming values : ('add_ln83', Lab_7_MM_HLS/matrixmul.cpp:83) [32]  (1.77 ns)

 <State 2>: 5.08ns
The critical path consists of the following:
	'phi' operation ('row_0', Lab_7_MM_HLS/matrixmul.cpp:89) with incoming values : ('select_ln89_1', Lab_7_MM_HLS/matrixmul.cpp:89) [33]  (0 ns)
	'add' operation ('row', Lab_7_MM_HLS/matrixmul.cpp:83) [39]  (1.74 ns)
	'select' operation ('select_ln89_1', Lab_7_MM_HLS/matrixmul.cpp:89) [44]  (1.02 ns)
	'getelementptr' operation ('input_A_6_addr', Lab_7_MM_HLS/matrixmul.cpp:89) [54]  (0 ns)
	'store' operation ('store_ln89', Lab_7_MM_HLS/matrixmul.cpp:89) of variable 'tmp.data', Lab_7_MM_HLS/matrixmul.cpp:88 on array 'input_A[6]', Lab_7_MM_HLS/matrixmul.cpp:74 [55]  (2.32 ns)

 <State 3>: 1.77ns
The critical path consists of the following:
	multiplexor before 'phi' operation ('indvar_flatten19', Lab_7_MM_HLS/matrixmul.cpp:93) with incoming values : ('add_ln93', Lab_7_MM_HLS/matrixmul.cpp:93) [92]  (1.77 ns)

 <State 4>: 4.65ns
The critical path consists of the following:
	'phi' operation ('col') with incoming values : ('col', Lab_7_MM_HLS/matrixmul.cpp:95) [94]  (0 ns)
	'icmp' operation ('icmp_ln95', Lab_7_MM_HLS/matrixmul.cpp:95) [102]  (1.3 ns)
	'select' operation ('select_ln99', Lab_7_MM_HLS/matrixmul.cpp:99) [103]  (1.02 ns)
	'getelementptr' operation ('input_B_0_addr', Lab_7_MM_HLS/matrixmul.cpp:99) [112]  (0 ns)
	'store' operation ('store_ln99', Lab_7_MM_HLS/matrixmul.cpp:99) of variable 'tmp.data', Lab_7_MM_HLS/matrixmul.cpp:98 on array 'input_B[0]', Lab_7_MM_HLS/matrixmul.cpp:76 [140]  (2.32 ns)

 <State 5>: 1.77ns
The critical path consists of the following:
	multiplexor before 'phi' operation ('indvar_flatten39', Lab_7_MM_HLS/matrixmul.cpp:104) with incoming values : ('add_ln104', Lab_7_MM_HLS/matrixmul.cpp:104) [152]  (1.77 ns)

 <State 6>: 5.08ns
The critical path consists of the following:
	'phi' operation ('row_2', Lab_7_MM_HLS/matrixmul.cpp:109) with incoming values : ('select_ln109_1', Lab_7_MM_HLS/matrixmul.cpp:109) [153]  (0 ns)
	'add' operation ('row', Lab_7_MM_HLS/matrixmul.cpp:104) [159]  (1.74 ns)
	'select' operation ('select_ln109_1', Lab_7_MM_HLS/matrixmul.cpp:109) [164]  (1.02 ns)
	'getelementptr' operation ('input_A_0_addr_1', Lab_7_MM_HLS/matrixmul.cpp:109) [168]  (0 ns)
	'load' operation ('input_A_0_load', Lab_7_MM_HLS/matrixmul.cpp:109) on array 'input_A[0]', Lab_7_MM_HLS/matrixmul.cpp:74 [169]  (2.32 ns)

 <State 7>: 8.02ns
The critical path consists of the following:
	'load' operation ('input_A_0_load', Lab_7_MM_HLS/matrixmul.cpp:109) on array 'input_A[0]', Lab_7_MM_HLS/matrixmul.cpp:74 [169]  (2.32 ns)
	'fmul' operation ('tmp_s', Lab_7_MM_HLS/matrixmul.cpp:109) [194]  (5.7 ns)

 <State 8>: 5.7ns
The critical path consists of the following:
	'fmul' operation ('tmp_s', Lab_7_MM_HLS/matrixmul.cpp:109) [194]  (5.7 ns)

 <State 9>: 5.7ns
The critical path consists of the following:
	'fmul' operation ('tmp_s', Lab_7_MM_HLS/matrixmul.cpp:109) [194]  (5.7 ns)

 <State 10>: 5.7ns
The critical path consists of the following:
	'fmul' operation ('tmp_s', Lab_7_MM_HLS/matrixmul.cpp:109) [194]  (5.7 ns)

 <State 11>: 7.26ns
The critical path consists of the following:
	'fadd' operation ('res_s', Lab_7_MM_HLS/matrixmul.cpp:109) [195]  (7.26 ns)

 <State 12>: 8.02ns
The critical path consists of the following:
	'load' operation ('input_A_1_load', Lab_7_MM_HLS/matrixmul.cpp:109) on array 'input_A[1]', Lab_7_MM_HLS/matrixmul.cpp:74 [171]  (2.32 ns)
	'fmul' operation ('tmp_3_1', Lab_7_MM_HLS/matrixmul.cpp:109) [198]  (5.7 ns)

 <State 13>: 7.26ns
The critical path consists of the following:
	'fadd' operation ('res_s', Lab_7_MM_HLS/matrixmul.cpp:109) [195]  (7.26 ns)

 <State 14>: 7.26ns
The critical path consists of the following:
	'fadd' operation ('res_s', Lab_7_MM_HLS/matrixmul.cpp:109) [195]  (7.26 ns)

 <State 15>: 7.26ns
The critical path consists of the following:
	'fadd' operation ('res_s', Lab_7_MM_HLS/matrixmul.cpp:109) [195]  (7.26 ns)

 <State 16>: 7.26ns
The critical path consists of the following:
	'fadd' operation ('res_1', Lab_7_MM_HLS/matrixmul.cpp:109) [199]  (7.26 ns)

 <State 17>: 8.02ns
The critical path consists of the following:
	'load' operation ('input_A_2_load', Lab_7_MM_HLS/matrixmul.cpp:109) on array 'input_A[2]', Lab_7_MM_HLS/matrixmul.cpp:74 [173]  (2.32 ns)
	'fmul' operation ('tmp_3_2', Lab_7_MM_HLS/matrixmul.cpp:109) [202]  (5.7 ns)

 <State 18>: 7.26ns
The critical path consists of the following:
	'fadd' operation ('res_1', Lab_7_MM_HLS/matrixmul.cpp:109) [199]  (7.26 ns)

 <State 19>: 7.26ns
The critical path consists of the following:
	'fadd' operation ('res_1', Lab_7_MM_HLS/matrixmul.cpp:109) [199]  (7.26 ns)

 <State 20>: 7.26ns
The critical path consists of the following:
	'fadd' operation ('res_1', Lab_7_MM_HLS/matrixmul.cpp:109) [199]  (7.26 ns)

 <State 21>: 7.26ns
The critical path consists of the following:
	'fadd' operation ('res_2', Lab_7_MM_HLS/matrixmul.cpp:109) [203]  (7.26 ns)

 <State 22>: 8.02ns
The critical path consists of the following:
	'load' operation ('input_A_3_load', Lab_7_MM_HLS/matrixmul.cpp:109) on array 'input_A[3]', Lab_7_MM_HLS/matrixmul.cpp:74 [175]  (2.32 ns)
	'fmul' operation ('tmp_3_3', Lab_7_MM_HLS/matrixmul.cpp:109) [206]  (5.7 ns)

 <State 23>: 7.26ns
The critical path consists of the following:
	'fadd' operation ('res_2', Lab_7_MM_HLS/matrixmul.cpp:109) [203]  (7.26 ns)

 <State 24>: 7.26ns
The critical path consists of the following:
	'fadd' operation ('res_2', Lab_7_MM_HLS/matrixmul.cpp:109) [203]  (7.26 ns)

 <State 25>: 7.26ns
The critical path consists of the following:
	'fadd' operation ('res_2', Lab_7_MM_HLS/matrixmul.cpp:109) [203]  (7.26 ns)

 <State 26>: 7.26ns
The critical path consists of the following:
	'fadd' operation ('res_3', Lab_7_MM_HLS/matrixmul.cpp:109) [207]  (7.26 ns)

 <State 27>: 8.02ns
The critical path consists of the following:
	'load' operation ('input_A_4_load', Lab_7_MM_HLS/matrixmul.cpp:109) on array 'input_A[4]', Lab_7_MM_HLS/matrixmul.cpp:74 [177]  (2.32 ns)
	'fmul' operation ('tmp_3_4', Lab_7_MM_HLS/matrixmul.cpp:109) [210]  (5.7 ns)

 <State 28>: 7.26ns
The critical path consists of the following:
	'fadd' operation ('res_3', Lab_7_MM_HLS/matrixmul.cpp:109) [207]  (7.26 ns)

 <State 29>: 7.26ns
The critical path consists of the following:
	'fadd' operation ('res_3', Lab_7_MM_HLS/matrixmul.cpp:109) [207]  (7.26 ns)

 <State 30>: 7.26ns
The critical path consists of the following:
	'fadd' operation ('res_3', Lab_7_MM_HLS/matrixmul.cpp:109) [207]  (7.26 ns)

 <State 31>: 7.26ns
The critical path consists of the following:
	'fadd' operation ('res_4', Lab_7_MM_HLS/matrixmul.cpp:109) [211]  (7.26 ns)

 <State 32>: 8.02ns
The critical path consists of the following:
	'load' operation ('input_A_5_load', Lab_7_MM_HLS/matrixmul.cpp:109) on array 'input_A[5]', Lab_7_MM_HLS/matrixmul.cpp:74 [179]  (2.32 ns)
	'fmul' operation ('tmp_3_5', Lab_7_MM_HLS/matrixmul.cpp:109) [214]  (5.7 ns)

 <State 33>: 7.26ns
The critical path consists of the following:
	'fadd' operation ('res_4', Lab_7_MM_HLS/matrixmul.cpp:109) [211]  (7.26 ns)

 <State 34>: 7.26ns
The critical path consists of the following:
	'fadd' operation ('res_4', Lab_7_MM_HLS/matrixmul.cpp:109) [211]  (7.26 ns)

 <State 35>: 7.26ns
The critical path consists of the following:
	'fadd' operation ('res_4', Lab_7_MM_HLS/matrixmul.cpp:109) [211]  (7.26 ns)

 <State 36>: 7.26ns
The critical path consists of the following:
	'fadd' operation ('res_5', Lab_7_MM_HLS/matrixmul.cpp:109) [215]  (7.26 ns)

 <State 37>: 8.02ns
The critical path consists of the following:
	'load' operation ('input_A_6_load', Lab_7_MM_HLS/matrixmul.cpp:109) on array 'input_A[6]', Lab_7_MM_HLS/matrixmul.cpp:74 [181]  (2.32 ns)
	'fmul' operation ('tmp_3_6', Lab_7_MM_HLS/matrixmul.cpp:109) [218]  (5.7 ns)

 <State 38>: 7.26ns
The critical path consists of the following:
	'fadd' operation ('res_5', Lab_7_MM_HLS/matrixmul.cpp:109) [215]  (7.26 ns)

 <State 39>: 7.26ns
The critical path consists of the following:
	'fadd' operation ('res_5', Lab_7_MM_HLS/matrixmul.cpp:109) [215]  (7.26 ns)

 <State 40>: 7.26ns
The critical path consists of the following:
	'fadd' operation ('res_5', Lab_7_MM_HLS/matrixmul.cpp:109) [215]  (7.26 ns)

 <State 41>: 7.26ns
The critical path consists of the following:
	'fadd' operation ('res_6', Lab_7_MM_HLS/matrixmul.cpp:109) [219]  (7.26 ns)

 <State 42>: 8.02ns
The critical path consists of the following:
	'load' operation ('input_A_7_load', Lab_7_MM_HLS/matrixmul.cpp:109) on array 'input_A[7]', Lab_7_MM_HLS/matrixmul.cpp:74 [183]  (2.32 ns)
	'fmul' operation ('tmp_3_7', Lab_7_MM_HLS/matrixmul.cpp:109) [222]  (5.7 ns)

 <State 43>: 7.26ns
The critical path consists of the following:
	'fadd' operation ('res_6', Lab_7_MM_HLS/matrixmul.cpp:109) [219]  (7.26 ns)

 <State 44>: 7.26ns
The critical path consists of the following:
	'fadd' operation ('res_6', Lab_7_MM_HLS/matrixmul.cpp:109) [219]  (7.26 ns)

 <State 45>: 7.26ns
The critical path consists of the following:
	'fadd' operation ('res_6', Lab_7_MM_HLS/matrixmul.cpp:109) [219]  (7.26 ns)

 <State 46>: 7.26ns
The critical path consists of the following:
	'fadd' operation ('res_7', Lab_7_MM_HLS/matrixmul.cpp:109) [223]  (7.26 ns)

 <State 47>: 7.26ns
The critical path consists of the following:
	'fadd' operation ('res_7', Lab_7_MM_HLS/matrixmul.cpp:109) [223]  (7.26 ns)

 <State 48>: 7.26ns
The critical path consists of the following:
	'fadd' operation ('res_7', Lab_7_MM_HLS/matrixmul.cpp:109) [223]  (7.26 ns)

 <State 49>: 7.26ns
The critical path consists of the following:
	'fadd' operation ('res_7', Lab_7_MM_HLS/matrixmul.cpp:109) [223]  (7.26 ns)

 <State 50>: 7.26ns
The critical path consists of the following:
	'fadd' operation ('res_7', Lab_7_MM_HLS/matrixmul.cpp:109) [223]  (7.26 ns)

 <State 51>: 5.12ns
The critical path consists of the following:
	'add' operation ('add_ln111', Lab_7_MM_HLS/matrixmul.cpp:111) [189]  (1.87 ns)
	'getelementptr' operation ('output_C_addr_1', Lab_7_MM_HLS/matrixmul.cpp:111) [191]  (0 ns)
	'store' operation ('store_ln111', Lab_7_MM_HLS/matrixmul.cpp:111) of variable 'res_7', Lab_7_MM_HLS/matrixmul.cpp:109 on array 'output_C', Lab_7_MM_HLS/matrixmul.cpp:78 [224]  (3.25 ns)

 <State 52>: 1.77ns
The critical path consists of the following:
	multiplexor before 'phi' operation ('indvar_flatten51', Lab_7_MM_HLS/matrixmul.cpp:116) with incoming values : ('add_ln116', Lab_7_MM_HLS/matrixmul.cpp:116) [231]  (1.77 ns)

 <State 53>: 7.88ns
The critical path consists of the following:
	'phi' operation ('row_3', Lab_7_MM_HLS/matrixmul.cpp:119) with incoming values : ('select_ln119_1', Lab_7_MM_HLS/matrixmul.cpp:119) [232]  (0 ns)
	'add' operation ('row', Lab_7_MM_HLS/matrixmul.cpp:116) [238]  (1.74 ns)
	'select' operation ('select_ln119_1', Lab_7_MM_HLS/matrixmul.cpp:119) [243]  (1.02 ns)
	'add' operation ('add_ln119', Lab_7_MM_HLS/matrixmul.cpp:119) [253]  (1.87 ns)
	'getelementptr' operation ('output_C_addr', Lab_7_MM_HLS/matrixmul.cpp:119) [255]  (0 ns)
	'load' operation ('local_write.data', Lab_7_MM_HLS/matrixmul.cpp:119) on array 'output_C', Lab_7_MM_HLS/matrixmul.cpp:78 [256]  (3.25 ns)

 <State 54>: 3.25ns
The critical path consists of the following:
	'load' operation ('local_write.data', Lab_7_MM_HLS/matrixmul.cpp:119) on array 'output_C', Lab_7_MM_HLS/matrixmul.cpp:78 [256]  (3.25 ns)

 <State 55>: 0ns
The critical path consists of the following:

 <State 56>: 0ns
The critical path consists of the following:


============================================================
+ Verbose Summary: Binding
============================================================
N/A
* FSMD analyzer results:
  - Output states:
 - Input state : 
  - Chain level:
	State 1
	State 2
	State 3
	State 4
	State 5
	State 6
	State 7
	State 8
	State 9
	State 10
	State 11
	State 12
	State 13
	State 14
	State 15
	State 16
	State 17
	State 18
	State 19
	State 20
	State 21
	State 22
	State 23
	State 24
	State 25
	State 26
	State 27
	State 28
	State 29
	State 30
	State 31
	State 32
	State 33
	State 34
	State 35
	State 36
	State 37
	State 38
	State 39
	State 40
	State 41
	State 42
	State 43
	State 44
	State 45
	State 46
	State 47
	State 48
	State 49
	State 50
	State 51
	State 52
	State 53
	State 54
	State 55
	State 56


============================================================
+ Verbose Summary: Datapath Resource usage 
============================================================
N/A
