

================================================================
== Vivado HLS Report for 'matrixmul_3'
================================================================
* Date:           Sun Apr  6 21:05:37 2025

* Version:        2019.1 (Build 2552052 on Fri May 24 15:28:33 MDT 2019)
* Project:        Lab_8_HLS
* Solution:       solution3
* Product family: zynq
* Target device:  xc7z020-clg484-1


================================================================
== Performance Estimates
================================================================
+ Timing (ns): 
    * Summary: 
    +--------+-------+----------+------------+
    |  Clock | Target| Estimated| Uncertainty|
    +--------+-------+----------+------------+
    |ap_clk  |  10.00|     8.024|        1.25|
    +--------+-------+----------+------------+

+ Latency (clock cycles): 
    * Summary: 
    +-----+-----+-----+-----+---------+
    |  Latency  |  Interval | Pipeline|
    | min | max | min | max |   Type  |
    +-----+-----+-----+-----+---------+
    |  309|  309|  309|  309|   none  |
    +-----+-----+-----+-----+---------+

    + Detail: 
        * Instance: 
        N/A

        * Loop: 
        +---------------------------------+-----+-----+----------+-----------+-----------+------+----------+
        |                                 |  Latency  | Iteration|  Initiation Interval  | Trip |          |
        |            Loop Name            | min | max |  Latency |  achieved |   target  | Count| Pipelined|
        +---------------------------------+-----+-----+----------+-----------+-----------+------+----------+
        |- loop_input_A1_loop_input_A2    |   64|   64|         1|          1|          1|    64|    yes   |
        |- loop_input_B1_loop_input_B2    |   64|   64|         1|          1|          1|    64|    yes   |
        |- loop1_loop2                    |  108|  108|        46|          1|          1|    64|    yes   |
        |- loop_output_C1_loop_output_C2  |   65|   65|         3|          1|          1|    64|    yes   |
        +---------------------------------+-----+-----+----------+-----------+-----------+------+----------+



================================================================
== Utilization Estimates
================================================================
* Summary: 
+-----------------+---------+-------+--------+-------+-----+
|       Name      | BRAM_18K| DSP48E|   FF   |  LUT  | URAM|
+-----------------+---------+-------+--------+-------+-----+
|DSP              |        -|      -|       -|      -|    -|
|Expression       |        -|      -|       0|    401|    -|
|FIFO             |        -|      -|       -|      -|    -|
|Instance         |        -|     40|    2784|   5688|    -|
|Memory           |        1|      -|    1024|     64|    0|
|Multiplexer      |        -|      -|       -|    569|    -|
|Register         |        0|      -|    1118|    288|    -|
+-----------------+---------+-------+--------+-------+-----+
|Total            |        1|     40|    4926|   7010|    0|
+-----------------+---------+-------+--------+-------+-----+
|Available        |      280|    220|  106400|  53200|    0|
+-----------------+---------+-------+--------+-------+-----+
|Utilization (%)  |    ~0   |     18|       4|     13|    0|
+-----------------+---------+-------+--------+-------+-----+

+ Detail: 
    * Instance: 
    +--------------------------+----------------------+---------+-------+-----+-----+-----+
    |         Instance         |        Module        | BRAM_18K| DSP48E|  FF | LUT | URAM|
    +--------------------------+----------------------+---------+-------+-----+-----+-----+
    |matrixmul_3_fadd_sc4_U1   |matrixmul_3_fadd_sc4  |        0|      2|  205|  390|    0|
    |matrixmul_3_fadd_sc4_U2   |matrixmul_3_fadd_sc4  |        0|      2|  205|  390|    0|
    |matrixmul_3_fadd_sc4_U3   |matrixmul_3_fadd_sc4  |        0|      2|  205|  390|    0|
    |matrixmul_3_fadd_sc4_U4   |matrixmul_3_fadd_sc4  |        0|      2|  205|  390|    0|
    |matrixmul_3_fadd_sc4_U5   |matrixmul_3_fadd_sc4  |        0|      2|  205|  390|    0|
    |matrixmul_3_fadd_sc4_U6   |matrixmul_3_fadd_sc4  |        0|      2|  205|  390|    0|
    |matrixmul_3_fadd_sc4_U7   |matrixmul_3_fadd_sc4  |        0|      2|  205|  390|    0|
    |matrixmul_3_fadd_sc4_U8   |matrixmul_3_fadd_sc4  |        0|      2|  205|  390|    0|
    |matrixmul_3_fmul_tde_U9   |matrixmul_3_fmul_tde  |        0|      3|  143|  321|    0|
    |matrixmul_3_fmul_tde_U10  |matrixmul_3_fmul_tde  |        0|      3|  143|  321|    0|
    |matrixmul_3_fmul_tde_U11  |matrixmul_3_fmul_tde  |        0|      3|  143|  321|    0|
    |matrixmul_3_fmul_tde_U12  |matrixmul_3_fmul_tde  |        0|      3|  143|  321|    0|
    |matrixmul_3_fmul_tde_U13  |matrixmul_3_fmul_tde  |        0|      3|  143|  321|    0|
    |matrixmul_3_fmul_tde_U14  |matrixmul_3_fmul_tde  |        0|      3|  143|  321|    0|
    |matrixmul_3_fmul_tde_U15  |matrixmul_3_fmul_tde  |        0|      3|  143|  321|    0|
    |matrixmul_3_fmul_tde_U16  |matrixmul_3_fmul_tde  |        0|      3|  143|  321|    0|
    +--------------------------+----------------------+---------+-------+-----+-----+-----+
    |Total                     |                      |        0|     40| 2784| 5688|    0|
    +--------------------------+----------------------+---------+-------+-----+-----+-----+

    * DSP48E: 
    N/A

    * Memory: 
    +-------------+----------------------+---------+----+----+-----+------+-----+------+-------------+
    |    Memory   |        Module        | BRAM_18K| FF | LUT| URAM| Words| Bits| Banks| W*Bits*Banks|
    +-------------+----------------------+---------+----+----+-----+------+-----+------+-------------+
    |input_A_0_U  |matrixmul_3_inputbkb  |        0|  64|   4|    0|     8|   32|     1|          256|
    |input_A_1_U  |matrixmul_3_inputbkb  |        0|  64|   4|    0|     8|   32|     1|          256|
    |input_A_2_U  |matrixmul_3_inputbkb  |        0|  64|   4|    0|     8|   32|     1|          256|
    |input_A_3_U  |matrixmul_3_inputbkb  |        0|  64|   4|    0|     8|   32|     1|          256|
    |input_A_4_U  |matrixmul_3_inputbkb  |        0|  64|   4|    0|     8|   32|     1|          256|
    |input_A_5_U  |matrixmul_3_inputbkb  |        0|  64|   4|    0|     8|   32|     1|          256|
    |input_A_6_U  |matrixmul_3_inputbkb  |        0|  64|   4|    0|     8|   32|     1|          256|
    |input_A_7_U  |matrixmul_3_inputbkb  |        0|  64|   4|    0|     8|   32|     1|          256|
    |input_B_0_U  |matrixmul_3_inputbkb  |        0|  64|   4|    0|     8|   32|     1|          256|
    |input_B_1_U  |matrixmul_3_inputbkb  |        0|  64|   4|    0|     8|   32|     1|          256|
    |input_B_2_U  |matrixmul_3_inputbkb  |        0|  64|   4|    0|     8|   32|     1|          256|
    |input_B_3_U  |matrixmul_3_inputbkb  |        0|  64|   4|    0|     8|   32|     1|          256|
    |input_B_4_U  |matrixmul_3_inputbkb  |        0|  64|   4|    0|     8|   32|     1|          256|
    |input_B_5_U  |matrixmul_3_inputbkb  |        0|  64|   4|    0|     8|   32|     1|          256|
    |input_B_6_U  |matrixmul_3_inputbkb  |        0|  64|   4|    0|     8|   32|     1|          256|
    |input_B_7_U  |matrixmul_3_inputbkb  |        0|  64|   4|    0|     8|   32|     1|          256|
    |output_C_U   |matrixmul_3_outpurcU  |        1|   0|   0|    0|    64|   32|     1|         2048|
    +-------------+----------------------+---------+----+----+-----+------+-----+------+-------------+
    |Total        |                      |        1|1024|  64|    0|   192|  544|    17|         6144|
    +-------------+----------------------+---------+----+----+-----+------+-----+------+-------------+

    * FIFO: 
    N/A

    * Expression: 
    +---------------------------------+----------+-------+---+----+------------+------------+
    |          Variable Name          | Operation| DSP48E| FF| LUT| Bitwidth P0| Bitwidth P1|
    +---------------------------------+----------+-------+---+----+------------+------------+
    |add_ln104_fu_871_p2              |     +    |      0|  0|  15|           7|           1|
    |add_ln111_fu_935_p2              |     +    |      0|  0|  15|           8|           8|
    |add_ln116_fu_952_p2              |     +    |      0|  0|  15|           7|           1|
    |add_ln119_fu_1022_p2             |     +    |      0|  0|  15|           8|           8|
    |add_ln83_fu_747_p2               |     +    |      0|  0|  15|           7|           1|
    |add_ln93_fu_809_p2               |     +    |      0|  0|  15|           7|           1|
    |col_4_fu_915_p2                  |     +    |      0|  0|  13|           4|           1|
    |col_5_fu_859_p2                  |     +    |      0|  0|  13|           4|           1|
    |col_6_fu_1045_p2                 |     +    |      0|  0|  13|           4|           1|
    |col_fu_797_p2                    |     +    |      0|  0|  13|           4|           1|
    |row_4_fu_815_p2                  |     +    |      0|  0|  13|           1|           4|
    |row_5_fu_877_p2                  |     +    |      0|  0|  13|           4|           1|
    |row_6_fu_958_p2                  |     +    |      0|  0|  13|           4|           1|
    |row_fu_753_p2                    |     +    |      0|  0|  13|           1|           4|
    |ap_block_state2                  |    and   |      0|  0|   2|           1|           1|
    |ap_block_state4                  |    and   |      0|  0|   2|           1|           1|
    |ap_block_state54_io              |    and   |      0|  0|   2|           1|           1|
    |ap_block_state55_io              |    and   |      0|  0|   2|           1|           1|
    |in_A_V_data_0_load_A             |    and   |      0|  0|   2|           1|           1|
    |in_A_V_data_0_load_B             |    and   |      0|  0|   2|           1|           1|
    |out_C_V_data_1_load_A            |    and   |      0|  0|   2|           1|           1|
    |out_C_V_data_1_load_B            |    and   |      0|  0|   2|           1|           1|
    |out_C_V_last_V_1_load_A          |    and   |      0|  0|   2|           1|           1|
    |out_C_V_last_V_1_load_B          |    and   |      0|  0|   2|           1|           1|
    |tmp_last_V_fu_1039_p2            |    and   |      0|  0|   2|           1|           1|
    |icmp_ln104_fu_865_p2             |   icmp   |      0|  0|  11|           7|           8|
    |icmp_ln105_fu_883_p2             |   icmp   |      0|  0|  11|           4|           5|
    |icmp_ln116_fu_946_p2             |   icmp   |      0|  0|  11|           7|           8|
    |icmp_ln117_fu_964_p2             |   icmp   |      0|  0|  11|           4|           5|
    |icmp_ln121_1_fu_1033_p2          |   icmp   |      0|  0|   9|           4|           3|
    |icmp_ln121_2_fu_1004_p2          |   icmp   |      0|  0|   9|           4|           3|
    |icmp_ln121_fu_998_p2             |   icmp   |      0|  0|   9|           4|           3|
    |icmp_ln83_fu_741_p2              |   icmp   |      0|  0|  11|           7|           8|
    |icmp_ln85_fu_759_p2              |   icmp   |      0|  0|  11|           4|           5|
    |icmp_ln93_fu_803_p2              |   icmp   |      0|  0|  11|           7|           8|
    |icmp_ln95_fu_821_p2              |   icmp   |      0|  0|  11|           4|           5|
    |in_A_V_data_0_state_cmp_full     |   icmp   |      0|  0|   8|           2|           1|
    |out_C_V_data_1_state_cmp_full    |   icmp   |      0|  0|   8|           2|           1|
    |out_C_V_last_V_1_state_cmp_full  |   icmp   |      0|  0|   8|           2|           1|
    |ap_block_pp3_stage0_11001        |    or    |      0|  0|   2|           1|           1|
    |ap_block_state56                 |    or    |      0|  0|   2|           1|           1|
    |select_ln109_1_fu_897_p3         |  select  |      0|  0|   4|           1|           4|
    |select_ln109_fu_889_p3           |  select  |      0|  0|   4|           1|           1|
    |select_ln119_1_fu_978_p3         |  select  |      0|  0|   4|           1|           4|
    |select_ln119_2_fu_1010_p3        |  select  |      0|  0|   2|           1|           1|
    |select_ln119_fu_970_p3           |  select  |      0|  0|   4|           1|           1|
    |select_ln89_1_fu_773_p3          |  select  |      0|  0|   4|           1|           4|
    |select_ln89_fu_765_p3            |  select  |      0|  0|   4|           1|           1|
    |select_ln99_1_fu_835_p3          |  select  |      0|  0|   4|           1|           4|
    |select_ln99_fu_827_p3            |  select  |      0|  0|   4|           1|           1|
    |ap_enable_pp2                    |    xor   |      0|  0|   2|           1|           2|
    |ap_enable_pp3                    |    xor   |      0|  0|   2|           1|           2|
    |ap_enable_reg_pp2_iter1          |    xor   |      0|  0|   2|           2|           1|
    |ap_enable_reg_pp3_iter1          |    xor   |      0|  0|   2|           2|           1|
    +---------------------------------+----------+-------+---+----+------------+------------+
    |Total                            |          |      0|  0| 401|         160|         138|
    +---------------------------------+----------+-------+---+----+------------+------------+

    * Multiplexer: 
    +--------------------------------+----+-----------+-----+-----------+
    |              Name              | LUT| Input Size| Bits| Total Bits|
    +--------------------------------+----+-----------+-----+-----------+
    |ap_NS_fsm                       |  47|         10|    1|         10|
    |ap_enable_reg_pp2_iter1         |   9|          2|    1|          2|
    |ap_enable_reg_pp2_iter45        |   9|          2|    1|          2|
    |ap_enable_reg_pp3_iter1         |   9|          2|    1|          2|
    |ap_enable_reg_pp3_iter2         |   9|          2|    1|          2|
    |ap_phi_mux_row_2_phi_fu_589_p4  |   9|          2|    4|          8|
    |ap_phi_mux_row_3_phi_fu_622_p4  |   9|          2|    4|          8|
    |col_0_reg_530                   |   9|          2|    4|          8|
    |col_1_reg_563                   |   9|          2|    4|          8|
    |col_2_reg_596                   |   9|          2|    4|          8|
    |col_3_reg_629                   |   9|          2|    4|          8|
    |in_A_TDATA_blk_n                |   9|          2|    1|          2|
    |in_A_V_data_0_data_out          |   9|          2|   32|         64|
    |in_A_V_data_0_state             |  15|          3|    2|          6|
    |in_A_V_last_V_0_state           |  15|          3|    2|          6|
    |indvar_flatten19_reg_541        |   9|          2|    7|         14|
    |indvar_flatten39_reg_574        |   9|          2|    7|         14|
    |indvar_flatten51_reg_607        |   9|          2|    7|         14|
    |indvar_flatten_reg_508          |   9|          2|    7|         14|
    |input_A_0_address0              |  15|          3|    3|          9|
    |input_A_1_address0              |  15|          3|    3|          9|
    |input_A_2_address0              |  15|          3|    3|          9|
    |input_A_3_address0              |  15|          3|    3|          9|
    |input_A_4_address0              |  15|          3|    3|          9|
    |input_A_5_address0              |  15|          3|    3|          9|
    |input_A_6_address0              |  15|          3|    3|          9|
    |input_A_7_address0              |  15|          3|    3|          9|
    |input_B_0_address0              |  15|          3|    3|          9|
    |input_B_1_address0              |  15|          3|    3|          9|
    |input_B_2_address0              |  15|          3|    3|          9|
    |input_B_3_address0              |  15|          3|    3|          9|
    |input_B_4_address0              |  15|          3|    3|          9|
    |input_B_5_address0              |  15|          3|    3|          9|
    |input_B_6_address0              |  15|          3|    3|          9|
    |input_B_7_address0              |  15|          3|    3|          9|
    |out_C_TDATA_blk_n               |   9|          2|    1|          2|
    |out_C_V_data_1_data_out         |   9|          2|   32|         64|
    |out_C_V_data_1_state            |  15|          3|    2|          6|
    |out_C_V_last_V_1_data_out       |   9|          2|    1|          2|
    |out_C_V_last_V_1_state          |  15|          3|    2|          6|
    |output_C_address0               |  15|          3|    6|         18|
    |row_0_reg_519                   |   9|          2|    4|          8|
    |row_1_reg_552                   |   9|          2|    4|          8|
    |row_2_reg_585                   |   9|          2|    4|          8|
    |row_3_reg_618                   |   9|          2|    4|          8|
    +--------------------------------+----+-----------+-----+-----------+
    |Total                           | 569|        119|  202|        474|
    +--------------------------------+----+-----------+-----+-----------+

    * Register: 
    +-----------------------------------+----+----+-----+-----------+
    |                Name               | FF | LUT| Bits| Const Bits|
    +-----------------------------------+----+----+-----+-----------+
    |ap_CS_fsm                          |   9|   0|    9|          0|
    |ap_enable_reg_pp2_iter0            |   1|   0|    1|          0|
    |ap_enable_reg_pp2_iter1            |   1|   0|    1|          0|
    |ap_enable_reg_pp2_iter10           |   1|   0|    1|          0|
    |ap_enable_reg_pp2_iter11           |   1|   0|    1|          0|
    |ap_enable_reg_pp2_iter12           |   1|   0|    1|          0|
    |ap_enable_reg_pp2_iter13           |   1|   0|    1|          0|
    |ap_enable_reg_pp2_iter14           |   1|   0|    1|          0|
    |ap_enable_reg_pp2_iter15           |   1|   0|    1|          0|
    |ap_enable_reg_pp2_iter16           |   1|   0|    1|          0|
    |ap_enable_reg_pp2_iter17           |   1|   0|    1|          0|
    |ap_enable_reg_pp2_iter18           |   1|   0|    1|          0|
    |ap_enable_reg_pp2_iter19           |   1|   0|    1|          0|
    |ap_enable_reg_pp2_iter2            |   1|   0|    1|          0|
    |ap_enable_reg_pp2_iter20           |   1|   0|    1|          0|
    |ap_enable_reg_pp2_iter21           |   1|   0|    1|          0|
    |ap_enable_reg_pp2_iter22           |   1|   0|    1|          0|
    |ap_enable_reg_pp2_iter23           |   1|   0|    1|          0|
    |ap_enable_reg_pp2_iter24           |   1|   0|    1|          0|
    |ap_enable_reg_pp2_iter25           |   1|   0|    1|          0|
    |ap_enable_reg_pp2_iter26           |   1|   0|    1|          0|
    |ap_enable_reg_pp2_iter27           |   1|   0|    1|          0|
    |ap_enable_reg_pp2_iter28           |   1|   0|    1|          0|
    |ap_enable_reg_pp2_iter29           |   1|   0|    1|          0|
    |ap_enable_reg_pp2_iter3            |   1|   0|    1|          0|
    |ap_enable_reg_pp2_iter30           |   1|   0|    1|          0|
    |ap_enable_reg_pp2_iter31           |   1|   0|    1|          0|
    |ap_enable_reg_pp2_iter32           |   1|   0|    1|          0|
    |ap_enable_reg_pp2_iter33           |   1|   0|    1|          0|
    |ap_enable_reg_pp2_iter34           |   1|   0|    1|          0|
    |ap_enable_reg_pp2_iter35           |   1|   0|    1|          0|
    |ap_enable_reg_pp2_iter36           |   1|   0|    1|          0|
    |ap_enable_reg_pp2_iter37           |   1|   0|    1|          0|
    |ap_enable_reg_pp2_iter38           |   1|   0|    1|          0|
    |ap_enable_reg_pp2_iter39           |   1|   0|    1|          0|
    |ap_enable_reg_pp2_iter4            |   1|   0|    1|          0|
    |ap_enable_reg_pp2_iter40           |   1|   0|    1|          0|
    |ap_enable_reg_pp2_iter41           |   1|   0|    1|          0|
    |ap_enable_reg_pp2_iter42           |   1|   0|    1|          0|
    |ap_enable_reg_pp2_iter43           |   1|   0|    1|          0|
    |ap_enable_reg_pp2_iter44           |   1|   0|    1|          0|
    |ap_enable_reg_pp2_iter45           |   1|   0|    1|          0|
    |ap_enable_reg_pp2_iter5            |   1|   0|    1|          0|
    |ap_enable_reg_pp2_iter6            |   1|   0|    1|          0|
    |ap_enable_reg_pp2_iter7            |   1|   0|    1|          0|
    |ap_enable_reg_pp2_iter8            |   1|   0|    1|          0|
    |ap_enable_reg_pp2_iter9            |   1|   0|    1|          0|
    |ap_enable_reg_pp3_iter0            |   1|   0|    1|          0|
    |ap_enable_reg_pp3_iter1            |   1|   0|    1|          0|
    |ap_enable_reg_pp3_iter2            |   1|   0|    1|          0|
    |col_0_reg_530                      |   4|   0|    4|          0|
    |col_1_reg_563                      |   4|   0|    4|          0|
    |col_2_reg_596                      |   4|   0|    4|          0|
    |col_3_reg_629                      |   4|   0|    4|          0|
    |icmp_ln104_reg_1093                |   1|   0|    1|          0|
    |icmp_ln116_reg_1380                |   1|   0|    1|          0|
    |icmp_ln116_reg_1380_pp3_iter1_reg  |   1|   0|    1|          0|
    |in_A_V_data_0_payload_A            |  32|   0|   32|          0|
    |in_A_V_data_0_payload_B            |  32|   0|   32|          0|
    |in_A_V_data_0_sel_rd               |   1|   0|    1|          0|
    |in_A_V_data_0_sel_wr               |   1|   0|    1|          0|
    |in_A_V_data_0_state                |   2|   0|    2|          0|
    |in_A_V_last_V_0_state              |   2|   0|    2|          0|
    |indvar_flatten19_reg_541           |   7|   0|    7|          0|
    |indvar_flatten39_reg_574           |   7|   0|    7|          0|
    |indvar_flatten51_reg_607           |   7|   0|    7|          0|
    |indvar_flatten_reg_508             |   7|   0|    7|          0|
    |out_C_V_data_1_payload_A           |  32|   0|   32|          0|
    |out_C_V_data_1_payload_B           |  32|   0|   32|          0|
    |out_C_V_data_1_sel_rd              |   1|   0|    1|          0|
    |out_C_V_data_1_sel_wr              |   1|   0|    1|          0|
    |out_C_V_data_1_state               |   2|   0|    2|          0|
    |out_C_V_last_V_1_payload_A         |   1|   0|    1|          0|
    |out_C_V_last_V_1_payload_B         |   1|   0|    1|          0|
    |out_C_V_last_V_1_sel_rd            |   1|   0|    1|          0|
    |out_C_V_last_V_1_sel_wr            |   1|   0|    1|          0|
    |out_C_V_last_V_1_state             |   2|   0|    2|          0|
    |res_1_reg_1215                     |  32|   0|   32|          0|
    |res_2_reg_1245                     |  32|   0|   32|          0|
    |res_3_reg_1275                     |  32|   0|   32|          0|
    |res_4_reg_1305                     |  32|   0|   32|          0|
    |res_5_reg_1335                     |  32|   0|   32|          0|
    |res_6_reg_1365                     |  32|   0|   32|          0|
    |res_7_reg_1375                     |  32|   0|   32|          0|
    |res_s_reg_1185                     |  32|   0|   32|          0|
    |row_0_reg_519                      |   4|   0|    4|          0|
    |row_1_reg_552                      |   4|   0|    4|          0|
    |row_2_reg_585                      |   4|   0|    4|          0|
    |row_3_reg_618                      |   4|   0|    4|          0|
    |select_ln109_1_reg_1107            |   4|   0|    4|          0|
    |select_ln109_reg_1102              |   4|   0|    4|          0|
    |select_ln119_1_reg_1389            |   4|   0|    4|          0|
    |tmp_3_1_reg_1190                   |  32|   0|   32|          0|
    |tmp_3_2_reg_1220                   |  32|   0|   32|          0|
    |tmp_3_3_reg_1250                   |  32|   0|   32|          0|
    |tmp_3_4_reg_1280                   |  32|   0|   32|          0|
    |tmp_3_5_reg_1310                   |  32|   0|   32|          0|
    |tmp_3_6_reg_1340                   |  32|   0|   32|          0|
    |tmp_3_7_reg_1370                   |  32|   0|   32|          0|
    |tmp_last_V_reg_1399                |   1|   0|    1|          0|
    |tmp_s_reg_1160                     |  32|   0|   32|          0|
    |zext_ln109_1_reg_1129              |   4|   0|   64|         60|
    |zext_ln109_2_reg_1113              |   4|   0|   64|         60|
    |icmp_ln104_reg_1093                |  64|  64|    1|          0|
    |select_ln109_1_reg_1107            |  64|  64|    4|          0|
    |select_ln109_reg_1102              |  64|  64|    4|          0|
    |zext_ln109_1_reg_1129              |  64|  48|   64|         60|
    |zext_ln109_2_reg_1113              |  64|  48|   64|         60|
    +-----------------------------------+----+----+-----+-----------+
    |Total                              |1118| 288| 1055|        240|
    +-----------------------------------+----+----+-----+-----------+



================================================================
== Interface
================================================================
* Summary: 
+--------------+-----+-----+--------------+----------------+--------------+
|   RTL Ports  | Dir | Bits|   Protocol   |  Source Object |    C Type    |
+--------------+-----+-----+--------------+----------------+--------------+
|ap_clk        |  in |    1| ap_ctrl_none |   matrixmul_3  | return value |
|ap_rst_n      |  in |    1| ap_ctrl_none |   matrixmul_3  | return value |
|in_A_TDATA    |  in |   32|     axis     |   in_A_V_data  |    pointer   |
|in_A_TVALID   |  in |    1|     axis     |  in_A_V_last_V |    pointer   |
|in_A_TREADY   | out |    1|     axis     |  in_A_V_last_V |    pointer   |
|in_A_TLAST    |  in |    1|     axis     |  in_A_V_last_V |    pointer   |
|out_C_TDATA   | out |   32|     axis     |  out_C_V_data  |    pointer   |
|out_C_TREADY  |  in |    1|     axis     |  out_C_V_data  |    pointer   |
|out_C_TVALID  | out |    1|     axis     | out_C_V_last_V |    pointer   |
|out_C_TLAST   | out |    1|     axis     | out_C_V_last_V |    pointer   |
+--------------+-----+-----+--------------+----------------+--------------+

============================================================
+ Verbose Summary: Synthesis Manager
============================================================
InlineROM: 1
ExposeGlobal: 0
============================================================
+ Verbose Summary: CDFG Model
============================================================
IsTopModel: 1
ResetActiveHigh: 1
IsCombinational: 2
IsDatapathOnly: 2
HasWiredReturn: 1
HasMFsm: 0
HasVarLatency: 1
IsPipeline: 0
IsRtlPipelined: 0
IsInstanceOverlapped: 0
IsDontTouch: 0
HasImplIP: 0
IsGatedGlobalClock: 0

+ Individual pipeline summary: 
  * Pipeline-0: initiation interval (II) = 1, depth = 1
  * Pipeline-1: initiation interval (II) = 1, depth = 1
  * Pipeline-2: initiation interval (II) = 1, depth = 46
  * Pipeline-3: initiation interval (II) = 1, depth = 3


============================================================
+ Verbose Summary: Schedule
============================================================
* Number of FSM states : 56
* Pipeline : 4
  Pipeline-0 : II = 1, D = 1, States = { 2 }
  Pipeline-1 : II = 1, D = 1, States = { 4 }
  Pipeline-2 : II = 1, D = 46, States = { 6 7 8 9 10 11 12 13 14 15 16 17 18 19 20 21 22 23 24 25 26 27 28 29 30 31 32 33 34 35 36 37 38 39 40 41 42 43 44 45 46 47 48 49 50 51 }
  Pipeline-3 : II = 1, D = 3, States = { 53 54 55 }
* Dataflow Pipeline: 0

* FSM state transitions: 
1 --> 2 
2 --> 3 2 
3 --> 4 
4 --> 5 4 
5 --> 6 
6 --> 52 7 
7 --> 8 
8 --> 9 
9 --> 10 
10 --> 11 
11 --> 12 
12 --> 13 
13 --> 14 
14 --> 15 
15 --> 16 
16 --> 17 
17 --> 18 
18 --> 19 
19 --> 20 
20 --> 21 
21 --> 22 
22 --> 23 
23 --> 24 
24 --> 25 
25 --> 26 
26 --> 27 
27 --> 28 
28 --> 29 
29 --> 30 
30 --> 31 
31 --> 32 
32 --> 33 
33 --> 34 
34 --> 35 
35 --> 36 
36 --> 37 
37 --> 38 
38 --> 39 
39 --> 40 
40 --> 41 
41 --> 42 
42 --> 43 
43 --> 44 
44 --> 45 
45 --> 46 
46 --> 47 
47 --> 48 
48 --> 49 
49 --> 50 
50 --> 51 
51 --> 6 
52 --> 53 
53 --> 56 54 
54 --> 55 
55 --> 53 
56 --> 

* FSM state operations: 

State 1 <SV = 0> <Delay = 3.25>
ST_1 : Operation 57 [1/1] (0.00ns)   --->   "call void (...)* @_ssdm_op_SpecBitsMap(float* %in_A_V_data), !map !30"   --->   Operation 57 'specbitsmap' <Predicate = true> <Delay = 0.00>
ST_1 : Operation 58 [1/1] (0.00ns)   --->   "call void (...)* @_ssdm_op_SpecBitsMap(i1* %in_A_V_last_V), !map !36"   --->   Operation 58 'specbitsmap' <Predicate = true> <Delay = 0.00>
ST_1 : Operation 59 [1/1] (0.00ns)   --->   "call void (...)* @_ssdm_op_SpecBitsMap(float* %out_C_V_data), !map !40"   --->   Operation 59 'specbitsmap' <Predicate = true> <Delay = 0.00>
ST_1 : Operation 60 [1/1] (0.00ns)   --->   "call void (...)* @_ssdm_op_SpecBitsMap(i1* %out_C_V_last_V), !map !44"   --->   Operation 60 'specbitsmap' <Predicate = true> <Delay = 0.00>
ST_1 : Operation 61 [1/1] (0.00ns)   --->   "call void (...)* @_ssdm_op_SpecTopModule([12 x i8]* @matrixmul_3_str) nounwind"   --->   Operation 61 'spectopmodule' <Predicate = true> <Delay = 0.00>
ST_1 : Operation 62 [1/1] (2.32ns)   --->   "%input_A_0 = alloca [8 x float], align 4" [Lab_7_MM_HLS/matrixmul.cpp:74]   --->   Operation 62 'alloca' 'input_A_0' <Predicate = true> <Delay = 2.32> <Core = "RAM">   --->   Core 37 'RAM' <Latency = 1> <II = 1> <Delay = 3.25> <Storage> <Opcode : 'load' 'store'> <Ports = 2> <Width = 32> <Depth = 64> <RAM>
ST_1 : Operation 63 [1/1] (2.32ns)   --->   "%input_A_1 = alloca [8 x float], align 4" [Lab_7_MM_HLS/matrixmul.cpp:74]   --->   Operation 63 'alloca' 'input_A_1' <Predicate = true> <Delay = 2.32> <Core = "RAM">   --->   Core 37 'RAM' <Latency = 1> <II = 1> <Delay = 3.25> <Storage> <Opcode : 'load' 'store'> <Ports = 2> <Width = 32> <Depth = 64> <RAM>
ST_1 : Operation 64 [1/1] (2.32ns)   --->   "%input_A_2 = alloca [8 x float], align 4" [Lab_7_MM_HLS/matrixmul.cpp:74]   --->   Operation 64 'alloca' 'input_A_2' <Predicate = true> <Delay = 2.32> <Core = "RAM">   --->   Core 37 'RAM' <Latency = 1> <II = 1> <Delay = 3.25> <Storage> <Opcode : 'load' 'store'> <Ports = 2> <Width = 32> <Depth = 64> <RAM>
ST_1 : Operation 65 [1/1] (2.32ns)   --->   "%input_A_3 = alloca [8 x float], align 4" [Lab_7_MM_HLS/matrixmul.cpp:74]   --->   Operation 65 'alloca' 'input_A_3' <Predicate = true> <Delay = 2.32> <Core = "RAM">   --->   Core 37 'RAM' <Latency = 1> <II = 1> <Delay = 3.25> <Storage> <Opcode : 'load' 'store'> <Ports = 2> <Width = 32> <Depth = 64> <RAM>
ST_1 : Operation 66 [1/1] (2.32ns)   --->   "%input_A_4 = alloca [8 x float], align 4" [Lab_7_MM_HLS/matrixmul.cpp:74]   --->   Operation 66 'alloca' 'input_A_4' <Predicate = true> <Delay = 2.32> <Core = "RAM">   --->   Core 37 'RAM' <Latency = 1> <II = 1> <Delay = 3.25> <Storage> <Opcode : 'load' 'store'> <Ports = 2> <Width = 32> <Depth = 64> <RAM>
ST_1 : Operation 67 [1/1] (2.32ns)   --->   "%input_A_5 = alloca [8 x float], align 4" [Lab_7_MM_HLS/matrixmul.cpp:74]   --->   Operation 67 'alloca' 'input_A_5' <Predicate = true> <Delay = 2.32> <Core = "RAM">   --->   Core 37 'RAM' <Latency = 1> <II = 1> <Delay = 3.25> <Storage> <Opcode : 'load' 'store'> <Ports = 2> <Width = 32> <Depth = 64> <RAM>
ST_1 : Operation 68 [1/1] (2.32ns)   --->   "%input_A_6 = alloca [8 x float], align 4" [Lab_7_MM_HLS/matrixmul.cpp:74]   --->   Operation 68 'alloca' 'input_A_6' <Predicate = true> <Delay = 2.32> <Core = "RAM">   --->   Core 37 'RAM' <Latency = 1> <II = 1> <Delay = 3.25> <Storage> <Opcode : 'load' 'store'> <Ports = 2> <Width = 32> <Depth = 64> <RAM>
ST_1 : Operation 69 [1/1] (2.32ns)   --->   "%input_A_7 = alloca [8 x float], align 4" [Lab_7_MM_HLS/matrixmul.cpp:74]   --->   Operation 69 'alloca' 'input_A_7' <Predicate = true> <Delay = 2.32> <Core = "RAM">   --->   Core 37 'RAM' <Latency = 1> <II = 1> <Delay = 3.25> <Storage> <Opcode : 'load' 'store'> <Ports = 2> <Width = 32> <Depth = 64> <RAM>
ST_1 : Operation 70 [1/1] (2.32ns)   --->   "%input_B_0 = alloca [8 x float], align 4" [Lab_7_MM_HLS/matrixmul.cpp:76]   --->   Operation 70 'alloca' 'input_B_0' <Predicate = true> <Delay = 2.32> <Core = "RAM">   --->   Core 37 'RAM' <Latency = 1> <II = 1> <Delay = 3.25> <Storage> <Opcode : 'load' 'store'> <Ports = 2> <Width = 32> <Depth = 64> <RAM>
ST_1 : Operation 71 [1/1] (2.32ns)   --->   "%input_B_1 = alloca [8 x float], align 4" [Lab_7_MM_HLS/matrixmul.cpp:76]   --->   Operation 71 'alloca' 'input_B_1' <Predicate = true> <Delay = 2.32> <Core = "RAM">   --->   Core 37 'RAM' <Latency = 1> <II = 1> <Delay = 3.25> <Storage> <Opcode : 'load' 'store'> <Ports = 2> <Width = 32> <Depth = 64> <RAM>
ST_1 : Operation 72 [1/1] (2.32ns)   --->   "%input_B_2 = alloca [8 x float], align 4" [Lab_7_MM_HLS/matrixmul.cpp:76]   --->   Operation 72 'alloca' 'input_B_2' <Predicate = true> <Delay = 2.32> <Core = "RAM">   --->   Core 37 'RAM' <Latency = 1> <II = 1> <Delay = 3.25> <Storage> <Opcode : 'load' 'store'> <Ports = 2> <Width = 32> <Depth = 64> <RAM>
ST_1 : Operation 73 [1/1] (2.32ns)   --->   "%input_B_3 = alloca [8 x float], align 4" [Lab_7_MM_HLS/matrixmul.cpp:76]   --->   Operation 73 'alloca' 'input_B_3' <Predicate = true> <Delay = 2.32> <Core = "RAM">   --->   Core 37 'RAM' <Latency = 1> <II = 1> <Delay = 3.25> <Storage> <Opcode : 'load' 'store'> <Ports = 2> <Width = 32> <Depth = 64> <RAM>
ST_1 : Operation 74 [1/1] (2.32ns)   --->   "%input_B_4 = alloca [8 x float], align 4" [Lab_7_MM_HLS/matrixmul.cpp:76]   --->   Operation 74 'alloca' 'input_B_4' <Predicate = true> <Delay = 2.32> <Core = "RAM">   --->   Core 37 'RAM' <Latency = 1> <II = 1> <Delay = 3.25> <Storage> <Opcode : 'load' 'store'> <Ports = 2> <Width = 32> <Depth = 64> <RAM>
ST_1 : Operation 75 [1/1] (2.32ns)   --->   "%input_B_5 = alloca [8 x float], align 4" [Lab_7_MM_HLS/matrixmul.cpp:76]   --->   Operation 75 'alloca' 'input_B_5' <Predicate = true> <Delay = 2.32> <Core = "RAM">   --->   Core 37 'RAM' <Latency = 1> <II = 1> <Delay = 3.25> <Storage> <Opcode : 'load' 'store'> <Ports = 2> <Width = 32> <Depth = 64> <RAM>
ST_1 : Operation 76 [1/1] (2.32ns)   --->   "%input_B_6 = alloca [8 x float], align 4" [Lab_7_MM_HLS/matrixmul.cpp:76]   --->   Operation 76 'alloca' 'input_B_6' <Predicate = true> <Delay = 2.32> <Core = "RAM">   --->   Core 37 'RAM' <Latency = 1> <II = 1> <Delay = 3.25> <Storage> <Opcode : 'load' 'store'> <Ports = 2> <Width = 32> <Depth = 64> <RAM>
ST_1 : Operation 77 [1/1] (2.32ns)   --->   "%input_B_7 = alloca [8 x float], align 4" [Lab_7_MM_HLS/matrixmul.cpp:76]   --->   Operation 77 'alloca' 'input_B_7' <Predicate = true> <Delay = 2.32> <Core = "RAM">   --->   Core 37 'RAM' <Latency = 1> <II = 1> <Delay = 3.25> <Storage> <Opcode : 'load' 'store'> <Ports = 2> <Width = 32> <Depth = 64> <RAM>
ST_1 : Operation 78 [1/1] (3.25ns)   --->   "%output_C = alloca [64 x float], align 4" [Lab_7_MM_HLS/matrixmul.cpp:78]   --->   Operation 78 'alloca' 'output_C' <Predicate = true> <Delay = 3.25> <Core = "RAM">   --->   Core 37 'RAM' <Latency = 1> <II = 1> <Delay = 3.25> <Storage> <Opcode : 'load' 'store'> <Ports = 2> <Width = 32> <Depth = 64> <RAM>
ST_1 : Operation 79 [1/1] (0.00ns)   --->   "call void (...)* @_ssdm_op_SpecInterface(i32 0, [13 x i8]* @p_str, i32 0, i32 0, [1 x i8]* @p_str1, i32 0, i32 0, [1 x i8]* @p_str1, [1 x i8]* @p_str1, [1 x i8]* @p_str1, i32 0, i32 0, i32 0, i32 0, [1 x i8]* @p_str1, [1 x i8]* @p_str1) nounwind" [Lab_7_MM_HLS/matrixmul.cpp:70]   --->   Operation 79 'specinterface' <Predicate = true> <Delay = 0.00>
ST_1 : Operation 80 [1/1] (0.00ns)   --->   "call void (...)* @_ssdm_op_SpecInterface(float* %out_C_V_data, i1* %out_C_V_last_V, [5 x i8]* @p_str2, i32 1, i32 1, [5 x i8]* @p_str3, i32 0, i32 0, [1 x i8]* @p_str1, [1 x i8]* @p_str1, [1 x i8]* @p_str1, i32 0, i32 0, i32 0, i32 0, [1 x i8]* @p_str1, [1 x i8]* @p_str1) nounwind" [Lab_7_MM_HLS/matrixmul.cpp:71]   --->   Operation 80 'specinterface' <Predicate = true> <Delay = 0.00>
ST_1 : Operation 81 [1/1] (0.00ns)   --->   "call void (...)* @_ssdm_op_SpecInterface(float* %in_A_V_data, i1* %in_A_V_last_V, [5 x i8]* @p_str2, i32 1, i32 1, [5 x i8]* @p_str3, i32 0, i32 0, [1 x i8]* @p_str1, [1 x i8]* @p_str1, [1 x i8]* @p_str1, i32 0, i32 0, i32 0, i32 0, [1 x i8]* @p_str1, [1 x i8]* @p_str1) nounwind" [Lab_7_MM_HLS/matrixmul.cpp:72]   --->   Operation 81 'specinterface' <Predicate = true> <Delay = 0.00>
ST_1 : Operation 82 [1/1] (1.76ns)   --->   "br label %1" [Lab_7_MM_HLS/matrixmul.cpp:83]   --->   Operation 82 'br' <Predicate = true> <Delay = 1.76>

State 2 <SV = 1> <Delay = 5.08>
ST_2 : Operation 83 [1/1] (0.00ns)   --->   "%indvar_flatten = phi i7 [ 0, %0 ], [ %add_ln83, %loop_input_A2_end ]" [Lab_7_MM_HLS/matrixmul.cpp:83]   --->   Operation 83 'phi' 'indvar_flatten' <Predicate = true> <Delay = 0.00>
ST_2 : Operation 84 [1/1] (0.00ns)   --->   "%row_0 = phi i4 [ 0, %0 ], [ %select_ln89_1, %loop_input_A2_end ]" [Lab_7_MM_HLS/matrixmul.cpp:89]   --->   Operation 84 'phi' 'row_0' <Predicate = true> <Delay = 0.00>
ST_2 : Operation 85 [1/1] (0.00ns)   --->   "%col_0 = phi i4 [ 0, %0 ], [ %col, %loop_input_A2_end ]"   --->   Operation 85 'phi' 'col_0' <Predicate = true> <Delay = 0.00>
ST_2 : Operation 86 [1/1] (1.48ns)   --->   "%icmp_ln83 = icmp eq i7 %indvar_flatten, -64" [Lab_7_MM_HLS/matrixmul.cpp:83]   --->   Operation 86 'icmp' 'icmp_ln83' <Predicate = true> <Delay = 1.48> <Core = "Cmp">   --->   Core 25 'Cmp' <Latency = 0> <II = 1> <Delay = 0.95> <FuncUnit> <Opcode : 'icmp'> <InPorts = 2> <OutPorts = 1>
ST_2 : Operation 87 [1/1] (1.87ns)   --->   "%add_ln83 = add i7 %indvar_flatten, 1" [Lab_7_MM_HLS/matrixmul.cpp:83]   --->   Operation 87 'add' 'add_ln83' <Predicate = true> <Delay = 1.87> <Core = "AddSub">   --->   Core 14 'AddSub' <Latency = 0> <II = 1> <Delay = 1.73> <FuncUnit> <Opcode : 'add' 'sub'> <InPorts = 2> <OutPorts = 1>
ST_2 : Operation 88 [1/1] (0.00ns)   --->   "br i1 %icmp_ln83, label %.preheader21.preheader.preheader, label %loop_input_A2_begin" [Lab_7_MM_HLS/matrixmul.cpp:83]   --->   Operation 88 'br' <Predicate = true> <Delay = 0.00>
ST_2 : Operation 89 [1/1] (1.73ns)   --->   "%row = add i4 1, %row_0" [Lab_7_MM_HLS/matrixmul.cpp:83]   --->   Operation 89 'add' 'row' <Predicate = (!icmp_ln83)> <Delay = 1.73> <Core = "AddSub">   --->   Core 14 'AddSub' <Latency = 0> <II = 1> <Delay = 1.73> <FuncUnit> <Opcode : 'add' 'sub'> <InPorts = 2> <OutPorts = 1>
ST_2 : Operation 90 [1/1] (0.00ns)   --->   "call void (...)* @_ssdm_op_SpecLoopName([28 x i8]* @loop_input_A1_loop_i)"   --->   Operation 90 'specloopname' <Predicate = (!icmp_ln83)> <Delay = 0.00>
ST_2 : Operation 91 [1/1] (0.00ns)   --->   "%empty_3 = call i32 (...)* @_ssdm_op_SpecLoopTripCount(i64 64, i64 64, i64 64)"   --->   Operation 91 'speclooptripcount' 'empty_3' <Predicate = (!icmp_ln83)> <Delay = 0.00>
ST_2 : Operation 92 [1/1] (1.30ns)   --->   "%icmp_ln85 = icmp eq i4 %col_0, -8" [Lab_7_MM_HLS/matrixmul.cpp:85]   --->   Operation 92 'icmp' 'icmp_ln85' <Predicate = (!icmp_ln83)> <Delay = 1.30> <Core = "Cmp">   --->   Core 25 'Cmp' <Latency = 0> <II = 1> <Delay = 0.95> <FuncUnit> <Opcode : 'icmp'> <InPorts = 2> <OutPorts = 1>
ST_2 : Operation 93 [1/1] (1.02ns)   --->   "%select_ln89 = select i1 %icmp_ln85, i4 0, i4 %col_0" [Lab_7_MM_HLS/matrixmul.cpp:89]   --->   Operation 93 'select' 'select_ln89' <Predicate = (!icmp_ln83)> <Delay = 1.02> <Core = "Sel">   --->   Core 26 'Sel' <Latency = 0> <II = 1> <Delay = 1.02> <FuncUnit> <Opcode : 'select'> <InPorts = 3> <OutPorts = 1>
ST_2 : Operation 94 [1/1] (1.02ns)   --->   "%select_ln89_1 = select i1 %icmp_ln85, i4 %row, i4 %row_0" [Lab_7_MM_HLS/matrixmul.cpp:89]   --->   Operation 94 'select' 'select_ln89_1' <Predicate = (!icmp_ln83)> <Delay = 1.02> <Core = "Sel">   --->   Core 26 'Sel' <Latency = 0> <II = 1> <Delay = 1.02> <FuncUnit> <Opcode : 'select'> <InPorts = 3> <OutPorts = 1>
ST_2 : Operation 95 [1/1] (0.00ns)   --->   "%zext_ln89 = zext i4 %select_ln89_1 to i64" [Lab_7_MM_HLS/matrixmul.cpp:89]   --->   Operation 95 'zext' 'zext_ln89' <Predicate = (!icmp_ln83)> <Delay = 0.00>
ST_2 : Operation 96 [1/1] (0.00ns)   --->   "call void (...)* @_ssdm_op_SpecLoopName([14 x i8]* @p_str6) nounwind" [Lab_7_MM_HLS/matrixmul.cpp:86]   --->   Operation 96 'specloopname' <Predicate = (!icmp_ln83)> <Delay = 0.00>
ST_2 : Operation 97 [1/1] (0.00ns)   --->   "%tmp_3 = call i32 (...)* @_ssdm_op_SpecRegionBegin([14 x i8]* @p_str6)" [Lab_7_MM_HLS/matrixmul.cpp:86]   --->   Operation 97 'specregionbegin' 'tmp_3' <Predicate = (!icmp_ln83)> <Delay = 0.00>
ST_2 : Operation 98 [1/1] (0.00ns)   --->   "call void (...)* @_ssdm_op_SpecPipeline(i32 -1, i32 1, i32 1, i32 0, [1 x i8]* @p_str1) nounwind" [Lab_7_MM_HLS/matrixmul.cpp:87]   --->   Operation 98 'specpipeline' <Predicate = (!icmp_ln83)> <Delay = 0.00>
ST_2 : Operation 99 [1/1] (0.00ns)   --->   "%empty_4 = call { float, i1 } @_ssdm_op_Read.axis.volatile.floatP.i1P(float* %in_A_V_data, i1* %in_A_V_last_V)" [Lab_7_MM_HLS/matrixmul.cpp:88]   --->   Operation 99 'read' 'empty_4' <Predicate = (!icmp_ln83)> <Delay = 0.00> <Core = "AXI4Stream">   --->   Core 5 'AXI4Stream' <Latency = 0> <II = 1> <Delay = 1.00> <Adapter> <Opcode : >
ST_2 : Operation 100 [1/1] (0.00ns)   --->   "%tmp_data = extractvalue { float, i1 } %empty_4, 0" [Lab_7_MM_HLS/matrixmul.cpp:88]   --->   Operation 100 'extractvalue' 'tmp_data' <Predicate = (!icmp_ln83)> <Delay = 0.00>
ST_2 : Operation 101 [1/1] (0.00ns)   --->   "%trunc_ln89 = trunc i4 %select_ln89 to i3" [Lab_7_MM_HLS/matrixmul.cpp:89]   --->   Operation 101 'trunc' 'trunc_ln89' <Predicate = (!icmp_ln83)> <Delay = 0.00>
ST_2 : Operation 102 [1/1] (1.36ns)   --->   "switch i3 %trunc_ln89, label %branch7 [
    i3 0, label %branch0
    i3 1, label %branch1
    i3 2, label %branch2
    i3 3, label %branch3
    i3 -4, label %branch4
    i3 -3, label %branch5
    i3 -2, label %branch6
  ]" [Lab_7_MM_HLS/matrixmul.cpp:89]   --->   Operation 102 'switch' <Predicate = (!icmp_ln83)> <Delay = 1.36>
ST_2 : Operation 103 [1/1] (0.00ns)   --->   "%input_A_6_addr = getelementptr [8 x float]* %input_A_6, i64 0, i64 %zext_ln89" [Lab_7_MM_HLS/matrixmul.cpp:89]   --->   Operation 103 'getelementptr' 'input_A_6_addr' <Predicate = (!icmp_ln83 & trunc_ln89 == 6)> <Delay = 0.00>
ST_2 : Operation 104 [1/1] (2.32ns)   --->   "store float %tmp_data, float* %input_A_6_addr, align 4" [Lab_7_MM_HLS/matrixmul.cpp:89]   --->   Operation 104 'store' <Predicate = (!icmp_ln83 & trunc_ln89 == 6)> <Delay = 2.32> <Core = "RAM">   --->   Core 37 'RAM' <Latency = 1> <II = 1> <Delay = 3.25> <Storage> <Opcode : 'load' 'store'> <Ports = 2> <Width = 32> <Depth = 64> <RAM>
ST_2 : Operation 105 [1/1] (0.00ns)   --->   "br label %loop_input_A2_end" [Lab_7_MM_HLS/matrixmul.cpp:89]   --->   Operation 105 'br' <Predicate = (!icmp_ln83 & trunc_ln89 == 6)> <Delay = 0.00>
ST_2 : Operation 106 [1/1] (0.00ns)   --->   "%input_A_5_addr = getelementptr [8 x float]* %input_A_5, i64 0, i64 %zext_ln89" [Lab_7_MM_HLS/matrixmul.cpp:89]   --->   Operation 106 'getelementptr' 'input_A_5_addr' <Predicate = (!icmp_ln83 & trunc_ln89 == 5)> <Delay = 0.00>
ST_2 : Operation 107 [1/1] (2.32ns)   --->   "store float %tmp_data, float* %input_A_5_addr, align 4" [Lab_7_MM_HLS/matrixmul.cpp:89]   --->   Operation 107 'store' <Predicate = (!icmp_ln83 & trunc_ln89 == 5)> <Delay = 2.32> <Core = "RAM">   --->   Core 37 'RAM' <Latency = 1> <II = 1> <Delay = 3.25> <Storage> <Opcode : 'load' 'store'> <Ports = 2> <Width = 32> <Depth = 64> <RAM>
ST_2 : Operation 108 [1/1] (0.00ns)   --->   "br label %loop_input_A2_end" [Lab_7_MM_HLS/matrixmul.cpp:89]   --->   Operation 108 'br' <Predicate = (!icmp_ln83 & trunc_ln89 == 5)> <Delay = 0.00>
ST_2 : Operation 109 [1/1] (0.00ns)   --->   "%input_A_4_addr = getelementptr [8 x float]* %input_A_4, i64 0, i64 %zext_ln89" [Lab_7_MM_HLS/matrixmul.cpp:89]   --->   Operation 109 'getelementptr' 'input_A_4_addr' <Predicate = (!icmp_ln83 & trunc_ln89 == 4)> <Delay = 0.00>
ST_2 : Operation 110 [1/1] (2.32ns)   --->   "store float %tmp_data, float* %input_A_4_addr, align 4" [Lab_7_MM_HLS/matrixmul.cpp:89]   --->   Operation 110 'store' <Predicate = (!icmp_ln83 & trunc_ln89 == 4)> <Delay = 2.32> <Core = "RAM">   --->   Core 37 'RAM' <Latency = 1> <II = 1> <Delay = 3.25> <Storage> <Opcode : 'load' 'store'> <Ports = 2> <Width = 32> <Depth = 64> <RAM>
ST_2 : Operation 111 [1/1] (0.00ns)   --->   "br label %loop_input_A2_end" [Lab_7_MM_HLS/matrixmul.cpp:89]   --->   Operation 111 'br' <Predicate = (!icmp_ln83 & trunc_ln89 == 4)> <Delay = 0.00>
ST_2 : Operation 112 [1/1] (0.00ns)   --->   "%input_A_3_addr = getelementptr [8 x float]* %input_A_3, i64 0, i64 %zext_ln89" [Lab_7_MM_HLS/matrixmul.cpp:89]   --->   Operation 112 'getelementptr' 'input_A_3_addr' <Predicate = (!icmp_ln83 & trunc_ln89 == 3)> <Delay = 0.00>
ST_2 : Operation 113 [1/1] (2.32ns)   --->   "store float %tmp_data, float* %input_A_3_addr, align 4" [Lab_7_MM_HLS/matrixmul.cpp:89]   --->   Operation 113 'store' <Predicate = (!icmp_ln83 & trunc_ln89 == 3)> <Delay = 2.32> <Core = "RAM">   --->   Core 37 'RAM' <Latency = 1> <II = 1> <Delay = 3.25> <Storage> <Opcode : 'load' 'store'> <Ports = 2> <Width = 32> <Depth = 64> <RAM>
ST_2 : Operation 114 [1/1] (0.00ns)   --->   "br label %loop_input_A2_end" [Lab_7_MM_HLS/matrixmul.cpp:89]   --->   Operation 114 'br' <Predicate = (!icmp_ln83 & trunc_ln89 == 3)> <Delay = 0.00>
ST_2 : Operation 115 [1/1] (0.00ns)   --->   "%input_A_2_addr = getelementptr [8 x float]* %input_A_2, i64 0, i64 %zext_ln89" [Lab_7_MM_HLS/matrixmul.cpp:89]   --->   Operation 115 'getelementptr' 'input_A_2_addr' <Predicate = (!icmp_ln83 & trunc_ln89 == 2)> <Delay = 0.00>
ST_2 : Operation 116 [1/1] (2.32ns)   --->   "store float %tmp_data, float* %input_A_2_addr, align 4" [Lab_7_MM_HLS/matrixmul.cpp:89]   --->   Operation 116 'store' <Predicate = (!icmp_ln83 & trunc_ln89 == 2)> <Delay = 2.32> <Core = "RAM">   --->   Core 37 'RAM' <Latency = 1> <II = 1> <Delay = 3.25> <Storage> <Opcode : 'load' 'store'> <Ports = 2> <Width = 32> <Depth = 64> <RAM>
ST_2 : Operation 117 [1/1] (0.00ns)   --->   "br label %loop_input_A2_end" [Lab_7_MM_HLS/matrixmul.cpp:89]   --->   Operation 117 'br' <Predicate = (!icmp_ln83 & trunc_ln89 == 2)> <Delay = 0.00>
ST_2 : Operation 118 [1/1] (0.00ns)   --->   "%input_A_1_addr = getelementptr [8 x float]* %input_A_1, i64 0, i64 %zext_ln89" [Lab_7_MM_HLS/matrixmul.cpp:89]   --->   Operation 118 'getelementptr' 'input_A_1_addr' <Predicate = (!icmp_ln83 & trunc_ln89 == 1)> <Delay = 0.00>
ST_2 : Operation 119 [1/1] (2.32ns)   --->   "store float %tmp_data, float* %input_A_1_addr, align 4" [Lab_7_MM_HLS/matrixmul.cpp:89]   --->   Operation 119 'store' <Predicate = (!icmp_ln83 & trunc_ln89 == 1)> <Delay = 2.32> <Core = "RAM">   --->   Core 37 'RAM' <Latency = 1> <II = 1> <Delay = 3.25> <Storage> <Opcode : 'load' 'store'> <Ports = 2> <Width = 32> <Depth = 64> <RAM>
ST_2 : Operation 120 [1/1] (0.00ns)   --->   "br label %loop_input_A2_end" [Lab_7_MM_HLS/matrixmul.cpp:89]   --->   Operation 120 'br' <Predicate = (!icmp_ln83 & trunc_ln89 == 1)> <Delay = 0.00>
ST_2 : Operation 121 [1/1] (0.00ns)   --->   "%input_A_0_addr = getelementptr [8 x float]* %input_A_0, i64 0, i64 %zext_ln89" [Lab_7_MM_HLS/matrixmul.cpp:89]   --->   Operation 121 'getelementptr' 'input_A_0_addr' <Predicate = (!icmp_ln83 & trunc_ln89 == 0)> <Delay = 0.00>
ST_2 : Operation 122 [1/1] (2.32ns)   --->   "store float %tmp_data, float* %input_A_0_addr, align 4" [Lab_7_MM_HLS/matrixmul.cpp:89]   --->   Operation 122 'store' <Predicate = (!icmp_ln83 & trunc_ln89 == 0)> <Delay = 2.32> <Core = "RAM">   --->   Core 37 'RAM' <Latency = 1> <II = 1> <Delay = 3.25> <Storage> <Opcode : 'load' 'store'> <Ports = 2> <Width = 32> <Depth = 64> <RAM>
ST_2 : Operation 123 [1/1] (0.00ns)   --->   "br label %loop_input_A2_end" [Lab_7_MM_HLS/matrixmul.cpp:89]   --->   Operation 123 'br' <Predicate = (!icmp_ln83 & trunc_ln89 == 0)> <Delay = 0.00>
ST_2 : Operation 124 [1/1] (0.00ns)   --->   "%input_A_7_addr = getelementptr [8 x float]* %input_A_7, i64 0, i64 %zext_ln89" [Lab_7_MM_HLS/matrixmul.cpp:89]   --->   Operation 124 'getelementptr' 'input_A_7_addr' <Predicate = (!icmp_ln83 & trunc_ln89 == 7)> <Delay = 0.00>
ST_2 : Operation 125 [1/1] (2.32ns)   --->   "store float %tmp_data, float* %input_A_7_addr, align 4" [Lab_7_MM_HLS/matrixmul.cpp:89]   --->   Operation 125 'store' <Predicate = (!icmp_ln83 & trunc_ln89 == 7)> <Delay = 2.32> <Core = "RAM">   --->   Core 37 'RAM' <Latency = 1> <II = 1> <Delay = 3.25> <Storage> <Opcode : 'load' 'store'> <Ports = 2> <Width = 32> <Depth = 64> <RAM>
ST_2 : Operation 126 [1/1] (0.00ns)   --->   "br label %loop_input_A2_end" [Lab_7_MM_HLS/matrixmul.cpp:89]   --->   Operation 126 'br' <Predicate = (!icmp_ln83 & trunc_ln89 == 7)> <Delay = 0.00>
ST_2 : Operation 127 [1/1] (0.00ns)   --->   "%empty = call i32 (...)* @_ssdm_op_SpecRegionEnd([14 x i8]* @p_str6, i32 %tmp_3)" [Lab_7_MM_HLS/matrixmul.cpp:90]   --->   Operation 127 'specregionend' 'empty' <Predicate = (!icmp_ln83)> <Delay = 0.00>
ST_2 : Operation 128 [1/1] (1.73ns)   --->   "%col = add i4 %select_ln89, 1" [Lab_7_MM_HLS/matrixmul.cpp:85]   --->   Operation 128 'add' 'col' <Predicate = (!icmp_ln83)> <Delay = 1.73> <Core = "AddSub">   --->   Core 14 'AddSub' <Latency = 0> <II = 1> <Delay = 1.73> <FuncUnit> <Opcode : 'add' 'sub'> <InPorts = 2> <OutPorts = 1>
ST_2 : Operation 129 [1/1] (0.00ns)   --->   "br label %1"   --->   Operation 129 'br' <Predicate = (!icmp_ln83)> <Delay = 0.00>

State 3 <SV = 2> <Delay = 1.76>
ST_3 : Operation 130 [1/1] (1.76ns)   --->   "br label %.preheader21.preheader" [Lab_7_MM_HLS/matrixmul.cpp:93]   --->   Operation 130 'br' <Predicate = true> <Delay = 1.76>

State 4 <SV = 3> <Delay = 4.64>
ST_4 : Operation 131 [1/1] (0.00ns)   --->   "%indvar_flatten19 = phi i7 [ %add_ln93, %loop_input_B2_end ], [ 0, %.preheader21.preheader.preheader ]" [Lab_7_MM_HLS/matrixmul.cpp:93]   --->   Operation 131 'phi' 'indvar_flatten19' <Predicate = true> <Delay = 0.00>
ST_4 : Operation 132 [1/1] (0.00ns)   --->   "%row_1 = phi i4 [ %select_ln99_1, %loop_input_B2_end ], [ 0, %.preheader21.preheader.preheader ]" [Lab_7_MM_HLS/matrixmul.cpp:99]   --->   Operation 132 'phi' 'row_1' <Predicate = true> <Delay = 0.00>
ST_4 : Operation 133 [1/1] (0.00ns)   --->   "%col_1 = phi i4 [ %col_5, %loop_input_B2_end ], [ 0, %.preheader21.preheader.preheader ]"   --->   Operation 133 'phi' 'col_1' <Predicate = true> <Delay = 0.00>
ST_4 : Operation 134 [1/1] (1.48ns)   --->   "%icmp_ln93 = icmp eq i7 %indvar_flatten19, -64" [Lab_7_MM_HLS/matrixmul.cpp:93]   --->   Operation 134 'icmp' 'icmp_ln93' <Predicate = true> <Delay = 1.48> <Core = "Cmp">   --->   Core 25 'Cmp' <Latency = 0> <II = 1> <Delay = 0.95> <FuncUnit> <Opcode : 'icmp'> <InPorts = 2> <OutPorts = 1>
ST_4 : Operation 135 [1/1] (1.87ns)   --->   "%add_ln93 = add i7 %indvar_flatten19, 1" [Lab_7_MM_HLS/matrixmul.cpp:93]   --->   Operation 135 'add' 'add_ln93' <Predicate = true> <Delay = 1.87> <Core = "AddSub">   --->   Core 14 'AddSub' <Latency = 0> <II = 1> <Delay = 1.73> <FuncUnit> <Opcode : 'add' 'sub'> <InPorts = 2> <OutPorts = 1>
ST_4 : Operation 136 [1/1] (0.00ns)   --->   "br i1 %icmp_ln93, label %.preheader20.preheader.preheader, label %loop_input_B2_begin" [Lab_7_MM_HLS/matrixmul.cpp:93]   --->   Operation 136 'br' <Predicate = true> <Delay = 0.00>
ST_4 : Operation 137 [1/1] (1.73ns)   --->   "%row_4 = add i4 1, %row_1" [Lab_7_MM_HLS/matrixmul.cpp:93]   --->   Operation 137 'add' 'row_4' <Predicate = (!icmp_ln93)> <Delay = 1.73> <Core = "AddSub">   --->   Core 14 'AddSub' <Latency = 0> <II = 1> <Delay = 1.73> <FuncUnit> <Opcode : 'add' 'sub'> <InPorts = 2> <OutPorts = 1>
ST_4 : Operation 138 [1/1] (0.00ns)   --->   "call void (...)* @_ssdm_op_SpecLoopName([28 x i8]* @loop_input_B1_loop_i)"   --->   Operation 138 'specloopname' <Predicate = (!icmp_ln93)> <Delay = 0.00>
ST_4 : Operation 139 [1/1] (0.00ns)   --->   "%empty_6 = call i32 (...)* @_ssdm_op_SpecLoopTripCount(i64 64, i64 64, i64 64)"   --->   Operation 139 'speclooptripcount' 'empty_6' <Predicate = (!icmp_ln93)> <Delay = 0.00>
ST_4 : Operation 140 [1/1] (1.30ns)   --->   "%icmp_ln95 = icmp eq i4 %col_1, -8" [Lab_7_MM_HLS/matrixmul.cpp:95]   --->   Operation 140 'icmp' 'icmp_ln95' <Predicate = (!icmp_ln93)> <Delay = 1.30> <Core = "Cmp">   --->   Core 25 'Cmp' <Latency = 0> <II = 1> <Delay = 0.95> <FuncUnit> <Opcode : 'icmp'> <InPorts = 2> <OutPorts = 1>
ST_4 : Operation 141 [1/1] (1.02ns)   --->   "%select_ln99 = select i1 %icmp_ln95, i4 0, i4 %col_1" [Lab_7_MM_HLS/matrixmul.cpp:99]   --->   Operation 141 'select' 'select_ln99' <Predicate = (!icmp_ln93)> <Delay = 1.02> <Core = "Sel">   --->   Core 26 'Sel' <Latency = 0> <II = 1> <Delay = 1.02> <FuncUnit> <Opcode : 'select'> <InPorts = 3> <OutPorts = 1>
ST_4 : Operation 142 [1/1] (1.02ns)   --->   "%select_ln99_1 = select i1 %icmp_ln95, i4 %row_4, i4 %row_1" [Lab_7_MM_HLS/matrixmul.cpp:99]   --->   Operation 142 'select' 'select_ln99_1' <Predicate = (!icmp_ln93)> <Delay = 1.02> <Core = "Sel">   --->   Core 26 'Sel' <Latency = 0> <II = 1> <Delay = 1.02> <FuncUnit> <Opcode : 'select'> <InPorts = 3> <OutPorts = 1>
ST_4 : Operation 143 [1/1] (0.00ns)   --->   "%trunc_ln99 = trunc i4 %select_ln99_1 to i3" [Lab_7_MM_HLS/matrixmul.cpp:99]   --->   Operation 143 'trunc' 'trunc_ln99' <Predicate = (!icmp_ln93)> <Delay = 0.00>
ST_4 : Operation 144 [1/1] (0.00ns)   --->   "call void (...)* @_ssdm_op_SpecLoopName([14 x i8]* @p_str8) nounwind" [Lab_7_MM_HLS/matrixmul.cpp:96]   --->   Operation 144 'specloopname' <Predicate = (!icmp_ln93)> <Delay = 0.00>
ST_4 : Operation 145 [1/1] (0.00ns)   --->   "%tmp_5 = call i32 (...)* @_ssdm_op_SpecRegionBegin([14 x i8]* @p_str8)" [Lab_7_MM_HLS/matrixmul.cpp:96]   --->   Operation 145 'specregionbegin' 'tmp_5' <Predicate = (!icmp_ln93)> <Delay = 0.00>
ST_4 : Operation 146 [1/1] (0.00ns)   --->   "call void (...)* @_ssdm_op_SpecPipeline(i32 -1, i32 1, i32 1, i32 0, [1 x i8]* @p_str1) nounwind" [Lab_7_MM_HLS/matrixmul.cpp:97]   --->   Operation 146 'specpipeline' <Predicate = (!icmp_ln93)> <Delay = 0.00>
ST_4 : Operation 147 [1/1] (0.00ns)   --->   "%empty_7 = call { float, i1 } @_ssdm_op_Read.axis.volatile.floatP.i1P(float* %in_A_V_data, i1* %in_A_V_last_V)" [Lab_7_MM_HLS/matrixmul.cpp:98]   --->   Operation 147 'read' 'empty_7' <Predicate = (!icmp_ln93)> <Delay = 0.00> <Core = "AXI4Stream">   --->   Core 5 'AXI4Stream' <Latency = 0> <II = 1> <Delay = 1.00> <Adapter> <Opcode : >
ST_4 : Operation 148 [1/1] (0.00ns)   --->   "%tmp_data_1 = extractvalue { float, i1 } %empty_7, 0" [Lab_7_MM_HLS/matrixmul.cpp:98]   --->   Operation 148 'extractvalue' 'tmp_data_1' <Predicate = (!icmp_ln93)> <Delay = 0.00>
ST_4 : Operation 149 [1/1] (0.00ns)   --->   "%zext_ln99 = zext i4 %select_ln99 to i64" [Lab_7_MM_HLS/matrixmul.cpp:99]   --->   Operation 149 'zext' 'zext_ln99' <Predicate = (!icmp_ln93)> <Delay = 0.00>
ST_4 : Operation 150 [1/1] (0.00ns)   --->   "%input_B_0_addr = getelementptr [8 x float]* %input_B_0, i64 0, i64 %zext_ln99" [Lab_7_MM_HLS/matrixmul.cpp:99]   --->   Operation 150 'getelementptr' 'input_B_0_addr' <Predicate = (!icmp_ln93)> <Delay = 0.00>
ST_4 : Operation 151 [1/1] (0.00ns)   --->   "%input_B_1_addr = getelementptr [8 x float]* %input_B_1, i64 0, i64 %zext_ln99" [Lab_7_MM_HLS/matrixmul.cpp:99]   --->   Operation 151 'getelementptr' 'input_B_1_addr' <Predicate = (!icmp_ln93)> <Delay = 0.00>
ST_4 : Operation 152 [1/1] (0.00ns)   --->   "%input_B_2_addr = getelementptr [8 x float]* %input_B_2, i64 0, i64 %zext_ln99" [Lab_7_MM_HLS/matrixmul.cpp:99]   --->   Operation 152 'getelementptr' 'input_B_2_addr' <Predicate = (!icmp_ln93)> <Delay = 0.00>
ST_4 : Operation 153 [1/1] (0.00ns)   --->   "%input_B_3_addr = getelementptr [8 x float]* %input_B_3, i64 0, i64 %zext_ln99" [Lab_7_MM_HLS/matrixmul.cpp:99]   --->   Operation 153 'getelementptr' 'input_B_3_addr' <Predicate = (!icmp_ln93)> <Delay = 0.00>
ST_4 : Operation 154 [1/1] (0.00ns)   --->   "%input_B_4_addr = getelementptr [8 x float]* %input_B_4, i64 0, i64 %zext_ln99" [Lab_7_MM_HLS/matrixmul.cpp:99]   --->   Operation 154 'getelementptr' 'input_B_4_addr' <Predicate = (!icmp_ln93)> <Delay = 0.00>
ST_4 : Operation 155 [1/1] (0.00ns)   --->   "%input_B_5_addr = getelementptr [8 x float]* %input_B_5, i64 0, i64 %zext_ln99" [Lab_7_MM_HLS/matrixmul.cpp:99]   --->   Operation 155 'getelementptr' 'input_B_5_addr' <Predicate = (!icmp_ln93)> <Delay = 0.00>
ST_4 : Operation 156 [1/1] (0.00ns)   --->   "%input_B_6_addr = getelementptr [8 x float]* %input_B_6, i64 0, i64 %zext_ln99" [Lab_7_MM_HLS/matrixmul.cpp:99]   --->   Operation 156 'getelementptr' 'input_B_6_addr' <Predicate = (!icmp_ln93)> <Delay = 0.00>
ST_4 : Operation 157 [1/1] (0.00ns)   --->   "%input_B_7_addr = getelementptr [8 x float]* %input_B_7, i64 0, i64 %zext_ln99" [Lab_7_MM_HLS/matrixmul.cpp:99]   --->   Operation 157 'getelementptr' 'input_B_7_addr' <Predicate = (!icmp_ln93)> <Delay = 0.00>
ST_4 : Operation 158 [1/1] (1.36ns)   --->   "switch i3 %trunc_ln99, label %branch15 [
    i3 0, label %branch8
    i3 1, label %branch9
    i3 2, label %branch10
    i3 3, label %branch11
    i3 -4, label %branch12
    i3 -3, label %branch13
    i3 -2, label %branch14
  ]" [Lab_7_MM_HLS/matrixmul.cpp:99]   --->   Operation 158 'switch' <Predicate = (!icmp_ln93)> <Delay = 1.36>
ST_4 : Operation 159 [1/1] (2.32ns)   --->   "store float %tmp_data_1, float* %input_B_6_addr, align 4" [Lab_7_MM_HLS/matrixmul.cpp:99]   --->   Operation 159 'store' <Predicate = (!icmp_ln93 & trunc_ln99 == 6)> <Delay = 2.32> <Core = "RAM">   --->   Core 37 'RAM' <Latency = 1> <II = 1> <Delay = 3.25> <Storage> <Opcode : 'load' 'store'> <Ports = 2> <Width = 32> <Depth = 64> <RAM>
ST_4 : Operation 160 [1/1] (0.00ns)   --->   "br label %loop_input_B2_end" [Lab_7_MM_HLS/matrixmul.cpp:99]   --->   Operation 160 'br' <Predicate = (!icmp_ln93 & trunc_ln99 == 6)> <Delay = 0.00>
ST_4 : Operation 161 [1/1] (2.32ns)   --->   "store float %tmp_data_1, float* %input_B_5_addr, align 4" [Lab_7_MM_HLS/matrixmul.cpp:99]   --->   Operation 161 'store' <Predicate = (!icmp_ln93 & trunc_ln99 == 5)> <Delay = 2.32> <Core = "RAM">   --->   Core 37 'RAM' <Latency = 1> <II = 1> <Delay = 3.25> <Storage> <Opcode : 'load' 'store'> <Ports = 2> <Width = 32> <Depth = 64> <RAM>
ST_4 : Operation 162 [1/1] (0.00ns)   --->   "br label %loop_input_B2_end" [Lab_7_MM_HLS/matrixmul.cpp:99]   --->   Operation 162 'br' <Predicate = (!icmp_ln93 & trunc_ln99 == 5)> <Delay = 0.00>
ST_4 : Operation 163 [1/1] (2.32ns)   --->   "store float %tmp_data_1, float* %input_B_4_addr, align 4" [Lab_7_MM_HLS/matrixmul.cpp:99]   --->   Operation 163 'store' <Predicate = (!icmp_ln93 & trunc_ln99 == 4)> <Delay = 2.32> <Core = "RAM">   --->   Core 37 'RAM' <Latency = 1> <II = 1> <Delay = 3.25> <Storage> <Opcode : 'load' 'store'> <Ports = 2> <Width = 32> <Depth = 64> <RAM>
ST_4 : Operation 164 [1/1] (0.00ns)   --->   "br label %loop_input_B2_end" [Lab_7_MM_HLS/matrixmul.cpp:99]   --->   Operation 164 'br' <Predicate = (!icmp_ln93 & trunc_ln99 == 4)> <Delay = 0.00>
ST_4 : Operation 165 [1/1] (2.32ns)   --->   "store float %tmp_data_1, float* %input_B_3_addr, align 4" [Lab_7_MM_HLS/matrixmul.cpp:99]   --->   Operation 165 'store' <Predicate = (!icmp_ln93 & trunc_ln99 == 3)> <Delay = 2.32> <Core = "RAM">   --->   Core 37 'RAM' <Latency = 1> <II = 1> <Delay = 3.25> <Storage> <Opcode : 'load' 'store'> <Ports = 2> <Width = 32> <Depth = 64> <RAM>
ST_4 : Operation 166 [1/1] (0.00ns)   --->   "br label %loop_input_B2_end" [Lab_7_MM_HLS/matrixmul.cpp:99]   --->   Operation 166 'br' <Predicate = (!icmp_ln93 & trunc_ln99 == 3)> <Delay = 0.00>
ST_4 : Operation 167 [1/1] (2.32ns)   --->   "store float %tmp_data_1, float* %input_B_2_addr, align 4" [Lab_7_MM_HLS/matrixmul.cpp:99]   --->   Operation 167 'store' <Predicate = (!icmp_ln93 & trunc_ln99 == 2)> <Delay = 2.32> <Core = "RAM">   --->   Core 37 'RAM' <Latency = 1> <II = 1> <Delay = 3.25> <Storage> <Opcode : 'load' 'store'> <Ports = 2> <Width = 32> <Depth = 64> <RAM>
ST_4 : Operation 168 [1/1] (0.00ns)   --->   "br label %loop_input_B2_end" [Lab_7_MM_HLS/matrixmul.cpp:99]   --->   Operation 168 'br' <Predicate = (!icmp_ln93 & trunc_ln99 == 2)> <Delay = 0.00>
ST_4 : Operation 169 [1/1] (2.32ns)   --->   "store float %tmp_data_1, float* %input_B_1_addr, align 4" [Lab_7_MM_HLS/matrixmul.cpp:99]   --->   Operation 169 'store' <Predicate = (!icmp_ln93 & trunc_ln99 == 1)> <Delay = 2.32> <Core = "RAM">   --->   Core 37 'RAM' <Latency = 1> <II = 1> <Delay = 3.25> <Storage> <Opcode : 'load' 'store'> <Ports = 2> <Width = 32> <Depth = 64> <RAM>
ST_4 : Operation 170 [1/1] (0.00ns)   --->   "br label %loop_input_B2_end" [Lab_7_MM_HLS/matrixmul.cpp:99]   --->   Operation 170 'br' <Predicate = (!icmp_ln93 & trunc_ln99 == 1)> <Delay = 0.00>
ST_4 : Operation 171 [1/1] (2.32ns)   --->   "store float %tmp_data_1, float* %input_B_0_addr, align 4" [Lab_7_MM_HLS/matrixmul.cpp:99]   --->   Operation 171 'store' <Predicate = (!icmp_ln93 & trunc_ln99 == 0)> <Delay = 2.32> <Core = "RAM">   --->   Core 37 'RAM' <Latency = 1> <II = 1> <Delay = 3.25> <Storage> <Opcode : 'load' 'store'> <Ports = 2> <Width = 32> <Depth = 64> <RAM>
ST_4 : Operation 172 [1/1] (0.00ns)   --->   "br label %loop_input_B2_end" [Lab_7_MM_HLS/matrixmul.cpp:99]   --->   Operation 172 'br' <Predicate = (!icmp_ln93 & trunc_ln99 == 0)> <Delay = 0.00>
ST_4 : Operation 173 [1/1] (2.32ns)   --->   "store float %tmp_data_1, float* %input_B_7_addr, align 4" [Lab_7_MM_HLS/matrixmul.cpp:99]   --->   Operation 173 'store' <Predicate = (!icmp_ln93 & trunc_ln99 == 7)> <Delay = 2.32> <Core = "RAM">   --->   Core 37 'RAM' <Latency = 1> <II = 1> <Delay = 3.25> <Storage> <Opcode : 'load' 'store'> <Ports = 2> <Width = 32> <Depth = 64> <RAM>
ST_4 : Operation 174 [1/1] (0.00ns)   --->   "br label %loop_input_B2_end" [Lab_7_MM_HLS/matrixmul.cpp:99]   --->   Operation 174 'br' <Predicate = (!icmp_ln93 & trunc_ln99 == 7)> <Delay = 0.00>
ST_4 : Operation 175 [1/1] (0.00ns)   --->   "%empty_5 = call i32 (...)* @_ssdm_op_SpecRegionEnd([14 x i8]* @p_str8, i32 %tmp_5)" [Lab_7_MM_HLS/matrixmul.cpp:100]   --->   Operation 175 'specregionend' 'empty_5' <Predicate = (!icmp_ln93)> <Delay = 0.00>
ST_4 : Operation 176 [1/1] (1.73ns)   --->   "%col_5 = add i4 %select_ln99, 1" [Lab_7_MM_HLS/matrixmul.cpp:95]   --->   Operation 176 'add' 'col_5' <Predicate = (!icmp_ln93)> <Delay = 1.73> <Core = "AddSub">   --->   Core 14 'AddSub' <Latency = 0> <II = 1> <Delay = 1.73> <FuncUnit> <Opcode : 'add' 'sub'> <InPorts = 2> <OutPorts = 1>
ST_4 : Operation 177 [1/1] (0.00ns)   --->   "br label %.preheader21.preheader"   --->   Operation 177 'br' <Predicate = (!icmp_ln93)> <Delay = 0.00>

State 5 <SV = 4> <Delay = 1.76>
ST_5 : Operation 178 [1/1] (1.76ns)   --->   "br label %.preheader20.preheader" [Lab_7_MM_HLS/matrixmul.cpp:104]   --->   Operation 178 'br' <Predicate = true> <Delay = 1.76>

State 6 <SV = 5> <Delay = 5.08>
ST_6 : Operation 179 [1/1] (0.00ns)   --->   "%indvar_flatten39 = phi i7 [ %add_ln104, %loop2 ], [ 0, %.preheader20.preheader.preheader ]" [Lab_7_MM_HLS/matrixmul.cpp:104]   --->   Operation 179 'phi' 'indvar_flatten39' <Predicate = true> <Delay = 0.00>
ST_6 : Operation 180 [1/1] (0.00ns)   --->   "%row_2 = phi i4 [ %select_ln109_1, %loop2 ], [ 0, %.preheader20.preheader.preheader ]" [Lab_7_MM_HLS/matrixmul.cpp:109]   --->   Operation 180 'phi' 'row_2' <Predicate = true> <Delay = 0.00>
ST_6 : Operation 181 [1/1] (0.00ns)   --->   "%col_2 = phi i4 [ %col_4, %loop2 ], [ 0, %.preheader20.preheader.preheader ]"   --->   Operation 181 'phi' 'col_2' <Predicate = true> <Delay = 0.00>
ST_6 : Operation 182 [1/1] (1.48ns)   --->   "%icmp_ln104 = icmp eq i7 %indvar_flatten39, -64" [Lab_7_MM_HLS/matrixmul.cpp:104]   --->   Operation 182 'icmp' 'icmp_ln104' <Predicate = true> <Delay = 1.48> <Core = "Cmp">   --->   Core 25 'Cmp' <Latency = 0> <II = 1> <Delay = 0.95> <FuncUnit> <Opcode : 'icmp'> <InPorts = 2> <OutPorts = 1>
ST_6 : Operation 183 [1/1] (1.87ns)   --->   "%add_ln104 = add i7 %indvar_flatten39, 1" [Lab_7_MM_HLS/matrixmul.cpp:104]   --->   Operation 183 'add' 'add_ln104' <Predicate = true> <Delay = 1.87> <Core = "AddSub">   --->   Core 14 'AddSub' <Latency = 0> <II = 1> <Delay = 1.73> <FuncUnit> <Opcode : 'add' 'sub'> <InPorts = 2> <OutPorts = 1>
ST_6 : Operation 184 [1/1] (0.00ns)   --->   "br i1 %icmp_ln104, label %.preheader.preheader.preheader, label %loop2" [Lab_7_MM_HLS/matrixmul.cpp:104]   --->   Operation 184 'br' <Predicate = true> <Delay = 0.00>
ST_6 : Operation 185 [1/1] (1.73ns)   --->   "%row_5 = add i4 %row_2, 1" [Lab_7_MM_HLS/matrixmul.cpp:104]   --->   Operation 185 'add' 'row_5' <Predicate = (!icmp_ln104)> <Delay = 1.73> <Core = "AddSub">   --->   Core 14 'AddSub' <Latency = 0> <II = 1> <Delay = 1.73> <FuncUnit> <Opcode : 'add' 'sub'> <InPorts = 2> <OutPorts = 1>
ST_6 : Operation 186 [1/1] (1.30ns)   --->   "%icmp_ln105 = icmp eq i4 %col_2, -8" [Lab_7_MM_HLS/matrixmul.cpp:105]   --->   Operation 186 'icmp' 'icmp_ln105' <Predicate = (!icmp_ln104)> <Delay = 1.30> <Core = "Cmp">   --->   Core 25 'Cmp' <Latency = 0> <II = 1> <Delay = 0.95> <FuncUnit> <Opcode : 'icmp'> <InPorts = 2> <OutPorts = 1>
ST_6 : Operation 187 [1/1] (1.02ns)   --->   "%select_ln109 = select i1 %icmp_ln105, i4 0, i4 %col_2" [Lab_7_MM_HLS/matrixmul.cpp:109]   --->   Operation 187 'select' 'select_ln109' <Predicate = (!icmp_ln104)> <Delay = 1.02> <Core = "Sel">   --->   Core 26 'Sel' <Latency = 0> <II = 1> <Delay = 1.02> <FuncUnit> <Opcode : 'select'> <InPorts = 3> <OutPorts = 1>
ST_6 : Operation 188 [1/1] (1.02ns)   --->   "%select_ln109_1 = select i1 %icmp_ln105, i4 %row_5, i4 %row_2" [Lab_7_MM_HLS/matrixmul.cpp:109]   --->   Operation 188 'select' 'select_ln109_1' <Predicate = (!icmp_ln104)> <Delay = 1.02> <Core = "Sel">   --->   Core 26 'Sel' <Latency = 0> <II = 1> <Delay = 1.02> <FuncUnit> <Opcode : 'select'> <InPorts = 3> <OutPorts = 1>
ST_6 : Operation 189 [1/1] (0.00ns)   --->   "%zext_ln109_2 = zext i4 %select_ln109_1 to i64" [Lab_7_MM_HLS/matrixmul.cpp:109]   --->   Operation 189 'zext' 'zext_ln109_2' <Predicate = (!icmp_ln104)> <Delay = 0.00>
ST_6 : Operation 190 [1/1] (0.00ns)   --->   "%input_A_0_addr_1 = getelementptr [8 x float]* %input_A_0, i64 0, i64 %zext_ln109_2" [Lab_7_MM_HLS/matrixmul.cpp:109]   --->   Operation 190 'getelementptr' 'input_A_0_addr_1' <Predicate = (!icmp_ln104)> <Delay = 0.00>
ST_6 : Operation 191 [2/2] (2.32ns)   --->   "%input_A_0_load = load float* %input_A_0_addr_1, align 4" [Lab_7_MM_HLS/matrixmul.cpp:109]   --->   Operation 191 'load' 'input_A_0_load' <Predicate = (!icmp_ln104)> <Delay = 2.32> <Core = "RAM">   --->   Core 37 'RAM' <Latency = 1> <II = 1> <Delay = 3.25> <Storage> <Opcode : 'load' 'store'> <Ports = 2> <Width = 32> <Depth = 64> <RAM>
ST_6 : Operation 192 [1/1] (0.00ns)   --->   "%zext_ln109_1 = zext i4 %select_ln109 to i64" [Lab_7_MM_HLS/matrixmul.cpp:109]   --->   Operation 192 'zext' 'zext_ln109_1' <Predicate = (!icmp_ln104)> <Delay = 0.00>
ST_6 : Operation 193 [1/1] (0.00ns)   --->   "%input_B_0_addr_1 = getelementptr [8 x float]* %input_B_0, i64 0, i64 %zext_ln109_1" [Lab_7_MM_HLS/matrixmul.cpp:109]   --->   Operation 193 'getelementptr' 'input_B_0_addr_1' <Predicate = (!icmp_ln104)> <Delay = 0.00>
ST_6 : Operation 194 [2/2] (2.32ns)   --->   "%input_B_0_load = load float* %input_B_0_addr_1, align 4" [Lab_7_MM_HLS/matrixmul.cpp:109]   --->   Operation 194 'load' 'input_B_0_load' <Predicate = (!icmp_ln104)> <Delay = 2.32> <Core = "RAM">   --->   Core 37 'RAM' <Latency = 1> <II = 1> <Delay = 3.25> <Storage> <Opcode : 'load' 'store'> <Ports = 2> <Width = 32> <Depth = 64> <RAM>
ST_6 : Operation 195 [1/1] (1.73ns)   --->   "%col_4 = add i4 %select_ln109, 1" [Lab_7_MM_HLS/matrixmul.cpp:105]   --->   Operation 195 'add' 'col_4' <Predicate = (!icmp_ln104)> <Delay = 1.73> <Core = "AddSub">   --->   Core 14 'AddSub' <Latency = 0> <II = 1> <Delay = 1.73> <FuncUnit> <Opcode : 'add' 'sub'> <InPorts = 2> <OutPorts = 1>

State 7 <SV = 6> <Delay = 8.02>
ST_7 : Operation 196 [1/2] (2.32ns)   --->   "%input_A_0_load = load float* %input_A_0_addr_1, align 4" [Lab_7_MM_HLS/matrixmul.cpp:109]   --->   Operation 196 'load' 'input_A_0_load' <Predicate = (!icmp_ln104)> <Delay = 2.32> <Core = "RAM">   --->   Core 37 'RAM' <Latency = 1> <II = 1> <Delay = 3.25> <Storage> <Opcode : 'load' 'store'> <Ports = 2> <Width = 32> <Depth = 64> <RAM>
ST_7 : Operation 197 [1/2] (2.32ns)   --->   "%input_B_0_load = load float* %input_B_0_addr_1, align 4" [Lab_7_MM_HLS/matrixmul.cpp:109]   --->   Operation 197 'load' 'input_B_0_load' <Predicate = (!icmp_ln104)> <Delay = 2.32> <Core = "RAM">   --->   Core 37 'RAM' <Latency = 1> <II = 1> <Delay = 3.25> <Storage> <Opcode : 'load' 'store'> <Ports = 2> <Width = 32> <Depth = 64> <RAM>
ST_7 : Operation 198 [4/4] (5.70ns)   --->   "%tmp_s = fmul float %input_A_0_load, %input_B_0_load" [Lab_7_MM_HLS/matrixmul.cpp:109]   --->   Operation 198 'fmul' 'tmp_s' <Predicate = (!icmp_ln104)> <Delay = 5.70> <Core = "FMul">   --->   Core 106 'FMul' <Latency = 3> <II = 1> <Delay = 5.70> <FuncUnit> <Opcode : 'fmul'> <InPorts = 2> <OutPorts = 1>

State 8 <SV = 7> <Delay = 5.70>
ST_8 : Operation 199 [3/4] (5.70ns)   --->   "%tmp_s = fmul float %input_A_0_load, %input_B_0_load" [Lab_7_MM_HLS/matrixmul.cpp:109]   --->   Operation 199 'fmul' 'tmp_s' <Predicate = (!icmp_ln104)> <Delay = 5.70> <Core = "FMul">   --->   Core 106 'FMul' <Latency = 3> <II = 1> <Delay = 5.70> <FuncUnit> <Opcode : 'fmul'> <InPorts = 2> <OutPorts = 1>

State 9 <SV = 8> <Delay = 5.70>
ST_9 : Operation 200 [2/4] (5.70ns)   --->   "%tmp_s = fmul float %input_A_0_load, %input_B_0_load" [Lab_7_MM_HLS/matrixmul.cpp:109]   --->   Operation 200 'fmul' 'tmp_s' <Predicate = (!icmp_ln104)> <Delay = 5.70> <Core = "FMul">   --->   Core 106 'FMul' <Latency = 3> <II = 1> <Delay = 5.70> <FuncUnit> <Opcode : 'fmul'> <InPorts = 2> <OutPorts = 1>

State 10 <SV = 9> <Delay = 5.70>
ST_10 : Operation 201 [1/4] (5.70ns)   --->   "%tmp_s = fmul float %input_A_0_load, %input_B_0_load" [Lab_7_MM_HLS/matrixmul.cpp:109]   --->   Operation 201 'fmul' 'tmp_s' <Predicate = (!icmp_ln104)> <Delay = 5.70> <Core = "FMul">   --->   Core 106 'FMul' <Latency = 3> <II = 1> <Delay = 5.70> <FuncUnit> <Opcode : 'fmul'> <InPorts = 2> <OutPorts = 1>

State 11 <SV = 10> <Delay = 7.25>
ST_11 : Operation 202 [1/1] (0.00ns)   --->   "%input_A_1_addr_1 = getelementptr [8 x float]* %input_A_1, i64 0, i64 %zext_ln109_2" [Lab_7_MM_HLS/matrixmul.cpp:109]   --->   Operation 202 'getelementptr' 'input_A_1_addr_1' <Predicate = (!icmp_ln104)> <Delay = 0.00>
ST_11 : Operation 203 [2/2] (2.32ns)   --->   "%input_A_1_load = load float* %input_A_1_addr_1, align 4" [Lab_7_MM_HLS/matrixmul.cpp:109]   --->   Operation 203 'load' 'input_A_1_load' <Predicate = (!icmp_ln104)> <Delay = 2.32> <Core = "RAM">   --->   Core 37 'RAM' <Latency = 1> <II = 1> <Delay = 3.25> <Storage> <Opcode : 'load' 'store'> <Ports = 2> <Width = 32> <Depth = 64> <RAM>
ST_11 : Operation 204 [5/5] (7.25ns)   --->   "%res_s = fadd float %tmp_s, 0.000000e+00" [Lab_7_MM_HLS/matrixmul.cpp:109]   --->   Operation 204 'fadd' 'res_s' <Predicate = (!icmp_ln104)> <Delay = 7.25> <Core = "FAddSub">   --->   Core 105 'FAddSub' <Latency = 4> <II = 1> <Delay = 7.25> <FuncUnit> <Opcode : 'fadd' 'fsub'> <InPorts = 2> <OutPorts = 1>
ST_11 : Operation 205 [1/1] (0.00ns)   --->   "%input_B_1_addr_1 = getelementptr [8 x float]* %input_B_1, i64 0, i64 %zext_ln109_1" [Lab_7_MM_HLS/matrixmul.cpp:109]   --->   Operation 205 'getelementptr' 'input_B_1_addr_1' <Predicate = (!icmp_ln104)> <Delay = 0.00>
ST_11 : Operation 206 [2/2] (2.32ns)   --->   "%input_B_1_load = load float* %input_B_1_addr_1, align 4" [Lab_7_MM_HLS/matrixmul.cpp:109]   --->   Operation 206 'load' 'input_B_1_load' <Predicate = (!icmp_ln104)> <Delay = 2.32> <Core = "RAM">   --->   Core 37 'RAM' <Latency = 1> <II = 1> <Delay = 3.25> <Storage> <Opcode : 'load' 'store'> <Ports = 2> <Width = 32> <Depth = 64> <RAM>

State 12 <SV = 11> <Delay = 8.02>
ST_12 : Operation 207 [1/2] (2.32ns)   --->   "%input_A_1_load = load float* %input_A_1_addr_1, align 4" [Lab_7_MM_HLS/matrixmul.cpp:109]   --->   Operation 207 'load' 'input_A_1_load' <Predicate = (!icmp_ln104)> <Delay = 2.32> <Core = "RAM">   --->   Core 37 'RAM' <Latency = 1> <II = 1> <Delay = 3.25> <Storage> <Opcode : 'load' 'store'> <Ports = 2> <Width = 32> <Depth = 64> <RAM>
ST_12 : Operation 208 [4/5] (7.25ns)   --->   "%res_s = fadd float %tmp_s, 0.000000e+00" [Lab_7_MM_HLS/matrixmul.cpp:109]   --->   Operation 208 'fadd' 'res_s' <Predicate = (!icmp_ln104)> <Delay = 7.25> <Core = "FAddSub">   --->   Core 105 'FAddSub' <Latency = 4> <II = 1> <Delay = 7.25> <FuncUnit> <Opcode : 'fadd' 'fsub'> <InPorts = 2> <OutPorts = 1>
ST_12 : Operation 209 [1/2] (2.32ns)   --->   "%input_B_1_load = load float* %input_B_1_addr_1, align 4" [Lab_7_MM_HLS/matrixmul.cpp:109]   --->   Operation 209 'load' 'input_B_1_load' <Predicate = (!icmp_ln104)> <Delay = 2.32> <Core = "RAM">   --->   Core 37 'RAM' <Latency = 1> <II = 1> <Delay = 3.25> <Storage> <Opcode : 'load' 'store'> <Ports = 2> <Width = 32> <Depth = 64> <RAM>
ST_12 : Operation 210 [4/4] (5.70ns)   --->   "%tmp_3_1 = fmul float %input_A_1_load, %input_B_1_load" [Lab_7_MM_HLS/matrixmul.cpp:109]   --->   Operation 210 'fmul' 'tmp_3_1' <Predicate = (!icmp_ln104)> <Delay = 5.70> <Core = "FMul">   --->   Core 106 'FMul' <Latency = 3> <II = 1> <Delay = 5.70> <FuncUnit> <Opcode : 'fmul'> <InPorts = 2> <OutPorts = 1>

State 13 <SV = 12> <Delay = 7.25>
ST_13 : Operation 211 [3/5] (7.25ns)   --->   "%res_s = fadd float %tmp_s, 0.000000e+00" [Lab_7_MM_HLS/matrixmul.cpp:109]   --->   Operation 211 'fadd' 'res_s' <Predicate = (!icmp_ln104)> <Delay = 7.25> <Core = "FAddSub">   --->   Core 105 'FAddSub' <Latency = 4> <II = 1> <Delay = 7.25> <FuncUnit> <Opcode : 'fadd' 'fsub'> <InPorts = 2> <OutPorts = 1>
ST_13 : Operation 212 [3/4] (5.70ns)   --->   "%tmp_3_1 = fmul float %input_A_1_load, %input_B_1_load" [Lab_7_MM_HLS/matrixmul.cpp:109]   --->   Operation 212 'fmul' 'tmp_3_1' <Predicate = (!icmp_ln104)> <Delay = 5.70> <Core = "FMul">   --->   Core 106 'FMul' <Latency = 3> <II = 1> <Delay = 5.70> <FuncUnit> <Opcode : 'fmul'> <InPorts = 2> <OutPorts = 1>

State 14 <SV = 13> <Delay = 7.25>
ST_14 : Operation 213 [2/5] (7.25ns)   --->   "%res_s = fadd float %tmp_s, 0.000000e+00" [Lab_7_MM_HLS/matrixmul.cpp:109]   --->   Operation 213 'fadd' 'res_s' <Predicate = (!icmp_ln104)> <Delay = 7.25> <Core = "FAddSub">   --->   Core 105 'FAddSub' <Latency = 4> <II = 1> <Delay = 7.25> <FuncUnit> <Opcode : 'fadd' 'fsub'> <InPorts = 2> <OutPorts = 1>
ST_14 : Operation 214 [2/4] (5.70ns)   --->   "%tmp_3_1 = fmul float %input_A_1_load, %input_B_1_load" [Lab_7_MM_HLS/matrixmul.cpp:109]   --->   Operation 214 'fmul' 'tmp_3_1' <Predicate = (!icmp_ln104)> <Delay = 5.70> <Core = "FMul">   --->   Core 106 'FMul' <Latency = 3> <II = 1> <Delay = 5.70> <FuncUnit> <Opcode : 'fmul'> <InPorts = 2> <OutPorts = 1>

State 15 <SV = 14> <Delay = 7.25>
ST_15 : Operation 215 [1/5] (7.25ns)   --->   "%res_s = fadd float %tmp_s, 0.000000e+00" [Lab_7_MM_HLS/matrixmul.cpp:109]   --->   Operation 215 'fadd' 'res_s' <Predicate = (!icmp_ln104)> <Delay = 7.25> <Core = "FAddSub">   --->   Core 105 'FAddSub' <Latency = 4> <II = 1> <Delay = 7.25> <FuncUnit> <Opcode : 'fadd' 'fsub'> <InPorts = 2> <OutPorts = 1>
ST_15 : Operation 216 [1/4] (5.70ns)   --->   "%tmp_3_1 = fmul float %input_A_1_load, %input_B_1_load" [Lab_7_MM_HLS/matrixmul.cpp:109]   --->   Operation 216 'fmul' 'tmp_3_1' <Predicate = (!icmp_ln104)> <Delay = 5.70> <Core = "FMul">   --->   Core 106 'FMul' <Latency = 3> <II = 1> <Delay = 5.70> <FuncUnit> <Opcode : 'fmul'> <InPorts = 2> <OutPorts = 1>

State 16 <SV = 15> <Delay = 7.25>
ST_16 : Operation 217 [1/1] (0.00ns)   --->   "%input_A_2_addr_1 = getelementptr [8 x float]* %input_A_2, i64 0, i64 %zext_ln109_2" [Lab_7_MM_HLS/matrixmul.cpp:109]   --->   Operation 217 'getelementptr' 'input_A_2_addr_1' <Predicate = (!icmp_ln104)> <Delay = 0.00>
ST_16 : Operation 218 [2/2] (2.32ns)   --->   "%input_A_2_load = load float* %input_A_2_addr_1, align 4" [Lab_7_MM_HLS/matrixmul.cpp:109]   --->   Operation 218 'load' 'input_A_2_load' <Predicate = (!icmp_ln104)> <Delay = 2.32> <Core = "RAM">   --->   Core 37 'RAM' <Latency = 1> <II = 1> <Delay = 3.25> <Storage> <Opcode : 'load' 'store'> <Ports = 2> <Width = 32> <Depth = 64> <RAM>
ST_16 : Operation 219 [5/5] (7.25ns)   --->   "%res_1 = fadd float %res_s, %tmp_3_1" [Lab_7_MM_HLS/matrixmul.cpp:109]   --->   Operation 219 'fadd' 'res_1' <Predicate = (!icmp_ln104)> <Delay = 7.25> <Core = "FAddSub">   --->   Core 105 'FAddSub' <Latency = 4> <II = 1> <Delay = 7.25> <FuncUnit> <Opcode : 'fadd' 'fsub'> <InPorts = 2> <OutPorts = 1>
ST_16 : Operation 220 [1/1] (0.00ns)   --->   "%input_B_2_addr_1 = getelementptr [8 x float]* %input_B_2, i64 0, i64 %zext_ln109_1" [Lab_7_MM_HLS/matrixmul.cpp:109]   --->   Operation 220 'getelementptr' 'input_B_2_addr_1' <Predicate = (!icmp_ln104)> <Delay = 0.00>
ST_16 : Operation 221 [2/2] (2.32ns)   --->   "%input_B_2_load = load float* %input_B_2_addr_1, align 4" [Lab_7_MM_HLS/matrixmul.cpp:109]   --->   Operation 221 'load' 'input_B_2_load' <Predicate = (!icmp_ln104)> <Delay = 2.32> <Core = "RAM">   --->   Core 37 'RAM' <Latency = 1> <II = 1> <Delay = 3.25> <Storage> <Opcode : 'load' 'store'> <Ports = 2> <Width = 32> <Depth = 64> <RAM>

State 17 <SV = 16> <Delay = 8.02>
ST_17 : Operation 222 [1/2] (2.32ns)   --->   "%input_A_2_load = load float* %input_A_2_addr_1, align 4" [Lab_7_MM_HLS/matrixmul.cpp:109]   --->   Operation 222 'load' 'input_A_2_load' <Predicate = (!icmp_ln104)> <Delay = 2.32> <Core = "RAM">   --->   Core 37 'RAM' <Latency = 1> <II = 1> <Delay = 3.25> <Storage> <Opcode : 'load' 'store'> <Ports = 2> <Width = 32> <Depth = 64> <RAM>
ST_17 : Operation 223 [4/5] (7.25ns)   --->   "%res_1 = fadd float %res_s, %tmp_3_1" [Lab_7_MM_HLS/matrixmul.cpp:109]   --->   Operation 223 'fadd' 'res_1' <Predicate = (!icmp_ln104)> <Delay = 7.25> <Core = "FAddSub">   --->   Core 105 'FAddSub' <Latency = 4> <II = 1> <Delay = 7.25> <FuncUnit> <Opcode : 'fadd' 'fsub'> <InPorts = 2> <OutPorts = 1>
ST_17 : Operation 224 [1/2] (2.32ns)   --->   "%input_B_2_load = load float* %input_B_2_addr_1, align 4" [Lab_7_MM_HLS/matrixmul.cpp:109]   --->   Operation 224 'load' 'input_B_2_load' <Predicate = (!icmp_ln104)> <Delay = 2.32> <Core = "RAM">   --->   Core 37 'RAM' <Latency = 1> <II = 1> <Delay = 3.25> <Storage> <Opcode : 'load' 'store'> <Ports = 2> <Width = 32> <Depth = 64> <RAM>
ST_17 : Operation 225 [4/4] (5.70ns)   --->   "%tmp_3_2 = fmul float %input_A_2_load, %input_B_2_load" [Lab_7_MM_HLS/matrixmul.cpp:109]   --->   Operation 225 'fmul' 'tmp_3_2' <Predicate = (!icmp_ln104)> <Delay = 5.70> <Core = "FMul">   --->   Core 106 'FMul' <Latency = 3> <II = 1> <Delay = 5.70> <FuncUnit> <Opcode : 'fmul'> <InPorts = 2> <OutPorts = 1>

State 18 <SV = 17> <Delay = 7.25>
ST_18 : Operation 226 [3/5] (7.25ns)   --->   "%res_1 = fadd float %res_s, %tmp_3_1" [Lab_7_MM_HLS/matrixmul.cpp:109]   --->   Operation 226 'fadd' 'res_1' <Predicate = (!icmp_ln104)> <Delay = 7.25> <Core = "FAddSub">   --->   Core 105 'FAddSub' <Latency = 4> <II = 1> <Delay = 7.25> <FuncUnit> <Opcode : 'fadd' 'fsub'> <InPorts = 2> <OutPorts = 1>
ST_18 : Operation 227 [3/4] (5.70ns)   --->   "%tmp_3_2 = fmul float %input_A_2_load, %input_B_2_load" [Lab_7_MM_HLS/matrixmul.cpp:109]   --->   Operation 227 'fmul' 'tmp_3_2' <Predicate = (!icmp_ln104)> <Delay = 5.70> <Core = "FMul">   --->   Core 106 'FMul' <Latency = 3> <II = 1> <Delay = 5.70> <FuncUnit> <Opcode : 'fmul'> <InPorts = 2> <OutPorts = 1>

State 19 <SV = 18> <Delay = 7.25>
ST_19 : Operation 228 [2/5] (7.25ns)   --->   "%res_1 = fadd float %res_s, %tmp_3_1" [Lab_7_MM_HLS/matrixmul.cpp:109]   --->   Operation 228 'fadd' 'res_1' <Predicate = (!icmp_ln104)> <Delay = 7.25> <Core = "FAddSub">   --->   Core 105 'FAddSub' <Latency = 4> <II = 1> <Delay = 7.25> <FuncUnit> <Opcode : 'fadd' 'fsub'> <InPorts = 2> <OutPorts = 1>
ST_19 : Operation 229 [2/4] (5.70ns)   --->   "%tmp_3_2 = fmul float %input_A_2_load, %input_B_2_load" [Lab_7_MM_HLS/matrixmul.cpp:109]   --->   Operation 229 'fmul' 'tmp_3_2' <Predicate = (!icmp_ln104)> <Delay = 5.70> <Core = "FMul">   --->   Core 106 'FMul' <Latency = 3> <II = 1> <Delay = 5.70> <FuncUnit> <Opcode : 'fmul'> <InPorts = 2> <OutPorts = 1>

State 20 <SV = 19> <Delay = 7.25>
ST_20 : Operation 230 [1/5] (7.25ns)   --->   "%res_1 = fadd float %res_s, %tmp_3_1" [Lab_7_MM_HLS/matrixmul.cpp:109]   --->   Operation 230 'fadd' 'res_1' <Predicate = (!icmp_ln104)> <Delay = 7.25> <Core = "FAddSub">   --->   Core 105 'FAddSub' <Latency = 4> <II = 1> <Delay = 7.25> <FuncUnit> <Opcode : 'fadd' 'fsub'> <InPorts = 2> <OutPorts = 1>
ST_20 : Operation 231 [1/4] (5.70ns)   --->   "%tmp_3_2 = fmul float %input_A_2_load, %input_B_2_load" [Lab_7_MM_HLS/matrixmul.cpp:109]   --->   Operation 231 'fmul' 'tmp_3_2' <Predicate = (!icmp_ln104)> <Delay = 5.70> <Core = "FMul">   --->   Core 106 'FMul' <Latency = 3> <II = 1> <Delay = 5.70> <FuncUnit> <Opcode : 'fmul'> <InPorts = 2> <OutPorts = 1>

State 21 <SV = 20> <Delay = 7.25>
ST_21 : Operation 232 [1/1] (0.00ns)   --->   "%input_A_3_addr_1 = getelementptr [8 x float]* %input_A_3, i64 0, i64 %zext_ln109_2" [Lab_7_MM_HLS/matrixmul.cpp:109]   --->   Operation 232 'getelementptr' 'input_A_3_addr_1' <Predicate = (!icmp_ln104)> <Delay = 0.00>
ST_21 : Operation 233 [2/2] (2.32ns)   --->   "%input_A_3_load = load float* %input_A_3_addr_1, align 4" [Lab_7_MM_HLS/matrixmul.cpp:109]   --->   Operation 233 'load' 'input_A_3_load' <Predicate = (!icmp_ln104)> <Delay = 2.32> <Core = "RAM">   --->   Core 37 'RAM' <Latency = 1> <II = 1> <Delay = 3.25> <Storage> <Opcode : 'load' 'store'> <Ports = 2> <Width = 32> <Depth = 64> <RAM>
ST_21 : Operation 234 [5/5] (7.25ns)   --->   "%res_2 = fadd float %res_1, %tmp_3_2" [Lab_7_MM_HLS/matrixmul.cpp:109]   --->   Operation 234 'fadd' 'res_2' <Predicate = (!icmp_ln104)> <Delay = 7.25> <Core = "FAddSub">   --->   Core 105 'FAddSub' <Latency = 4> <II = 1> <Delay = 7.25> <FuncUnit> <Opcode : 'fadd' 'fsub'> <InPorts = 2> <OutPorts = 1>
ST_21 : Operation 235 [1/1] (0.00ns)   --->   "%input_B_3_addr_1 = getelementptr [8 x float]* %input_B_3, i64 0, i64 %zext_ln109_1" [Lab_7_MM_HLS/matrixmul.cpp:109]   --->   Operation 235 'getelementptr' 'input_B_3_addr_1' <Predicate = (!icmp_ln104)> <Delay = 0.00>
ST_21 : Operation 236 [2/2] (2.32ns)   --->   "%input_B_3_load = load float* %input_B_3_addr_1, align 4" [Lab_7_MM_HLS/matrixmul.cpp:109]   --->   Operation 236 'load' 'input_B_3_load' <Predicate = (!icmp_ln104)> <Delay = 2.32> <Core = "RAM">   --->   Core 37 'RAM' <Latency = 1> <II = 1> <Delay = 3.25> <Storage> <Opcode : 'load' 'store'> <Ports = 2> <Width = 32> <Depth = 64> <RAM>

State 22 <SV = 21> <Delay = 8.02>
ST_22 : Operation 237 [1/2] (2.32ns)   --->   "%input_A_3_load = load float* %input_A_3_addr_1, align 4" [Lab_7_MM_HLS/matrixmul.cpp:109]   --->   Operation 237 'load' 'input_A_3_load' <Predicate = (!icmp_ln104)> <Delay = 2.32> <Core = "RAM">   --->   Core 37 'RAM' <Latency = 1> <II = 1> <Delay = 3.25> <Storage> <Opcode : 'load' 'store'> <Ports = 2> <Width = 32> <Depth = 64> <RAM>
ST_22 : Operation 238 [4/5] (7.25ns)   --->   "%res_2 = fadd float %res_1, %tmp_3_2" [Lab_7_MM_HLS/matrixmul.cpp:109]   --->   Operation 238 'fadd' 'res_2' <Predicate = (!icmp_ln104)> <Delay = 7.25> <Core = "FAddSub">   --->   Core 105 'FAddSub' <Latency = 4> <II = 1> <Delay = 7.25> <FuncUnit> <Opcode : 'fadd' 'fsub'> <InPorts = 2> <OutPorts = 1>
ST_22 : Operation 239 [1/2] (2.32ns)   --->   "%input_B_3_load = load float* %input_B_3_addr_1, align 4" [Lab_7_MM_HLS/matrixmul.cpp:109]   --->   Operation 239 'load' 'input_B_3_load' <Predicate = (!icmp_ln104)> <Delay = 2.32> <Core = "RAM">   --->   Core 37 'RAM' <Latency = 1> <II = 1> <Delay = 3.25> <Storage> <Opcode : 'load' 'store'> <Ports = 2> <Width = 32> <Depth = 64> <RAM>
ST_22 : Operation 240 [4/4] (5.70ns)   --->   "%tmp_3_3 = fmul float %input_A_3_load, %input_B_3_load" [Lab_7_MM_HLS/matrixmul.cpp:109]   --->   Operation 240 'fmul' 'tmp_3_3' <Predicate = (!icmp_ln104)> <Delay = 5.70> <Core = "FMul">   --->   Core 106 'FMul' <Latency = 3> <II = 1> <Delay = 5.70> <FuncUnit> <Opcode : 'fmul'> <InPorts = 2> <OutPorts = 1>

State 23 <SV = 22> <Delay = 7.25>
ST_23 : Operation 241 [3/5] (7.25ns)   --->   "%res_2 = fadd float %res_1, %tmp_3_2" [Lab_7_MM_HLS/matrixmul.cpp:109]   --->   Operation 241 'fadd' 'res_2' <Predicate = (!icmp_ln104)> <Delay = 7.25> <Core = "FAddSub">   --->   Core 105 'FAddSub' <Latency = 4> <II = 1> <Delay = 7.25> <FuncUnit> <Opcode : 'fadd' 'fsub'> <InPorts = 2> <OutPorts = 1>
ST_23 : Operation 242 [3/4] (5.70ns)   --->   "%tmp_3_3 = fmul float %input_A_3_load, %input_B_3_load" [Lab_7_MM_HLS/matrixmul.cpp:109]   --->   Operation 242 'fmul' 'tmp_3_3' <Predicate = (!icmp_ln104)> <Delay = 5.70> <Core = "FMul">   --->   Core 106 'FMul' <Latency = 3> <II = 1> <Delay = 5.70> <FuncUnit> <Opcode : 'fmul'> <InPorts = 2> <OutPorts = 1>

State 24 <SV = 23> <Delay = 7.25>
ST_24 : Operation 243 [2/5] (7.25ns)   --->   "%res_2 = fadd float %res_1, %tmp_3_2" [Lab_7_MM_HLS/matrixmul.cpp:109]   --->   Operation 243 'fadd' 'res_2' <Predicate = (!icmp_ln104)> <Delay = 7.25> <Core = "FAddSub">   --->   Core 105 'FAddSub' <Latency = 4> <II = 1> <Delay = 7.25> <FuncUnit> <Opcode : 'fadd' 'fsub'> <InPorts = 2> <OutPorts = 1>
ST_24 : Operation 244 [2/4] (5.70ns)   --->   "%tmp_3_3 = fmul float %input_A_3_load, %input_B_3_load" [Lab_7_MM_HLS/matrixmul.cpp:109]   --->   Operation 244 'fmul' 'tmp_3_3' <Predicate = (!icmp_ln104)> <Delay = 5.70> <Core = "FMul">   --->   Core 106 'FMul' <Latency = 3> <II = 1> <Delay = 5.70> <FuncUnit> <Opcode : 'fmul'> <InPorts = 2> <OutPorts = 1>

State 25 <SV = 24> <Delay = 7.25>
ST_25 : Operation 245 [1/5] (7.25ns)   --->   "%res_2 = fadd float %res_1, %tmp_3_2" [Lab_7_MM_HLS/matrixmul.cpp:109]   --->   Operation 245 'fadd' 'res_2' <Predicate = (!icmp_ln104)> <Delay = 7.25> <Core = "FAddSub">   --->   Core 105 'FAddSub' <Latency = 4> <II = 1> <Delay = 7.25> <FuncUnit> <Opcode : 'fadd' 'fsub'> <InPorts = 2> <OutPorts = 1>
ST_25 : Operation 246 [1/4] (5.70ns)   --->   "%tmp_3_3 = fmul float %input_A_3_load, %input_B_3_load" [Lab_7_MM_HLS/matrixmul.cpp:109]   --->   Operation 246 'fmul' 'tmp_3_3' <Predicate = (!icmp_ln104)> <Delay = 5.70> <Core = "FMul">   --->   Core 106 'FMul' <Latency = 3> <II = 1> <Delay = 5.70> <FuncUnit> <Opcode : 'fmul'> <InPorts = 2> <OutPorts = 1>

State 26 <SV = 25> <Delay = 7.25>
ST_26 : Operation 247 [1/1] (0.00ns)   --->   "%input_A_4_addr_1 = getelementptr [8 x float]* %input_A_4, i64 0, i64 %zext_ln109_2" [Lab_7_MM_HLS/matrixmul.cpp:109]   --->   Operation 247 'getelementptr' 'input_A_4_addr_1' <Predicate = (!icmp_ln104)> <Delay = 0.00>
ST_26 : Operation 248 [2/2] (2.32ns)   --->   "%input_A_4_load = load float* %input_A_4_addr_1, align 4" [Lab_7_MM_HLS/matrixmul.cpp:109]   --->   Operation 248 'load' 'input_A_4_load' <Predicate = (!icmp_ln104)> <Delay = 2.32> <Core = "RAM">   --->   Core 37 'RAM' <Latency = 1> <II = 1> <Delay = 3.25> <Storage> <Opcode : 'load' 'store'> <Ports = 2> <Width = 32> <Depth = 64> <RAM>
ST_26 : Operation 249 [5/5] (7.25ns)   --->   "%res_3 = fadd float %res_2, %tmp_3_3" [Lab_7_MM_HLS/matrixmul.cpp:109]   --->   Operation 249 'fadd' 'res_3' <Predicate = (!icmp_ln104)> <Delay = 7.25> <Core = "FAddSub">   --->   Core 105 'FAddSub' <Latency = 4> <II = 1> <Delay = 7.25> <FuncUnit> <Opcode : 'fadd' 'fsub'> <InPorts = 2> <OutPorts = 1>
ST_26 : Operation 250 [1/1] (0.00ns)   --->   "%input_B_4_addr_1 = getelementptr [8 x float]* %input_B_4, i64 0, i64 %zext_ln109_1" [Lab_7_MM_HLS/matrixmul.cpp:109]   --->   Operation 250 'getelementptr' 'input_B_4_addr_1' <Predicate = (!icmp_ln104)> <Delay = 0.00>
ST_26 : Operation 251 [2/2] (2.32ns)   --->   "%input_B_4_load = load float* %input_B_4_addr_1, align 4" [Lab_7_MM_HLS/matrixmul.cpp:109]   --->   Operation 251 'load' 'input_B_4_load' <Predicate = (!icmp_ln104)> <Delay = 2.32> <Core = "RAM">   --->   Core 37 'RAM' <Latency = 1> <II = 1> <Delay = 3.25> <Storage> <Opcode : 'load' 'store'> <Ports = 2> <Width = 32> <Depth = 64> <RAM>

State 27 <SV = 26> <Delay = 8.02>
ST_27 : Operation 252 [1/2] (2.32ns)   --->   "%input_A_4_load = load float* %input_A_4_addr_1, align 4" [Lab_7_MM_HLS/matrixmul.cpp:109]   --->   Operation 252 'load' 'input_A_4_load' <Predicate = (!icmp_ln104)> <Delay = 2.32> <Core = "RAM">   --->   Core 37 'RAM' <Latency = 1> <II = 1> <Delay = 3.25> <Storage> <Opcode : 'load' 'store'> <Ports = 2> <Width = 32> <Depth = 64> <RAM>
ST_27 : Operation 253 [4/5] (7.25ns)   --->   "%res_3 = fadd float %res_2, %tmp_3_3" [Lab_7_MM_HLS/matrixmul.cpp:109]   --->   Operation 253 'fadd' 'res_3' <Predicate = (!icmp_ln104)> <Delay = 7.25> <Core = "FAddSub">   --->   Core 105 'FAddSub' <Latency = 4> <II = 1> <Delay = 7.25> <FuncUnit> <Opcode : 'fadd' 'fsub'> <InPorts = 2> <OutPorts = 1>
ST_27 : Operation 254 [1/2] (2.32ns)   --->   "%input_B_4_load = load float* %input_B_4_addr_1, align 4" [Lab_7_MM_HLS/matrixmul.cpp:109]   --->   Operation 254 'load' 'input_B_4_load' <Predicate = (!icmp_ln104)> <Delay = 2.32> <Core = "RAM">   --->   Core 37 'RAM' <Latency = 1> <II = 1> <Delay = 3.25> <Storage> <Opcode : 'load' 'store'> <Ports = 2> <Width = 32> <Depth = 64> <RAM>
ST_27 : Operation 255 [4/4] (5.70ns)   --->   "%tmp_3_4 = fmul float %input_A_4_load, %input_B_4_load" [Lab_7_MM_HLS/matrixmul.cpp:109]   --->   Operation 255 'fmul' 'tmp_3_4' <Predicate = (!icmp_ln104)> <Delay = 5.70> <Core = "FMul">   --->   Core 106 'FMul' <Latency = 3> <II = 1> <Delay = 5.70> <FuncUnit> <Opcode : 'fmul'> <InPorts = 2> <OutPorts = 1>

State 28 <SV = 27> <Delay = 7.25>
ST_28 : Operation 256 [3/5] (7.25ns)   --->   "%res_3 = fadd float %res_2, %tmp_3_3" [Lab_7_MM_HLS/matrixmul.cpp:109]   --->   Operation 256 'fadd' 'res_3' <Predicate = (!icmp_ln104)> <Delay = 7.25> <Core = "FAddSub">   --->   Core 105 'FAddSub' <Latency = 4> <II = 1> <Delay = 7.25> <FuncUnit> <Opcode : 'fadd' 'fsub'> <InPorts = 2> <OutPorts = 1>
ST_28 : Operation 257 [3/4] (5.70ns)   --->   "%tmp_3_4 = fmul float %input_A_4_load, %input_B_4_load" [Lab_7_MM_HLS/matrixmul.cpp:109]   --->   Operation 257 'fmul' 'tmp_3_4' <Predicate = (!icmp_ln104)> <Delay = 5.70> <Core = "FMul">   --->   Core 106 'FMul' <Latency = 3> <II = 1> <Delay = 5.70> <FuncUnit> <Opcode : 'fmul'> <InPorts = 2> <OutPorts = 1>

State 29 <SV = 28> <Delay = 7.25>
ST_29 : Operation 258 [2/5] (7.25ns)   --->   "%res_3 = fadd float %res_2, %tmp_3_3" [Lab_7_MM_HLS/matrixmul.cpp:109]   --->   Operation 258 'fadd' 'res_3' <Predicate = (!icmp_ln104)> <Delay = 7.25> <Core = "FAddSub">   --->   Core 105 'FAddSub' <Latency = 4> <II = 1> <Delay = 7.25> <FuncUnit> <Opcode : 'fadd' 'fsub'> <InPorts = 2> <OutPorts = 1>
ST_29 : Operation 259 [2/4] (5.70ns)   --->   "%tmp_3_4 = fmul float %input_A_4_load, %input_B_4_load" [Lab_7_MM_HLS/matrixmul.cpp:109]   --->   Operation 259 'fmul' 'tmp_3_4' <Predicate = (!icmp_ln104)> <Delay = 5.70> <Core = "FMul">   --->   Core 106 'FMul' <Latency = 3> <II = 1> <Delay = 5.70> <FuncUnit> <Opcode : 'fmul'> <InPorts = 2> <OutPorts = 1>

State 30 <SV = 29> <Delay = 7.25>
ST_30 : Operation 260 [1/5] (7.25ns)   --->   "%res_3 = fadd float %res_2, %tmp_3_3" [Lab_7_MM_HLS/matrixmul.cpp:109]   --->   Operation 260 'fadd' 'res_3' <Predicate = (!icmp_ln104)> <Delay = 7.25> <Core = "FAddSub">   --->   Core 105 'FAddSub' <Latency = 4> <II = 1> <Delay = 7.25> <FuncUnit> <Opcode : 'fadd' 'fsub'> <InPorts = 2> <OutPorts = 1>
ST_30 : Operation 261 [1/4] (5.70ns)   --->   "%tmp_3_4 = fmul float %input_A_4_load, %input_B_4_load" [Lab_7_MM_HLS/matrixmul.cpp:109]   --->   Operation 261 'fmul' 'tmp_3_4' <Predicate = (!icmp_ln104)> <Delay = 5.70> <Core = "FMul">   --->   Core 106 'FMul' <Latency = 3> <II = 1> <Delay = 5.70> <FuncUnit> <Opcode : 'fmul'> <InPorts = 2> <OutPorts = 1>

State 31 <SV = 30> <Delay = 7.25>
ST_31 : Operation 262 [1/1] (0.00ns)   --->   "%input_A_5_addr_1 = getelementptr [8 x float]* %input_A_5, i64 0, i64 %zext_ln109_2" [Lab_7_MM_HLS/matrixmul.cpp:109]   --->   Operation 262 'getelementptr' 'input_A_5_addr_1' <Predicate = (!icmp_ln104)> <Delay = 0.00>
ST_31 : Operation 263 [2/2] (2.32ns)   --->   "%input_A_5_load = load float* %input_A_5_addr_1, align 4" [Lab_7_MM_HLS/matrixmul.cpp:109]   --->   Operation 263 'load' 'input_A_5_load' <Predicate = (!icmp_ln104)> <Delay = 2.32> <Core = "RAM">   --->   Core 37 'RAM' <Latency = 1> <II = 1> <Delay = 3.25> <Storage> <Opcode : 'load' 'store'> <Ports = 2> <Width = 32> <Depth = 64> <RAM>
ST_31 : Operation 264 [5/5] (7.25ns)   --->   "%res_4 = fadd float %res_3, %tmp_3_4" [Lab_7_MM_HLS/matrixmul.cpp:109]   --->   Operation 264 'fadd' 'res_4' <Predicate = (!icmp_ln104)> <Delay = 7.25> <Core = "FAddSub">   --->   Core 105 'FAddSub' <Latency = 4> <II = 1> <Delay = 7.25> <FuncUnit> <Opcode : 'fadd' 'fsub'> <InPorts = 2> <OutPorts = 1>
ST_31 : Operation 265 [1/1] (0.00ns)   --->   "%input_B_5_addr_1 = getelementptr [8 x float]* %input_B_5, i64 0, i64 %zext_ln109_1" [Lab_7_MM_HLS/matrixmul.cpp:109]   --->   Operation 265 'getelementptr' 'input_B_5_addr_1' <Predicate = (!icmp_ln104)> <Delay = 0.00>
ST_31 : Operation 266 [2/2] (2.32ns)   --->   "%input_B_5_load = load float* %input_B_5_addr_1, align 4" [Lab_7_MM_HLS/matrixmul.cpp:109]   --->   Operation 266 'load' 'input_B_5_load' <Predicate = (!icmp_ln104)> <Delay = 2.32> <Core = "RAM">   --->   Core 37 'RAM' <Latency = 1> <II = 1> <Delay = 3.25> <Storage> <Opcode : 'load' 'store'> <Ports = 2> <Width = 32> <Depth = 64> <RAM>

State 32 <SV = 31> <Delay = 8.02>
ST_32 : Operation 267 [1/2] (2.32ns)   --->   "%input_A_5_load = load float* %input_A_5_addr_1, align 4" [Lab_7_MM_HLS/matrixmul.cpp:109]   --->   Operation 267 'load' 'input_A_5_load' <Predicate = (!icmp_ln104)> <Delay = 2.32> <Core = "RAM">   --->   Core 37 'RAM' <Latency = 1> <II = 1> <Delay = 3.25> <Storage> <Opcode : 'load' 'store'> <Ports = 2> <Width = 32> <Depth = 64> <RAM>
ST_32 : Operation 268 [4/5] (7.25ns)   --->   "%res_4 = fadd float %res_3, %tmp_3_4" [Lab_7_MM_HLS/matrixmul.cpp:109]   --->   Operation 268 'fadd' 'res_4' <Predicate = (!icmp_ln104)> <Delay = 7.25> <Core = "FAddSub">   --->   Core 105 'FAddSub' <Latency = 4> <II = 1> <Delay = 7.25> <FuncUnit> <Opcode : 'fadd' 'fsub'> <InPorts = 2> <OutPorts = 1>
ST_32 : Operation 269 [1/2] (2.32ns)   --->   "%input_B_5_load = load float* %input_B_5_addr_1, align 4" [Lab_7_MM_HLS/matrixmul.cpp:109]   --->   Operation 269 'load' 'input_B_5_load' <Predicate = (!icmp_ln104)> <Delay = 2.32> <Core = "RAM">   --->   Core 37 'RAM' <Latency = 1> <II = 1> <Delay = 3.25> <Storage> <Opcode : 'load' 'store'> <Ports = 2> <Width = 32> <Depth = 64> <RAM>
ST_32 : Operation 270 [4/4] (5.70ns)   --->   "%tmp_3_5 = fmul float %input_A_5_load, %input_B_5_load" [Lab_7_MM_HLS/matrixmul.cpp:109]   --->   Operation 270 'fmul' 'tmp_3_5' <Predicate = (!icmp_ln104)> <Delay = 5.70> <Core = "FMul">   --->   Core 106 'FMul' <Latency = 3> <II = 1> <Delay = 5.70> <FuncUnit> <Opcode : 'fmul'> <InPorts = 2> <OutPorts = 1>

State 33 <SV = 32> <Delay = 7.25>
ST_33 : Operation 271 [3/5] (7.25ns)   --->   "%res_4 = fadd float %res_3, %tmp_3_4" [Lab_7_MM_HLS/matrixmul.cpp:109]   --->   Operation 271 'fadd' 'res_4' <Predicate = (!icmp_ln104)> <Delay = 7.25> <Core = "FAddSub">   --->   Core 105 'FAddSub' <Latency = 4> <II = 1> <Delay = 7.25> <FuncUnit> <Opcode : 'fadd' 'fsub'> <InPorts = 2> <OutPorts = 1>
ST_33 : Operation 272 [3/4] (5.70ns)   --->   "%tmp_3_5 = fmul float %input_A_5_load, %input_B_5_load" [Lab_7_MM_HLS/matrixmul.cpp:109]   --->   Operation 272 'fmul' 'tmp_3_5' <Predicate = (!icmp_ln104)> <Delay = 5.70> <Core = "FMul">   --->   Core 106 'FMul' <Latency = 3> <II = 1> <Delay = 5.70> <FuncUnit> <Opcode : 'fmul'> <InPorts = 2> <OutPorts = 1>

State 34 <SV = 33> <Delay = 7.25>
ST_34 : Operation 273 [2/5] (7.25ns)   --->   "%res_4 = fadd float %res_3, %tmp_3_4" [Lab_7_MM_HLS/matrixmul.cpp:109]   --->   Operation 273 'fadd' 'res_4' <Predicate = (!icmp_ln104)> <Delay = 7.25> <Core = "FAddSub">   --->   Core 105 'FAddSub' <Latency = 4> <II = 1> <Delay = 7.25> <FuncUnit> <Opcode : 'fadd' 'fsub'> <InPorts = 2> <OutPorts = 1>
ST_34 : Operation 274 [2/4] (5.70ns)   --->   "%tmp_3_5 = fmul float %input_A_5_load, %input_B_5_load" [Lab_7_MM_HLS/matrixmul.cpp:109]   --->   Operation 274 'fmul' 'tmp_3_5' <Predicate = (!icmp_ln104)> <Delay = 5.70> <Core = "FMul">   --->   Core 106 'FMul' <Latency = 3> <II = 1> <Delay = 5.70> <FuncUnit> <Opcode : 'fmul'> <InPorts = 2> <OutPorts = 1>

State 35 <SV = 34> <Delay = 7.25>
ST_35 : Operation 275 [1/5] (7.25ns)   --->   "%res_4 = fadd float %res_3, %tmp_3_4" [Lab_7_MM_HLS/matrixmul.cpp:109]   --->   Operation 275 'fadd' 'res_4' <Predicate = (!icmp_ln104)> <Delay = 7.25> <Core = "FAddSub">   --->   Core 105 'FAddSub' <Latency = 4> <II = 1> <Delay = 7.25> <FuncUnit> <Opcode : 'fadd' 'fsub'> <InPorts = 2> <OutPorts = 1>
ST_35 : Operation 276 [1/4] (5.70ns)   --->   "%tmp_3_5 = fmul float %input_A_5_load, %input_B_5_load" [Lab_7_MM_HLS/matrixmul.cpp:109]   --->   Operation 276 'fmul' 'tmp_3_5' <Predicate = (!icmp_ln104)> <Delay = 5.70> <Core = "FMul">   --->   Core 106 'FMul' <Latency = 3> <II = 1> <Delay = 5.70> <FuncUnit> <Opcode : 'fmul'> <InPorts = 2> <OutPorts = 1>

State 36 <SV = 35> <Delay = 7.25>
ST_36 : Operation 277 [1/1] (0.00ns)   --->   "%input_A_6_addr_1 = getelementptr [8 x float]* %input_A_6, i64 0, i64 %zext_ln109_2" [Lab_7_MM_HLS/matrixmul.cpp:109]   --->   Operation 277 'getelementptr' 'input_A_6_addr_1' <Predicate = (!icmp_ln104)> <Delay = 0.00>
ST_36 : Operation 278 [2/2] (2.32ns)   --->   "%input_A_6_load = load float* %input_A_6_addr_1, align 4" [Lab_7_MM_HLS/matrixmul.cpp:109]   --->   Operation 278 'load' 'input_A_6_load' <Predicate = (!icmp_ln104)> <Delay = 2.32> <Core = "RAM">   --->   Core 37 'RAM' <Latency = 1> <II = 1> <Delay = 3.25> <Storage> <Opcode : 'load' 'store'> <Ports = 2> <Width = 32> <Depth = 64> <RAM>
ST_36 : Operation 279 [5/5] (7.25ns)   --->   "%res_5 = fadd float %res_4, %tmp_3_5" [Lab_7_MM_HLS/matrixmul.cpp:109]   --->   Operation 279 'fadd' 'res_5' <Predicate = (!icmp_ln104)> <Delay = 7.25> <Core = "FAddSub">   --->   Core 105 'FAddSub' <Latency = 4> <II = 1> <Delay = 7.25> <FuncUnit> <Opcode : 'fadd' 'fsub'> <InPorts = 2> <OutPorts = 1>
ST_36 : Operation 280 [1/1] (0.00ns)   --->   "%input_B_6_addr_1 = getelementptr [8 x float]* %input_B_6, i64 0, i64 %zext_ln109_1" [Lab_7_MM_HLS/matrixmul.cpp:109]   --->   Operation 280 'getelementptr' 'input_B_6_addr_1' <Predicate = (!icmp_ln104)> <Delay = 0.00>
ST_36 : Operation 281 [2/2] (2.32ns)   --->   "%input_B_6_load = load float* %input_B_6_addr_1, align 4" [Lab_7_MM_HLS/matrixmul.cpp:109]   --->   Operation 281 'load' 'input_B_6_load' <Predicate = (!icmp_ln104)> <Delay = 2.32> <Core = "RAM">   --->   Core 37 'RAM' <Latency = 1> <II = 1> <Delay = 3.25> <Storage> <Opcode : 'load' 'store'> <Ports = 2> <Width = 32> <Depth = 64> <RAM>

State 37 <SV = 36> <Delay = 8.02>
ST_37 : Operation 282 [1/2] (2.32ns)   --->   "%input_A_6_load = load float* %input_A_6_addr_1, align 4" [Lab_7_MM_HLS/matrixmul.cpp:109]   --->   Operation 282 'load' 'input_A_6_load' <Predicate = (!icmp_ln104)> <Delay = 2.32> <Core = "RAM">   --->   Core 37 'RAM' <Latency = 1> <II = 1> <Delay = 3.25> <Storage> <Opcode : 'load' 'store'> <Ports = 2> <Width = 32> <Depth = 64> <RAM>
ST_37 : Operation 283 [4/5] (7.25ns)   --->   "%res_5 = fadd float %res_4, %tmp_3_5" [Lab_7_MM_HLS/matrixmul.cpp:109]   --->   Operation 283 'fadd' 'res_5' <Predicate = (!icmp_ln104)> <Delay = 7.25> <Core = "FAddSub">   --->   Core 105 'FAddSub' <Latency = 4> <II = 1> <Delay = 7.25> <FuncUnit> <Opcode : 'fadd' 'fsub'> <InPorts = 2> <OutPorts = 1>
ST_37 : Operation 284 [1/2] (2.32ns)   --->   "%input_B_6_load = load float* %input_B_6_addr_1, align 4" [Lab_7_MM_HLS/matrixmul.cpp:109]   --->   Operation 284 'load' 'input_B_6_load' <Predicate = (!icmp_ln104)> <Delay = 2.32> <Core = "RAM">   --->   Core 37 'RAM' <Latency = 1> <II = 1> <Delay = 3.25> <Storage> <Opcode : 'load' 'store'> <Ports = 2> <Width = 32> <Depth = 64> <RAM>
ST_37 : Operation 285 [4/4] (5.70ns)   --->   "%tmp_3_6 = fmul float %input_A_6_load, %input_B_6_load" [Lab_7_MM_HLS/matrixmul.cpp:109]   --->   Operation 285 'fmul' 'tmp_3_6' <Predicate = (!icmp_ln104)> <Delay = 5.70> <Core = "FMul">   --->   Core 106 'FMul' <Latency = 3> <II = 1> <Delay = 5.70> <FuncUnit> <Opcode : 'fmul'> <InPorts = 2> <OutPorts = 1>

State 38 <SV = 37> <Delay = 7.25>
ST_38 : Operation 286 [3/5] (7.25ns)   --->   "%res_5 = fadd float %res_4, %tmp_3_5" [Lab_7_MM_HLS/matrixmul.cpp:109]   --->   Operation 286 'fadd' 'res_5' <Predicate = (!icmp_ln104)> <Delay = 7.25> <Core = "FAddSub">   --->   Core 105 'FAddSub' <Latency = 4> <II = 1> <Delay = 7.25> <FuncUnit> <Opcode : 'fadd' 'fsub'> <InPorts = 2> <OutPorts = 1>
ST_38 : Operation 287 [3/4] (5.70ns)   --->   "%tmp_3_6 = fmul float %input_A_6_load, %input_B_6_load" [Lab_7_MM_HLS/matrixmul.cpp:109]   --->   Operation 287 'fmul' 'tmp_3_6' <Predicate = (!icmp_ln104)> <Delay = 5.70> <Core = "FMul">   --->   Core 106 'FMul' <Latency = 3> <II = 1> <Delay = 5.70> <FuncUnit> <Opcode : 'fmul'> <InPorts = 2> <OutPorts = 1>

State 39 <SV = 38> <Delay = 7.25>
ST_39 : Operation 288 [2/5] (7.25ns)   --->   "%res_5 = fadd float %res_4, %tmp_3_5" [Lab_7_MM_HLS/matrixmul.cpp:109]   --->   Operation 288 'fadd' 'res_5' <Predicate = (!icmp_ln104)> <Delay = 7.25> <Core = "FAddSub">   --->   Core 105 'FAddSub' <Latency = 4> <II = 1> <Delay = 7.25> <FuncUnit> <Opcode : 'fadd' 'fsub'> <InPorts = 2> <OutPorts = 1>
ST_39 : Operation 289 [2/4] (5.70ns)   --->   "%tmp_3_6 = fmul float %input_A_6_load, %input_B_6_load" [Lab_7_MM_HLS/matrixmul.cpp:109]   --->   Operation 289 'fmul' 'tmp_3_6' <Predicate = (!icmp_ln104)> <Delay = 5.70> <Core = "FMul">   --->   Core 106 'FMul' <Latency = 3> <II = 1> <Delay = 5.70> <FuncUnit> <Opcode : 'fmul'> <InPorts = 2> <OutPorts = 1>

State 40 <SV = 39> <Delay = 7.25>
ST_40 : Operation 290 [1/5] (7.25ns)   --->   "%res_5 = fadd float %res_4, %tmp_3_5" [Lab_7_MM_HLS/matrixmul.cpp:109]   --->   Operation 290 'fadd' 'res_5' <Predicate = (!icmp_ln104)> <Delay = 7.25> <Core = "FAddSub">   --->   Core 105 'FAddSub' <Latency = 4> <II = 1> <Delay = 7.25> <FuncUnit> <Opcode : 'fadd' 'fsub'> <InPorts = 2> <OutPorts = 1>
ST_40 : Operation 291 [1/4] (5.70ns)   --->   "%tmp_3_6 = fmul float %input_A_6_load, %input_B_6_load" [Lab_7_MM_HLS/matrixmul.cpp:109]   --->   Operation 291 'fmul' 'tmp_3_6' <Predicate = (!icmp_ln104)> <Delay = 5.70> <Core = "FMul">   --->   Core 106 'FMul' <Latency = 3> <II = 1> <Delay = 5.70> <FuncUnit> <Opcode : 'fmul'> <InPorts = 2> <OutPorts = 1>

State 41 <SV = 40> <Delay = 7.25>
ST_41 : Operation 292 [1/1] (0.00ns)   --->   "%input_A_7_addr_1 = getelementptr [8 x float]* %input_A_7, i64 0, i64 %zext_ln109_2" [Lab_7_MM_HLS/matrixmul.cpp:109]   --->   Operation 292 'getelementptr' 'input_A_7_addr_1' <Predicate = (!icmp_ln104)> <Delay = 0.00>
ST_41 : Operation 293 [2/2] (2.32ns)   --->   "%input_A_7_load = load float* %input_A_7_addr_1, align 4" [Lab_7_MM_HLS/matrixmul.cpp:109]   --->   Operation 293 'load' 'input_A_7_load' <Predicate = (!icmp_ln104)> <Delay = 2.32> <Core = "RAM">   --->   Core 37 'RAM' <Latency = 1> <II = 1> <Delay = 3.25> <Storage> <Opcode : 'load' 'store'> <Ports = 2> <Width = 32> <Depth = 64> <RAM>
ST_41 : Operation 294 [5/5] (7.25ns)   --->   "%res_6 = fadd float %res_5, %tmp_3_6" [Lab_7_MM_HLS/matrixmul.cpp:109]   --->   Operation 294 'fadd' 'res_6' <Predicate = (!icmp_ln104)> <Delay = 7.25> <Core = "FAddSub">   --->   Core 105 'FAddSub' <Latency = 4> <II = 1> <Delay = 7.25> <FuncUnit> <Opcode : 'fadd' 'fsub'> <InPorts = 2> <OutPorts = 1>
ST_41 : Operation 295 [1/1] (0.00ns)   --->   "%input_B_7_addr_1 = getelementptr [8 x float]* %input_B_7, i64 0, i64 %zext_ln109_1" [Lab_7_MM_HLS/matrixmul.cpp:109]   --->   Operation 295 'getelementptr' 'input_B_7_addr_1' <Predicate = (!icmp_ln104)> <Delay = 0.00>
ST_41 : Operation 296 [2/2] (2.32ns)   --->   "%input_B_7_load = load float* %input_B_7_addr_1, align 4" [Lab_7_MM_HLS/matrixmul.cpp:109]   --->   Operation 296 'load' 'input_B_7_load' <Predicate = (!icmp_ln104)> <Delay = 2.32> <Core = "RAM">   --->   Core 37 'RAM' <Latency = 1> <II = 1> <Delay = 3.25> <Storage> <Opcode : 'load' 'store'> <Ports = 2> <Width = 32> <Depth = 64> <RAM>

State 42 <SV = 41> <Delay = 8.02>
ST_42 : Operation 297 [1/2] (2.32ns)   --->   "%input_A_7_load = load float* %input_A_7_addr_1, align 4" [Lab_7_MM_HLS/matrixmul.cpp:109]   --->   Operation 297 'load' 'input_A_7_load' <Predicate = (!icmp_ln104)> <Delay = 2.32> <Core = "RAM">   --->   Core 37 'RAM' <Latency = 1> <II = 1> <Delay = 3.25> <Storage> <Opcode : 'load' 'store'> <Ports = 2> <Width = 32> <Depth = 64> <RAM>
ST_42 : Operation 298 [4/5] (7.25ns)   --->   "%res_6 = fadd float %res_5, %tmp_3_6" [Lab_7_MM_HLS/matrixmul.cpp:109]   --->   Operation 298 'fadd' 'res_6' <Predicate = (!icmp_ln104)> <Delay = 7.25> <Core = "FAddSub">   --->   Core 105 'FAddSub' <Latency = 4> <II = 1> <Delay = 7.25> <FuncUnit> <Opcode : 'fadd' 'fsub'> <InPorts = 2> <OutPorts = 1>
ST_42 : Operation 299 [1/2] (2.32ns)   --->   "%input_B_7_load = load float* %input_B_7_addr_1, align 4" [Lab_7_MM_HLS/matrixmul.cpp:109]   --->   Operation 299 'load' 'input_B_7_load' <Predicate = (!icmp_ln104)> <Delay = 2.32> <Core = "RAM">   --->   Core 37 'RAM' <Latency = 1> <II = 1> <Delay = 3.25> <Storage> <Opcode : 'load' 'store'> <Ports = 2> <Width = 32> <Depth = 64> <RAM>
ST_42 : Operation 300 [4/4] (5.70ns)   --->   "%tmp_3_7 = fmul float %input_A_7_load, %input_B_7_load" [Lab_7_MM_HLS/matrixmul.cpp:109]   --->   Operation 300 'fmul' 'tmp_3_7' <Predicate = (!icmp_ln104)> <Delay = 5.70> <Core = "FMul">   --->   Core 106 'FMul' <Latency = 3> <II = 1> <Delay = 5.70> <FuncUnit> <Opcode : 'fmul'> <InPorts = 2> <OutPorts = 1>

State 43 <SV = 42> <Delay = 7.25>
ST_43 : Operation 301 [3/5] (7.25ns)   --->   "%res_6 = fadd float %res_5, %tmp_3_6" [Lab_7_MM_HLS/matrixmul.cpp:109]   --->   Operation 301 'fadd' 'res_6' <Predicate = (!icmp_ln104)> <Delay = 7.25> <Core = "FAddSub">   --->   Core 105 'FAddSub' <Latency = 4> <II = 1> <Delay = 7.25> <FuncUnit> <Opcode : 'fadd' 'fsub'> <InPorts = 2> <OutPorts = 1>
ST_43 : Operation 302 [3/4] (5.70ns)   --->   "%tmp_3_7 = fmul float %input_A_7_load, %input_B_7_load" [Lab_7_MM_HLS/matrixmul.cpp:109]   --->   Operation 302 'fmul' 'tmp_3_7' <Predicate = (!icmp_ln104)> <Delay = 5.70> <Core = "FMul">   --->   Core 106 'FMul' <Latency = 3> <II = 1> <Delay = 5.70> <FuncUnit> <Opcode : 'fmul'> <InPorts = 2> <OutPorts = 1>

State 44 <SV = 43> <Delay = 7.25>
ST_44 : Operation 303 [2/5] (7.25ns)   --->   "%res_6 = fadd float %res_5, %tmp_3_6" [Lab_7_MM_HLS/matrixmul.cpp:109]   --->   Operation 303 'fadd' 'res_6' <Predicate = (!icmp_ln104)> <Delay = 7.25> <Core = "FAddSub">   --->   Core 105 'FAddSub' <Latency = 4> <II = 1> <Delay = 7.25> <FuncUnit> <Opcode : 'fadd' 'fsub'> <InPorts = 2> <OutPorts = 1>
ST_44 : Operation 304 [2/4] (5.70ns)   --->   "%tmp_3_7 = fmul float %input_A_7_load, %input_B_7_load" [Lab_7_MM_HLS/matrixmul.cpp:109]   --->   Operation 304 'fmul' 'tmp_3_7' <Predicate = (!icmp_ln104)> <Delay = 5.70> <Core = "FMul">   --->   Core 106 'FMul' <Latency = 3> <II = 1> <Delay = 5.70> <FuncUnit> <Opcode : 'fmul'> <InPorts = 2> <OutPorts = 1>

State 45 <SV = 44> <Delay = 7.25>
ST_45 : Operation 305 [1/5] (7.25ns)   --->   "%res_6 = fadd float %res_5, %tmp_3_6" [Lab_7_MM_HLS/matrixmul.cpp:109]   --->   Operation 305 'fadd' 'res_6' <Predicate = (!icmp_ln104)> <Delay = 7.25> <Core = "FAddSub">   --->   Core 105 'FAddSub' <Latency = 4> <II = 1> <Delay = 7.25> <FuncUnit> <Opcode : 'fadd' 'fsub'> <InPorts = 2> <OutPorts = 1>
ST_45 : Operation 306 [1/4] (5.70ns)   --->   "%tmp_3_7 = fmul float %input_A_7_load, %input_B_7_load" [Lab_7_MM_HLS/matrixmul.cpp:109]   --->   Operation 306 'fmul' 'tmp_3_7' <Predicate = (!icmp_ln104)> <Delay = 5.70> <Core = "FMul">   --->   Core 106 'FMul' <Latency = 3> <II = 1> <Delay = 5.70> <FuncUnit> <Opcode : 'fmul'> <InPorts = 2> <OutPorts = 1>

State 46 <SV = 45> <Delay = 7.25>
ST_46 : Operation 307 [5/5] (7.25ns)   --->   "%res_7 = fadd float %res_6, %tmp_3_7" [Lab_7_MM_HLS/matrixmul.cpp:109]   --->   Operation 307 'fadd' 'res_7' <Predicate = (!icmp_ln104)> <Delay = 7.25> <Core = "FAddSub">   --->   Core 105 'FAddSub' <Latency = 4> <II = 1> <Delay = 7.25> <FuncUnit> <Opcode : 'fadd' 'fsub'> <InPorts = 2> <OutPorts = 1>

State 47 <SV = 46> <Delay = 7.25>
ST_47 : Operation 308 [4/5] (7.25ns)   --->   "%res_7 = fadd float %res_6, %tmp_3_7" [Lab_7_MM_HLS/matrixmul.cpp:109]   --->   Operation 308 'fadd' 'res_7' <Predicate = (!icmp_ln104)> <Delay = 7.25> <Core = "FAddSub">   --->   Core 105 'FAddSub' <Latency = 4> <II = 1> <Delay = 7.25> <FuncUnit> <Opcode : 'fadd' 'fsub'> <InPorts = 2> <OutPorts = 1>

State 48 <SV = 47> <Delay = 7.25>
ST_48 : Operation 309 [3/5] (7.25ns)   --->   "%res_7 = fadd float %res_6, %tmp_3_7" [Lab_7_MM_HLS/matrixmul.cpp:109]   --->   Operation 309 'fadd' 'res_7' <Predicate = (!icmp_ln104)> <Delay = 7.25> <Core = "FAddSub">   --->   Core 105 'FAddSub' <Latency = 4> <II = 1> <Delay = 7.25> <FuncUnit> <Opcode : 'fadd' 'fsub'> <InPorts = 2> <OutPorts = 1>

State 49 <SV = 48> <Delay = 7.25>
ST_49 : Operation 310 [2/5] (7.25ns)   --->   "%res_7 = fadd float %res_6, %tmp_3_7" [Lab_7_MM_HLS/matrixmul.cpp:109]   --->   Operation 310 'fadd' 'res_7' <Predicate = (!icmp_ln104)> <Delay = 7.25> <Core = "FAddSub">   --->   Core 105 'FAddSub' <Latency = 4> <II = 1> <Delay = 7.25> <FuncUnit> <Opcode : 'fadd' 'fsub'> <InPorts = 2> <OutPorts = 1>

State 50 <SV = 49> <Delay = 7.25>
ST_50 : Operation 311 [1/5] (7.25ns)   --->   "%res_7 = fadd float %res_6, %tmp_3_7" [Lab_7_MM_HLS/matrixmul.cpp:109]   --->   Operation 311 'fadd' 'res_7' <Predicate = (!icmp_ln104)> <Delay = 7.25> <Core = "FAddSub">   --->   Core 105 'FAddSub' <Latency = 4> <II = 1> <Delay = 7.25> <FuncUnit> <Opcode : 'fadd' 'fsub'> <InPorts = 2> <OutPorts = 1>

State 51 <SV = 50> <Delay = 5.12>
ST_51 : Operation 312 [1/1] (0.00ns)   --->   "call void (...)* @_ssdm_op_SpecLoopName([12 x i8]* @loop1_loop2_str)"   --->   Operation 312 'specloopname' <Predicate = (!icmp_ln104)> <Delay = 0.00>
ST_51 : Operation 313 [1/1] (0.00ns)   --->   "%empty_8 = call i32 (...)* @_ssdm_op_SpecLoopTripCount(i64 64, i64 64, i64 64)"   --->   Operation 313 'speclooptripcount' 'empty_8' <Predicate = (!icmp_ln104)> <Delay = 0.00>
ST_51 : Operation 314 [1/1] (0.00ns)   --->   "%tmp = call i7 @_ssdm_op_BitConcatenate.i7.i4.i3(i4 %select_ln109_1, i3 0)" [Lab_7_MM_HLS/matrixmul.cpp:109]   --->   Operation 314 'bitconcatenate' 'tmp' <Predicate = (!icmp_ln104)> <Delay = 0.00>
ST_51 : Operation 315 [1/1] (0.00ns)   --->   "%zext_ln109 = zext i7 %tmp to i8" [Lab_7_MM_HLS/matrixmul.cpp:109]   --->   Operation 315 'zext' 'zext_ln109' <Predicate = (!icmp_ln104)> <Delay = 0.00>
ST_51 : Operation 316 [1/1] (0.00ns)   --->   "call void (...)* @_ssdm_op_SpecLoopName([6 x i8]* @p_str10) nounwind" [Lab_7_MM_HLS/matrixmul.cpp:105]   --->   Operation 316 'specloopname' <Predicate = (!icmp_ln104)> <Delay = 0.00>
ST_51 : Operation 317 [1/1] (0.00ns)   --->   "%tmp_6 = call i32 (...)* @_ssdm_op_SpecRegionBegin([6 x i8]* @p_str10)" [Lab_7_MM_HLS/matrixmul.cpp:105]   --->   Operation 317 'specregionbegin' 'tmp_6' <Predicate = (!icmp_ln104)> <Delay = 0.00>
ST_51 : Operation 318 [1/1] (0.00ns)   --->   "call void (...)* @_ssdm_op_SpecPipeline(i32 -1, i32 1, i32 1, i32 0, [1 x i8]* @p_str1) nounwind" [Lab_7_MM_HLS/matrixmul.cpp:106]   --->   Operation 318 'specpipeline' <Predicate = (!icmp_ln104)> <Delay = 0.00>
ST_51 : Operation 319 [1/1] (0.00ns)   --->   "%zext_ln111 = zext i4 %select_ln109 to i8" [Lab_7_MM_HLS/matrixmul.cpp:111]   --->   Operation 319 'zext' 'zext_ln111' <Predicate = (!icmp_ln104)> <Delay = 0.00>
ST_51 : Operation 320 [1/1] (1.87ns)   --->   "%add_ln111 = add i8 %zext_ln109, %zext_ln111" [Lab_7_MM_HLS/matrixmul.cpp:111]   --->   Operation 320 'add' 'add_ln111' <Predicate = (!icmp_ln104)> <Delay = 1.87> <Core = "AddSub">   --->   Core 14 'AddSub' <Latency = 0> <II = 1> <Delay = 1.73> <FuncUnit> <Opcode : 'add' 'sub'> <InPorts = 2> <OutPorts = 1>
ST_51 : Operation 321 [1/1] (0.00ns)   --->   "%zext_ln111_1 = zext i8 %add_ln111 to i64" [Lab_7_MM_HLS/matrixmul.cpp:111]   --->   Operation 321 'zext' 'zext_ln111_1' <Predicate = (!icmp_ln104)> <Delay = 0.00>
ST_51 : Operation 322 [1/1] (0.00ns)   --->   "%output_C_addr_1 = getelementptr [64 x float]* %output_C, i64 0, i64 %zext_ln111_1" [Lab_7_MM_HLS/matrixmul.cpp:111]   --->   Operation 322 'getelementptr' 'output_C_addr_1' <Predicate = (!icmp_ln104)> <Delay = 0.00>
ST_51 : Operation 323 [1/1] (3.25ns)   --->   "store float %res_7, float* %output_C_addr_1, align 4" [Lab_7_MM_HLS/matrixmul.cpp:111]   --->   Operation 323 'store' <Predicate = (!icmp_ln104)> <Delay = 3.25> <Core = "RAM">   --->   Core 37 'RAM' <Latency = 1> <II = 1> <Delay = 3.25> <Storage> <Opcode : 'load' 'store'> <Ports = 2> <Width = 32> <Depth = 64> <RAM>
ST_51 : Operation 324 [1/1] (0.00ns)   --->   "%empty_9 = call i32 (...)* @_ssdm_op_SpecRegionEnd([6 x i8]* @p_str10, i32 %tmp_6)" [Lab_7_MM_HLS/matrixmul.cpp:112]   --->   Operation 324 'specregionend' 'empty_9' <Predicate = (!icmp_ln104)> <Delay = 0.00>
ST_51 : Operation 325 [1/1] (0.00ns)   --->   "br label %.preheader20.preheader"   --->   Operation 325 'br' <Predicate = (!icmp_ln104)> <Delay = 0.00>

State 52 <SV = 6> <Delay = 1.76>
ST_52 : Operation 326 [1/1] (1.76ns)   --->   "br label %.preheader.preheader" [Lab_7_MM_HLS/matrixmul.cpp:116]   --->   Operation 326 'br' <Predicate = true> <Delay = 1.76>

State 53 <SV = 7> <Delay = 7.88>
ST_53 : Operation 327 [1/1] (0.00ns)   --->   "%indvar_flatten51 = phi i7 [ %add_ln116, %loop_output_C2 ], [ 0, %.preheader.preheader.preheader ]" [Lab_7_MM_HLS/matrixmul.cpp:116]   --->   Operation 327 'phi' 'indvar_flatten51' <Predicate = true> <Delay = 0.00>
ST_53 : Operation 328 [1/1] (0.00ns)   --->   "%row_3 = phi i4 [ %select_ln119_1, %loop_output_C2 ], [ 0, %.preheader.preheader.preheader ]" [Lab_7_MM_HLS/matrixmul.cpp:119]   --->   Operation 328 'phi' 'row_3' <Predicate = true> <Delay = 0.00>
ST_53 : Operation 329 [1/1] (0.00ns)   --->   "%col_3 = phi i4 [ %col_6, %loop_output_C2 ], [ 0, %.preheader.preheader.preheader ]"   --->   Operation 329 'phi' 'col_3' <Predicate = true> <Delay = 0.00>
ST_53 : Operation 330 [1/1] (1.48ns)   --->   "%icmp_ln116 = icmp eq i7 %indvar_flatten51, -64" [Lab_7_MM_HLS/matrixmul.cpp:116]   --->   Operation 330 'icmp' 'icmp_ln116' <Predicate = true> <Delay = 1.48> <Core = "Cmp">   --->   Core 25 'Cmp' <Latency = 0> <II = 1> <Delay = 0.95> <FuncUnit> <Opcode : 'icmp'> <InPorts = 2> <OutPorts = 1>
ST_53 : Operation 331 [1/1] (1.87ns)   --->   "%add_ln116 = add i7 %indvar_flatten51, 1" [Lab_7_MM_HLS/matrixmul.cpp:116]   --->   Operation 331 'add' 'add_ln116' <Predicate = true> <Delay = 1.87> <Core = "AddSub">   --->   Core 14 'AddSub' <Latency = 0> <II = 1> <Delay = 1.73> <FuncUnit> <Opcode : 'add' 'sub'> <InPorts = 2> <OutPorts = 1>
ST_53 : Operation 332 [1/1] (0.00ns)   --->   "br i1 %icmp_ln116, label %2, label %loop_output_C2" [Lab_7_MM_HLS/matrixmul.cpp:116]   --->   Operation 332 'br' <Predicate = true> <Delay = 0.00>
ST_53 : Operation 333 [1/1] (1.73ns)   --->   "%row_6 = add i4 %row_3, 1" [Lab_7_MM_HLS/matrixmul.cpp:116]   --->   Operation 333 'add' 'row_6' <Predicate = (!icmp_ln116)> <Delay = 1.73> <Core = "AddSub">   --->   Core 14 'AddSub' <Latency = 0> <II = 1> <Delay = 1.73> <FuncUnit> <Opcode : 'add' 'sub'> <InPorts = 2> <OutPorts = 1>
ST_53 : Operation 334 [1/1] (1.30ns)   --->   "%icmp_ln117 = icmp eq i4 %col_3, -8" [Lab_7_MM_HLS/matrixmul.cpp:117]   --->   Operation 334 'icmp' 'icmp_ln117' <Predicate = (!icmp_ln116)> <Delay = 1.30> <Core = "Cmp">   --->   Core 25 'Cmp' <Latency = 0> <II = 1> <Delay = 0.95> <FuncUnit> <Opcode : 'icmp'> <InPorts = 2> <OutPorts = 1>
ST_53 : Operation 335 [1/1] (1.02ns)   --->   "%select_ln119 = select i1 %icmp_ln117, i4 0, i4 %col_3" [Lab_7_MM_HLS/matrixmul.cpp:119]   --->   Operation 335 'select' 'select_ln119' <Predicate = (!icmp_ln116)> <Delay = 1.02> <Core = "Sel">   --->   Core 26 'Sel' <Latency = 0> <II = 1> <Delay = 1.02> <FuncUnit> <Opcode : 'select'> <InPorts = 3> <OutPorts = 1>
ST_53 : Operation 336 [1/1] (1.02ns)   --->   "%select_ln119_1 = select i1 %icmp_ln117, i4 %row_6, i4 %row_3" [Lab_7_MM_HLS/matrixmul.cpp:119]   --->   Operation 336 'select' 'select_ln119_1' <Predicate = (!icmp_ln116)> <Delay = 1.02> <Core = "Sel">   --->   Core 26 'Sel' <Latency = 0> <II = 1> <Delay = 1.02> <FuncUnit> <Opcode : 'select'> <InPorts = 3> <OutPorts = 1>
ST_53 : Operation 337 [1/1] (0.00ns)   --->   "%tmp_1 = call i7 @_ssdm_op_BitConcatenate.i7.i4.i3(i4 %select_ln119_1, i3 0)" [Lab_7_MM_HLS/matrixmul.cpp:119]   --->   Operation 337 'bitconcatenate' 'tmp_1' <Predicate = (!icmp_ln116)> <Delay = 0.00>
ST_53 : Operation 338 [1/1] (0.00ns)   --->   "%zext_ln121 = zext i7 %tmp_1 to i8" [Lab_7_MM_HLS/matrixmul.cpp:121]   --->   Operation 338 'zext' 'zext_ln121' <Predicate = (!icmp_ln116)> <Delay = 0.00>
ST_53 : Operation 339 [1/1] (1.30ns)   --->   "%icmp_ln121 = icmp eq i4 %row_6, 7" [Lab_7_MM_HLS/matrixmul.cpp:121]   --->   Operation 339 'icmp' 'icmp_ln121' <Predicate = (!icmp_ln116)> <Delay = 1.30> <Core = "Cmp">   --->   Core 25 'Cmp' <Latency = 0> <II = 1> <Delay = 0.95> <FuncUnit> <Opcode : 'icmp'> <InPorts = 2> <OutPorts = 1>
ST_53 : Operation 340 [1/1] (1.30ns)   --->   "%icmp_ln121_2 = icmp eq i4 %row_3, 7" [Lab_7_MM_HLS/matrixmul.cpp:121]   --->   Operation 340 'icmp' 'icmp_ln121_2' <Predicate = (!icmp_ln116)> <Delay = 1.30> <Core = "Cmp">   --->   Core 25 'Cmp' <Latency = 0> <II = 1> <Delay = 0.95> <FuncUnit> <Opcode : 'icmp'> <InPorts = 2> <OutPorts = 1>
ST_53 : Operation 341 [1/1] (0.00ns) (grouped into LUT with out node tmp_last_V)   --->   "%select_ln119_2 = select i1 %icmp_ln117, i1 %icmp_ln121, i1 %icmp_ln121_2" [Lab_7_MM_HLS/matrixmul.cpp:119]   --->   Operation 341 'select' 'select_ln119_2' <Predicate = (!icmp_ln116)> <Delay = 0.00> <Core = "Sel">   --->   Core 26 'Sel' <Latency = 0> <II = 1> <Delay = 1.02> <FuncUnit> <Opcode : 'select'> <InPorts = 3> <OutPorts = 1>
ST_53 : Operation 342 [1/1] (0.00ns)   --->   "%zext_ln119 = zext i4 %select_ln119 to i8" [Lab_7_MM_HLS/matrixmul.cpp:119]   --->   Operation 342 'zext' 'zext_ln119' <Predicate = (!icmp_ln116)> <Delay = 0.00>
ST_53 : Operation 343 [1/1] (1.87ns)   --->   "%add_ln119 = add i8 %zext_ln119, %zext_ln121" [Lab_7_MM_HLS/matrixmul.cpp:119]   --->   Operation 343 'add' 'add_ln119' <Predicate = (!icmp_ln116)> <Delay = 1.87> <Core = "AddSub">   --->   Core 14 'AddSub' <Latency = 0> <II = 1> <Delay = 1.73> <FuncUnit> <Opcode : 'add' 'sub'> <InPorts = 2> <OutPorts = 1>
ST_53 : Operation 344 [1/1] (0.00ns)   --->   "%zext_ln119_1 = zext i8 %add_ln119 to i64" [Lab_7_MM_HLS/matrixmul.cpp:119]   --->   Operation 344 'zext' 'zext_ln119_1' <Predicate = (!icmp_ln116)> <Delay = 0.00>
ST_53 : Operation 345 [1/1] (0.00ns)   --->   "%output_C_addr = getelementptr [64 x float]* %output_C, i64 0, i64 %zext_ln119_1" [Lab_7_MM_HLS/matrixmul.cpp:119]   --->   Operation 345 'getelementptr' 'output_C_addr' <Predicate = (!icmp_ln116)> <Delay = 0.00>
ST_53 : Operation 346 [2/2] (3.25ns)   --->   "%local_write_data = load float* %output_C_addr, align 4" [Lab_7_MM_HLS/matrixmul.cpp:119]   --->   Operation 346 'load' 'local_write_data' <Predicate = (!icmp_ln116)> <Delay = 3.25> <Core = "RAM">   --->   Core 37 'RAM' <Latency = 1> <II = 1> <Delay = 3.25> <Storage> <Opcode : 'load' 'store'> <Ports = 2> <Width = 32> <Depth = 64> <RAM>
ST_53 : Operation 347 [1/1] (1.30ns)   --->   "%icmp_ln121_1 = icmp eq i4 %select_ln119, 7" [Lab_7_MM_HLS/matrixmul.cpp:121]   --->   Operation 347 'icmp' 'icmp_ln121_1' <Predicate = (!icmp_ln116)> <Delay = 1.30> <Core = "Cmp">   --->   Core 25 'Cmp' <Latency = 0> <II = 1> <Delay = 0.95> <FuncUnit> <Opcode : 'icmp'> <InPorts = 2> <OutPorts = 1>
ST_53 : Operation 348 [1/1] (0.99ns) (out node of the LUT)   --->   "%tmp_last_V = and i1 %select_ln119_2, %icmp_ln121_1" [Lab_7_MM_HLS/matrixmul.cpp:121]   --->   Operation 348 'and' 'tmp_last_V' <Predicate = (!icmp_ln116)> <Delay = 0.99> <Core = "LogicGate">   --->   Core 27 'LogicGate' <Latency = 0> <II = 1> <Delay = 0.97> <FuncUnit> <Opcode : 'and' 'or' 'xor'> <InPorts = 2> <OutPorts = 1>
ST_53 : Operation 349 [1/1] (1.73ns)   --->   "%col_6 = add i4 %select_ln119, 1" [Lab_7_MM_HLS/matrixmul.cpp:117]   --->   Operation 349 'add' 'col_6' <Predicate = (!icmp_ln116)> <Delay = 1.73> <Core = "AddSub">   --->   Core 14 'AddSub' <Latency = 0> <II = 1> <Delay = 1.73> <FuncUnit> <Opcode : 'add' 'sub'> <InPorts = 2> <OutPorts = 1>

State 54 <SV = 8> <Delay = 3.25>
ST_54 : Operation 350 [1/2] (3.25ns)   --->   "%local_write_data = load float* %output_C_addr, align 4" [Lab_7_MM_HLS/matrixmul.cpp:119]   --->   Operation 350 'load' 'local_write_data' <Predicate = (!icmp_ln116)> <Delay = 3.25> <Core = "RAM">   --->   Core 37 'RAM' <Latency = 1> <II = 1> <Delay = 3.25> <Storage> <Opcode : 'load' 'store'> <Ports = 2> <Width = 32> <Depth = 64> <RAM>
ST_54 : Operation 351 [2/2] (0.00ns)   --->   "call void @_ssdm_op_Write.axis.volatile.floatP.i1P(float* %out_C_V_data, i1* %out_C_V_last_V, float %local_write_data, i1 %tmp_last_V)" [Lab_7_MM_HLS/matrixmul.cpp:125]   --->   Operation 351 'write' <Predicate = (!icmp_ln116)> <Delay = 0.00> <Core = "AXI4Stream">   --->   Core 5 'AXI4Stream' <Latency = 0> <II = 1> <Delay = 1.00> <Adapter> <Opcode : >

State 55 <SV = 9> <Delay = 0.00>
ST_55 : Operation 352 [1/1] (0.00ns)   --->   "call void (...)* @_ssdm_op_SpecLoopName([30 x i8]* @loop_output_C1_loop_s)"   --->   Operation 352 'specloopname' <Predicate = (!icmp_ln116)> <Delay = 0.00>
ST_55 : Operation 353 [1/1] (0.00ns)   --->   "%empty_10 = call i32 (...)* @_ssdm_op_SpecLoopTripCount(i64 64, i64 64, i64 64)"   --->   Operation 353 'speclooptripcount' 'empty_10' <Predicate = (!icmp_ln116)> <Delay = 0.00>
ST_55 : Operation 354 [1/1] (0.00ns)   --->   "call void (...)* @_ssdm_op_SpecLoopName([15 x i8]* @p_str13) nounwind" [Lab_7_MM_HLS/matrixmul.cpp:117]   --->   Operation 354 'specloopname' <Predicate = (!icmp_ln116)> <Delay = 0.00>
ST_55 : Operation 355 [1/1] (0.00ns)   --->   "%tmp_7 = call i32 (...)* @_ssdm_op_SpecRegionBegin([15 x i8]* @p_str13)" [Lab_7_MM_HLS/matrixmul.cpp:117]   --->   Operation 355 'specregionbegin' 'tmp_7' <Predicate = (!icmp_ln116)> <Delay = 0.00>
ST_55 : Operation 356 [1/1] (0.00ns)   --->   "call void (...)* @_ssdm_op_SpecPipeline(i32 -1, i32 1, i32 1, i32 0, [1 x i8]* @p_str1) nounwind" [Lab_7_MM_HLS/matrixmul.cpp:118]   --->   Operation 356 'specpipeline' <Predicate = (!icmp_ln116)> <Delay = 0.00>
ST_55 : Operation 357 [1/2] (0.00ns)   --->   "call void @_ssdm_op_Write.axis.volatile.floatP.i1P(float* %out_C_V_data, i1* %out_C_V_last_V, float %local_write_data, i1 %tmp_last_V)" [Lab_7_MM_HLS/matrixmul.cpp:125]   --->   Operation 357 'write' <Predicate = (!icmp_ln116)> <Delay = 0.00> <Core = "AXI4Stream">   --->   Core 5 'AXI4Stream' <Latency = 0> <II = 1> <Delay = 1.00> <Adapter> <Opcode : >
ST_55 : Operation 358 [1/1] (0.00ns)   --->   "%empty_11 = call i32 (...)* @_ssdm_op_SpecRegionEnd([15 x i8]* @p_str13, i32 %tmp_7)" [Lab_7_MM_HLS/matrixmul.cpp:126]   --->   Operation 358 'specregionend' 'empty_11' <Predicate = (!icmp_ln116)> <Delay = 0.00>
ST_55 : Operation 359 [1/1] (0.00ns)   --->   "br label %.preheader.preheader"   --->   Operation 359 'br' <Predicate = (!icmp_ln116)> <Delay = 0.00>

State 56 <SV = 8> <Delay = 0.00>
ST_56 : Operation 360 [1/1] (0.00ns)   --->   "ret void" [Lab_7_MM_HLS/matrixmul.cpp:128]   --->   Operation 360 'ret' <Predicate = true> <Delay = 0.00>


============================================================
+ Verbose Summary: Binding
============================================================
STG Binding: 
---------------- STG Properties BEGIN ----------------
- Is combinational: 0
- Is one-state seq: 0
- Is datapath-only: 0
- Is pipelined: 0
- Is top level: 1
Port [ Return ] is wired: 1; IO mode=ap_ctrl_none:ce=0
Port [ in_A_V_data]:  wired=1; compound=1; hidden=0; nouse=0; global=0; static=0; extern=0; dir=0; type=0; pingpong=0; private_global=0; IO mode=axis:ce=0
Port [ in_A_V_last_V]:  wired=1; compound=1; hidden=0; nouse=0; global=0; static=0; extern=0; dir=0; type=0; pingpong=0; private_global=0; IO mode=axis:ce=0
Port [ out_C_V_data]:  wired=1; compound=1; hidden=0; nouse=0; global=0; static=0; extern=0; dir=1; type=0; pingpong=0; private_global=0; IO mode=axis:ce=0
Port [ out_C_V_last_V]:  wired=1; compound=1; hidden=0; nouse=0; global=0; static=0; extern=0; dir=1; type=0; pingpong=0; private_global=0; IO mode=axis:ce=0
---------------- STG Properties END ------------------

---------------- Datapath Model BEGIN ----------------

<LifeTime>
<method=bitvector/>
specbitsmap_ln0    (specbitsmap      ) [ 000000000000000000000000000000000000000000000000000000000]
specbitsmap_ln0    (specbitsmap      ) [ 000000000000000000000000000000000000000000000000000000000]
specbitsmap_ln0    (specbitsmap      ) [ 000000000000000000000000000000000000000000000000000000000]
specbitsmap_ln0    (specbitsmap      ) [ 000000000000000000000000000000000000000000000000000000000]
spectopmodule_ln0  (spectopmodule    ) [ 000000000000000000000000000000000000000000000000000000000]
input_A_0          (alloca           ) [ 001111111111111111111111111111111111111111111111111100000]
input_A_1          (alloca           ) [ 001111111111111111111111111111111111111111111111111100000]
input_A_2          (alloca           ) [ 001111111111111111111111111111111111111111111111111100000]
input_A_3          (alloca           ) [ 001111111111111111111111111111111111111111111111111100000]
input_A_4          (alloca           ) [ 001111111111111111111111111111111111111111111111111100000]
input_A_5          (alloca           ) [ 001111111111111111111111111111111111111111111111111100000]
input_A_6          (alloca           ) [ 001111111111111111111111111111111111111111111111111100000]
input_A_7          (alloca           ) [ 001111111111111111111111111111111111111111111111111100000]
input_B_0          (alloca           ) [ 001111111111111111111111111111111111111111111111111100000]
input_B_1          (alloca           ) [ 001111111111111111111111111111111111111111111111111100000]
input_B_2          (alloca           ) [ 001111111111111111111111111111111111111111111111111100000]
input_B_3          (alloca           ) [ 001111111111111111111111111111111111111111111111111100000]
input_B_4          (alloca           ) [ 001111111111111111111111111111111111111111111111111100000]
input_B_5          (alloca           ) [ 001111111111111111111111111111111111111111111111111100000]
input_B_6          (alloca           ) [ 001111111111111111111111111111111111111111111111111100000]
input_B_7          (alloca           ) [ 001111111111111111111111111111111111111111111111111100000]
output_C           (alloca           ) [ 001111111111111111111111111111111111111111111111111111110]
specinterface_ln70 (specinterface    ) [ 000000000000000000000000000000000000000000000000000000000]
specinterface_ln71 (specinterface    ) [ 000000000000000000000000000000000000000000000000000000000]
specinterface_ln72 (specinterface    ) [ 000000000000000000000000000000000000000000000000000000000]
br_ln83            (br               ) [ 011000000000000000000000000000000000000000000000000000000]
indvar_flatten     (phi              ) [ 001000000000000000000000000000000000000000000000000000000]
row_0              (phi              ) [ 001000000000000000000000000000000000000000000000000000000]
col_0              (phi              ) [ 001000000000000000000000000000000000000000000000000000000]
icmp_ln83          (icmp             ) [ 001000000000000000000000000000000000000000000000000000000]
add_ln83           (add              ) [ 011000000000000000000000000000000000000000000000000000000]
br_ln83            (br               ) [ 000000000000000000000000000000000000000000000000000000000]
row                (add              ) [ 000000000000000000000000000000000000000000000000000000000]
specloopname_ln0   (specloopname     ) [ 000000000000000000000000000000000000000000000000000000000]
empty_3            (speclooptripcount) [ 000000000000000000000000000000000000000000000000000000000]
icmp_ln85          (icmp             ) [ 000000000000000000000000000000000000000000000000000000000]
select_ln89        (select           ) [ 000000000000000000000000000000000000000000000000000000000]
select_ln89_1      (select           ) [ 011000000000000000000000000000000000000000000000000000000]
zext_ln89          (zext             ) [ 000000000000000000000000000000000000000000000000000000000]
specloopname_ln86  (specloopname     ) [ 000000000000000000000000000000000000000000000000000000000]
tmp_3              (specregionbegin  ) [ 000000000000000000000000000000000000000000000000000000000]
specpipeline_ln87  (specpipeline     ) [ 000000000000000000000000000000000000000000000000000000000]
empty_4            (read             ) [ 000000000000000000000000000000000000000000000000000000000]
tmp_data           (extractvalue     ) [ 000000000000000000000000000000000000000000000000000000000]
trunc_ln89         (trunc            ) [ 001000000000000000000000000000000000000000000000000000000]
switch_ln89        (switch           ) [ 000000000000000000000000000000000000000000000000000000000]
input_A_6_addr     (getelementptr    ) [ 000000000000000000000000000000000000000000000000000000000]
store_ln89         (store            ) [ 000000000000000000000000000000000000000000000000000000000]
br_ln89            (br               ) [ 000000000000000000000000000000000000000000000000000000000]
input_A_5_addr     (getelementptr    ) [ 000000000000000000000000000000000000000000000000000000000]
store_ln89         (store            ) [ 000000000000000000000000000000000000000000000000000000000]
br_ln89            (br               ) [ 000000000000000000000000000000000000000000000000000000000]
input_A_4_addr     (getelementptr    ) [ 000000000000000000000000000000000000000000000000000000000]
store_ln89         (store            ) [ 000000000000000000000000000000000000000000000000000000000]
br_ln89            (br               ) [ 000000000000000000000000000000000000000000000000000000000]
input_A_3_addr     (getelementptr    ) [ 000000000000000000000000000000000000000000000000000000000]
store_ln89         (store            ) [ 000000000000000000000000000000000000000000000000000000000]
br_ln89            (br               ) [ 000000000000000000000000000000000000000000000000000000000]
input_A_2_addr     (getelementptr    ) [ 000000000000000000000000000000000000000000000000000000000]
store_ln89         (store            ) [ 000000000000000000000000000000000000000000000000000000000]
br_ln89            (br               ) [ 000000000000000000000000000000000000000000000000000000000]
input_A_1_addr     (getelementptr    ) [ 000000000000000000000000000000000000000000000000000000000]
store_ln89         (store            ) [ 000000000000000000000000000000000000000000000000000000000]
br_ln89            (br               ) [ 000000000000000000000000000000000000000000000000000000000]
input_A_0_addr     (getelementptr    ) [ 000000000000000000000000000000000000000000000000000000000]
store_ln89         (store            ) [ 000000000000000000000000000000000000000000000000000000000]
br_ln89            (br               ) [ 000000000000000000000000000000000000000000000000000000000]
input_A_7_addr     (getelementptr    ) [ 000000000000000000000000000000000000000000000000000000000]
store_ln89         (store            ) [ 000000000000000000000000000000000000000000000000000000000]
br_ln89            (br               ) [ 000000000000000000000000000000000000000000000000000000000]
empty              (specregionend    ) [ 000000000000000000000000000000000000000000000000000000000]
col                (add              ) [ 011000000000000000000000000000000000000000000000000000000]
br_ln0             (br               ) [ 011000000000000000000000000000000000000000000000000000000]
br_ln93            (br               ) [ 000110000000000000000000000000000000000000000000000000000]
indvar_flatten19   (phi              ) [ 000010000000000000000000000000000000000000000000000000000]
row_1              (phi              ) [ 000010000000000000000000000000000000000000000000000000000]
col_1              (phi              ) [ 000010000000000000000000000000000000000000000000000000000]
icmp_ln93          (icmp             ) [ 000010000000000000000000000000000000000000000000000000000]
add_ln93           (add              ) [ 000110000000000000000000000000000000000000000000000000000]
br_ln93            (br               ) [ 000000000000000000000000000000000000000000000000000000000]
row_4              (add              ) [ 000000000000000000000000000000000000000000000000000000000]
specloopname_ln0   (specloopname     ) [ 000000000000000000000000000000000000000000000000000000000]
empty_6            (speclooptripcount) [ 000000000000000000000000000000000000000000000000000000000]
icmp_ln95          (icmp             ) [ 000000000000000000000000000000000000000000000000000000000]
select_ln99        (select           ) [ 000000000000000000000000000000000000000000000000000000000]
select_ln99_1      (select           ) [ 000110000000000000000000000000000000000000000000000000000]
trunc_ln99         (trunc            ) [ 000010000000000000000000000000000000000000000000000000000]
specloopname_ln96  (specloopname     ) [ 000000000000000000000000000000000000000000000000000000000]
tmp_5              (specregionbegin  ) [ 000000000000000000000000000000000000000000000000000000000]
specpipeline_ln97  (specpipeline     ) [ 000000000000000000000000000000000000000000000000000000000]
empty_7            (read             ) [ 000000000000000000000000000000000000000000000000000000000]
tmp_data_1         (extractvalue     ) [ 000000000000000000000000000000000000000000000000000000000]
zext_ln99          (zext             ) [ 000000000000000000000000000000000000000000000000000000000]
input_B_0_addr     (getelementptr    ) [ 000000000000000000000000000000000000000000000000000000000]
input_B_1_addr     (getelementptr    ) [ 000000000000000000000000000000000000000000000000000000000]
input_B_2_addr     (getelementptr    ) [ 000000000000000000000000000000000000000000000000000000000]
input_B_3_addr     (getelementptr    ) [ 000000000000000000000000000000000000000000000000000000000]
input_B_4_addr     (getelementptr    ) [ 000000000000000000000000000000000000000000000000000000000]
input_B_5_addr     (getelementptr    ) [ 000000000000000000000000000000000000000000000000000000000]
input_B_6_addr     (getelementptr    ) [ 000000000000000000000000000000000000000000000000000000000]
input_B_7_addr     (getelementptr    ) [ 000000000000000000000000000000000000000000000000000000000]
switch_ln99        (switch           ) [ 000000000000000000000000000000000000000000000000000000000]
store_ln99         (store            ) [ 000000000000000000000000000000000000000000000000000000000]
br_ln99            (br               ) [ 000000000000000000000000000000000000000000000000000000000]
store_ln99         (store            ) [ 000000000000000000000000000000000000000000000000000000000]
br_ln99            (br               ) [ 000000000000000000000000000000000000000000000000000000000]
store_ln99         (store            ) [ 000000000000000000000000000000000000000000000000000000000]
br_ln99            (br               ) [ 000000000000000000000000000000000000000000000000000000000]
store_ln99         (store            ) [ 000000000000000000000000000000000000000000000000000000000]
br_ln99            (br               ) [ 000000000000000000000000000000000000000000000000000000000]
store_ln99         (store            ) [ 000000000000000000000000000000000000000000000000000000000]
br_ln99            (br               ) [ 000000000000000000000000000000000000000000000000000000000]
store_ln99         (store            ) [ 000000000000000000000000000000000000000000000000000000000]
br_ln99            (br               ) [ 000000000000000000000000000000000000000000000000000000000]
store_ln99         (store            ) [ 000000000000000000000000000000000000000000000000000000000]
br_ln99            (br               ) [ 000000000000000000000000000000000000000000000000000000000]
store_ln99         (store            ) [ 000000000000000000000000000000000000000000000000000000000]
br_ln99            (br               ) [ 000000000000000000000000000000000000000000000000000000000]
empty_5            (specregionend    ) [ 000000000000000000000000000000000000000000000000000000000]
col_5              (add              ) [ 000110000000000000000000000000000000000000000000000000000]
br_ln0             (br               ) [ 000110000000000000000000000000000000000000000000000000000]
br_ln104           (br               ) [ 000001111111111111111111111111111111111111111111111100000]
indvar_flatten39   (phi              ) [ 000000100000000000000000000000000000000000000000000000000]
row_2              (phi              ) [ 000000100000000000000000000000000000000000000000000000000]
col_2              (phi              ) [ 000000100000000000000000000000000000000000000000000000000]
icmp_ln104         (icmp             ) [ 000000111111111111111111111111111111111111111111111100000]
add_ln104          (add              ) [ 000001111111111111111111111111111111111111111111111100000]
br_ln104           (br               ) [ 000000000000000000000000000000000000000000000000000000000]
row_5              (add              ) [ 000000000000000000000000000000000000000000000000000000000]
icmp_ln105         (icmp             ) [ 000000000000000000000000000000000000000000000000000000000]
select_ln109       (select           ) [ 000000111111111111111111111111111111111111111111111100000]
select_ln109_1     (select           ) [ 000001111111111111111111111111111111111111111111111100000]
zext_ln109_2       (zext             ) [ 000000111111111111111111111111111111111111000000000000000]
input_A_0_addr_1   (getelementptr    ) [ 000000110000000000000000000000000000000000000000000000000]
zext_ln109_1       (zext             ) [ 000000111111111111111111111111111111111111000000000000000]
input_B_0_addr_1   (getelementptr    ) [ 000000110000000000000000000000000000000000000000000000000]
col_4              (add              ) [ 000001111111111111111111111111111111111111111111111100000]
input_A_0_load     (load             ) [ 000000101110000000000000000000000000000000000000000000000]
input_B_0_load     (load             ) [ 000000101110000000000000000000000000000000000000000000000]
tmp_s              (fmul             ) [ 000000100001111100000000000000000000000000000000000000000]
input_A_1_addr_1   (getelementptr    ) [ 000000100000100000000000000000000000000000000000000000000]
input_B_1_addr_1   (getelementptr    ) [ 000000100000100000000000000000000000000000000000000000000]
input_A_1_load     (load             ) [ 000000100000011100000000000000000000000000000000000000000]
input_B_1_load     (load             ) [ 000000100000011100000000000000000000000000000000000000000]
res_s              (fadd             ) [ 000000100000000011111000000000000000000000000000000000000]
tmp_3_1            (fmul             ) [ 000000100000000011111000000000000000000000000000000000000]
input_A_2_addr_1   (getelementptr    ) [ 000000100000000001000000000000000000000000000000000000000]
input_B_2_addr_1   (getelementptr    ) [ 000000100000000001000000000000000000000000000000000000000]
input_A_2_load     (load             ) [ 000000100000000000111000000000000000000000000000000000000]
input_B_2_load     (load             ) [ 000000100000000000111000000000000000000000000000000000000]
res_1              (fadd             ) [ 000000100000000000000111110000000000000000000000000000000]
tmp_3_2            (fmul             ) [ 000000100000000000000111110000000000000000000000000000000]
input_A_3_addr_1   (getelementptr    ) [ 000000100000000000000010000000000000000000000000000000000]
input_B_3_addr_1   (getelementptr    ) [ 000000100000000000000010000000000000000000000000000000000]
input_A_3_load     (load             ) [ 000000100000000000000001110000000000000000000000000000000]
input_B_3_load     (load             ) [ 000000100000000000000001110000000000000000000000000000000]
res_2              (fadd             ) [ 000000100000000000000000001111100000000000000000000000000]
tmp_3_3            (fmul             ) [ 000000100000000000000000001111100000000000000000000000000]
input_A_4_addr_1   (getelementptr    ) [ 000000100000000000000000000100000000000000000000000000000]
input_B_4_addr_1   (getelementptr    ) [ 000000100000000000000000000100000000000000000000000000000]
input_A_4_load     (load             ) [ 000000100000000000000000000011100000000000000000000000000]
input_B_4_load     (load             ) [ 000000100000000000000000000011100000000000000000000000000]
res_3              (fadd             ) [ 000000100000000000000000000000011111000000000000000000000]
tmp_3_4            (fmul             ) [ 000000100000000000000000000000011111000000000000000000000]
input_A_5_addr_1   (getelementptr    ) [ 000000100000000000000000000000001000000000000000000000000]
input_B_5_addr_1   (getelementptr    ) [ 000000100000000000000000000000001000000000000000000000000]
input_A_5_load     (load             ) [ 000000100000000000000000000000000111000000000000000000000]
input_B_5_load     (load             ) [ 000000100000000000000000000000000111000000000000000000000]
res_4              (fadd             ) [ 000000100000000000000000000000000000111110000000000000000]
tmp_3_5            (fmul             ) [ 000000100000000000000000000000000000111110000000000000000]
input_A_6_addr_1   (getelementptr    ) [ 000000100000000000000000000000000000010000000000000000000]
input_B_6_addr_1   (getelementptr    ) [ 000000100000000000000000000000000000010000000000000000000]
input_A_6_load     (load             ) [ 000000100000000000000000000000000000001110000000000000000]
input_B_6_load     (load             ) [ 000000100000000000000000000000000000001110000000000000000]
res_5              (fadd             ) [ 000000100000000000000000000000000000000001111100000000000]
tmp_3_6            (fmul             ) [ 000000100000000000000000000000000000000001111100000000000]
input_A_7_addr_1   (getelementptr    ) [ 000000100000000000000000000000000000000000100000000000000]
input_B_7_addr_1   (getelementptr    ) [ 000000100000000000000000000000000000000000100000000000000]
input_A_7_load     (load             ) [ 000000100000000000000000000000000000000000011100000000000]
input_B_7_load     (load             ) [ 000000100000000000000000000000000000000000011100000000000]
res_6              (fadd             ) [ 000000100000000000000000000000000000000000000011111000000]
tmp_3_7            (fmul             ) [ 000000100000000000000000000000000000000000000011111000000]
res_7              (fadd             ) [ 000000100000000000000000000000000000000000000000000100000]
specloopname_ln0   (specloopname     ) [ 000000000000000000000000000000000000000000000000000000000]
empty_8            (speclooptripcount) [ 000000000000000000000000000000000000000000000000000000000]
tmp                (bitconcatenate   ) [ 000000000000000000000000000000000000000000000000000000000]
zext_ln109         (zext             ) [ 000000000000000000000000000000000000000000000000000000000]
specloopname_ln105 (specloopname     ) [ 000000000000000000000000000000000000000000000000000000000]
tmp_6              (specregionbegin  ) [ 000000000000000000000000000000000000000000000000000000000]
specpipeline_ln106 (specpipeline     ) [ 000000000000000000000000000000000000000000000000000000000]
zext_ln111         (zext             ) [ 000000000000000000000000000000000000000000000000000000000]
add_ln111          (add              ) [ 000000000000000000000000000000000000000000000000000000000]
zext_ln111_1       (zext             ) [ 000000000000000000000000000000000000000000000000000000000]
output_C_addr_1    (getelementptr    ) [ 000000000000000000000000000000000000000000000000000000000]
store_ln111        (store            ) [ 000000000000000000000000000000000000000000000000000000000]
empty_9            (specregionend    ) [ 000000000000000000000000000000000000000000000000000000000]
br_ln0             (br               ) [ 000001111111111111111111111111111111111111111111111100000]
br_ln116           (br               ) [ 000000000000000000000000000000000000000000000000000011110]
indvar_flatten51   (phi              ) [ 000000000000000000000000000000000000000000000000000001000]
row_3              (phi              ) [ 000000000000000000000000000000000000000000000000000001000]
col_3              (phi              ) [ 000000000000000000000000000000000000000000000000000001000]
icmp_ln116         (icmp             ) [ 000000000000000000000000000000000000000000000000000001110]
add_ln116          (add              ) [ 000000000000000000000000000000000000000000000000000011110]
br_ln116           (br               ) [ 000000000000000000000000000000000000000000000000000000000]
row_6              (add              ) [ 000000000000000000000000000000000000000000000000000000000]
icmp_ln117         (icmp             ) [ 000000000000000000000000000000000000000000000000000000000]
select_ln119       (select           ) [ 000000000000000000000000000000000000000000000000000000000]
select_ln119_1     (select           ) [ 000000000000000000000000000000000000000000000000000011110]
tmp_1              (bitconcatenate   ) [ 000000000000000000000000000000000000000000000000000000000]
zext_ln121         (zext             ) [ 000000000000000000000000000000000000000000000000000000000]
icmp_ln121         (icmp             ) [ 000000000000000000000000000000000000000000000000000000000]
icmp_ln121_2       (icmp             ) [ 000000000000000000000000000000000000000000000000000000000]
select_ln119_2     (select           ) [ 000000000000000000000000000000000000000000000000000000000]
zext_ln119         (zext             ) [ 000000000000000000000000000000000000000000000000000000000]
add_ln119          (add              ) [ 000000000000000000000000000000000000000000000000000000000]
zext_ln119_1       (zext             ) [ 000000000000000000000000000000000000000000000000000000000]
output_C_addr      (getelementptr    ) [ 000000000000000000000000000000000000000000000000000001100]
icmp_ln121_1       (icmp             ) [ 000000000000000000000000000000000000000000000000000000000]
tmp_last_V         (and              ) [ 000000000000000000000000000000000000000000000000000001110]
col_6              (add              ) [ 000000000000000000000000000000000000000000000000000011110]
local_write_data   (load             ) [ 000000000000000000000000000000000000000000000000000001010]
specloopname_ln0   (specloopname     ) [ 000000000000000000000000000000000000000000000000000000000]
empty_10           (speclooptripcount) [ 000000000000000000000000000000000000000000000000000000000]
specloopname_ln117 (specloopname     ) [ 000000000000000000000000000000000000000000000000000000000]
tmp_7              (specregionbegin  ) [ 000000000000000000000000000000000000000000000000000000000]
specpipeline_ln118 (specpipeline     ) [ 000000000000000000000000000000000000000000000000000000000]
write_ln125        (write            ) [ 000000000000000000000000000000000000000000000000000000000]
empty_11           (specregionend    ) [ 000000000000000000000000000000000000000000000000000000000]
br_ln0             (br               ) [ 000000000000000000000000000000000000000000000000000011110]
ret_ln128          (ret              ) [ 000000000000000000000000000000000000000000000000000000000]
</LifeTime>

<model>

<comp_list>
<comp id="0" class="1000" name="in_A_V_data">
<pin_list>
<pin id="1" dir="1" index="0" bw="1" slack="0"/>
</pin_list>
<bind>
<StgValue><ssdm name="in_A_V_data"/></StgValue>
</bind>
</comp>

<comp id="2" class="1000" name="in_A_V_last_V">
<pin_list>
<pin id="3" dir="1" index="0" bw="1" slack="0"/>
</pin_list>
<bind>
<StgValue><ssdm name="in_A_V_last_V"/></StgValue>
</bind>
</comp>

<comp id="4" class="1000" name="out_C_V_data">
<pin_list>
<pin id="5" dir="1" index="0" bw="1" slack="0"/>
</pin_list>
<bind>
<StgValue><ssdm name="out_C_V_data"/></StgValue>
</bind>
</comp>

<comp id="6" class="1000" name="out_C_V_last_V">
<pin_list>
<pin id="7" dir="1" index="0" bw="1" slack="0"/>
</pin_list>
<bind>
<StgValue><ssdm name="out_C_V_last_V"/></StgValue>
</bind>
</comp>

<comp id="8" class="1001" name="const_8">
<pin_list>
<pin id="9" dir="1" index="0" bw="1" slack="2147483647"/>
</pin_list>
<bind>
<StgValue><ssdm name="_ssdm_op_SpecBitsMap"/></StgValue>
</bind>
</comp>

<comp id="10" class="1001" name="const_10">
<pin_list>
<pin id="11" dir="1" index="0" bw="1" slack="2147483647"/>
</pin_list>
<bind>
<StgValue><ssdm name="_ssdm_op_SpecTopModule"/></StgValue>
</bind>
</comp>

<comp id="12" class="1001" name="const_12">
<pin_list>
<pin id="13" dir="1" index="0" bw="1" slack="2147483647"/>
</pin_list>
<bind>
<StgValue><ssdm name="matrixmul_3_str"/></StgValue>
</bind>
</comp>

<comp id="14" class="1001" name="const_14">
<pin_list>
<pin id="15" dir="1" index="0" bw="1" slack="0"/>
</pin_list>
<bind>
<StgValue><ssdm name=""/></StgValue>
</bind>
</comp>

<comp id="16" class="1001" name="const_16">
<pin_list>
<pin id="17" dir="1" index="0" bw="1" slack="2147483647"/>
</pin_list>
<bind>
<StgValue><ssdm name="_ssdm_op_SpecInterface"/></StgValue>
</bind>
</comp>

<comp id="18" class="1001" name="const_18">
<pin_list>
<pin id="19" dir="1" index="0" bw="1" slack="2147483647"/>
</pin_list>
<bind>
<StgValue><ssdm name=""/></StgValue>
</bind>
</comp>

<comp id="20" class="1001" name="const_20">
<pin_list>
<pin id="21" dir="1" index="0" bw="1" slack="2147483647"/>
</pin_list>
<bind>
<StgValue><ssdm name="p_str"/></StgValue>
</bind>
</comp>

<comp id="22" class="1001" name="const_22">
<pin_list>
<pin id="23" dir="1" index="0" bw="1" slack="2147483647"/>
</pin_list>
<bind>
<StgValue><ssdm name="p_str1"/></StgValue>
</bind>
</comp>

<comp id="24" class="1001" name="const_24">
<pin_list>
<pin id="25" dir="1" index="0" bw="1" slack="2147483647"/>
</pin_list>
<bind>
<StgValue><ssdm name="p_str2"/></StgValue>
</bind>
</comp>

<comp id="26" class="1001" name="const_26">
<pin_list>
<pin id="27" dir="1" index="0" bw="1" slack="2147483647"/>
</pin_list>
<bind>
<StgValue><ssdm name=""/></StgValue>
</bind>
</comp>

<comp id="28" class="1001" name="const_28">
<pin_list>
<pin id="29" dir="1" index="0" bw="1" slack="2147483647"/>
</pin_list>
<bind>
<StgValue><ssdm name="p_str3"/></StgValue>
</bind>
</comp>

<comp id="30" class="1001" name="const_30">
<pin_list>
<pin id="31" dir="1" index="0" bw="1" slack="1"/>
</pin_list>
<bind>
<StgValue><ssdm name=""/></StgValue>
</bind>
</comp>

<comp id="32" class="1001" name="const_32">
<pin_list>
<pin id="33" dir="1" index="0" bw="1" slack="0"/>
</pin_list>
<bind>
<StgValue><ssdm name=""/></StgValue>
</bind>
</comp>

<comp id="34" class="1001" name="const_34">
<pin_list>
<pin id="35" dir="1" index="0" bw="1" slack="0"/>
</pin_list>
<bind>
<StgValue><ssdm name=""/></StgValue>
</bind>
</comp>

<comp id="36" class="1001" name="const_36">
<pin_list>
<pin id="37" dir="1" index="0" bw="1" slack="0"/>
</pin_list>
<bind>
<StgValue><ssdm name=""/></StgValue>
</bind>
</comp>

<comp id="38" class="1001" name="const_38">
<pin_list>
<pin id="39" dir="1" index="0" bw="1" slack="0"/>
</pin_list>
<bind>
<StgValue><ssdm name=""/></StgValue>
</bind>
</comp>

<comp id="40" class="1001" name="const_40">
<pin_list>
<pin id="41" dir="1" index="0" bw="1" slack="2147483647"/>
</pin_list>
<bind>
<StgValue><ssdm name="_ssdm_op_SpecLoopName"/></StgValue>
</bind>
</comp>

<comp id="42" class="1001" name="const_42">
<pin_list>
<pin id="43" dir="1" index="0" bw="1" slack="2147483647"/>
</pin_list>
<bind>
<StgValue><ssdm name="loop_input_A1_loop_i"/></StgValue>
</bind>
</comp>

<comp id="44" class="1001" name="const_44">
<pin_list>
<pin id="45" dir="1" index="0" bw="1" slack="2147483647"/>
</pin_list>
<bind>
<StgValue><ssdm name="_ssdm_op_SpecLoopTripCount"/></StgValue>
</bind>
</comp>

<comp id="46" class="1001" name="const_46">
<pin_list>
<pin id="47" dir="1" index="0" bw="1" slack="2147483647"/>
</pin_list>
<bind>
<StgValue><ssdm name=""/></StgValue>
</bind>
</comp>

<comp id="48" class="1001" name="const_48">
<pin_list>
<pin id="49" dir="1" index="0" bw="1" slack="0"/>
</pin_list>
<bind>
<StgValue><ssdm name=""/></StgValue>
</bind>
</comp>

<comp id="50" class="1001" name="const_50">
<pin_list>
<pin id="51" dir="1" index="0" bw="1" slack="2147483647"/>
</pin_list>
<bind>
<StgValue><ssdm name="p_str6"/></StgValue>
</bind>
</comp>

<comp id="52" class="1001" name="const_52">
<pin_list>
<pin id="53" dir="1" index="0" bw="1" slack="2147483647"/>
</pin_list>
<bind>
<StgValue><ssdm name="_ssdm_op_SpecRegionBegin"/></StgValue>
</bind>
</comp>

<comp id="54" class="1001" name="const_54">
<pin_list>
<pin id="55" dir="1" index="0" bw="1" slack="2147483647"/>
</pin_list>
<bind>
<StgValue><ssdm name="_ssdm_op_SpecPipeline"/></StgValue>
</bind>
</comp>

<comp id="56" class="1001" name="const_56">
<pin_list>
<pin id="57" dir="1" index="0" bw="1" slack="2147483647"/>
</pin_list>
<bind>
<StgValue><ssdm name=""/></StgValue>
</bind>
</comp>

<comp id="58" class="1001" name="const_58">
<pin_list>
<pin id="59" dir="1" index="0" bw="1" slack="0"/>
</pin_list>
<bind>
<StgValue><ssdm name="_ssdm_op_Read.axis.volatile.floatP.i1P"/></StgValue>
</bind>
</comp>

<comp id="60" class="1001" name="const_60">
<pin_list>
<pin id="61" dir="1" index="0" bw="1" slack="0"/>
</pin_list>
<bind>
<StgValue><ssdm name=""/></StgValue>
</bind>
</comp>

<comp id="62" class="1001" name="const_62">
<pin_list>
<pin id="63" dir="1" index="0" bw="1" slack="2147483647"/>
</pin_list>
<bind>
<StgValue><ssdm name=""/></StgValue>
</bind>
</comp>

<comp id="64" class="1001" name="const_64">
<pin_list>
<pin id="65" dir="1" index="0" bw="1" slack="2147483647"/>
</pin_list>
<bind>
<StgValue><ssdm name=""/></StgValue>
</bind>
</comp>

<comp id="66" class="1001" name="const_66">
<pin_list>
<pin id="67" dir="1" index="0" bw="1" slack="2147483647"/>
</pin_list>
<bind>
<StgValue><ssdm name=""/></StgValue>
</bind>
</comp>

<comp id="68" class="1001" name="const_68">
<pin_list>
<pin id="69" dir="1" index="0" bw="1" slack="2147483647"/>
</pin_list>
<bind>
<StgValue><ssdm name=""/></StgValue>
</bind>
</comp>

<comp id="70" class="1001" name="const_70">
<pin_list>
<pin id="71" dir="1" index="0" bw="1" slack="2147483647"/>
</pin_list>
<bind>
<StgValue><ssdm name=""/></StgValue>
</bind>
</comp>

<comp id="72" class="1001" name="const_72">
<pin_list>
<pin id="73" dir="1" index="0" bw="1" slack="2147483647"/>
</pin_list>
<bind>
<StgValue><ssdm name=""/></StgValue>
</bind>
</comp>

<comp id="74" class="1001" name="const_74">
<pin_list>
<pin id="75" dir="1" index="0" bw="1" slack="0"/>
</pin_list>
<bind>
<StgValue><ssdm name=""/></StgValue>
</bind>
</comp>

<comp id="76" class="1001" name="const_76">
<pin_list>
<pin id="77" dir="1" index="0" bw="1" slack="2147483647"/>
</pin_list>
<bind>
<StgValue><ssdm name="_ssdm_op_SpecRegionEnd"/></StgValue>
</bind>
</comp>

<comp id="78" class="1001" name="const_78">
<pin_list>
<pin id="79" dir="1" index="0" bw="1" slack="2147483647"/>
</pin_list>
<bind>
<StgValue><ssdm name="loop_input_B1_loop_i"/></StgValue>
</bind>
</comp>

<comp id="80" class="1001" name="const_80">
<pin_list>
<pin id="81" dir="1" index="0" bw="1" slack="2147483647"/>
</pin_list>
<bind>
<StgValue><ssdm name="p_str8"/></StgValue>
</bind>
</comp>

<comp id="82" class="1001" name="const_82">
<pin_list>
<pin id="83" dir="1" index="0" bw="1" slack="0"/>
</pin_list>
<bind>
<StgValue><ssdm name=""/></StgValue>
</bind>
</comp>

<comp id="84" class="1001" name="const_84">
<pin_list>
<pin id="85" dir="1" index="0" bw="1" slack="2147483647"/>
</pin_list>
<bind>
<StgValue><ssdm name="loop1_loop2_str"/></StgValue>
</bind>
</comp>

<comp id="86" class="1001" name="const_86">
<pin_list>
<pin id="87" dir="1" index="0" bw="1" slack="0"/>
</pin_list>
<bind>
<StgValue><ssdm name="_ssdm_op_BitConcatenate.i7.i4.i3"/></StgValue>
</bind>
</comp>

<comp id="88" class="1001" name="const_88">
<pin_list>
<pin id="89" dir="1" index="0" bw="1" slack="2147483647"/>
</pin_list>
<bind>
<StgValue><ssdm name="p_str10"/></StgValue>
</bind>
</comp>

<comp id="90" class="1001" name="const_90">
<pin_list>
<pin id="91" dir="1" index="0" bw="1" slack="0"/>
</pin_list>
<bind>
<StgValue><ssdm name=""/></StgValue>
</bind>
</comp>

<comp id="92" class="1001" name="const_92">
<pin_list>
<pin id="93" dir="1" index="0" bw="1" slack="0"/>
</pin_list>
<bind>
<StgValue><ssdm name="_ssdm_op_Write.axis.volatile.floatP.i1P"/></StgValue>
</bind>
</comp>

<comp id="94" class="1001" name="const_94">
<pin_list>
<pin id="95" dir="1" index="0" bw="1" slack="2147483647"/>
</pin_list>
<bind>
<StgValue><ssdm name="loop_output_C1_loop_s"/></StgValue>
</bind>
</comp>

<comp id="96" class="1001" name="const_96">
<pin_list>
<pin id="97" dir="1" index="0" bw="1" slack="2147483647"/>
</pin_list>
<bind>
<StgValue><ssdm name="p_str13"/></StgValue>
</bind>
</comp>

<comp id="98" class="1004" name="input_A_0_alloca_fu_98">
<pin_list>
<pin id="99" dir="0" index="0" bw="1" slack="0"/>
<pin id="100" dir="1" index="1" bw="32" slack="2147483647"/>
</pin_list>
<bind>
<opcode="alloca(26) " fcode="alloca"/>
<opset="input_A_0/1 "/>
</bind>
</comp>

<comp id="102" class="1004" name="input_A_1_alloca_fu_102">
<pin_list>
<pin id="103" dir="0" index="0" bw="1" slack="0"/>
<pin id="104" dir="1" index="1" bw="32" slack="2147483647"/>
</pin_list>
<bind>
<opcode="alloca(26) " fcode="alloca"/>
<opset="input_A_1/1 "/>
</bind>
</comp>

<comp id="106" class="1004" name="input_A_2_alloca_fu_106">
<pin_list>
<pin id="107" dir="0" index="0" bw="1" slack="0"/>
<pin id="108" dir="1" index="1" bw="32" slack="2147483647"/>
</pin_list>
<bind>
<opcode="alloca(26) " fcode="alloca"/>
<opset="input_A_2/1 "/>
</bind>
</comp>

<comp id="110" class="1004" name="input_A_3_alloca_fu_110">
<pin_list>
<pin id="111" dir="0" index="0" bw="1" slack="0"/>
<pin id="112" dir="1" index="1" bw="32" slack="2147483647"/>
</pin_list>
<bind>
<opcode="alloca(26) " fcode="alloca"/>
<opset="input_A_3/1 "/>
</bind>
</comp>

<comp id="114" class="1004" name="input_A_4_alloca_fu_114">
<pin_list>
<pin id="115" dir="0" index="0" bw="1" slack="0"/>
<pin id="116" dir="1" index="1" bw="32" slack="2147483647"/>
</pin_list>
<bind>
<opcode="alloca(26) " fcode="alloca"/>
<opset="input_A_4/1 "/>
</bind>
</comp>

<comp id="118" class="1004" name="input_A_5_alloca_fu_118">
<pin_list>
<pin id="119" dir="0" index="0" bw="1" slack="0"/>
<pin id="120" dir="1" index="1" bw="32" slack="2147483647"/>
</pin_list>
<bind>
<opcode="alloca(26) " fcode="alloca"/>
<opset="input_A_5/1 "/>
</bind>
</comp>

<comp id="122" class="1004" name="input_A_6_alloca_fu_122">
<pin_list>
<pin id="123" dir="0" index="0" bw="1" slack="0"/>
<pin id="124" dir="1" index="1" bw="32" slack="2147483647"/>
</pin_list>
<bind>
<opcode="alloca(26) " fcode="alloca"/>
<opset="input_A_6/1 "/>
</bind>
</comp>

<comp id="126" class="1004" name="input_A_7_alloca_fu_126">
<pin_list>
<pin id="127" dir="0" index="0" bw="1" slack="0"/>
<pin id="128" dir="1" index="1" bw="32" slack="2147483647"/>
</pin_list>
<bind>
<opcode="alloca(26) " fcode="alloca"/>
<opset="input_A_7/1 "/>
</bind>
</comp>

<comp id="130" class="1004" name="input_B_0_alloca_fu_130">
<pin_list>
<pin id="131" dir="0" index="0" bw="1" slack="0"/>
<pin id="132" dir="1" index="1" bw="32" slack="2147483647"/>
</pin_list>
<bind>
<opcode="alloca(26) " fcode="alloca"/>
<opset="input_B_0/1 "/>
</bind>
</comp>

<comp id="134" class="1004" name="input_B_1_alloca_fu_134">
<pin_list>
<pin id="135" dir="0" index="0" bw="1" slack="0"/>
<pin id="136" dir="1" index="1" bw="32" slack="2147483647"/>
</pin_list>
<bind>
<opcode="alloca(26) " fcode="alloca"/>
<opset="input_B_1/1 "/>
</bind>
</comp>

<comp id="138" class="1004" name="input_B_2_alloca_fu_138">
<pin_list>
<pin id="139" dir="0" index="0" bw="1" slack="0"/>
<pin id="140" dir="1" index="1" bw="32" slack="2147483647"/>
</pin_list>
<bind>
<opcode="alloca(26) " fcode="alloca"/>
<opset="input_B_2/1 "/>
</bind>
</comp>

<comp id="142" class="1004" name="input_B_3_alloca_fu_142">
<pin_list>
<pin id="143" dir="0" index="0" bw="1" slack="0"/>
<pin id="144" dir="1" index="1" bw="32" slack="2147483647"/>
</pin_list>
<bind>
<opcode="alloca(26) " fcode="alloca"/>
<opset="input_B_3/1 "/>
</bind>
</comp>

<comp id="146" class="1004" name="input_B_4_alloca_fu_146">
<pin_list>
<pin id="147" dir="0" index="0" bw="1" slack="0"/>
<pin id="148" dir="1" index="1" bw="32" slack="2147483647"/>
</pin_list>
<bind>
<opcode="alloca(26) " fcode="alloca"/>
<opset="input_B_4/1 "/>
</bind>
</comp>

<comp id="150" class="1004" name="input_B_5_alloca_fu_150">
<pin_list>
<pin id="151" dir="0" index="0" bw="1" slack="0"/>
<pin id="152" dir="1" index="1" bw="32" slack="2147483647"/>
</pin_list>
<bind>
<opcode="alloca(26) " fcode="alloca"/>
<opset="input_B_5/1 "/>
</bind>
</comp>

<comp id="154" class="1004" name="input_B_6_alloca_fu_154">
<pin_list>
<pin id="155" dir="0" index="0" bw="1" slack="0"/>
<pin id="156" dir="1" index="1" bw="32" slack="2147483647"/>
</pin_list>
<bind>
<opcode="alloca(26) " fcode="alloca"/>
<opset="input_B_6/1 "/>
</bind>
</comp>

<comp id="158" class="1004" name="input_B_7_alloca_fu_158">
<pin_list>
<pin id="159" dir="0" index="0" bw="1" slack="0"/>
<pin id="160" dir="1" index="1" bw="32" slack="2147483647"/>
</pin_list>
<bind>
<opcode="alloca(26) " fcode="alloca"/>
<opset="input_B_7/1 "/>
</bind>
</comp>

<comp id="162" class="1004" name="output_C_alloca_fu_162">
<pin_list>
<pin id="163" dir="0" index="0" bw="1" slack="0"/>
<pin id="164" dir="1" index="1" bw="32" slack="2147483647"/>
</pin_list>
<bind>
<opcode="alloca(26) " fcode="alloca"/>
<opset="output_C/1 "/>
</bind>
</comp>

<comp id="166" class="1004" name="grp_read_fu_166">
<pin_list>
<pin id="167" dir="0" index="0" bw="33" slack="0"/>
<pin id="168" dir="0" index="1" bw="32" slack="0"/>
<pin id="169" dir="0" index="2" bw="1" slack="0"/>
<pin id="170" dir="1" index="3" bw="33" slack="0"/>
</pin_list>
<bind>
<opcode="read(1150) " fcode="read"/>
<opset="empty_4/2 empty_7/4 "/>
</bind>
</comp>

<comp id="174" class="1004" name="grp_write_fu_174">
<pin_list>
<pin id="175" dir="0" index="0" bw="0" slack="0"/>
<pin id="176" dir="0" index="1" bw="32" slack="0"/>
<pin id="177" dir="0" index="2" bw="1" slack="0"/>
<pin id="178" dir="0" index="3" bw="32" slack="0"/>
<pin id="179" dir="0" index="4" bw="1" slack="1"/>
<pin id="180" dir="1" index="5" bw="0" slack="2147483647"/>
</pin_list>
<bind>
<opcode="write(1151) " fcode="write"/>
<opset="write_ln125/54 "/>
</bind>
</comp>

<comp id="184" class="1004" name="input_A_6_addr_gep_fu_184">
<pin_list>
<pin id="185" dir="0" index="0" bw="32" slack="2147483647"/>
<pin id="186" dir="0" index="1" bw="1" slack="0"/>
<pin id="187" dir="0" index="2" bw="4" slack="0"/>
<pin id="188" dir="1" index="3" bw="3" slack="0"/>
</pin_list>
<bind>
<opcode="getelementptr(29) " fcode="getelementptr"/>
<opset="input_A_6_addr/2 "/>
</bind>
</comp>

<comp id="190" class="1004" name="grp_access_fu_190">
<pin_list>
<pin id="191" dir="0" index="0" bw="3" slack="0"/>
<pin id="192" dir="0" index="1" bw="32" slack="0"/>
<pin id="193" dir="0" index="2" bw="0" slack="2147483647"/>
<pin id="194" dir="1" index="3" bw="32" slack="0"/>
</pin_list>
<bind>
<opcode="load(27) store(28) " fcode="load"/>
<opset="store_ln89/2 input_A_6_load/36 "/>
</bind>
</comp>

<comp id="196" class="1004" name="input_A_5_addr_gep_fu_196">
<pin_list>
<pin id="197" dir="0" index="0" bw="32" slack="2147483647"/>
<pin id="198" dir="0" index="1" bw="1" slack="0"/>
<pin id="199" dir="0" index="2" bw="4" slack="0"/>
<pin id="200" dir="1" index="3" bw="3" slack="0"/>
</pin_list>
<bind>
<opcode="getelementptr(29) " fcode="getelementptr"/>
<opset="input_A_5_addr/2 "/>
</bind>
</comp>

<comp id="202" class="1004" name="grp_access_fu_202">
<pin_list>
<pin id="203" dir="0" index="0" bw="3" slack="0"/>
<pin id="204" dir="0" index="1" bw="32" slack="0"/>
<pin id="205" dir="0" index="2" bw="0" slack="2147483647"/>
<pin id="206" dir="1" index="3" bw="32" slack="0"/>
</pin_list>
<bind>
<opcode="load(27) store(28) " fcode="load"/>
<opset="store_ln89/2 input_A_5_load/31 "/>
</bind>
</comp>

<comp id="208" class="1004" name="input_A_4_addr_gep_fu_208">
<pin_list>
<pin id="209" dir="0" index="0" bw="32" slack="2147483647"/>
<pin id="210" dir="0" index="1" bw="1" slack="0"/>
<pin id="211" dir="0" index="2" bw="4" slack="0"/>
<pin id="212" dir="1" index="3" bw="3" slack="0"/>
</pin_list>
<bind>
<opcode="getelementptr(29) " fcode="getelementptr"/>
<opset="input_A_4_addr/2 "/>
</bind>
</comp>

<comp id="214" class="1004" name="grp_access_fu_214">
<pin_list>
<pin id="215" dir="0" index="0" bw="3" slack="0"/>
<pin id="216" dir="0" index="1" bw="32" slack="0"/>
<pin id="217" dir="0" index="2" bw="0" slack="2147483647"/>
<pin id="218" dir="1" index="3" bw="32" slack="0"/>
</pin_list>
<bind>
<opcode="load(27) store(28) " fcode="load"/>
<opset="store_ln89/2 input_A_4_load/26 "/>
</bind>
</comp>

<comp id="220" class="1004" name="input_A_3_addr_gep_fu_220">
<pin_list>
<pin id="221" dir="0" index="0" bw="32" slack="2147483647"/>
<pin id="222" dir="0" index="1" bw="1" slack="0"/>
<pin id="223" dir="0" index="2" bw="4" slack="0"/>
<pin id="224" dir="1" index="3" bw="3" slack="0"/>
</pin_list>
<bind>
<opcode="getelementptr(29) " fcode="getelementptr"/>
<opset="input_A_3_addr/2 "/>
</bind>
</comp>

<comp id="226" class="1004" name="grp_access_fu_226">
<pin_list>
<pin id="227" dir="0" index="0" bw="3" slack="0"/>
<pin id="228" dir="0" index="1" bw="32" slack="0"/>
<pin id="229" dir="0" index="2" bw="0" slack="2147483647"/>
<pin id="230" dir="1" index="3" bw="32" slack="0"/>
</pin_list>
<bind>
<opcode="load(27) store(28) " fcode="load"/>
<opset="store_ln89/2 input_A_3_load/21 "/>
</bind>
</comp>

<comp id="232" class="1004" name="input_A_2_addr_gep_fu_232">
<pin_list>
<pin id="233" dir="0" index="0" bw="32" slack="2147483647"/>
<pin id="234" dir="0" index="1" bw="1" slack="0"/>
<pin id="235" dir="0" index="2" bw="4" slack="0"/>
<pin id="236" dir="1" index="3" bw="3" slack="0"/>
</pin_list>
<bind>
<opcode="getelementptr(29) " fcode="getelementptr"/>
<opset="input_A_2_addr/2 "/>
</bind>
</comp>

<comp id="238" class="1004" name="grp_access_fu_238">
<pin_list>
<pin id="239" dir="0" index="0" bw="3" slack="0"/>
<pin id="240" dir="0" index="1" bw="32" slack="0"/>
<pin id="241" dir="0" index="2" bw="0" slack="2147483647"/>
<pin id="242" dir="1" index="3" bw="32" slack="0"/>
</pin_list>
<bind>
<opcode="load(27) store(28) " fcode="load"/>
<opset="store_ln89/2 input_A_2_load/16 "/>
</bind>
</comp>

<comp id="244" class="1004" name="input_A_1_addr_gep_fu_244">
<pin_list>
<pin id="245" dir="0" index="0" bw="32" slack="2147483647"/>
<pin id="246" dir="0" index="1" bw="1" slack="0"/>
<pin id="247" dir="0" index="2" bw="4" slack="0"/>
<pin id="248" dir="1" index="3" bw="3" slack="0"/>
</pin_list>
<bind>
<opcode="getelementptr(29) " fcode="getelementptr"/>
<opset="input_A_1_addr/2 "/>
</bind>
</comp>

<comp id="250" class="1004" name="grp_access_fu_250">
<pin_list>
<pin id="251" dir="0" index="0" bw="3" slack="0"/>
<pin id="252" dir="0" index="1" bw="32" slack="0"/>
<pin id="253" dir="0" index="2" bw="0" slack="2147483647"/>
<pin id="254" dir="1" index="3" bw="32" slack="0"/>
</pin_list>
<bind>
<opcode="load(27) store(28) " fcode="load"/>
<opset="store_ln89/2 input_A_1_load/11 "/>
</bind>
</comp>

<comp id="256" class="1004" name="input_A_0_addr_gep_fu_256">
<pin_list>
<pin id="257" dir="0" index="0" bw="32" slack="2147483647"/>
<pin id="258" dir="0" index="1" bw="1" slack="0"/>
<pin id="259" dir="0" index="2" bw="4" slack="0"/>
<pin id="260" dir="1" index="3" bw="3" slack="0"/>
</pin_list>
<bind>
<opcode="getelementptr(29) " fcode="getelementptr"/>
<opset="input_A_0_addr/2 "/>
</bind>
</comp>

<comp id="262" class="1004" name="grp_access_fu_262">
<pin_list>
<pin id="263" dir="0" index="0" bw="3" slack="0"/>
<pin id="264" dir="0" index="1" bw="32" slack="0"/>
<pin id="265" dir="0" index="2" bw="0" slack="2147483647"/>
<pin id="266" dir="1" index="3" bw="32" slack="0"/>
</pin_list>
<bind>
<opcode="load(27) store(28) " fcode="load"/>
<opset="store_ln89/2 input_A_0_load/6 "/>
</bind>
</comp>

<comp id="268" class="1004" name="input_A_7_addr_gep_fu_268">
<pin_list>
<pin id="269" dir="0" index="0" bw="32" slack="2147483647"/>
<pin id="270" dir="0" index="1" bw="1" slack="0"/>
<pin id="271" dir="0" index="2" bw="4" slack="0"/>
<pin id="272" dir="1" index="3" bw="3" slack="0"/>
</pin_list>
<bind>
<opcode="getelementptr(29) " fcode="getelementptr"/>
<opset="input_A_7_addr/2 "/>
</bind>
</comp>

<comp id="274" class="1004" name="grp_access_fu_274">
<pin_list>
<pin id="275" dir="0" index="0" bw="3" slack="0"/>
<pin id="276" dir="0" index="1" bw="32" slack="0"/>
<pin id="277" dir="0" index="2" bw="0" slack="2147483647"/>
<pin id="278" dir="1" index="3" bw="32" slack="0"/>
</pin_list>
<bind>
<opcode="load(27) store(28) " fcode="load"/>
<opset="store_ln89/2 input_A_7_load/41 "/>
</bind>
</comp>

<comp id="280" class="1004" name="input_B_0_addr_gep_fu_280">
<pin_list>
<pin id="281" dir="0" index="0" bw="32" slack="2147483647"/>
<pin id="282" dir="0" index="1" bw="1" slack="0"/>
<pin id="283" dir="0" index="2" bw="4" slack="0"/>
<pin id="284" dir="1" index="3" bw="3" slack="0"/>
</pin_list>
<bind>
<opcode="getelementptr(29) " fcode="getelementptr"/>
<opset="input_B_0_addr/4 "/>
</bind>
</comp>

<comp id="286" class="1004" name="input_B_1_addr_gep_fu_286">
<pin_list>
<pin id="287" dir="0" index="0" bw="32" slack="2147483647"/>
<pin id="288" dir="0" index="1" bw="1" slack="0"/>
<pin id="289" dir="0" index="2" bw="4" slack="0"/>
<pin id="290" dir="1" index="3" bw="3" slack="0"/>
</pin_list>
<bind>
<opcode="getelementptr(29) " fcode="getelementptr"/>
<opset="input_B_1_addr/4 "/>
</bind>
</comp>

<comp id="292" class="1004" name="input_B_2_addr_gep_fu_292">
<pin_list>
<pin id="293" dir="0" index="0" bw="32" slack="2147483647"/>
<pin id="294" dir="0" index="1" bw="1" slack="0"/>
<pin id="295" dir="0" index="2" bw="4" slack="0"/>
<pin id="296" dir="1" index="3" bw="3" slack="0"/>
</pin_list>
<bind>
<opcode="getelementptr(29) " fcode="getelementptr"/>
<opset="input_B_2_addr/4 "/>
</bind>
</comp>

<comp id="298" class="1004" name="input_B_3_addr_gep_fu_298">
<pin_list>
<pin id="299" dir="0" index="0" bw="32" slack="2147483647"/>
<pin id="300" dir="0" index="1" bw="1" slack="0"/>
<pin id="301" dir="0" index="2" bw="4" slack="0"/>
<pin id="302" dir="1" index="3" bw="3" slack="0"/>
</pin_list>
<bind>
<opcode="getelementptr(29) " fcode="getelementptr"/>
<opset="input_B_3_addr/4 "/>
</bind>
</comp>

<comp id="304" class="1004" name="input_B_4_addr_gep_fu_304">
<pin_list>
<pin id="305" dir="0" index="0" bw="32" slack="2147483647"/>
<pin id="306" dir="0" index="1" bw="1" slack="0"/>
<pin id="307" dir="0" index="2" bw="4" slack="0"/>
<pin id="308" dir="1" index="3" bw="3" slack="0"/>
</pin_list>
<bind>
<opcode="getelementptr(29) " fcode="getelementptr"/>
<opset="input_B_4_addr/4 "/>
</bind>
</comp>

<comp id="310" class="1004" name="input_B_5_addr_gep_fu_310">
<pin_list>
<pin id="311" dir="0" index="0" bw="32" slack="2147483647"/>
<pin id="312" dir="0" index="1" bw="1" slack="0"/>
<pin id="313" dir="0" index="2" bw="4" slack="0"/>
<pin id="314" dir="1" index="3" bw="3" slack="0"/>
</pin_list>
<bind>
<opcode="getelementptr(29) " fcode="getelementptr"/>
<opset="input_B_5_addr/4 "/>
</bind>
</comp>

<comp id="316" class="1004" name="input_B_6_addr_gep_fu_316">
<pin_list>
<pin id="317" dir="0" index="0" bw="32" slack="2147483647"/>
<pin id="318" dir="0" index="1" bw="1" slack="0"/>
<pin id="319" dir="0" index="2" bw="4" slack="0"/>
<pin id="320" dir="1" index="3" bw="3" slack="0"/>
</pin_list>
<bind>
<opcode="getelementptr(29) " fcode="getelementptr"/>
<opset="input_B_6_addr/4 "/>
</bind>
</comp>

<comp id="322" class="1004" name="input_B_7_addr_gep_fu_322">
<pin_list>
<pin id="323" dir="0" index="0" bw="32" slack="2147483647"/>
<pin id="324" dir="0" index="1" bw="1" slack="0"/>
<pin id="325" dir="0" index="2" bw="4" slack="0"/>
<pin id="326" dir="1" index="3" bw="3" slack="0"/>
</pin_list>
<bind>
<opcode="getelementptr(29) " fcode="getelementptr"/>
<opset="input_B_7_addr/4 "/>
</bind>
</comp>

<comp id="328" class="1004" name="grp_access_fu_328">
<pin_list>
<pin id="329" dir="0" index="0" bw="3" slack="0"/>
<pin id="330" dir="0" index="1" bw="32" slack="0"/>
<pin id="331" dir="0" index="2" bw="0" slack="2147483647"/>
<pin id="332" dir="1" index="3" bw="32" slack="0"/>
</pin_list>
<bind>
<opcode="load(27) store(28) " fcode="load"/>
<opset="store_ln99/4 input_B_6_load/36 "/>
</bind>
</comp>

<comp id="334" class="1004" name="grp_access_fu_334">
<pin_list>
<pin id="335" dir="0" index="0" bw="3" slack="0"/>
<pin id="336" dir="0" index="1" bw="32" slack="0"/>
<pin id="337" dir="0" index="2" bw="0" slack="2147483647"/>
<pin id="338" dir="1" index="3" bw="32" slack="0"/>
</pin_list>
<bind>
<opcode="load(27) store(28) " fcode="load"/>
<opset="store_ln99/4 input_B_5_load/31 "/>
</bind>
</comp>

<comp id="340" class="1004" name="grp_access_fu_340">
<pin_list>
<pin id="341" dir="0" index="0" bw="3" slack="0"/>
<pin id="342" dir="0" index="1" bw="32" slack="0"/>
<pin id="343" dir="0" index="2" bw="0" slack="2147483647"/>
<pin id="344" dir="1" index="3" bw="32" slack="0"/>
</pin_list>
<bind>
<opcode="load(27) store(28) " fcode="load"/>
<opset="store_ln99/4 input_B_4_load/26 "/>
</bind>
</comp>

<comp id="346" class="1004" name="grp_access_fu_346">
<pin_list>
<pin id="347" dir="0" index="0" bw="3" slack="0"/>
<pin id="348" dir="0" index="1" bw="32" slack="0"/>
<pin id="349" dir="0" index="2" bw="0" slack="2147483647"/>
<pin id="350" dir="1" index="3" bw="32" slack="0"/>
</pin_list>
<bind>
<opcode="load(27) store(28) " fcode="load"/>
<opset="store_ln99/4 input_B_3_load/21 "/>
</bind>
</comp>

<comp id="352" class="1004" name="grp_access_fu_352">
<pin_list>
<pin id="353" dir="0" index="0" bw="3" slack="0"/>
<pin id="354" dir="0" index="1" bw="32" slack="0"/>
<pin id="355" dir="0" index="2" bw="0" slack="2147483647"/>
<pin id="356" dir="1" index="3" bw="32" slack="0"/>
</pin_list>
<bind>
<opcode="load(27) store(28) " fcode="load"/>
<opset="store_ln99/4 input_B_2_load/16 "/>
</bind>
</comp>

<comp id="358" class="1004" name="grp_access_fu_358">
<pin_list>
<pin id="359" dir="0" index="0" bw="3" slack="0"/>
<pin id="360" dir="0" index="1" bw="32" slack="0"/>
<pin id="361" dir="0" index="2" bw="0" slack="2147483647"/>
<pin id="362" dir="1" index="3" bw="32" slack="0"/>
</pin_list>
<bind>
<opcode="load(27) store(28) " fcode="load"/>
<opset="store_ln99/4 input_B_1_load/11 "/>
</bind>
</comp>

<comp id="364" class="1004" name="grp_access_fu_364">
<pin_list>
<pin id="365" dir="0" index="0" bw="3" slack="0"/>
<pin id="366" dir="0" index="1" bw="32" slack="0"/>
<pin id="367" dir="0" index="2" bw="0" slack="2147483647"/>
<pin id="368" dir="1" index="3" bw="32" slack="0"/>
</pin_list>
<bind>
<opcode="load(27) store(28) " fcode="load"/>
<opset="store_ln99/4 input_B_0_load/6 "/>
</bind>
</comp>

<comp id="370" class="1004" name="grp_access_fu_370">
<pin_list>
<pin id="371" dir="0" index="0" bw="3" slack="0"/>
<pin id="372" dir="0" index="1" bw="32" slack="0"/>
<pin id="373" dir="0" index="2" bw="0" slack="2147483647"/>
<pin id="374" dir="1" index="3" bw="32" slack="0"/>
</pin_list>
<bind>
<opcode="load(27) store(28) " fcode="load"/>
<opset="store_ln99/4 input_B_7_load/41 "/>
</bind>
</comp>

<comp id="376" class="1004" name="input_A_0_addr_1_gep_fu_376">
<pin_list>
<pin id="377" dir="0" index="0" bw="32" slack="2147483647"/>
<pin id="378" dir="0" index="1" bw="1" slack="0"/>
<pin id="379" dir="0" index="2" bw="4" slack="0"/>
<pin id="380" dir="1" index="3" bw="3" slack="0"/>
</pin_list>
<bind>
<opcode="getelementptr(29) " fcode="getelementptr"/>
<opset="input_A_0_addr_1/6 "/>
</bind>
</comp>

<comp id="383" class="1004" name="input_B_0_addr_1_gep_fu_383">
<pin_list>
<pin id="384" dir="0" index="0" bw="32" slack="2147483647"/>
<pin id="385" dir="0" index="1" bw="1" slack="0"/>
<pin id="386" dir="0" index="2" bw="4" slack="0"/>
<pin id="387" dir="1" index="3" bw="3" slack="0"/>
</pin_list>
<bind>
<opcode="getelementptr(29) " fcode="getelementptr"/>
<opset="input_B_0_addr_1/6 "/>
</bind>
</comp>

<comp id="390" class="1004" name="input_A_1_addr_1_gep_fu_390">
<pin_list>
<pin id="391" dir="0" index="0" bw="32" slack="2147483647"/>
<pin id="392" dir="0" index="1" bw="1" slack="0"/>
<pin id="393" dir="0" index="2" bw="4" slack="5"/>
<pin id="394" dir="1" index="3" bw="3" slack="0"/>
</pin_list>
<bind>
<opcode="getelementptr(29) " fcode="getelementptr"/>
<opset="input_A_1_addr_1/11 "/>
</bind>
</comp>

<comp id="397" class="1004" name="input_B_1_addr_1_gep_fu_397">
<pin_list>
<pin id="398" dir="0" index="0" bw="32" slack="2147483647"/>
<pin id="399" dir="0" index="1" bw="1" slack="0"/>
<pin id="400" dir="0" index="2" bw="4" slack="5"/>
<pin id="401" dir="1" index="3" bw="3" slack="0"/>
</pin_list>
<bind>
<opcode="getelementptr(29) " fcode="getelementptr"/>
<opset="input_B_1_addr_1/11 "/>
</bind>
</comp>

<comp id="404" class="1004" name="input_A_2_addr_1_gep_fu_404">
<pin_list>
<pin id="405" dir="0" index="0" bw="32" slack="2147483647"/>
<pin id="406" dir="0" index="1" bw="1" slack="0"/>
<pin id="407" dir="0" index="2" bw="4" slack="10"/>
<pin id="408" dir="1" index="3" bw="3" slack="0"/>
</pin_list>
<bind>
<opcode="getelementptr(29) " fcode="getelementptr"/>
<opset="input_A_2_addr_1/16 "/>
</bind>
</comp>

<comp id="411" class="1004" name="input_B_2_addr_1_gep_fu_411">
<pin_list>
<pin id="412" dir="0" index="0" bw="32" slack="2147483647"/>
<pin id="413" dir="0" index="1" bw="1" slack="0"/>
<pin id="414" dir="0" index="2" bw="4" slack="10"/>
<pin id="415" dir="1" index="3" bw="3" slack="0"/>
</pin_list>
<bind>
<opcode="getelementptr(29) " fcode="getelementptr"/>
<opset="input_B_2_addr_1/16 "/>
</bind>
</comp>

<comp id="418" class="1004" name="input_A_3_addr_1_gep_fu_418">
<pin_list>
<pin id="419" dir="0" index="0" bw="32" slack="2147483647"/>
<pin id="420" dir="0" index="1" bw="1" slack="0"/>
<pin id="421" dir="0" index="2" bw="4" slack="15"/>
<pin id="422" dir="1" index="3" bw="3" slack="0"/>
</pin_list>
<bind>
<opcode="getelementptr(29) " fcode="getelementptr"/>
<opset="input_A_3_addr_1/21 "/>
</bind>
</comp>

<comp id="425" class="1004" name="input_B_3_addr_1_gep_fu_425">
<pin_list>
<pin id="426" dir="0" index="0" bw="32" slack="2147483647"/>
<pin id="427" dir="0" index="1" bw="1" slack="0"/>
<pin id="428" dir="0" index="2" bw="4" slack="15"/>
<pin id="429" dir="1" index="3" bw="3" slack="0"/>
</pin_list>
<bind>
<opcode="getelementptr(29) " fcode="getelementptr"/>
<opset="input_B_3_addr_1/21 "/>
</bind>
</comp>

<comp id="432" class="1004" name="input_A_4_addr_1_gep_fu_432">
<pin_list>
<pin id="433" dir="0" index="0" bw="32" slack="2147483647"/>
<pin id="434" dir="0" index="1" bw="1" slack="0"/>
<pin id="435" dir="0" index="2" bw="4" slack="20"/>
<pin id="436" dir="1" index="3" bw="3" slack="0"/>
</pin_list>
<bind>
<opcode="getelementptr(29) " fcode="getelementptr"/>
<opset="input_A_4_addr_1/26 "/>
</bind>
</comp>

<comp id="439" class="1004" name="input_B_4_addr_1_gep_fu_439">
<pin_list>
<pin id="440" dir="0" index="0" bw="32" slack="2147483647"/>
<pin id="441" dir="0" index="1" bw="1" slack="0"/>
<pin id="442" dir="0" index="2" bw="4" slack="20"/>
<pin id="443" dir="1" index="3" bw="3" slack="0"/>
</pin_list>
<bind>
<opcode="getelementptr(29) " fcode="getelementptr"/>
<opset="input_B_4_addr_1/26 "/>
</bind>
</comp>

<comp id="446" class="1004" name="input_A_5_addr_1_gep_fu_446">
<pin_list>
<pin id="447" dir="0" index="0" bw="32" slack="2147483647"/>
<pin id="448" dir="0" index="1" bw="1" slack="0"/>
<pin id="449" dir="0" index="2" bw="4" slack="25"/>
<pin id="450" dir="1" index="3" bw="3" slack="0"/>
</pin_list>
<bind>
<opcode="getelementptr(29) " fcode="getelementptr"/>
<opset="input_A_5_addr_1/31 "/>
</bind>
</comp>

<comp id="453" class="1004" name="input_B_5_addr_1_gep_fu_453">
<pin_list>
<pin id="454" dir="0" index="0" bw="32" slack="2147483647"/>
<pin id="455" dir="0" index="1" bw="1" slack="0"/>
<pin id="456" dir="0" index="2" bw="4" slack="25"/>
<pin id="457" dir="1" index="3" bw="3" slack="0"/>
</pin_list>
<bind>
<opcode="getelementptr(29) " fcode="getelementptr"/>
<opset="input_B_5_addr_1/31 "/>
</bind>
</comp>

<comp id="460" class="1004" name="input_A_6_addr_1_gep_fu_460">
<pin_list>
<pin id="461" dir="0" index="0" bw="32" slack="2147483647"/>
<pin id="462" dir="0" index="1" bw="1" slack="0"/>
<pin id="463" dir="0" index="2" bw="4" slack="30"/>
<pin id="464" dir="1" index="3" bw="3" slack="0"/>
</pin_list>
<bind>
<opcode="getelementptr(29) " fcode="getelementptr"/>
<opset="input_A_6_addr_1/36 "/>
</bind>
</comp>

<comp id="467" class="1004" name="input_B_6_addr_1_gep_fu_467">
<pin_list>
<pin id="468" dir="0" index="0" bw="32" slack="2147483647"/>
<pin id="469" dir="0" index="1" bw="1" slack="0"/>
<pin id="470" dir="0" index="2" bw="4" slack="30"/>
<pin id="471" dir="1" index="3" bw="3" slack="0"/>
</pin_list>
<bind>
<opcode="getelementptr(29) " fcode="getelementptr"/>
<opset="input_B_6_addr_1/36 "/>
</bind>
</comp>

<comp id="474" class="1004" name="input_A_7_addr_1_gep_fu_474">
<pin_list>
<pin id="475" dir="0" index="0" bw="32" slack="2147483647"/>
<pin id="476" dir="0" index="1" bw="1" slack="0"/>
<pin id="477" dir="0" index="2" bw="4" slack="35"/>
<pin id="478" dir="1" index="3" bw="3" slack="0"/>
</pin_list>
<bind>
<opcode="getelementptr(29) " fcode="getelementptr"/>
<opset="input_A_7_addr_1/41 "/>
</bind>
</comp>

<comp id="481" class="1004" name="input_B_7_addr_1_gep_fu_481">
<pin_list>
<pin id="482" dir="0" index="0" bw="32" slack="2147483647"/>
<pin id="483" dir="0" index="1" bw="1" slack="0"/>
<pin id="484" dir="0" index="2" bw="4" slack="35"/>
<pin id="485" dir="1" index="3" bw="3" slack="0"/>
</pin_list>
<bind>
<opcode="getelementptr(29) " fcode="getelementptr"/>
<opset="input_B_7_addr_1/41 "/>
</bind>
</comp>

<comp id="488" class="1004" name="output_C_addr_1_gep_fu_488">
<pin_list>
<pin id="489" dir="0" index="0" bw="32" slack="2147483647"/>
<pin id="490" dir="0" index="1" bw="1" slack="0"/>
<pin id="491" dir="0" index="2" bw="8" slack="0"/>
<pin id="492" dir="1" index="3" bw="6" slack="0"/>
</pin_list>
<bind>
<opcode="getelementptr(29) " fcode="getelementptr"/>
<opset="output_C_addr_1/51 "/>
</bind>
</comp>

<comp id="494" class="1004" name="grp_access_fu_494">
<pin_list>
<pin id="495" dir="0" index="0" bw="6" slack="0"/>
<pin id="496" dir="0" index="1" bw="32" slack="1"/>
<pin id="497" dir="0" index="2" bw="0" slack="2147483647"/>
<pin id="498" dir="1" index="3" bw="32" slack="0"/>
</pin_list>
<bind>
<opcode="load(27) store(28) " fcode="load"/>
<opset="store_ln111/51 local_write_data/53 "/>
</bind>
</comp>

<comp id="500" class="1004" name="output_C_addr_gep_fu_500">
<pin_list>
<pin id="501" dir="0" index="0" bw="32" slack="2147483647"/>
<pin id="502" dir="0" index="1" bw="1" slack="0"/>
<pin id="503" dir="0" index="2" bw="8" slack="0"/>
<pin id="504" dir="1" index="3" bw="6" slack="0"/>
</pin_list>
<bind>
<opcode="getelementptr(29) " fcode="getelementptr"/>
<opset="output_C_addr/53 "/>
</bind>
</comp>

<comp id="508" class="1005" name="indvar_flatten_reg_508">
<pin_list>
<pin id="509" dir="0" index="0" bw="7" slack="1"/>
<pin id="510" dir="1" index="1" bw="7" slack="1"/>
</pin_list>
<bind>
<opset="indvar_flatten (phireg) "/>
</bind>
</comp>

<comp id="512" class="1004" name="indvar_flatten_phi_fu_512">
<pin_list>
<pin id="513" dir="0" index="0" bw="1" slack="1"/>
<pin id="514" dir="0" index="1" bw="0" slack="2147483647"/>
<pin id="515" dir="0" index="2" bw="7" slack="0"/>
<pin id="516" dir="0" index="3" bw="0" slack="2147483647"/>
<pin id="517" dir="1" index="4" bw="7" slack="0"/>
</pin_list>
<bind>
<opcode="phi(47) " fcode="phi"/>
<opset="indvar_flatten/2 "/>
</bind>
</comp>

<comp id="519" class="1005" name="row_0_reg_519">
<pin_list>
<pin id="520" dir="0" index="0" bw="4" slack="1"/>
<pin id="521" dir="1" index="1" bw="4" slack="1"/>
</pin_list>
<bind>
<opset="row_0 (phireg) "/>
</bind>
</comp>

<comp id="523" class="1004" name="row_0_phi_fu_523">
<pin_list>
<pin id="524" dir="0" index="0" bw="1" slack="1"/>
<pin id="525" dir="0" index="1" bw="0" slack="2147483647"/>
<pin id="526" dir="0" index="2" bw="4" slack="0"/>
<pin id="527" dir="0" index="3" bw="0" slack="2147483647"/>
<pin id="528" dir="1" index="4" bw="4" slack="0"/>
</pin_list>
<bind>
<opcode="phi(47) " fcode="phi"/>
<opset="row_0/2 "/>
</bind>
</comp>

<comp id="530" class="1005" name="col_0_reg_530">
<pin_list>
<pin id="531" dir="0" index="0" bw="4" slack="1"/>
<pin id="532" dir="1" index="1" bw="4" slack="1"/>
</pin_list>
<bind>
<opset="col_0 (phireg) "/>
</bind>
</comp>

<comp id="534" class="1004" name="col_0_phi_fu_534">
<pin_list>
<pin id="535" dir="0" index="0" bw="1" slack="1"/>
<pin id="536" dir="0" index="1" bw="0" slack="2147483647"/>
<pin id="537" dir="0" index="2" bw="4" slack="0"/>
<pin id="538" dir="0" index="3" bw="0" slack="2147483647"/>
<pin id="539" dir="1" index="4" bw="4" slack="0"/>
</pin_list>
<bind>
<opcode="phi(47) " fcode="phi"/>
<opset="col_0/2 "/>
</bind>
</comp>

<comp id="541" class="1005" name="indvar_flatten19_reg_541">
<pin_list>
<pin id="542" dir="0" index="0" bw="7" slack="1"/>
<pin id="543" dir="1" index="1" bw="7" slack="1"/>
</pin_list>
<bind>
<opset="indvar_flatten19 (phireg) "/>
</bind>
</comp>

<comp id="545" class="1004" name="indvar_flatten19_phi_fu_545">
<pin_list>
<pin id="546" dir="0" index="0" bw="7" slack="0"/>
<pin id="547" dir="0" index="1" bw="0" slack="2147483647"/>
<pin id="548" dir="0" index="2" bw="1" slack="1"/>
<pin id="549" dir="0" index="3" bw="0" slack="2147483647"/>
<pin id="550" dir="1" index="4" bw="7" slack="0"/>
</pin_list>
<bind>
<opcode="phi(47) " fcode="phi"/>
<opset="indvar_flatten19/4 "/>
</bind>
</comp>

<comp id="552" class="1005" name="row_1_reg_552">
<pin_list>
<pin id="553" dir="0" index="0" bw="4" slack="1"/>
<pin id="554" dir="1" index="1" bw="4" slack="1"/>
</pin_list>
<bind>
<opset="row_1 (phireg) "/>
</bind>
</comp>

<comp id="556" class="1004" name="row_1_phi_fu_556">
<pin_list>
<pin id="557" dir="0" index="0" bw="4" slack="0"/>
<pin id="558" dir="0" index="1" bw="0" slack="2147483647"/>
<pin id="559" dir="0" index="2" bw="1" slack="1"/>
<pin id="560" dir="0" index="3" bw="0" slack="2147483647"/>
<pin id="561" dir="1" index="4" bw="4" slack="0"/>
</pin_list>
<bind>
<opcode="phi(47) " fcode="phi"/>
<opset="row_1/4 "/>
</bind>
</comp>

<comp id="563" class="1005" name="col_1_reg_563">
<pin_list>
<pin id="564" dir="0" index="0" bw="4" slack="1"/>
<pin id="565" dir="1" index="1" bw="4" slack="1"/>
</pin_list>
<bind>
<opset="col_1 (phireg) "/>
</bind>
</comp>

<comp id="567" class="1004" name="col_1_phi_fu_567">
<pin_list>
<pin id="568" dir="0" index="0" bw="4" slack="0"/>
<pin id="569" dir="0" index="1" bw="0" slack="2147483647"/>
<pin id="570" dir="0" index="2" bw="1" slack="1"/>
<pin id="571" dir="0" index="3" bw="0" slack="2147483647"/>
<pin id="572" dir="1" index="4" bw="4" slack="0"/>
</pin_list>
<bind>
<opcode="phi(47) " fcode="phi"/>
<opset="col_1/4 "/>
</bind>
</comp>

<comp id="574" class="1005" name="indvar_flatten39_reg_574">
<pin_list>
<pin id="575" dir="0" index="0" bw="7" slack="1"/>
<pin id="576" dir="1" index="1" bw="7" slack="1"/>
</pin_list>
<bind>
<opset="indvar_flatten39 (phireg) "/>
</bind>
</comp>

<comp id="578" class="1004" name="indvar_flatten39_phi_fu_578">
<pin_list>
<pin id="579" dir="0" index="0" bw="7" slack="0"/>
<pin id="580" dir="0" index="1" bw="0" slack="2147483647"/>
<pin id="581" dir="0" index="2" bw="1" slack="1"/>
<pin id="582" dir="0" index="3" bw="0" slack="2147483647"/>
<pin id="583" dir="1" index="4" bw="7" slack="0"/>
</pin_list>
<bind>
<opcode="phi(47) " fcode="phi"/>
<opset="indvar_flatten39/6 "/>
</bind>
</comp>

<comp id="585" class="1005" name="row_2_reg_585">
<pin_list>
<pin id="586" dir="0" index="0" bw="4" slack="1"/>
<pin id="587" dir="1" index="1" bw="4" slack="1"/>
</pin_list>
<bind>
<opset="row_2 (phireg) "/>
</bind>
</comp>

<comp id="589" class="1004" name="row_2_phi_fu_589">
<pin_list>
<pin id="590" dir="0" index="0" bw="4" slack="0"/>
<pin id="591" dir="0" index="1" bw="0" slack="2147483647"/>
<pin id="592" dir="0" index="2" bw="1" slack="1"/>
<pin id="593" dir="0" index="3" bw="0" slack="2147483647"/>
<pin id="594" dir="1" index="4" bw="4" slack="0"/>
</pin_list>
<bind>
<opcode="phi(47) " fcode="phi"/>
<opset="row_2/6 "/>
</bind>
</comp>

<comp id="596" class="1005" name="col_2_reg_596">
<pin_list>
<pin id="597" dir="0" index="0" bw="4" slack="1"/>
<pin id="598" dir="1" index="1" bw="4" slack="1"/>
</pin_list>
<bind>
<opset="col_2 (phireg) "/>
</bind>
</comp>

<comp id="600" class="1004" name="col_2_phi_fu_600">
<pin_list>
<pin id="601" dir="0" index="0" bw="4" slack="0"/>
<pin id="602" dir="0" index="1" bw="0" slack="2147483647"/>
<pin id="603" dir="0" index="2" bw="1" slack="1"/>
<pin id="604" dir="0" index="3" bw="0" slack="2147483647"/>
<pin id="605" dir="1" index="4" bw="4" slack="0"/>
</pin_list>
<bind>
<opcode="phi(47) " fcode="phi"/>
<opset="col_2/6 "/>
</bind>
</comp>

<comp id="607" class="1005" name="indvar_flatten51_reg_607">
<pin_list>
<pin id="608" dir="0" index="0" bw="7" slack="1"/>
<pin id="609" dir="1" index="1" bw="7" slack="1"/>
</pin_list>
<bind>
<opset="indvar_flatten51 (phireg) "/>
</bind>
</comp>

<comp id="611" class="1004" name="indvar_flatten51_phi_fu_611">
<pin_list>
<pin id="612" dir="0" index="0" bw="7" slack="0"/>
<pin id="613" dir="0" index="1" bw="0" slack="2147483647"/>
<pin id="614" dir="0" index="2" bw="1" slack="1"/>
<pin id="615" dir="0" index="3" bw="0" slack="2147483647"/>
<pin id="616" dir="1" index="4" bw="7" slack="0"/>
</pin_list>
<bind>
<opcode="phi(47) " fcode="phi"/>
<opset="indvar_flatten51/53 "/>
</bind>
</comp>

<comp id="618" class="1005" name="row_3_reg_618">
<pin_list>
<pin id="619" dir="0" index="0" bw="4" slack="1"/>
<pin id="620" dir="1" index="1" bw="4" slack="1"/>
</pin_list>
<bind>
<opset="row_3 (phireg) "/>
</bind>
</comp>

<comp id="622" class="1004" name="row_3_phi_fu_622">
<pin_list>
<pin id="623" dir="0" index="0" bw="4" slack="0"/>
<pin id="624" dir="0" index="1" bw="0" slack="2147483647"/>
<pin id="625" dir="0" index="2" bw="1" slack="1"/>
<pin id="626" dir="0" index="3" bw="0" slack="2147483647"/>
<pin id="627" dir="1" index="4" bw="4" slack="0"/>
</pin_list>
<bind>
<opcode="phi(47) " fcode="phi"/>
<opset="row_3/53 "/>
</bind>
</comp>

<comp id="629" class="1005" name="col_3_reg_629">
<pin_list>
<pin id="630" dir="0" index="0" bw="4" slack="1"/>
<pin id="631" dir="1" index="1" bw="4" slack="1"/>
</pin_list>
<bind>
<opset="col_3 (phireg) "/>
</bind>
</comp>

<comp id="633" class="1004" name="col_3_phi_fu_633">
<pin_list>
<pin id="634" dir="0" index="0" bw="4" slack="0"/>
<pin id="635" dir="0" index="1" bw="0" slack="2147483647"/>
<pin id="636" dir="0" index="2" bw="1" slack="1"/>
<pin id="637" dir="0" index="3" bw="0" slack="2147483647"/>
<pin id="638" dir="1" index="4" bw="4" slack="0"/>
</pin_list>
<bind>
<opcode="phi(47) " fcode="phi"/>
<opset="col_3/53 "/>
</bind>
</comp>

<comp id="640" class="1004" name="grp_fu_640">
<pin_list>
<pin id="641" dir="0" index="0" bw="32" slack="1"/>
<pin id="642" dir="0" index="1" bw="32" slack="0"/>
<pin id="643" dir="1" index="2" bw="32" slack="1"/>
</pin_list>
<bind>
<opcode="fadd(9) " fcode="fadd"/>
<opset="res_s/11 "/>
</bind>
</comp>

<comp id="645" class="1004" name="grp_fu_645">
<pin_list>
<pin id="646" dir="0" index="0" bw="32" slack="1"/>
<pin id="647" dir="0" index="1" bw="32" slack="1"/>
<pin id="648" dir="1" index="2" bw="32" slack="1"/>
</pin_list>
<bind>
<opcode="fadd(9) " fcode="fadd"/>
<opset="res_1/16 "/>
</bind>
</comp>

<comp id="649" class="1004" name="grp_fu_649">
<pin_list>
<pin id="650" dir="0" index="0" bw="32" slack="1"/>
<pin id="651" dir="0" index="1" bw="32" slack="1"/>
<pin id="652" dir="1" index="2" bw="32" slack="1"/>
</pin_list>
<bind>
<opcode="fadd(9) " fcode="fadd"/>
<opset="res_2/21 "/>
</bind>
</comp>

<comp id="653" class="1004" name="grp_fu_653">
<pin_list>
<pin id="654" dir="0" index="0" bw="32" slack="1"/>
<pin id="655" dir="0" index="1" bw="32" slack="1"/>
<pin id="656" dir="1" index="2" bw="32" slack="1"/>
</pin_list>
<bind>
<opcode="fadd(9) " fcode="fadd"/>
<opset="res_3/26 "/>
</bind>
</comp>

<comp id="657" class="1004" name="grp_fu_657">
<pin_list>
<pin id="658" dir="0" index="0" bw="32" slack="1"/>
<pin id="659" dir="0" index="1" bw="32" slack="1"/>
<pin id="660" dir="1" index="2" bw="32" slack="1"/>
</pin_list>
<bind>
<opcode="fadd(9) " fcode="fadd"/>
<opset="res_4/31 "/>
</bind>
</comp>

<comp id="661" class="1004" name="grp_fu_661">
<pin_list>
<pin id="662" dir="0" index="0" bw="32" slack="1"/>
<pin id="663" dir="0" index="1" bw="32" slack="1"/>
<pin id="664" dir="1" index="2" bw="32" slack="1"/>
</pin_list>
<bind>
<opcode="fadd(9) " fcode="fadd"/>
<opset="res_5/36 "/>
</bind>
</comp>

<comp id="665" class="1004" name="grp_fu_665">
<pin_list>
<pin id="666" dir="0" index="0" bw="32" slack="1"/>
<pin id="667" dir="0" index="1" bw="32" slack="1"/>
<pin id="668" dir="1" index="2" bw="32" slack="1"/>
</pin_list>
<bind>
<opcode="fadd(9) " fcode="fadd"/>
<opset="res_6/41 "/>
</bind>
</comp>

<comp id="669" class="1004" name="grp_fu_669">
<pin_list>
<pin id="670" dir="0" index="0" bw="32" slack="1"/>
<pin id="671" dir="0" index="1" bw="32" slack="1"/>
<pin id="672" dir="1" index="2" bw="32" slack="1"/>
</pin_list>
<bind>
<opcode="fadd(9) " fcode="fadd"/>
<opset="res_7/46 "/>
</bind>
</comp>

<comp id="673" class="1004" name="grp_fu_673">
<pin_list>
<pin id="674" dir="0" index="0" bw="32" slack="0"/>
<pin id="675" dir="0" index="1" bw="32" slack="0"/>
<pin id="676" dir="1" index="2" bw="32" slack="1"/>
</pin_list>
<bind>
<opcode="fmul(13) " fcode="fmul"/>
<opset="tmp_s/7 "/>
</bind>
</comp>

<comp id="679" class="1004" name="grp_fu_679">
<pin_list>
<pin id="680" dir="0" index="0" bw="32" slack="0"/>
<pin id="681" dir="0" index="1" bw="32" slack="0"/>
<pin id="682" dir="1" index="2" bw="32" slack="1"/>
</pin_list>
<bind>
<opcode="fmul(13) " fcode="fmul"/>
<opset="tmp_3_1/12 "/>
</bind>
</comp>

<comp id="685" class="1004" name="grp_fu_685">
<pin_list>
<pin id="686" dir="0" index="0" bw="32" slack="0"/>
<pin id="687" dir="0" index="1" bw="32" slack="0"/>
<pin id="688" dir="1" index="2" bw="32" slack="1"/>
</pin_list>
<bind>
<opcode="fmul(13) " fcode="fmul"/>
<opset="tmp_3_2/17 "/>
</bind>
</comp>

<comp id="691" class="1004" name="grp_fu_691">
<pin_list>
<pin id="692" dir="0" index="0" bw="32" slack="0"/>
<pin id="693" dir="0" index="1" bw="32" slack="0"/>
<pin id="694" dir="1" index="2" bw="32" slack="1"/>
</pin_list>
<bind>
<opcode="fmul(13) " fcode="fmul"/>
<opset="tmp_3_3/22 "/>
</bind>
</comp>

<comp id="697" class="1004" name="grp_fu_697">
<pin_list>
<pin id="698" dir="0" index="0" bw="32" slack="0"/>
<pin id="699" dir="0" index="1" bw="32" slack="0"/>
<pin id="700" dir="1" index="2" bw="32" slack="1"/>
</pin_list>
<bind>
<opcode="fmul(13) " fcode="fmul"/>
<opset="tmp_3_4/27 "/>
</bind>
</comp>

<comp id="703" class="1004" name="grp_fu_703">
<pin_list>
<pin id="704" dir="0" index="0" bw="32" slack="0"/>
<pin id="705" dir="0" index="1" bw="32" slack="0"/>
<pin id="706" dir="1" index="2" bw="32" slack="1"/>
</pin_list>
<bind>
<opcode="fmul(13) " fcode="fmul"/>
<opset="tmp_3_5/32 "/>
</bind>
</comp>

<comp id="709" class="1004" name="grp_fu_709">
<pin_list>
<pin id="710" dir="0" index="0" bw="32" slack="0"/>
<pin id="711" dir="0" index="1" bw="32" slack="0"/>
<pin id="712" dir="1" index="2" bw="32" slack="1"/>
</pin_list>
<bind>
<opcode="fmul(13) " fcode="fmul"/>
<opset="tmp_3_6/37 "/>
</bind>
</comp>

<comp id="715" class="1004" name="grp_fu_715">
<pin_list>
<pin id="716" dir="0" index="0" bw="32" slack="0"/>
<pin id="717" dir="0" index="1" bw="32" slack="0"/>
<pin id="718" dir="1" index="2" bw="32" slack="1"/>
</pin_list>
<bind>
<opcode="fmul(13) " fcode="fmul"/>
<opset="tmp_3_7/42 "/>
</bind>
</comp>

<comp id="721" class="1004" name="grp_fu_721">
<pin_list>
<pin id="722" dir="0" index="0" bw="33" slack="0"/>
<pin id="723" dir="1" index="1" bw="32" slack="0"/>
</pin_list>
<bind>
<opcode="extractvalue(56) " fcode="extractvalue"/>
<opset="tmp_data/2 tmp_data_1/4 "/>
</bind>
</comp>

<comp id="741" class="1004" name="icmp_ln83_fu_741">
<pin_list>
<pin id="742" dir="0" index="0" bw="7" slack="0"/>
<pin id="743" dir="0" index="1" bw="7" slack="0"/>
<pin id="744" dir="1" index="2" bw="1" slack="2147483647"/>
</pin_list>
<bind>
<opcode="icmp(45) " fcode="icmp"/>
<opset="icmp_ln83/2 "/>
</bind>
</comp>

<comp id="747" class="1004" name="add_ln83_fu_747">
<pin_list>
<pin id="748" dir="0" index="0" bw="7" slack="0"/>
<pin id="749" dir="0" index="1" bw="1" slack="0"/>
<pin id="750" dir="1" index="2" bw="7" slack="0"/>
</pin_list>
<bind>
<opcode="add(8) " fcode="add"/>
<opset="add_ln83/2 "/>
</bind>
</comp>

<comp id="753" class="1004" name="row_fu_753">
<pin_list>
<pin id="754" dir="0" index="0" bw="1" slack="0"/>
<pin id="755" dir="0" index="1" bw="4" slack="0"/>
<pin id="756" dir="1" index="2" bw="4" slack="0"/>
</pin_list>
<bind>
<opcode="add(8) " fcode="add"/>
<opset="row/2 "/>
</bind>
</comp>

<comp id="759" class="1004" name="icmp_ln85_fu_759">
<pin_list>
<pin id="760" dir="0" index="0" bw="4" slack="0"/>
<pin id="761" dir="0" index="1" bw="4" slack="0"/>
<pin id="762" dir="1" index="2" bw="1" slack="0"/>
</pin_list>
<bind>
<opcode="icmp(45) " fcode="icmp"/>
<opset="icmp_ln85/2 "/>
</bind>
</comp>

<comp id="765" class="1004" name="select_ln89_fu_765">
<pin_list>
<pin id="766" dir="0" index="0" bw="1" slack="0"/>
<pin id="767" dir="0" index="1" bw="4" slack="0"/>
<pin id="768" dir="0" index="2" bw="4" slack="0"/>
<pin id="769" dir="1" index="3" bw="4" slack="0"/>
</pin_list>
<bind>
<opcode="select(49) " fcode="select"/>
<opset="select_ln89/2 "/>
</bind>
</comp>

<comp id="773" class="1004" name="select_ln89_1_fu_773">
<pin_list>
<pin id="774" dir="0" index="0" bw="1" slack="0"/>
<pin id="775" dir="0" index="1" bw="4" slack="0"/>
<pin id="776" dir="0" index="2" bw="4" slack="0"/>
<pin id="777" dir="1" index="3" bw="4" slack="0"/>
</pin_list>
<bind>
<opcode="select(49) " fcode="select"/>
<opset="select_ln89_1/2 "/>
</bind>
</comp>

<comp id="781" class="1004" name="zext_ln89_fu_781">
<pin_list>
<pin id="782" dir="0" index="0" bw="4" slack="0"/>
<pin id="783" dir="1" index="1" bw="64" slack="0"/>
</pin_list>
<bind>
<opcode="zext(34) " fcode="zext"/>
<opset="zext_ln89/2 "/>
</bind>
</comp>

<comp id="793" class="1004" name="trunc_ln89_fu_793">
<pin_list>
<pin id="794" dir="0" index="0" bw="4" slack="0"/>
<pin id="795" dir="1" index="1" bw="3" slack="2147483647"/>
</pin_list>
<bind>
<opcode="trunc(33) " fcode="trunc"/>
<opset="trunc_ln89/2 "/>
</bind>
</comp>

<comp id="797" class="1004" name="col_fu_797">
<pin_list>
<pin id="798" dir="0" index="0" bw="4" slack="0"/>
<pin id="799" dir="0" index="1" bw="1" slack="0"/>
<pin id="800" dir="1" index="2" bw="4" slack="0"/>
</pin_list>
<bind>
<opcode="add(8) " fcode="add"/>
<opset="col/2 "/>
</bind>
</comp>

<comp id="803" class="1004" name="icmp_ln93_fu_803">
<pin_list>
<pin id="804" dir="0" index="0" bw="7" slack="0"/>
<pin id="805" dir="0" index="1" bw="7" slack="0"/>
<pin id="806" dir="1" index="2" bw="1" slack="2147483647"/>
</pin_list>
<bind>
<opcode="icmp(45) " fcode="icmp"/>
<opset="icmp_ln93/4 "/>
</bind>
</comp>

<comp id="809" class="1004" name="add_ln93_fu_809">
<pin_list>
<pin id="810" dir="0" index="0" bw="7" slack="0"/>
<pin id="811" dir="0" index="1" bw="1" slack="0"/>
<pin id="812" dir="1" index="2" bw="7" slack="0"/>
</pin_list>
<bind>
<opcode="add(8) " fcode="add"/>
<opset="add_ln93/4 "/>
</bind>
</comp>

<comp id="815" class="1004" name="row_4_fu_815">
<pin_list>
<pin id="816" dir="0" index="0" bw="1" slack="0"/>
<pin id="817" dir="0" index="1" bw="4" slack="0"/>
<pin id="818" dir="1" index="2" bw="4" slack="0"/>
</pin_list>
<bind>
<opcode="add(8) " fcode="add"/>
<opset="row_4/4 "/>
</bind>
</comp>

<comp id="821" class="1004" name="icmp_ln95_fu_821">
<pin_list>
<pin id="822" dir="0" index="0" bw="4" slack="0"/>
<pin id="823" dir="0" index="1" bw="4" slack="0"/>
<pin id="824" dir="1" index="2" bw="1" slack="0"/>
</pin_list>
<bind>
<opcode="icmp(45) " fcode="icmp"/>
<opset="icmp_ln95/4 "/>
</bind>
</comp>

<comp id="827" class="1004" name="select_ln99_fu_827">
<pin_list>
<pin id="828" dir="0" index="0" bw="1" slack="0"/>
<pin id="829" dir="0" index="1" bw="4" slack="0"/>
<pin id="830" dir="0" index="2" bw="4" slack="0"/>
<pin id="831" dir="1" index="3" bw="4" slack="0"/>
</pin_list>
<bind>
<opcode="select(49) " fcode="select"/>
<opset="select_ln99/4 "/>
</bind>
</comp>

<comp id="835" class="1004" name="select_ln99_1_fu_835">
<pin_list>
<pin id="836" dir="0" index="0" bw="1" slack="0"/>
<pin id="837" dir="0" index="1" bw="4" slack="0"/>
<pin id="838" dir="0" index="2" bw="4" slack="0"/>
<pin id="839" dir="1" index="3" bw="4" slack="0"/>
</pin_list>
<bind>
<opcode="select(49) " fcode="select"/>
<opset="select_ln99_1/4 "/>
</bind>
</comp>

<comp id="843" class="1004" name="trunc_ln99_fu_843">
<pin_list>
<pin id="844" dir="0" index="0" bw="4" slack="0"/>
<pin id="845" dir="1" index="1" bw="3" slack="2147483647"/>
</pin_list>
<bind>
<opcode="trunc(33) " fcode="trunc"/>
<opset="trunc_ln99/4 "/>
</bind>
</comp>

<comp id="847" class="1004" name="zext_ln99_fu_847">
<pin_list>
<pin id="848" dir="0" index="0" bw="4" slack="0"/>
<pin id="849" dir="1" index="1" bw="64" slack="0"/>
</pin_list>
<bind>
<opcode="zext(34) " fcode="zext"/>
<opset="zext_ln99/4 "/>
</bind>
</comp>

<comp id="859" class="1004" name="col_5_fu_859">
<pin_list>
<pin id="860" dir="0" index="0" bw="4" slack="0"/>
<pin id="861" dir="0" index="1" bw="1" slack="0"/>
<pin id="862" dir="1" index="2" bw="4" slack="0"/>
</pin_list>
<bind>
<opcode="add(8) " fcode="add"/>
<opset="col_5/4 "/>
</bind>
</comp>

<comp id="865" class="1004" name="icmp_ln104_fu_865">
<pin_list>
<pin id="866" dir="0" index="0" bw="7" slack="0"/>
<pin id="867" dir="0" index="1" bw="7" slack="0"/>
<pin id="868" dir="1" index="2" bw="1" slack="1"/>
</pin_list>
<bind>
<opcode="icmp(45) " fcode="icmp"/>
<opset="icmp_ln104/6 "/>
</bind>
</comp>

<comp id="871" class="1004" name="add_ln104_fu_871">
<pin_list>
<pin id="872" dir="0" index="0" bw="7" slack="0"/>
<pin id="873" dir="0" index="1" bw="1" slack="0"/>
<pin id="874" dir="1" index="2" bw="7" slack="0"/>
</pin_list>
<bind>
<opcode="add(8) " fcode="add"/>
<opset="add_ln104/6 "/>
</bind>
</comp>

<comp id="877" class="1004" name="row_5_fu_877">
<pin_list>
<pin id="878" dir="0" index="0" bw="4" slack="0"/>
<pin id="879" dir="0" index="1" bw="1" slack="0"/>
<pin id="880" dir="1" index="2" bw="4" slack="0"/>
</pin_list>
<bind>
<opcode="add(8) " fcode="add"/>
<opset="row_5/6 "/>
</bind>
</comp>

<comp id="883" class="1004" name="icmp_ln105_fu_883">
<pin_list>
<pin id="884" dir="0" index="0" bw="4" slack="0"/>
<pin id="885" dir="0" index="1" bw="4" slack="0"/>
<pin id="886" dir="1" index="2" bw="1" slack="0"/>
</pin_list>
<bind>
<opcode="icmp(45) " fcode="icmp"/>
<opset="icmp_ln105/6 "/>
</bind>
</comp>

<comp id="889" class="1004" name="select_ln109_fu_889">
<pin_list>
<pin id="890" dir="0" index="0" bw="1" slack="0"/>
<pin id="891" dir="0" index="1" bw="4" slack="0"/>
<pin id="892" dir="0" index="2" bw="4" slack="0"/>
<pin id="893" dir="1" index="3" bw="4" slack="0"/>
</pin_list>
<bind>
<opcode="select(49) " fcode="select"/>
<opset="select_ln109/6 "/>
</bind>
</comp>

<comp id="897" class="1004" name="select_ln109_1_fu_897">
<pin_list>
<pin id="898" dir="0" index="0" bw="1" slack="0"/>
<pin id="899" dir="0" index="1" bw="4" slack="0"/>
<pin id="900" dir="0" index="2" bw="4" slack="0"/>
<pin id="901" dir="1" index="3" bw="4" slack="0"/>
</pin_list>
<bind>
<opcode="select(49) " fcode="select"/>
<opset="select_ln109_1/6 "/>
</bind>
</comp>

<comp id="905" class="1004" name="zext_ln109_2_fu_905">
<pin_list>
<pin id="906" dir="0" index="0" bw="4" slack="0"/>
<pin id="907" dir="1" index="1" bw="64" slack="0"/>
</pin_list>
<bind>
<opcode="zext(34) " fcode="zext"/>
<opset="zext_ln109_2/6 "/>
</bind>
</comp>

<comp id="910" class="1004" name="zext_ln109_1_fu_910">
<pin_list>
<pin id="911" dir="0" index="0" bw="4" slack="0"/>
<pin id="912" dir="1" index="1" bw="64" slack="0"/>
</pin_list>
<bind>
<opcode="zext(34) " fcode="zext"/>
<opset="zext_ln109_1/6 "/>
</bind>
</comp>

<comp id="915" class="1004" name="col_4_fu_915">
<pin_list>
<pin id="916" dir="0" index="0" bw="4" slack="0"/>
<pin id="917" dir="0" index="1" bw="1" slack="0"/>
<pin id="918" dir="1" index="2" bw="4" slack="0"/>
</pin_list>
<bind>
<opcode="add(8) " fcode="add"/>
<opset="col_4/6 "/>
</bind>
</comp>

<comp id="921" class="1004" name="tmp_fu_921">
<pin_list>
<pin id="922" dir="0" index="0" bw="7" slack="0"/>
<pin id="923" dir="0" index="1" bw="4" slack="45"/>
<pin id="924" dir="0" index="2" bw="1" slack="0"/>
<pin id="925" dir="1" index="3" bw="7" slack="0"/>
</pin_list>
<bind>
<opcode="bitconcatenate(1004) " fcode="bitconcatenate"/>
<opset="tmp/51 "/>
</bind>
</comp>

<comp id="928" class="1004" name="zext_ln109_fu_928">
<pin_list>
<pin id="929" dir="0" index="0" bw="7" slack="0"/>
<pin id="930" dir="1" index="1" bw="8" slack="0"/>
</pin_list>
<bind>
<opcode="zext(34) " fcode="zext"/>
<opset="zext_ln109/51 "/>
</bind>
</comp>

<comp id="932" class="1004" name="zext_ln111_fu_932">
<pin_list>
<pin id="933" dir="0" index="0" bw="4" slack="45"/>
<pin id="934" dir="1" index="1" bw="8" slack="0"/>
</pin_list>
<bind>
<opcode="zext(34) " fcode="zext"/>
<opset="zext_ln111/51 "/>
</bind>
</comp>

<comp id="935" class="1004" name="add_ln111_fu_935">
<pin_list>
<pin id="936" dir="0" index="0" bw="7" slack="0"/>
<pin id="937" dir="0" index="1" bw="4" slack="0"/>
<pin id="938" dir="1" index="2" bw="8" slack="0"/>
</pin_list>
<bind>
<opcode="add(8) " fcode="add"/>
<opset="add_ln111/51 "/>
</bind>
</comp>

<comp id="941" class="1004" name="zext_ln111_1_fu_941">
<pin_list>
<pin id="942" dir="0" index="0" bw="8" slack="0"/>
<pin id="943" dir="1" index="1" bw="64" slack="0"/>
</pin_list>
<bind>
<opcode="zext(34) " fcode="zext"/>
<opset="zext_ln111_1/51 "/>
</bind>
</comp>

<comp id="946" class="1004" name="icmp_ln116_fu_946">
<pin_list>
<pin id="947" dir="0" index="0" bw="7" slack="0"/>
<pin id="948" dir="0" index="1" bw="7" slack="0"/>
<pin id="949" dir="1" index="2" bw="1" slack="1"/>
</pin_list>
<bind>
<opcode="icmp(45) " fcode="icmp"/>
<opset="icmp_ln116/53 "/>
</bind>
</comp>

<comp id="952" class="1004" name="add_ln116_fu_952">
<pin_list>
<pin id="953" dir="0" index="0" bw="7" slack="0"/>
<pin id="954" dir="0" index="1" bw="1" slack="0"/>
<pin id="955" dir="1" index="2" bw="7" slack="0"/>
</pin_list>
<bind>
<opcode="add(8) " fcode="add"/>
<opset="add_ln116/53 "/>
</bind>
</comp>

<comp id="958" class="1004" name="row_6_fu_958">
<pin_list>
<pin id="959" dir="0" index="0" bw="4" slack="0"/>
<pin id="960" dir="0" index="1" bw="1" slack="0"/>
<pin id="961" dir="1" index="2" bw="4" slack="0"/>
</pin_list>
<bind>
<opcode="add(8) " fcode="add"/>
<opset="row_6/53 "/>
</bind>
</comp>

<comp id="964" class="1004" name="icmp_ln117_fu_964">
<pin_list>
<pin id="965" dir="0" index="0" bw="4" slack="0"/>
<pin id="966" dir="0" index="1" bw="4" slack="0"/>
<pin id="967" dir="1" index="2" bw="1" slack="0"/>
</pin_list>
<bind>
<opcode="icmp(45) " fcode="icmp"/>
<opset="icmp_ln117/53 "/>
</bind>
</comp>

<comp id="970" class="1004" name="select_ln119_fu_970">
<pin_list>
<pin id="971" dir="0" index="0" bw="1" slack="0"/>
<pin id="972" dir="0" index="1" bw="4" slack="0"/>
<pin id="973" dir="0" index="2" bw="4" slack="0"/>
<pin id="974" dir="1" index="3" bw="4" slack="0"/>
</pin_list>
<bind>
<opcode="select(49) " fcode="select"/>
<opset="select_ln119/53 "/>
</bind>
</comp>

<comp id="978" class="1004" name="select_ln119_1_fu_978">
<pin_list>
<pin id="979" dir="0" index="0" bw="1" slack="0"/>
<pin id="980" dir="0" index="1" bw="4" slack="0"/>
<pin id="981" dir="0" index="2" bw="4" slack="0"/>
<pin id="982" dir="1" index="3" bw="4" slack="0"/>
</pin_list>
<bind>
<opcode="select(49) " fcode="select"/>
<opset="select_ln119_1/53 "/>
</bind>
</comp>

<comp id="986" class="1004" name="tmp_1_fu_986">
<pin_list>
<pin id="987" dir="0" index="0" bw="7" slack="0"/>
<pin id="988" dir="0" index="1" bw="4" slack="0"/>
<pin id="989" dir="0" index="2" bw="1" slack="0"/>
<pin id="990" dir="1" index="3" bw="7" slack="0"/>
</pin_list>
<bind>
<opcode="bitconcatenate(1004) " fcode="bitconcatenate"/>
<opset="tmp_1/53 "/>
</bind>
</comp>

<comp id="994" class="1004" name="zext_ln121_fu_994">
<pin_list>
<pin id="995" dir="0" index="0" bw="7" slack="0"/>
<pin id="996" dir="1" index="1" bw="8" slack="0"/>
</pin_list>
<bind>
<opcode="zext(34) " fcode="zext"/>
<opset="zext_ln121/53 "/>
</bind>
</comp>

<comp id="998" class="1004" name="icmp_ln121_fu_998">
<pin_list>
<pin id="999" dir="0" index="0" bw="4" slack="0"/>
<pin id="1000" dir="0" index="1" bw="4" slack="0"/>
<pin id="1001" dir="1" index="2" bw="1" slack="0"/>
</pin_list>
<bind>
<opcode="icmp(45) " fcode="icmp"/>
<opset="icmp_ln121/53 "/>
</bind>
</comp>

<comp id="1004" class="1004" name="icmp_ln121_2_fu_1004">
<pin_list>
<pin id="1005" dir="0" index="0" bw="4" slack="0"/>
<pin id="1006" dir="0" index="1" bw="4" slack="0"/>
<pin id="1007" dir="1" index="2" bw="1" slack="0"/>
</pin_list>
<bind>
<opcode="icmp(45) " fcode="icmp"/>
<opset="icmp_ln121_2/53 "/>
</bind>
</comp>

<comp id="1010" class="1004" name="select_ln119_2_fu_1010">
<pin_list>
<pin id="1011" dir="0" index="0" bw="1" slack="0"/>
<pin id="1012" dir="0" index="1" bw="1" slack="0"/>
<pin id="1013" dir="0" index="2" bw="1" slack="0"/>
<pin id="1014" dir="1" index="3" bw="1" slack="0"/>
</pin_list>
<bind>
<opcode="select(49) " fcode="select"/>
<opset="select_ln119_2/53 "/>
</bind>
</comp>

<comp id="1018" class="1004" name="zext_ln119_fu_1018">
<pin_list>
<pin id="1019" dir="0" index="0" bw="4" slack="0"/>
<pin id="1020" dir="1" index="1" bw="8" slack="0"/>
</pin_list>
<bind>
<opcode="zext(34) " fcode="zext"/>
<opset="zext_ln119/53 "/>
</bind>
</comp>

<comp id="1022" class="1004" name="add_ln119_fu_1022">
<pin_list>
<pin id="1023" dir="0" index="0" bw="4" slack="0"/>
<pin id="1024" dir="0" index="1" bw="7" slack="0"/>
<pin id="1025" dir="1" index="2" bw="8" slack="0"/>
</pin_list>
<bind>
<opcode="add(8) " fcode="add"/>
<opset="add_ln119/53 "/>
</bind>
</comp>

<comp id="1028" class="1004" name="zext_ln119_1_fu_1028">
<pin_list>
<pin id="1029" dir="0" index="0" bw="8" slack="0"/>
<pin id="1030" dir="1" index="1" bw="64" slack="0"/>
</pin_list>
<bind>
<opcode="zext(34) " fcode="zext"/>
<opset="zext_ln119_1/53 "/>
</bind>
</comp>

<comp id="1033" class="1004" name="icmp_ln121_1_fu_1033">
<pin_list>
<pin id="1034" dir="0" index="0" bw="4" slack="0"/>
<pin id="1035" dir="0" index="1" bw="4" slack="0"/>
<pin id="1036" dir="1" index="2" bw="1" slack="0"/>
</pin_list>
<bind>
<opcode="icmp(45) " fcode="icmp"/>
<opset="icmp_ln121_1/53 "/>
</bind>
</comp>

<comp id="1039" class="1004" name="tmp_last_V_fu_1039">
<pin_list>
<pin id="1040" dir="0" index="0" bw="1" slack="0"/>
<pin id="1041" dir="0" index="1" bw="1" slack="0"/>
<pin id="1042" dir="1" index="2" bw="1" slack="1"/>
</pin_list>
<bind>
<opcode="and(23) " fcode="and"/>
<opset="tmp_last_V/53 "/>
</bind>
</comp>

<comp id="1045" class="1004" name="col_6_fu_1045">
<pin_list>
<pin id="1046" dir="0" index="0" bw="4" slack="0"/>
<pin id="1047" dir="0" index="1" bw="1" slack="0"/>
<pin id="1048" dir="1" index="2" bw="4" slack="0"/>
</pin_list>
<bind>
<opcode="add(8) " fcode="add"/>
<opset="col_6/53 "/>
</bind>
</comp>

<comp id="1054" class="1005" name="add_ln83_reg_1054">
<pin_list>
<pin id="1055" dir="0" index="0" bw="7" slack="0"/>
<pin id="1056" dir="1" index="1" bw="7" slack="0"/>
</pin_list>
<bind>
<opset="add_ln83 "/>
</bind>
</comp>

<comp id="1059" class="1005" name="select_ln89_1_reg_1059">
<pin_list>
<pin id="1060" dir="0" index="0" bw="4" slack="0"/>
<pin id="1061" dir="1" index="1" bw="4" slack="0"/>
</pin_list>
<bind>
<opset="select_ln89_1 "/>
</bind>
</comp>

<comp id="1067" class="1005" name="col_reg_1067">
<pin_list>
<pin id="1068" dir="0" index="0" bw="4" slack="0"/>
<pin id="1069" dir="1" index="1" bw="4" slack="0"/>
</pin_list>
<bind>
<opset="col "/>
</bind>
</comp>

<comp id="1075" class="1005" name="add_ln93_reg_1075">
<pin_list>
<pin id="1076" dir="0" index="0" bw="7" slack="0"/>
<pin id="1077" dir="1" index="1" bw="7" slack="0"/>
</pin_list>
<bind>
<opset="add_ln93 "/>
</bind>
</comp>

<comp id="1080" class="1005" name="select_ln99_1_reg_1080">
<pin_list>
<pin id="1081" dir="0" index="0" bw="4" slack="0"/>
<pin id="1082" dir="1" index="1" bw="4" slack="0"/>
</pin_list>
<bind>
<opset="select_ln99_1 "/>
</bind>
</comp>

<comp id="1088" class="1005" name="col_5_reg_1088">
<pin_list>
<pin id="1089" dir="0" index="0" bw="4" slack="0"/>
<pin id="1090" dir="1" index="1" bw="4" slack="0"/>
</pin_list>
<bind>
<opset="col_5 "/>
</bind>
</comp>

<comp id="1093" class="1005" name="icmp_ln104_reg_1093">
<pin_list>
<pin id="1094" dir="0" index="0" bw="1" slack="1"/>
<pin id="1095" dir="1" index="1" bw="1" slack="2147483647"/>
</pin_list>
<bind>
<opset="icmp_ln104 "/>
</bind>
</comp>

<comp id="1097" class="1005" name="add_ln104_reg_1097">
<pin_list>
<pin id="1098" dir="0" index="0" bw="7" slack="0"/>
<pin id="1099" dir="1" index="1" bw="7" slack="0"/>
</pin_list>
<bind>
<opset="add_ln104 "/>
</bind>
</comp>

<comp id="1102" class="1005" name="select_ln109_reg_1102">
<pin_list>
<pin id="1103" dir="0" index="0" bw="4" slack="45"/>
<pin id="1104" dir="1" index="1" bw="4" slack="45"/>
</pin_list>
<bind>
<opset="select_ln109 "/>
</bind>
</comp>

<comp id="1107" class="1005" name="select_ln109_1_reg_1107">
<pin_list>
<pin id="1108" dir="0" index="0" bw="4" slack="0"/>
<pin id="1109" dir="1" index="1" bw="4" slack="0"/>
</pin_list>
<bind>
<opset="select_ln109_1 "/>
</bind>
</comp>

<comp id="1113" class="1005" name="zext_ln109_2_reg_1113">
<pin_list>
<pin id="1114" dir="0" index="0" bw="64" slack="5"/>
<pin id="1115" dir="1" index="1" bw="64" slack="5"/>
</pin_list>
<bind>
<opset="zext_ln109_2 "/>
</bind>
</comp>

<comp id="1124" class="1005" name="input_A_0_addr_1_reg_1124">
<pin_list>
<pin id="1125" dir="0" index="0" bw="3" slack="1"/>
<pin id="1126" dir="1" index="1" bw="3" slack="1"/>
</pin_list>
<bind>
<opset="input_A_0_addr_1 "/>
</bind>
</comp>

<comp id="1129" class="1005" name="zext_ln109_1_reg_1129">
<pin_list>
<pin id="1130" dir="0" index="0" bw="64" slack="5"/>
<pin id="1131" dir="1" index="1" bw="64" slack="5"/>
</pin_list>
<bind>
<opset="zext_ln109_1 "/>
</bind>
</comp>

<comp id="1140" class="1005" name="input_B_0_addr_1_reg_1140">
<pin_list>
<pin id="1141" dir="0" index="0" bw="3" slack="1"/>
<pin id="1142" dir="1" index="1" bw="3" slack="1"/>
</pin_list>
<bind>
<opset="input_B_0_addr_1 "/>
</bind>
</comp>

<comp id="1145" class="1005" name="col_4_reg_1145">
<pin_list>
<pin id="1146" dir="0" index="0" bw="4" slack="0"/>
<pin id="1147" dir="1" index="1" bw="4" slack="0"/>
</pin_list>
<bind>
<opset="col_4 "/>
</bind>
</comp>

<comp id="1150" class="1005" name="input_A_0_load_reg_1150">
<pin_list>
<pin id="1151" dir="0" index="0" bw="32" slack="1"/>
<pin id="1152" dir="1" index="1" bw="32" slack="1"/>
</pin_list>
<bind>
<opset="input_A_0_load "/>
</bind>
</comp>

<comp id="1155" class="1005" name="input_B_0_load_reg_1155">
<pin_list>
<pin id="1156" dir="0" index="0" bw="32" slack="1"/>
<pin id="1157" dir="1" index="1" bw="32" slack="1"/>
</pin_list>
<bind>
<opset="input_B_0_load "/>
</bind>
</comp>

<comp id="1160" class="1005" name="tmp_s_reg_1160">
<pin_list>
<pin id="1161" dir="0" index="0" bw="32" slack="1"/>
<pin id="1162" dir="1" index="1" bw="32" slack="1"/>
</pin_list>
<bind>
<opset="tmp_s "/>
</bind>
</comp>

<comp id="1165" class="1005" name="input_A_1_addr_1_reg_1165">
<pin_list>
<pin id="1166" dir="0" index="0" bw="3" slack="1"/>
<pin id="1167" dir="1" index="1" bw="3" slack="1"/>
</pin_list>
<bind>
<opset="input_A_1_addr_1 "/>
</bind>
</comp>

<comp id="1170" class="1005" name="input_B_1_addr_1_reg_1170">
<pin_list>
<pin id="1171" dir="0" index="0" bw="3" slack="1"/>
<pin id="1172" dir="1" index="1" bw="3" slack="1"/>
</pin_list>
<bind>
<opset="input_B_1_addr_1 "/>
</bind>
</comp>

<comp id="1175" class="1005" name="input_A_1_load_reg_1175">
<pin_list>
<pin id="1176" dir="0" index="0" bw="32" slack="1"/>
<pin id="1177" dir="1" index="1" bw="32" slack="1"/>
</pin_list>
<bind>
<opset="input_A_1_load "/>
</bind>
</comp>

<comp id="1180" class="1005" name="input_B_1_load_reg_1180">
<pin_list>
<pin id="1181" dir="0" index="0" bw="32" slack="1"/>
<pin id="1182" dir="1" index="1" bw="32" slack="1"/>
</pin_list>
<bind>
<opset="input_B_1_load "/>
</bind>
</comp>

<comp id="1185" class="1005" name="res_s_reg_1185">
<pin_list>
<pin id="1186" dir="0" index="0" bw="32" slack="1"/>
<pin id="1187" dir="1" index="1" bw="32" slack="1"/>
</pin_list>
<bind>
<opset="res_s "/>
</bind>
</comp>

<comp id="1190" class="1005" name="tmp_3_1_reg_1190">
<pin_list>
<pin id="1191" dir="0" index="0" bw="32" slack="1"/>
<pin id="1192" dir="1" index="1" bw="32" slack="1"/>
</pin_list>
<bind>
<opset="tmp_3_1 "/>
</bind>
</comp>

<comp id="1195" class="1005" name="input_A_2_addr_1_reg_1195">
<pin_list>
<pin id="1196" dir="0" index="0" bw="3" slack="1"/>
<pin id="1197" dir="1" index="1" bw="3" slack="1"/>
</pin_list>
<bind>
<opset="input_A_2_addr_1 "/>
</bind>
</comp>

<comp id="1200" class="1005" name="input_B_2_addr_1_reg_1200">
<pin_list>
<pin id="1201" dir="0" index="0" bw="3" slack="1"/>
<pin id="1202" dir="1" index="1" bw="3" slack="1"/>
</pin_list>
<bind>
<opset="input_B_2_addr_1 "/>
</bind>
</comp>

<comp id="1205" class="1005" name="input_A_2_load_reg_1205">
<pin_list>
<pin id="1206" dir="0" index="0" bw="32" slack="1"/>
<pin id="1207" dir="1" index="1" bw="32" slack="1"/>
</pin_list>
<bind>
<opset="input_A_2_load "/>
</bind>
</comp>

<comp id="1210" class="1005" name="input_B_2_load_reg_1210">
<pin_list>
<pin id="1211" dir="0" index="0" bw="32" slack="1"/>
<pin id="1212" dir="1" index="1" bw="32" slack="1"/>
</pin_list>
<bind>
<opset="input_B_2_load "/>
</bind>
</comp>

<comp id="1215" class="1005" name="res_1_reg_1215">
<pin_list>
<pin id="1216" dir="0" index="0" bw="32" slack="1"/>
<pin id="1217" dir="1" index="1" bw="32" slack="1"/>
</pin_list>
<bind>
<opset="res_1 "/>
</bind>
</comp>

<comp id="1220" class="1005" name="tmp_3_2_reg_1220">
<pin_list>
<pin id="1221" dir="0" index="0" bw="32" slack="1"/>
<pin id="1222" dir="1" index="1" bw="32" slack="1"/>
</pin_list>
<bind>
<opset="tmp_3_2 "/>
</bind>
</comp>

<comp id="1225" class="1005" name="input_A_3_addr_1_reg_1225">
<pin_list>
<pin id="1226" dir="0" index="0" bw="3" slack="1"/>
<pin id="1227" dir="1" index="1" bw="3" slack="1"/>
</pin_list>
<bind>
<opset="input_A_3_addr_1 "/>
</bind>
</comp>

<comp id="1230" class="1005" name="input_B_3_addr_1_reg_1230">
<pin_list>
<pin id="1231" dir="0" index="0" bw="3" slack="1"/>
<pin id="1232" dir="1" index="1" bw="3" slack="1"/>
</pin_list>
<bind>
<opset="input_B_3_addr_1 "/>
</bind>
</comp>

<comp id="1235" class="1005" name="input_A_3_load_reg_1235">
<pin_list>
<pin id="1236" dir="0" index="0" bw="32" slack="1"/>
<pin id="1237" dir="1" index="1" bw="32" slack="1"/>
</pin_list>
<bind>
<opset="input_A_3_load "/>
</bind>
</comp>

<comp id="1240" class="1005" name="input_B_3_load_reg_1240">
<pin_list>
<pin id="1241" dir="0" index="0" bw="32" slack="1"/>
<pin id="1242" dir="1" index="1" bw="32" slack="1"/>
</pin_list>
<bind>
<opset="input_B_3_load "/>
</bind>
</comp>

<comp id="1245" class="1005" name="res_2_reg_1245">
<pin_list>
<pin id="1246" dir="0" index="0" bw="32" slack="1"/>
<pin id="1247" dir="1" index="1" bw="32" slack="1"/>
</pin_list>
<bind>
<opset="res_2 "/>
</bind>
</comp>

<comp id="1250" class="1005" name="tmp_3_3_reg_1250">
<pin_list>
<pin id="1251" dir="0" index="0" bw="32" slack="1"/>
<pin id="1252" dir="1" index="1" bw="32" slack="1"/>
</pin_list>
<bind>
<opset="tmp_3_3 "/>
</bind>
</comp>

<comp id="1255" class="1005" name="input_A_4_addr_1_reg_1255">
<pin_list>
<pin id="1256" dir="0" index="0" bw="3" slack="1"/>
<pin id="1257" dir="1" index="1" bw="3" slack="1"/>
</pin_list>
<bind>
<opset="input_A_4_addr_1 "/>
</bind>
</comp>

<comp id="1260" class="1005" name="input_B_4_addr_1_reg_1260">
<pin_list>
<pin id="1261" dir="0" index="0" bw="3" slack="1"/>
<pin id="1262" dir="1" index="1" bw="3" slack="1"/>
</pin_list>
<bind>
<opset="input_B_4_addr_1 "/>
</bind>
</comp>

<comp id="1265" class="1005" name="input_A_4_load_reg_1265">
<pin_list>
<pin id="1266" dir="0" index="0" bw="32" slack="1"/>
<pin id="1267" dir="1" index="1" bw="32" slack="1"/>
</pin_list>
<bind>
<opset="input_A_4_load "/>
</bind>
</comp>

<comp id="1270" class="1005" name="input_B_4_load_reg_1270">
<pin_list>
<pin id="1271" dir="0" index="0" bw="32" slack="1"/>
<pin id="1272" dir="1" index="1" bw="32" slack="1"/>
</pin_list>
<bind>
<opset="input_B_4_load "/>
</bind>
</comp>

<comp id="1275" class="1005" name="res_3_reg_1275">
<pin_list>
<pin id="1276" dir="0" index="0" bw="32" slack="1"/>
<pin id="1277" dir="1" index="1" bw="32" slack="1"/>
</pin_list>
<bind>
<opset="res_3 "/>
</bind>
</comp>

<comp id="1280" class="1005" name="tmp_3_4_reg_1280">
<pin_list>
<pin id="1281" dir="0" index="0" bw="32" slack="1"/>
<pin id="1282" dir="1" index="1" bw="32" slack="1"/>
</pin_list>
<bind>
<opset="tmp_3_4 "/>
</bind>
</comp>

<comp id="1285" class="1005" name="input_A_5_addr_1_reg_1285">
<pin_list>
<pin id="1286" dir="0" index="0" bw="3" slack="1"/>
<pin id="1287" dir="1" index="1" bw="3" slack="1"/>
</pin_list>
<bind>
<opset="input_A_5_addr_1 "/>
</bind>
</comp>

<comp id="1290" class="1005" name="input_B_5_addr_1_reg_1290">
<pin_list>
<pin id="1291" dir="0" index="0" bw="3" slack="1"/>
<pin id="1292" dir="1" index="1" bw="3" slack="1"/>
</pin_list>
<bind>
<opset="input_B_5_addr_1 "/>
</bind>
</comp>

<comp id="1295" class="1005" name="input_A_5_load_reg_1295">
<pin_list>
<pin id="1296" dir="0" index="0" bw="32" slack="1"/>
<pin id="1297" dir="1" index="1" bw="32" slack="1"/>
</pin_list>
<bind>
<opset="input_A_5_load "/>
</bind>
</comp>

<comp id="1300" class="1005" name="input_B_5_load_reg_1300">
<pin_list>
<pin id="1301" dir="0" index="0" bw="32" slack="1"/>
<pin id="1302" dir="1" index="1" bw="32" slack="1"/>
</pin_list>
<bind>
<opset="input_B_5_load "/>
</bind>
</comp>

<comp id="1305" class="1005" name="res_4_reg_1305">
<pin_list>
<pin id="1306" dir="0" index="0" bw="32" slack="1"/>
<pin id="1307" dir="1" index="1" bw="32" slack="1"/>
</pin_list>
<bind>
<opset="res_4 "/>
</bind>
</comp>

<comp id="1310" class="1005" name="tmp_3_5_reg_1310">
<pin_list>
<pin id="1311" dir="0" index="0" bw="32" slack="1"/>
<pin id="1312" dir="1" index="1" bw="32" slack="1"/>
</pin_list>
<bind>
<opset="tmp_3_5 "/>
</bind>
</comp>

<comp id="1315" class="1005" name="input_A_6_addr_1_reg_1315">
<pin_list>
<pin id="1316" dir="0" index="0" bw="3" slack="1"/>
<pin id="1317" dir="1" index="1" bw="3" slack="1"/>
</pin_list>
<bind>
<opset="input_A_6_addr_1 "/>
</bind>
</comp>

<comp id="1320" class="1005" name="input_B_6_addr_1_reg_1320">
<pin_list>
<pin id="1321" dir="0" index="0" bw="3" slack="1"/>
<pin id="1322" dir="1" index="1" bw="3" slack="1"/>
</pin_list>
<bind>
<opset="input_B_6_addr_1 "/>
</bind>
</comp>

<comp id="1325" class="1005" name="input_A_6_load_reg_1325">
<pin_list>
<pin id="1326" dir="0" index="0" bw="32" slack="1"/>
<pin id="1327" dir="1" index="1" bw="32" slack="1"/>
</pin_list>
<bind>
<opset="input_A_6_load "/>
</bind>
</comp>

<comp id="1330" class="1005" name="input_B_6_load_reg_1330">
<pin_list>
<pin id="1331" dir="0" index="0" bw="32" slack="1"/>
<pin id="1332" dir="1" index="1" bw="32" slack="1"/>
</pin_list>
<bind>
<opset="input_B_6_load "/>
</bind>
</comp>

<comp id="1335" class="1005" name="res_5_reg_1335">
<pin_list>
<pin id="1336" dir="0" index="0" bw="32" slack="1"/>
<pin id="1337" dir="1" index="1" bw="32" slack="1"/>
</pin_list>
<bind>
<opset="res_5 "/>
</bind>
</comp>

<comp id="1340" class="1005" name="tmp_3_6_reg_1340">
<pin_list>
<pin id="1341" dir="0" index="0" bw="32" slack="1"/>
<pin id="1342" dir="1" index="1" bw="32" slack="1"/>
</pin_list>
<bind>
<opset="tmp_3_6 "/>
</bind>
</comp>

<comp id="1345" class="1005" name="input_A_7_addr_1_reg_1345">
<pin_list>
<pin id="1346" dir="0" index="0" bw="3" slack="1"/>
<pin id="1347" dir="1" index="1" bw="3" slack="1"/>
</pin_list>
<bind>
<opset="input_A_7_addr_1 "/>
</bind>
</comp>

<comp id="1350" class="1005" name="input_B_7_addr_1_reg_1350">
<pin_list>
<pin id="1351" dir="0" index="0" bw="3" slack="1"/>
<pin id="1352" dir="1" index="1" bw="3" slack="1"/>
</pin_list>
<bind>
<opset="input_B_7_addr_1 "/>
</bind>
</comp>

<comp id="1355" class="1005" name="input_A_7_load_reg_1355">
<pin_list>
<pin id="1356" dir="0" index="0" bw="32" slack="1"/>
<pin id="1357" dir="1" index="1" bw="32" slack="1"/>
</pin_list>
<bind>
<opset="input_A_7_load "/>
</bind>
</comp>

<comp id="1360" class="1005" name="input_B_7_load_reg_1360">
<pin_list>
<pin id="1361" dir="0" index="0" bw="32" slack="1"/>
<pin id="1362" dir="1" index="1" bw="32" slack="1"/>
</pin_list>
<bind>
<opset="input_B_7_load "/>
</bind>
</comp>

<comp id="1365" class="1005" name="res_6_reg_1365">
<pin_list>
<pin id="1366" dir="0" index="0" bw="32" slack="1"/>
<pin id="1367" dir="1" index="1" bw="32" slack="1"/>
</pin_list>
<bind>
<opset="res_6 "/>
</bind>
</comp>

<comp id="1370" class="1005" name="tmp_3_7_reg_1370">
<pin_list>
<pin id="1371" dir="0" index="0" bw="32" slack="1"/>
<pin id="1372" dir="1" index="1" bw="32" slack="1"/>
</pin_list>
<bind>
<opset="tmp_3_7 "/>
</bind>
</comp>

<comp id="1375" class="1005" name="res_7_reg_1375">
<pin_list>
<pin id="1376" dir="0" index="0" bw="32" slack="1"/>
<pin id="1377" dir="1" index="1" bw="32" slack="1"/>
</pin_list>
<bind>
<opset="res_7 "/>
</bind>
</comp>

<comp id="1380" class="1005" name="icmp_ln116_reg_1380">
<pin_list>
<pin id="1381" dir="0" index="0" bw="1" slack="1"/>
<pin id="1382" dir="1" index="1" bw="1" slack="2147483647"/>
</pin_list>
<bind>
<opset="icmp_ln116 "/>
</bind>
</comp>

<comp id="1384" class="1005" name="add_ln116_reg_1384">
<pin_list>
<pin id="1385" dir="0" index="0" bw="7" slack="0"/>
<pin id="1386" dir="1" index="1" bw="7" slack="0"/>
</pin_list>
<bind>
<opset="add_ln116 "/>
</bind>
</comp>

<comp id="1389" class="1005" name="select_ln119_1_reg_1389">
<pin_list>
<pin id="1390" dir="0" index="0" bw="4" slack="0"/>
<pin id="1391" dir="1" index="1" bw="4" slack="0"/>
</pin_list>
<bind>
<opset="select_ln119_1 "/>
</bind>
</comp>

<comp id="1394" class="1005" name="output_C_addr_reg_1394">
<pin_list>
<pin id="1395" dir="0" index="0" bw="6" slack="1"/>
<pin id="1396" dir="1" index="1" bw="6" slack="1"/>
</pin_list>
<bind>
<opset="output_C_addr "/>
</bind>
</comp>

<comp id="1399" class="1005" name="tmp_last_V_reg_1399">
<pin_list>
<pin id="1400" dir="0" index="0" bw="1" slack="1"/>
<pin id="1401" dir="1" index="1" bw="1" slack="1"/>
</pin_list>
<bind>
<opset="tmp_last_V "/>
</bind>
</comp>

<comp id="1404" class="1005" name="col_6_reg_1404">
<pin_list>
<pin id="1405" dir="0" index="0" bw="4" slack="0"/>
<pin id="1406" dir="1" index="1" bw="4" slack="0"/>
</pin_list>
<bind>
<opset="col_6 "/>
</bind>
</comp>

<comp id="1409" class="1005" name="local_write_data_reg_1409">
<pin_list>
<pin id="1410" dir="0" index="0" bw="32" slack="1"/>
<pin id="1411" dir="1" index="1" bw="32" slack="1"/>
</pin_list>
<bind>
<opset="local_write_data "/>
</bind>
</comp>

</comp_list>

<net_list>
<net id="101"><net_src comp="14" pin="0"/><net_sink comp="98" pin=0"/></net>

<net id="105"><net_src comp="14" pin="0"/><net_sink comp="102" pin=0"/></net>

<net id="109"><net_src comp="14" pin="0"/><net_sink comp="106" pin=0"/></net>

<net id="113"><net_src comp="14" pin="0"/><net_sink comp="110" pin=0"/></net>

<net id="117"><net_src comp="14" pin="0"/><net_sink comp="114" pin=0"/></net>

<net id="121"><net_src comp="14" pin="0"/><net_sink comp="118" pin=0"/></net>

<net id="125"><net_src comp="14" pin="0"/><net_sink comp="122" pin=0"/></net>

<net id="129"><net_src comp="14" pin="0"/><net_sink comp="126" pin=0"/></net>

<net id="133"><net_src comp="14" pin="0"/><net_sink comp="130" pin=0"/></net>

<net id="137"><net_src comp="14" pin="0"/><net_sink comp="134" pin=0"/></net>

<net id="141"><net_src comp="14" pin="0"/><net_sink comp="138" pin=0"/></net>

<net id="145"><net_src comp="14" pin="0"/><net_sink comp="142" pin=0"/></net>

<net id="149"><net_src comp="14" pin="0"/><net_sink comp="146" pin=0"/></net>

<net id="153"><net_src comp="14" pin="0"/><net_sink comp="150" pin=0"/></net>

<net id="157"><net_src comp="14" pin="0"/><net_sink comp="154" pin=0"/></net>

<net id="161"><net_src comp="14" pin="0"/><net_sink comp="158" pin=0"/></net>

<net id="165"><net_src comp="14" pin="0"/><net_sink comp="162" pin=0"/></net>

<net id="171"><net_src comp="58" pin="0"/><net_sink comp="166" pin=0"/></net>

<net id="172"><net_src comp="0" pin="0"/><net_sink comp="166" pin=1"/></net>

<net id="173"><net_src comp="2" pin="0"/><net_sink comp="166" pin=2"/></net>

<net id="181"><net_src comp="92" pin="0"/><net_sink comp="174" pin=0"/></net>

<net id="182"><net_src comp="4" pin="0"/><net_sink comp="174" pin=1"/></net>

<net id="183"><net_src comp="6" pin="0"/><net_sink comp="174" pin=2"/></net>

<net id="189"><net_src comp="74" pin="0"/><net_sink comp="184" pin=1"/></net>

<net id="195"><net_src comp="184" pin="3"/><net_sink comp="190" pin=0"/></net>

<net id="201"><net_src comp="74" pin="0"/><net_sink comp="196" pin=1"/></net>

<net id="207"><net_src comp="196" pin="3"/><net_sink comp="202" pin=0"/></net>

<net id="213"><net_src comp="74" pin="0"/><net_sink comp="208" pin=1"/></net>

<net id="219"><net_src comp="208" pin="3"/><net_sink comp="214" pin=0"/></net>

<net id="225"><net_src comp="74" pin="0"/><net_sink comp="220" pin=1"/></net>

<net id="231"><net_src comp="220" pin="3"/><net_sink comp="226" pin=0"/></net>

<net id="237"><net_src comp="74" pin="0"/><net_sink comp="232" pin=1"/></net>

<net id="243"><net_src comp="232" pin="3"/><net_sink comp="238" pin=0"/></net>

<net id="249"><net_src comp="74" pin="0"/><net_sink comp="244" pin=1"/></net>

<net id="255"><net_src comp="244" pin="3"/><net_sink comp="250" pin=0"/></net>

<net id="261"><net_src comp="74" pin="0"/><net_sink comp="256" pin=1"/></net>

<net id="267"><net_src comp="256" pin="3"/><net_sink comp="262" pin=0"/></net>

<net id="273"><net_src comp="74" pin="0"/><net_sink comp="268" pin=1"/></net>

<net id="279"><net_src comp="268" pin="3"/><net_sink comp="274" pin=0"/></net>

<net id="285"><net_src comp="74" pin="0"/><net_sink comp="280" pin=1"/></net>

<net id="291"><net_src comp="74" pin="0"/><net_sink comp="286" pin=1"/></net>

<net id="297"><net_src comp="74" pin="0"/><net_sink comp="292" pin=1"/></net>

<net id="303"><net_src comp="74" pin="0"/><net_sink comp="298" pin=1"/></net>

<net id="309"><net_src comp="74" pin="0"/><net_sink comp="304" pin=1"/></net>

<net id="315"><net_src comp="74" pin="0"/><net_sink comp="310" pin=1"/></net>

<net id="321"><net_src comp="74" pin="0"/><net_sink comp="316" pin=1"/></net>

<net id="327"><net_src comp="74" pin="0"/><net_sink comp="322" pin=1"/></net>

<net id="333"><net_src comp="316" pin="3"/><net_sink comp="328" pin=0"/></net>

<net id="339"><net_src comp="310" pin="3"/><net_sink comp="334" pin=0"/></net>

<net id="345"><net_src comp="304" pin="3"/><net_sink comp="340" pin=0"/></net>

<net id="351"><net_src comp="298" pin="3"/><net_sink comp="346" pin=0"/></net>

<net id="357"><net_src comp="292" pin="3"/><net_sink comp="352" pin=0"/></net>

<net id="363"><net_src comp="286" pin="3"/><net_sink comp="358" pin=0"/></net>

<net id="369"><net_src comp="280" pin="3"/><net_sink comp="364" pin=0"/></net>

<net id="375"><net_src comp="322" pin="3"/><net_sink comp="370" pin=0"/></net>

<net id="381"><net_src comp="74" pin="0"/><net_sink comp="376" pin=1"/></net>

<net id="382"><net_src comp="376" pin="3"/><net_sink comp="262" pin=0"/></net>

<net id="388"><net_src comp="74" pin="0"/><net_sink comp="383" pin=1"/></net>

<net id="389"><net_src comp="383" pin="3"/><net_sink comp="364" pin=0"/></net>

<net id="395"><net_src comp="74" pin="0"/><net_sink comp="390" pin=1"/></net>

<net id="396"><net_src comp="390" pin="3"/><net_sink comp="250" pin=0"/></net>

<net id="402"><net_src comp="74" pin="0"/><net_sink comp="397" pin=1"/></net>

<net id="403"><net_src comp="397" pin="3"/><net_sink comp="358" pin=0"/></net>

<net id="409"><net_src comp="74" pin="0"/><net_sink comp="404" pin=1"/></net>

<net id="410"><net_src comp="404" pin="3"/><net_sink comp="238" pin=0"/></net>

<net id="416"><net_src comp="74" pin="0"/><net_sink comp="411" pin=1"/></net>

<net id="417"><net_src comp="411" pin="3"/><net_sink comp="352" pin=0"/></net>

<net id="423"><net_src comp="74" pin="0"/><net_sink comp="418" pin=1"/></net>

<net id="424"><net_src comp="418" pin="3"/><net_sink comp="226" pin=0"/></net>

<net id="430"><net_src comp="74" pin="0"/><net_sink comp="425" pin=1"/></net>

<net id="431"><net_src comp="425" pin="3"/><net_sink comp="346" pin=0"/></net>

<net id="437"><net_src comp="74" pin="0"/><net_sink comp="432" pin=1"/></net>

<net id="438"><net_src comp="432" pin="3"/><net_sink comp="214" pin=0"/></net>

<net id="444"><net_src comp="74" pin="0"/><net_sink comp="439" pin=1"/></net>

<net id="445"><net_src comp="439" pin="3"/><net_sink comp="340" pin=0"/></net>

<net id="451"><net_src comp="74" pin="0"/><net_sink comp="446" pin=1"/></net>

<net id="452"><net_src comp="446" pin="3"/><net_sink comp="202" pin=0"/></net>

<net id="458"><net_src comp="74" pin="0"/><net_sink comp="453" pin=1"/></net>

<net id="459"><net_src comp="453" pin="3"/><net_sink comp="334" pin=0"/></net>

<net id="465"><net_src comp="74" pin="0"/><net_sink comp="460" pin=1"/></net>

<net id="466"><net_src comp="460" pin="3"/><net_sink comp="190" pin=0"/></net>

<net id="472"><net_src comp="74" pin="0"/><net_sink comp="467" pin=1"/></net>

<net id="473"><net_src comp="467" pin="3"/><net_sink comp="328" pin=0"/></net>

<net id="479"><net_src comp="74" pin="0"/><net_sink comp="474" pin=1"/></net>

<net id="480"><net_src comp="474" pin="3"/><net_sink comp="274" pin=0"/></net>

<net id="486"><net_src comp="74" pin="0"/><net_sink comp="481" pin=1"/></net>

<net id="487"><net_src comp="481" pin="3"/><net_sink comp="370" pin=0"/></net>

<net id="493"><net_src comp="74" pin="0"/><net_sink comp="488" pin=1"/></net>

<net id="499"><net_src comp="488" pin="3"/><net_sink comp="494" pin=0"/></net>

<net id="505"><net_src comp="74" pin="0"/><net_sink comp="500" pin=1"/></net>

<net id="506"><net_src comp="494" pin="3"/><net_sink comp="174" pin=3"/></net>

<net id="507"><net_src comp="500" pin="3"/><net_sink comp="494" pin=0"/></net>

<net id="511"><net_src comp="30" pin="0"/><net_sink comp="508" pin=0"/></net>

<net id="518"><net_src comp="508" pin="1"/><net_sink comp="512" pin=0"/></net>

<net id="522"><net_src comp="32" pin="0"/><net_sink comp="519" pin=0"/></net>

<net id="529"><net_src comp="519" pin="1"/><net_sink comp="523" pin=0"/></net>

<net id="533"><net_src comp="32" pin="0"/><net_sink comp="530" pin=0"/></net>

<net id="540"><net_src comp="530" pin="1"/><net_sink comp="534" pin=0"/></net>

<net id="544"><net_src comp="30" pin="0"/><net_sink comp="541" pin=0"/></net>

<net id="551"><net_src comp="541" pin="1"/><net_sink comp="545" pin=2"/></net>

<net id="555"><net_src comp="32" pin="0"/><net_sink comp="552" pin=0"/></net>

<net id="562"><net_src comp="552" pin="1"/><net_sink comp="556" pin=2"/></net>

<net id="566"><net_src comp="32" pin="0"/><net_sink comp="563" pin=0"/></net>

<net id="573"><net_src comp="563" pin="1"/><net_sink comp="567" pin=2"/></net>

<net id="577"><net_src comp="30" pin="0"/><net_sink comp="574" pin=0"/></net>

<net id="584"><net_src comp="574" pin="1"/><net_sink comp="578" pin=2"/></net>

<net id="588"><net_src comp="32" pin="0"/><net_sink comp="585" pin=0"/></net>

<net id="595"><net_src comp="585" pin="1"/><net_sink comp="589" pin=2"/></net>

<net id="599"><net_src comp="32" pin="0"/><net_sink comp="596" pin=0"/></net>

<net id="606"><net_src comp="596" pin="1"/><net_sink comp="600" pin=2"/></net>

<net id="610"><net_src comp="30" pin="0"/><net_sink comp="607" pin=0"/></net>

<net id="617"><net_src comp="607" pin="1"/><net_sink comp="611" pin=2"/></net>

<net id="621"><net_src comp="32" pin="0"/><net_sink comp="618" pin=0"/></net>

<net id="628"><net_src comp="618" pin="1"/><net_sink comp="622" pin=2"/></net>

<net id="632"><net_src comp="32" pin="0"/><net_sink comp="629" pin=0"/></net>

<net id="639"><net_src comp="629" pin="1"/><net_sink comp="633" pin=2"/></net>

<net id="644"><net_src comp="82" pin="0"/><net_sink comp="640" pin=1"/></net>

<net id="677"><net_src comp="262" pin="3"/><net_sink comp="673" pin=0"/></net>

<net id="678"><net_src comp="364" pin="3"/><net_sink comp="673" pin=1"/></net>

<net id="683"><net_src comp="250" pin="3"/><net_sink comp="679" pin=0"/></net>

<net id="684"><net_src comp="358" pin="3"/><net_sink comp="679" pin=1"/></net>

<net id="689"><net_src comp="238" pin="3"/><net_sink comp="685" pin=0"/></net>

<net id="690"><net_src comp="352" pin="3"/><net_sink comp="685" pin=1"/></net>

<net id="695"><net_src comp="226" pin="3"/><net_sink comp="691" pin=0"/></net>

<net id="696"><net_src comp="346" pin="3"/><net_sink comp="691" pin=1"/></net>

<net id="701"><net_src comp="214" pin="3"/><net_sink comp="697" pin=0"/></net>

<net id="702"><net_src comp="340" pin="3"/><net_sink comp="697" pin=1"/></net>

<net id="707"><net_src comp="202" pin="3"/><net_sink comp="703" pin=0"/></net>

<net id="708"><net_src comp="334" pin="3"/><net_sink comp="703" pin=1"/></net>

<net id="713"><net_src comp="190" pin="3"/><net_sink comp="709" pin=0"/></net>

<net id="714"><net_src comp="328" pin="3"/><net_sink comp="709" pin=1"/></net>

<net id="719"><net_src comp="274" pin="3"/><net_sink comp="715" pin=0"/></net>

<net id="720"><net_src comp="370" pin="3"/><net_sink comp="715" pin=1"/></net>

<net id="724"><net_src comp="166" pin="3"/><net_sink comp="721" pin=0"/></net>

<net id="725"><net_src comp="721" pin="1"/><net_sink comp="190" pin=1"/></net>

<net id="726"><net_src comp="721" pin="1"/><net_sink comp="202" pin=1"/></net>

<net id="727"><net_src comp="721" pin="1"/><net_sink comp="214" pin=1"/></net>

<net id="728"><net_src comp="721" pin="1"/><net_sink comp="226" pin=1"/></net>

<net id="729"><net_src comp="721" pin="1"/><net_sink comp="238" pin=1"/></net>

<net id="730"><net_src comp="721" pin="1"/><net_sink comp="250" pin=1"/></net>

<net id="731"><net_src comp="721" pin="1"/><net_sink comp="262" pin=1"/></net>

<net id="732"><net_src comp="721" pin="1"/><net_sink comp="274" pin=1"/></net>

<net id="733"><net_src comp="721" pin="1"/><net_sink comp="328" pin=1"/></net>

<net id="734"><net_src comp="721" pin="1"/><net_sink comp="334" pin=1"/></net>

<net id="735"><net_src comp="721" pin="1"/><net_sink comp="340" pin=1"/></net>

<net id="736"><net_src comp="721" pin="1"/><net_sink comp="346" pin=1"/></net>

<net id="737"><net_src comp="721" pin="1"/><net_sink comp="352" pin=1"/></net>

<net id="738"><net_src comp="721" pin="1"/><net_sink comp="358" pin=1"/></net>

<net id="739"><net_src comp="721" pin="1"/><net_sink comp="364" pin=1"/></net>

<net id="740"><net_src comp="721" pin="1"/><net_sink comp="370" pin=1"/></net>

<net id="745"><net_src comp="512" pin="4"/><net_sink comp="741" pin=0"/></net>

<net id="746"><net_src comp="34" pin="0"/><net_sink comp="741" pin=1"/></net>

<net id="751"><net_src comp="512" pin="4"/><net_sink comp="747" pin=0"/></net>

<net id="752"><net_src comp="36" pin="0"/><net_sink comp="747" pin=1"/></net>

<net id="757"><net_src comp="38" pin="0"/><net_sink comp="753" pin=0"/></net>

<net id="758"><net_src comp="523" pin="4"/><net_sink comp="753" pin=1"/></net>

<net id="763"><net_src comp="534" pin="4"/><net_sink comp="759" pin=0"/></net>

<net id="764"><net_src comp="48" pin="0"/><net_sink comp="759" pin=1"/></net>

<net id="770"><net_src comp="759" pin="2"/><net_sink comp="765" pin=0"/></net>

<net id="771"><net_src comp="32" pin="0"/><net_sink comp="765" pin=1"/></net>

<net id="772"><net_src comp="534" pin="4"/><net_sink comp="765" pin=2"/></net>

<net id="778"><net_src comp="759" pin="2"/><net_sink comp="773" pin=0"/></net>

<net id="779"><net_src comp="753" pin="2"/><net_sink comp="773" pin=1"/></net>

<net id="780"><net_src comp="523" pin="4"/><net_sink comp="773" pin=2"/></net>

<net id="784"><net_src comp="773" pin="3"/><net_sink comp="781" pin=0"/></net>

<net id="785"><net_src comp="781" pin="1"/><net_sink comp="184" pin=2"/></net>

<net id="786"><net_src comp="781" pin="1"/><net_sink comp="196" pin=2"/></net>

<net id="787"><net_src comp="781" pin="1"/><net_sink comp="208" pin=2"/></net>

<net id="788"><net_src comp="781" pin="1"/><net_sink comp="220" pin=2"/></net>

<net id="789"><net_src comp="781" pin="1"/><net_sink comp="232" pin=2"/></net>

<net id="790"><net_src comp="781" pin="1"/><net_sink comp="244" pin=2"/></net>

<net id="791"><net_src comp="781" pin="1"/><net_sink comp="256" pin=2"/></net>

<net id="792"><net_src comp="781" pin="1"/><net_sink comp="268" pin=2"/></net>

<net id="796"><net_src comp="765" pin="3"/><net_sink comp="793" pin=0"/></net>

<net id="801"><net_src comp="765" pin="3"/><net_sink comp="797" pin=0"/></net>

<net id="802"><net_src comp="38" pin="0"/><net_sink comp="797" pin=1"/></net>

<net id="807"><net_src comp="545" pin="4"/><net_sink comp="803" pin=0"/></net>

<net id="808"><net_src comp="34" pin="0"/><net_sink comp="803" pin=1"/></net>

<net id="813"><net_src comp="545" pin="4"/><net_sink comp="809" pin=0"/></net>

<net id="814"><net_src comp="36" pin="0"/><net_sink comp="809" pin=1"/></net>

<net id="819"><net_src comp="38" pin="0"/><net_sink comp="815" pin=0"/></net>

<net id="820"><net_src comp="556" pin="4"/><net_sink comp="815" pin=1"/></net>

<net id="825"><net_src comp="567" pin="4"/><net_sink comp="821" pin=0"/></net>

<net id="826"><net_src comp="48" pin="0"/><net_sink comp="821" pin=1"/></net>

<net id="832"><net_src comp="821" pin="2"/><net_sink comp="827" pin=0"/></net>

<net id="833"><net_src comp="32" pin="0"/><net_sink comp="827" pin=1"/></net>

<net id="834"><net_src comp="567" pin="4"/><net_sink comp="827" pin=2"/></net>

<net id="840"><net_src comp="821" pin="2"/><net_sink comp="835" pin=0"/></net>

<net id="841"><net_src comp="815" pin="2"/><net_sink comp="835" pin=1"/></net>

<net id="842"><net_src comp="556" pin="4"/><net_sink comp="835" pin=2"/></net>

<net id="846"><net_src comp="835" pin="3"/><net_sink comp="843" pin=0"/></net>

<net id="850"><net_src comp="827" pin="3"/><net_sink comp="847" pin=0"/></net>

<net id="851"><net_src comp="847" pin="1"/><net_sink comp="280" pin=2"/></net>

<net id="852"><net_src comp="847" pin="1"/><net_sink comp="286" pin=2"/></net>

<net id="853"><net_src comp="847" pin="1"/><net_sink comp="292" pin=2"/></net>

<net id="854"><net_src comp="847" pin="1"/><net_sink comp="298" pin=2"/></net>

<net id="855"><net_src comp="847" pin="1"/><net_sink comp="304" pin=2"/></net>

<net id="856"><net_src comp="847" pin="1"/><net_sink comp="310" pin=2"/></net>

<net id="857"><net_src comp="847" pin="1"/><net_sink comp="316" pin=2"/></net>

<net id="858"><net_src comp="847" pin="1"/><net_sink comp="322" pin=2"/></net>

<net id="863"><net_src comp="827" pin="3"/><net_sink comp="859" pin=0"/></net>

<net id="864"><net_src comp="38" pin="0"/><net_sink comp="859" pin=1"/></net>

<net id="869"><net_src comp="578" pin="4"/><net_sink comp="865" pin=0"/></net>

<net id="870"><net_src comp="34" pin="0"/><net_sink comp="865" pin=1"/></net>

<net id="875"><net_src comp="578" pin="4"/><net_sink comp="871" pin=0"/></net>

<net id="876"><net_src comp="36" pin="0"/><net_sink comp="871" pin=1"/></net>

<net id="881"><net_src comp="589" pin="4"/><net_sink comp="877" pin=0"/></net>

<net id="882"><net_src comp="38" pin="0"/><net_sink comp="877" pin=1"/></net>

<net id="887"><net_src comp="600" pin="4"/><net_sink comp="883" pin=0"/></net>

<net id="888"><net_src comp="48" pin="0"/><net_sink comp="883" pin=1"/></net>

<net id="894"><net_src comp="883" pin="2"/><net_sink comp="889" pin=0"/></net>

<net id="895"><net_src comp="32" pin="0"/><net_sink comp="889" pin=1"/></net>

<net id="896"><net_src comp="600" pin="4"/><net_sink comp="889" pin=2"/></net>

<net id="902"><net_src comp="883" pin="2"/><net_sink comp="897" pin=0"/></net>

<net id="903"><net_src comp="877" pin="2"/><net_sink comp="897" pin=1"/></net>

<net id="904"><net_src comp="589" pin="4"/><net_sink comp="897" pin=2"/></net>

<net id="908"><net_src comp="897" pin="3"/><net_sink comp="905" pin=0"/></net>

<net id="909"><net_src comp="905" pin="1"/><net_sink comp="376" pin=2"/></net>

<net id="913"><net_src comp="889" pin="3"/><net_sink comp="910" pin=0"/></net>

<net id="914"><net_src comp="910" pin="1"/><net_sink comp="383" pin=2"/></net>

<net id="919"><net_src comp="889" pin="3"/><net_sink comp="915" pin=0"/></net>

<net id="920"><net_src comp="38" pin="0"/><net_sink comp="915" pin=1"/></net>

<net id="926"><net_src comp="86" pin="0"/><net_sink comp="921" pin=0"/></net>

<net id="927"><net_src comp="60" pin="0"/><net_sink comp="921" pin=2"/></net>

<net id="931"><net_src comp="921" pin="3"/><net_sink comp="928" pin=0"/></net>

<net id="939"><net_src comp="928" pin="1"/><net_sink comp="935" pin=0"/></net>

<net id="940"><net_src comp="932" pin="1"/><net_sink comp="935" pin=1"/></net>

<net id="944"><net_src comp="935" pin="2"/><net_sink comp="941" pin=0"/></net>

<net id="945"><net_src comp="941" pin="1"/><net_sink comp="488" pin=2"/></net>

<net id="950"><net_src comp="611" pin="4"/><net_sink comp="946" pin=0"/></net>

<net id="951"><net_src comp="34" pin="0"/><net_sink comp="946" pin=1"/></net>

<net id="956"><net_src comp="611" pin="4"/><net_sink comp="952" pin=0"/></net>

<net id="957"><net_src comp="36" pin="0"/><net_sink comp="952" pin=1"/></net>

<net id="962"><net_src comp="622" pin="4"/><net_sink comp="958" pin=0"/></net>

<net id="963"><net_src comp="38" pin="0"/><net_sink comp="958" pin=1"/></net>

<net id="968"><net_src comp="633" pin="4"/><net_sink comp="964" pin=0"/></net>

<net id="969"><net_src comp="48" pin="0"/><net_sink comp="964" pin=1"/></net>

<net id="975"><net_src comp="964" pin="2"/><net_sink comp="970" pin=0"/></net>

<net id="976"><net_src comp="32" pin="0"/><net_sink comp="970" pin=1"/></net>

<net id="977"><net_src comp="633" pin="4"/><net_sink comp="970" pin=2"/></net>

<net id="983"><net_src comp="964" pin="2"/><net_sink comp="978" pin=0"/></net>

<net id="984"><net_src comp="958" pin="2"/><net_sink comp="978" pin=1"/></net>

<net id="985"><net_src comp="622" pin="4"/><net_sink comp="978" pin=2"/></net>

<net id="991"><net_src comp="86" pin="0"/><net_sink comp="986" pin=0"/></net>

<net id="992"><net_src comp="978" pin="3"/><net_sink comp="986" pin=1"/></net>

<net id="993"><net_src comp="60" pin="0"/><net_sink comp="986" pin=2"/></net>

<net id="997"><net_src comp="986" pin="3"/><net_sink comp="994" pin=0"/></net>

<net id="1002"><net_src comp="958" pin="2"/><net_sink comp="998" pin=0"/></net>

<net id="1003"><net_src comp="90" pin="0"/><net_sink comp="998" pin=1"/></net>

<net id="1008"><net_src comp="622" pin="4"/><net_sink comp="1004" pin=0"/></net>

<net id="1009"><net_src comp="90" pin="0"/><net_sink comp="1004" pin=1"/></net>

<net id="1015"><net_src comp="964" pin="2"/><net_sink comp="1010" pin=0"/></net>

<net id="1016"><net_src comp="998" pin="2"/><net_sink comp="1010" pin=1"/></net>

<net id="1017"><net_src comp="1004" pin="2"/><net_sink comp="1010" pin=2"/></net>

<net id="1021"><net_src comp="970" pin="3"/><net_sink comp="1018" pin=0"/></net>

<net id="1026"><net_src comp="1018" pin="1"/><net_sink comp="1022" pin=0"/></net>

<net id="1027"><net_src comp="994" pin="1"/><net_sink comp="1022" pin=1"/></net>

<net id="1031"><net_src comp="1022" pin="2"/><net_sink comp="1028" pin=0"/></net>

<net id="1032"><net_src comp="1028" pin="1"/><net_sink comp="500" pin=2"/></net>

<net id="1037"><net_src comp="970" pin="3"/><net_sink comp="1033" pin=0"/></net>

<net id="1038"><net_src comp="90" pin="0"/><net_sink comp="1033" pin=1"/></net>

<net id="1043"><net_src comp="1010" pin="3"/><net_sink comp="1039" pin=0"/></net>

<net id="1044"><net_src comp="1033" pin="2"/><net_sink comp="1039" pin=1"/></net>

<net id="1049"><net_src comp="970" pin="3"/><net_sink comp="1045" pin=0"/></net>

<net id="1050"><net_src comp="38" pin="0"/><net_sink comp="1045" pin=1"/></net>

<net id="1057"><net_src comp="747" pin="2"/><net_sink comp="1054" pin=0"/></net>

<net id="1058"><net_src comp="1054" pin="1"/><net_sink comp="512" pin=2"/></net>

<net id="1062"><net_src comp="773" pin="3"/><net_sink comp="1059" pin=0"/></net>

<net id="1063"><net_src comp="1059" pin="1"/><net_sink comp="523" pin=2"/></net>

<net id="1070"><net_src comp="797" pin="2"/><net_sink comp="1067" pin=0"/></net>

<net id="1071"><net_src comp="1067" pin="1"/><net_sink comp="534" pin=2"/></net>

<net id="1078"><net_src comp="809" pin="2"/><net_sink comp="1075" pin=0"/></net>

<net id="1079"><net_src comp="1075" pin="1"/><net_sink comp="545" pin=0"/></net>

<net id="1083"><net_src comp="835" pin="3"/><net_sink comp="1080" pin=0"/></net>

<net id="1084"><net_src comp="1080" pin="1"/><net_sink comp="556" pin=0"/></net>

<net id="1091"><net_src comp="859" pin="2"/><net_sink comp="1088" pin=0"/></net>

<net id="1092"><net_src comp="1088" pin="1"/><net_sink comp="567" pin=0"/></net>

<net id="1096"><net_src comp="865" pin="2"/><net_sink comp="1093" pin=0"/></net>

<net id="1100"><net_src comp="871" pin="2"/><net_sink comp="1097" pin=0"/></net>

<net id="1101"><net_src comp="1097" pin="1"/><net_sink comp="578" pin=0"/></net>

<net id="1105"><net_src comp="889" pin="3"/><net_sink comp="1102" pin=0"/></net>

<net id="1106"><net_src comp="1102" pin="1"/><net_sink comp="932" pin=0"/></net>

<net id="1110"><net_src comp="897" pin="3"/><net_sink comp="1107" pin=0"/></net>

<net id="1111"><net_src comp="1107" pin="1"/><net_sink comp="589" pin=0"/></net>

<net id="1112"><net_src comp="1107" pin="1"/><net_sink comp="921" pin=1"/></net>

<net id="1116"><net_src comp="905" pin="1"/><net_sink comp="1113" pin=0"/></net>

<net id="1117"><net_src comp="1113" pin="1"/><net_sink comp="390" pin=2"/></net>

<net id="1118"><net_src comp="1113" pin="1"/><net_sink comp="404" pin=2"/></net>

<net id="1119"><net_src comp="1113" pin="1"/><net_sink comp="418" pin=2"/></net>

<net id="1120"><net_src comp="1113" pin="1"/><net_sink comp="432" pin=2"/></net>

<net id="1121"><net_src comp="1113" pin="1"/><net_sink comp="446" pin=2"/></net>

<net id="1122"><net_src comp="1113" pin="1"/><net_sink comp="460" pin=2"/></net>

<net id="1123"><net_src comp="1113" pin="1"/><net_sink comp="474" pin=2"/></net>

<net id="1127"><net_src comp="376" pin="3"/><net_sink comp="1124" pin=0"/></net>

<net id="1128"><net_src comp="1124" pin="1"/><net_sink comp="262" pin=0"/></net>

<net id="1132"><net_src comp="910" pin="1"/><net_sink comp="1129" pin=0"/></net>

<net id="1133"><net_src comp="1129" pin="1"/><net_sink comp="397" pin=2"/></net>

<net id="1134"><net_src comp="1129" pin="1"/><net_sink comp="411" pin=2"/></net>

<net id="1135"><net_src comp="1129" pin="1"/><net_sink comp="425" pin=2"/></net>

<net id="1136"><net_src comp="1129" pin="1"/><net_sink comp="439" pin=2"/></net>

<net id="1137"><net_src comp="1129" pin="1"/><net_sink comp="453" pin=2"/></net>

<net id="1138"><net_src comp="1129" pin="1"/><net_sink comp="467" pin=2"/></net>

<net id="1139"><net_src comp="1129" pin="1"/><net_sink comp="481" pin=2"/></net>

<net id="1143"><net_src comp="383" pin="3"/><net_sink comp="1140" pin=0"/></net>

<net id="1144"><net_src comp="1140" pin="1"/><net_sink comp="364" pin=0"/></net>

<net id="1148"><net_src comp="915" pin="2"/><net_sink comp="1145" pin=0"/></net>

<net id="1149"><net_src comp="1145" pin="1"/><net_sink comp="600" pin=0"/></net>

<net id="1153"><net_src comp="262" pin="3"/><net_sink comp="1150" pin=0"/></net>

<net id="1154"><net_src comp="1150" pin="1"/><net_sink comp="673" pin=0"/></net>

<net id="1158"><net_src comp="364" pin="3"/><net_sink comp="1155" pin=0"/></net>

<net id="1159"><net_src comp="1155" pin="1"/><net_sink comp="673" pin=1"/></net>

<net id="1163"><net_src comp="673" pin="2"/><net_sink comp="1160" pin=0"/></net>

<net id="1164"><net_src comp="1160" pin="1"/><net_sink comp="640" pin=0"/></net>

<net id="1168"><net_src comp="390" pin="3"/><net_sink comp="1165" pin=0"/></net>

<net id="1169"><net_src comp="1165" pin="1"/><net_sink comp="250" pin=0"/></net>

<net id="1173"><net_src comp="397" pin="3"/><net_sink comp="1170" pin=0"/></net>

<net id="1174"><net_src comp="1170" pin="1"/><net_sink comp="358" pin=0"/></net>

<net id="1178"><net_src comp="250" pin="3"/><net_sink comp="1175" pin=0"/></net>

<net id="1179"><net_src comp="1175" pin="1"/><net_sink comp="679" pin=0"/></net>

<net id="1183"><net_src comp="358" pin="3"/><net_sink comp="1180" pin=0"/></net>

<net id="1184"><net_src comp="1180" pin="1"/><net_sink comp="679" pin=1"/></net>

<net id="1188"><net_src comp="640" pin="2"/><net_sink comp="1185" pin=0"/></net>

<net id="1189"><net_src comp="1185" pin="1"/><net_sink comp="645" pin=0"/></net>

<net id="1193"><net_src comp="679" pin="2"/><net_sink comp="1190" pin=0"/></net>

<net id="1194"><net_src comp="1190" pin="1"/><net_sink comp="645" pin=1"/></net>

<net id="1198"><net_src comp="404" pin="3"/><net_sink comp="1195" pin=0"/></net>

<net id="1199"><net_src comp="1195" pin="1"/><net_sink comp="238" pin=0"/></net>

<net id="1203"><net_src comp="411" pin="3"/><net_sink comp="1200" pin=0"/></net>

<net id="1204"><net_src comp="1200" pin="1"/><net_sink comp="352" pin=0"/></net>

<net id="1208"><net_src comp="238" pin="3"/><net_sink comp="1205" pin=0"/></net>

<net id="1209"><net_src comp="1205" pin="1"/><net_sink comp="685" pin=0"/></net>

<net id="1213"><net_src comp="352" pin="3"/><net_sink comp="1210" pin=0"/></net>

<net id="1214"><net_src comp="1210" pin="1"/><net_sink comp="685" pin=1"/></net>

<net id="1218"><net_src comp="645" pin="2"/><net_sink comp="1215" pin=0"/></net>

<net id="1219"><net_src comp="1215" pin="1"/><net_sink comp="649" pin=0"/></net>

<net id="1223"><net_src comp="685" pin="2"/><net_sink comp="1220" pin=0"/></net>

<net id="1224"><net_src comp="1220" pin="1"/><net_sink comp="649" pin=1"/></net>

<net id="1228"><net_src comp="418" pin="3"/><net_sink comp="1225" pin=0"/></net>

<net id="1229"><net_src comp="1225" pin="1"/><net_sink comp="226" pin=0"/></net>

<net id="1233"><net_src comp="425" pin="3"/><net_sink comp="1230" pin=0"/></net>

<net id="1234"><net_src comp="1230" pin="1"/><net_sink comp="346" pin=0"/></net>

<net id="1238"><net_src comp="226" pin="3"/><net_sink comp="1235" pin=0"/></net>

<net id="1239"><net_src comp="1235" pin="1"/><net_sink comp="691" pin=0"/></net>

<net id="1243"><net_src comp="346" pin="3"/><net_sink comp="1240" pin=0"/></net>

<net id="1244"><net_src comp="1240" pin="1"/><net_sink comp="691" pin=1"/></net>

<net id="1248"><net_src comp="649" pin="2"/><net_sink comp="1245" pin=0"/></net>

<net id="1249"><net_src comp="1245" pin="1"/><net_sink comp="653" pin=0"/></net>

<net id="1253"><net_src comp="691" pin="2"/><net_sink comp="1250" pin=0"/></net>

<net id="1254"><net_src comp="1250" pin="1"/><net_sink comp="653" pin=1"/></net>

<net id="1258"><net_src comp="432" pin="3"/><net_sink comp="1255" pin=0"/></net>

<net id="1259"><net_src comp="1255" pin="1"/><net_sink comp="214" pin=0"/></net>

<net id="1263"><net_src comp="439" pin="3"/><net_sink comp="1260" pin=0"/></net>

<net id="1264"><net_src comp="1260" pin="1"/><net_sink comp="340" pin=0"/></net>

<net id="1268"><net_src comp="214" pin="3"/><net_sink comp="1265" pin=0"/></net>

<net id="1269"><net_src comp="1265" pin="1"/><net_sink comp="697" pin=0"/></net>

<net id="1273"><net_src comp="340" pin="3"/><net_sink comp="1270" pin=0"/></net>

<net id="1274"><net_src comp="1270" pin="1"/><net_sink comp="697" pin=1"/></net>

<net id="1278"><net_src comp="653" pin="2"/><net_sink comp="1275" pin=0"/></net>

<net id="1279"><net_src comp="1275" pin="1"/><net_sink comp="657" pin=0"/></net>

<net id="1283"><net_src comp="697" pin="2"/><net_sink comp="1280" pin=0"/></net>

<net id="1284"><net_src comp="1280" pin="1"/><net_sink comp="657" pin=1"/></net>

<net id="1288"><net_src comp="446" pin="3"/><net_sink comp="1285" pin=0"/></net>

<net id="1289"><net_src comp="1285" pin="1"/><net_sink comp="202" pin=0"/></net>

<net id="1293"><net_src comp="453" pin="3"/><net_sink comp="1290" pin=0"/></net>

<net id="1294"><net_src comp="1290" pin="1"/><net_sink comp="334" pin=0"/></net>

<net id="1298"><net_src comp="202" pin="3"/><net_sink comp="1295" pin=0"/></net>

<net id="1299"><net_src comp="1295" pin="1"/><net_sink comp="703" pin=0"/></net>

<net id="1303"><net_src comp="334" pin="3"/><net_sink comp="1300" pin=0"/></net>

<net id="1304"><net_src comp="1300" pin="1"/><net_sink comp="703" pin=1"/></net>

<net id="1308"><net_src comp="657" pin="2"/><net_sink comp="1305" pin=0"/></net>

<net id="1309"><net_src comp="1305" pin="1"/><net_sink comp="661" pin=0"/></net>

<net id="1313"><net_src comp="703" pin="2"/><net_sink comp="1310" pin=0"/></net>

<net id="1314"><net_src comp="1310" pin="1"/><net_sink comp="661" pin=1"/></net>

<net id="1318"><net_src comp="460" pin="3"/><net_sink comp="1315" pin=0"/></net>

<net id="1319"><net_src comp="1315" pin="1"/><net_sink comp="190" pin=0"/></net>

<net id="1323"><net_src comp="467" pin="3"/><net_sink comp="1320" pin=0"/></net>

<net id="1324"><net_src comp="1320" pin="1"/><net_sink comp="328" pin=0"/></net>

<net id="1328"><net_src comp="190" pin="3"/><net_sink comp="1325" pin=0"/></net>

<net id="1329"><net_src comp="1325" pin="1"/><net_sink comp="709" pin=0"/></net>

<net id="1333"><net_src comp="328" pin="3"/><net_sink comp="1330" pin=0"/></net>

<net id="1334"><net_src comp="1330" pin="1"/><net_sink comp="709" pin=1"/></net>

<net id="1338"><net_src comp="661" pin="2"/><net_sink comp="1335" pin=0"/></net>

<net id="1339"><net_src comp="1335" pin="1"/><net_sink comp="665" pin=0"/></net>

<net id="1343"><net_src comp="709" pin="2"/><net_sink comp="1340" pin=0"/></net>

<net id="1344"><net_src comp="1340" pin="1"/><net_sink comp="665" pin=1"/></net>

<net id="1348"><net_src comp="474" pin="3"/><net_sink comp="1345" pin=0"/></net>

<net id="1349"><net_src comp="1345" pin="1"/><net_sink comp="274" pin=0"/></net>

<net id="1353"><net_src comp="481" pin="3"/><net_sink comp="1350" pin=0"/></net>

<net id="1354"><net_src comp="1350" pin="1"/><net_sink comp="370" pin=0"/></net>

<net id="1358"><net_src comp="274" pin="3"/><net_sink comp="1355" pin=0"/></net>

<net id="1359"><net_src comp="1355" pin="1"/><net_sink comp="715" pin=0"/></net>

<net id="1363"><net_src comp="370" pin="3"/><net_sink comp="1360" pin=0"/></net>

<net id="1364"><net_src comp="1360" pin="1"/><net_sink comp="715" pin=1"/></net>

<net id="1368"><net_src comp="665" pin="2"/><net_sink comp="1365" pin=0"/></net>

<net id="1369"><net_src comp="1365" pin="1"/><net_sink comp="669" pin=0"/></net>

<net id="1373"><net_src comp="715" pin="2"/><net_sink comp="1370" pin=0"/></net>

<net id="1374"><net_src comp="1370" pin="1"/><net_sink comp="669" pin=1"/></net>

<net id="1378"><net_src comp="669" pin="2"/><net_sink comp="1375" pin=0"/></net>

<net id="1379"><net_src comp="1375" pin="1"/><net_sink comp="494" pin=1"/></net>

<net id="1383"><net_src comp="946" pin="2"/><net_sink comp="1380" pin=0"/></net>

<net id="1387"><net_src comp="952" pin="2"/><net_sink comp="1384" pin=0"/></net>

<net id="1388"><net_src comp="1384" pin="1"/><net_sink comp="611" pin=0"/></net>

<net id="1392"><net_src comp="978" pin="3"/><net_sink comp="1389" pin=0"/></net>

<net id="1393"><net_src comp="1389" pin="1"/><net_sink comp="622" pin=0"/></net>

<net id="1397"><net_src comp="500" pin="3"/><net_sink comp="1394" pin=0"/></net>

<net id="1398"><net_src comp="1394" pin="1"/><net_sink comp="494" pin=0"/></net>

<net id="1402"><net_src comp="1039" pin="2"/><net_sink comp="1399" pin=0"/></net>

<net id="1403"><net_src comp="1399" pin="1"/><net_sink comp="174" pin=4"/></net>

<net id="1407"><net_src comp="1045" pin="2"/><net_sink comp="1404" pin=0"/></net>

<net id="1408"><net_src comp="1404" pin="1"/><net_sink comp="633" pin=0"/></net>

<net id="1412"><net_src comp="494" pin="3"/><net_sink comp="1409" pin=0"/></net>

<net id="1413"><net_src comp="1409" pin="1"/><net_sink comp="174" pin=3"/></net>

</net_list>

</model> 
---------------- Datapath Model END ------------------

* FSMD analyzer results:
  - Output states:
	Port: out_C_V_data | {55 }
	Port: out_C_V_last_V | {55 }
 - Input state : 
	Port: matrixmul_3 : in_A_V_data | {2 4 }
	Port: matrixmul_3 : in_A_V_last_V | {2 4 }
  - Chain level:
	State 1
	State 2
		icmp_ln83 : 1
		add_ln83 : 1
		br_ln83 : 2
		row : 1
		icmp_ln85 : 1
		select_ln89 : 2
		select_ln89_1 : 2
		zext_ln89 : 3
		trunc_ln89 : 3
		switch_ln89 : 4
		input_A_6_addr : 4
		store_ln89 : 5
		input_A_5_addr : 4
		store_ln89 : 5
		input_A_4_addr : 4
		store_ln89 : 5
		input_A_3_addr : 4
		store_ln89 : 5
		input_A_2_addr : 4
		store_ln89 : 5
		input_A_1_addr : 4
		store_ln89 : 5
		input_A_0_addr : 4
		store_ln89 : 5
		input_A_7_addr : 4
		store_ln89 : 5
		empty : 1
		col : 3
	State 3
	State 4
		icmp_ln93 : 1
		add_ln93 : 1
		br_ln93 : 2
		row_4 : 1
		icmp_ln95 : 1
		select_ln99 : 2
		select_ln99_1 : 2
		trunc_ln99 : 3
		zext_ln99 : 3
		input_B_0_addr : 4
		input_B_1_addr : 4
		input_B_2_addr : 4
		input_B_3_addr : 4
		input_B_4_addr : 4
		input_B_5_addr : 4
		input_B_6_addr : 4
		input_B_7_addr : 4
		switch_ln99 : 4
		store_ln99 : 5
		store_ln99 : 5
		store_ln99 : 5
		store_ln99 : 5
		store_ln99 : 5
		store_ln99 : 5
		store_ln99 : 5
		store_ln99 : 5
		empty_5 : 1
		col_5 : 3
	State 5
	State 6
		icmp_ln104 : 1
		add_ln104 : 1
		br_ln104 : 2
		row_5 : 1
		icmp_ln105 : 1
		select_ln109 : 2
		select_ln109_1 : 2
		zext_ln109_2 : 3
		input_A_0_addr_1 : 4
		input_A_0_load : 5
		zext_ln109_1 : 3
		input_B_0_addr_1 : 4
		input_B_0_load : 5
		col_4 : 3
	State 7
		tmp_s : 1
	State 8
	State 9
	State 10
	State 11
		input_A_1_load : 1
		input_B_1_load : 1
	State 12
		tmp_3_1 : 1
	State 13
	State 14
	State 15
	State 16
		input_A_2_load : 1
		input_B_2_load : 1
	State 17
		tmp_3_2 : 1
	State 18
	State 19
	State 20
	State 21
		input_A_3_load : 1
		input_B_3_load : 1
	State 22
		tmp_3_3 : 1
	State 23
	State 24
	State 25
	State 26
		input_A_4_load : 1
		input_B_4_load : 1
	State 27
		tmp_3_4 : 1
	State 28
	State 29
	State 30
	State 31
		input_A_5_load : 1
		input_B_5_load : 1
	State 32
		tmp_3_5 : 1
	State 33
	State 34
	State 35
	State 36
		input_A_6_load : 1
		input_B_6_load : 1
	State 37
		tmp_3_6 : 1
	State 38
	State 39
	State 40
	State 41
		input_A_7_load : 1
		input_B_7_load : 1
	State 42
		tmp_3_7 : 1
	State 43
	State 44
	State 45
	State 46
	State 47
	State 48
	State 49
	State 50
	State 51
		zext_ln109 : 1
		add_ln111 : 2
		zext_ln111_1 : 3
		output_C_addr_1 : 4
		store_ln111 : 5
		empty_9 : 1
	State 52
	State 53
		icmp_ln116 : 1
		add_ln116 : 1
		br_ln116 : 2
		row_6 : 1
		icmp_ln117 : 1
		select_ln119 : 2
		select_ln119_1 : 2
		tmp_1 : 3
		zext_ln121 : 4
		icmp_ln121 : 2
		icmp_ln121_2 : 1
		select_ln119_2 : 3
		zext_ln119 : 3
		add_ln119 : 5
		zext_ln119_1 : 6
		output_C_addr : 7
		local_write_data : 8
		icmp_ln121_1 : 3
		tmp_last_V : 4
		col_6 : 3
	State 54
		write_ln125 : 1
	State 55
		empty_11 : 1
	State 56


============================================================
+ Verbose Summary: Datapath Resource usage 
============================================================

* Functional unit list:
|----------|------------------------|---------|---------|---------|
| Operation|     Functional Unit    |  DSP48E |    FF   |   LUT   |
|----------|------------------------|---------|---------|---------|
|          |       grp_fu_640       |    2    |   205   |   390   |
|          |       grp_fu_645       |    2    |   205   |   390   |
|          |       grp_fu_649       |    2    |   205   |   390   |
|   fadd   |       grp_fu_653       |    2    |   205   |   390   |
|          |       grp_fu_657       |    2    |   205   |   390   |
|          |       grp_fu_661       |    2    |   205   |   390   |
|          |       grp_fu_665       |    2    |   205   |   390   |
|          |       grp_fu_669       |    2    |   205   |   390   |
|----------|------------------------|---------|---------|---------|
|          |       grp_fu_673       |    3    |   143   |   321   |
|          |       grp_fu_679       |    3    |   143   |   321   |
|          |       grp_fu_685       |    3    |   143   |   321   |
|   fmul   |       grp_fu_691       |    3    |   143   |   321   |
|          |       grp_fu_697       |    3    |   143   |   321   |
|          |       grp_fu_703       |    3    |   143   |   321   |
|          |       grp_fu_709       |    3    |   143   |   321   |
|          |       grp_fu_715       |    3    |   143   |   321   |
|----------|------------------------|---------|---------|---------|
|          |     add_ln83_fu_747    |    0    |    0    |    15   |
|          |       row_fu_753       |    0    |    0    |    13   |
|          |       col_fu_797       |    0    |    0    |    13   |
|          |     add_ln93_fu_809    |    0    |    0    |    15   |
|          |      row_4_fu_815      |    0    |    0    |    13   |
|          |      col_5_fu_859      |    0    |    0    |    13   |
|    add   |    add_ln104_fu_871    |    0    |    0    |    15   |
|          |      row_5_fu_877      |    0    |    0    |    13   |
|          |      col_4_fu_915      |    0    |    0    |    13   |
|          |    add_ln111_fu_935    |    0    |    0    |    15   |
|          |    add_ln116_fu_952    |    0    |    0    |    15   |
|          |      row_6_fu_958      |    0    |    0    |    13   |
|          |    add_ln119_fu_1022   |    0    |    0    |    15   |
|          |      col_6_fu_1045     |    0    |    0    |    13   |
|----------|------------------------|---------|---------|---------|
|          |    icmp_ln83_fu_741    |    0    |    0    |    11   |
|          |    icmp_ln85_fu_759    |    0    |    0    |    9    |
|          |    icmp_ln93_fu_803    |    0    |    0    |    11   |
|          |    icmp_ln95_fu_821    |    0    |    0    |    9    |
|          |    icmp_ln104_fu_865   |    0    |    0    |    11   |
|   icmp   |    icmp_ln105_fu_883   |    0    |    0    |    9    |
|          |    icmp_ln116_fu_946   |    0    |    0    |    11   |
|          |    icmp_ln117_fu_964   |    0    |    0    |    9    |
|          |    icmp_ln121_fu_998   |    0    |    0    |    9    |
|          |  icmp_ln121_2_fu_1004  |    0    |    0    |    9    |
|          |  icmp_ln121_1_fu_1033  |    0    |    0    |    9    |
|----------|------------------------|---------|---------|---------|
|          |   select_ln89_fu_765   |    0    |    0    |    4    |
|          |  select_ln89_1_fu_773  |    0    |    0    |    4    |
|          |   select_ln99_fu_827   |    0    |    0    |    4    |
|          |  select_ln99_1_fu_835  |    0    |    0    |    4    |
|  select  |   select_ln109_fu_889  |    0    |    0    |    4    |
|          |  select_ln109_1_fu_897 |    0    |    0    |    4    |
|          |   select_ln119_fu_970  |    0    |    0    |    4    |
|          |  select_ln119_1_fu_978 |    0    |    0    |    4    |
|          | select_ln119_2_fu_1010 |    0    |    0    |    2    |
|----------|------------------------|---------|---------|---------|
|    and   |   tmp_last_V_fu_1039   |    0    |    0    |    2    |
|----------|------------------------|---------|---------|---------|
|   read   |     grp_read_fu_166    |    0    |    0    |    0    |
|----------|------------------------|---------|---------|---------|
|   write  |    grp_write_fu_174    |    0    |    0    |    0    |
|----------|------------------------|---------|---------|---------|
|extractvalue|       grp_fu_721       |    0    |    0    |    0    |
|----------|------------------------|---------|---------|---------|
|          |    zext_ln89_fu_781    |    0    |    0    |    0    |
|          |    zext_ln99_fu_847    |    0    |    0    |    0    |
|          |   zext_ln109_2_fu_905  |    0    |    0    |    0    |
|          |   zext_ln109_1_fu_910  |    0    |    0    |    0    |
|   zext   |    zext_ln109_fu_928   |    0    |    0    |    0    |
|          |    zext_ln111_fu_932   |    0    |    0    |    0    |
|          |   zext_ln111_1_fu_941  |    0    |    0    |    0    |
|          |    zext_ln121_fu_994   |    0    |    0    |    0    |
|          |   zext_ln119_fu_1018   |    0    |    0    |    0    |
|          |  zext_ln119_1_fu_1028  |    0    |    0    |    0    |
|----------|------------------------|---------|---------|---------|
|   trunc  |    trunc_ln89_fu_793   |    0    |    0    |    0    |
|          |    trunc_ln99_fu_843   |    0    |    0    |    0    |
|----------|------------------------|---------|---------|---------|
|bitconcatenate|       tmp_fu_921       |    0    |    0    |    0    |
|          |      tmp_1_fu_986      |    0    |    0    |    0    |
|----------|------------------------|---------|---------|---------|
|   Total  |                        |    40   |   2784  |   6025  |
|----------|------------------------|---------|---------|---------|

Memories:
+---------+--------+--------+--------+--------+
|         |  BRAM  |   FF   |   LUT  |  URAM  |
+---------+--------+--------+--------+--------+
|input_A_0|    0   |   64   |    4   |    0   |
|input_A_1|    0   |   64   |    4   |    0   |
|input_A_2|    0   |   64   |    4   |    0   |
|input_A_3|    0   |   64   |    4   |    0   |
|input_A_4|    0   |   64   |    4   |    0   |
|input_A_5|    0   |   64   |    4   |    0   |
|input_A_6|    0   |   64   |    4   |    0   |
|input_A_7|    0   |   64   |    4   |    0   |
|input_B_0|    0   |   64   |    4   |    0   |
|input_B_1|    0   |   64   |    4   |    0   |
|input_B_2|    0   |   64   |    4   |    0   |
|input_B_3|    0   |   64   |    4   |    0   |
|input_B_4|    0   |   64   |    4   |    0   |
|input_B_5|    0   |   64   |    4   |    0   |
|input_B_6|    0   |   64   |    4   |    0   |
|input_B_7|    0   |   64   |    4   |    0   |
| output_C|    1   |    0   |    0   |    0   |
+---------+--------+--------+--------+--------+
|  Total  |    1   |  1024  |   64   |    0   |
+---------+--------+--------+--------+--------+

* Register list:
+-------------------------+--------+
|                         |   FF   |
+-------------------------+--------+
|    add_ln104_reg_1097   |    7   |
|    add_ln116_reg_1384   |    7   |
|    add_ln83_reg_1054    |    7   |
|    add_ln93_reg_1075    |    7   |
|      col_0_reg_530      |    4   |
|      col_1_reg_563      |    4   |
|      col_2_reg_596      |    4   |
|      col_3_reg_629      |    4   |
|      col_4_reg_1145     |    4   |
|      col_5_reg_1088     |    4   |
|      col_6_reg_1404     |    4   |
|       col_reg_1067      |    4   |
|   icmp_ln104_reg_1093   |    1   |
|   icmp_ln116_reg_1380   |    1   |
| indvar_flatten19_reg_541|    7   |
| indvar_flatten39_reg_574|    7   |
| indvar_flatten51_reg_607|    7   |
|  indvar_flatten_reg_508 |    7   |
|input_A_0_addr_1_reg_1124|    3   |
| input_A_0_load_reg_1150 |   32   |
|input_A_1_addr_1_reg_1165|    3   |
| input_A_1_load_reg_1175 |   32   |
|input_A_2_addr_1_reg_1195|    3   |
| input_A_2_load_reg_1205 |   32   |
|input_A_3_addr_1_reg_1225|    3   |
| input_A_3_load_reg_1235 |   32   |
|input_A_4_addr_1_reg_1255|    3   |
| input_A_4_load_reg_1265 |   32   |
|input_A_5_addr_1_reg_1285|    3   |
| input_A_5_load_reg_1295 |   32   |
|input_A_6_addr_1_reg_1315|    3   |
| input_A_6_load_reg_1325 |   32   |
|input_A_7_addr_1_reg_1345|    3   |
| input_A_7_load_reg_1355 |   32   |
|input_B_0_addr_1_reg_1140|    3   |
| input_B_0_load_reg_1155 |   32   |
|input_B_1_addr_1_reg_1170|    3   |
| input_B_1_load_reg_1180 |   32   |
|input_B_2_addr_1_reg_1200|    3   |
| input_B_2_load_reg_1210 |   32   |
|input_B_3_addr_1_reg_1230|    3   |
| input_B_3_load_reg_1240 |   32   |
|input_B_4_addr_1_reg_1260|    3   |
| input_B_4_load_reg_1270 |   32   |
|input_B_5_addr_1_reg_1290|    3   |
| input_B_5_load_reg_1300 |   32   |
|input_B_6_addr_1_reg_1320|    3   |
| input_B_6_load_reg_1330 |   32   |
|input_B_7_addr_1_reg_1350|    3   |
| input_B_7_load_reg_1360 |   32   |
|local_write_data_reg_1409|   32   |
|  output_C_addr_reg_1394 |    6   |
|      res_1_reg_1215     |   32   |
|      res_2_reg_1245     |   32   |
|      res_3_reg_1275     |   32   |
|      res_4_reg_1305     |   32   |
|      res_5_reg_1335     |   32   |
|      res_6_reg_1365     |   32   |
|      res_7_reg_1375     |   32   |
|      res_s_reg_1185     |   32   |
|      row_0_reg_519      |    4   |
|      row_1_reg_552      |    4   |
|      row_2_reg_585      |    4   |
|      row_3_reg_618      |    4   |
| select_ln109_1_reg_1107 |    4   |
|  select_ln109_reg_1102  |    4   |
| select_ln119_1_reg_1389 |    4   |
|  select_ln89_1_reg_1059 |    4   |
|  select_ln99_1_reg_1080 |    4   |
|     tmp_3_1_reg_1190    |   32   |
|     tmp_3_2_reg_1220    |   32   |
|     tmp_3_3_reg_1250    |   32   |
|     tmp_3_4_reg_1280    |   32   |
|     tmp_3_5_reg_1310    |   32   |
|     tmp_3_6_reg_1340    |   32   |
|     tmp_3_7_reg_1370    |   32   |
|   tmp_last_V_reg_1399   |    1   |
|      tmp_s_reg_1160     |   32   |
|  zext_ln109_1_reg_1129  |   64   |
|  zext_ln109_2_reg_1113  |   64   |
+-------------------------+--------+
|          Total          |  1365  |
+-------------------------+--------+

* Multiplexer (MUX) list: 
|-------------------|------|------|------|--------||---------||---------|
|        Comp       |  Pin | Size |  BW  | S x BW ||  Delay  ||   LUT   |
|-------------------|------|------|------|--------||---------||---------|
|  grp_write_fu_174 |  p3  |   2  |  32  |   64   ||    9    |
| grp_access_fu_190 |  p0  |   3  |   3  |    9   ||    15   |
| grp_access_fu_202 |  p0  |   3  |   3  |    9   ||    15   |
| grp_access_fu_214 |  p0  |   3  |   3  |    9   ||    15   |
| grp_access_fu_226 |  p0  |   3  |   3  |    9   ||    15   |
| grp_access_fu_238 |  p0  |   3  |   3  |    9   ||    15   |
| grp_access_fu_250 |  p0  |   3  |   3  |    9   ||    15   |
| grp_access_fu_262 |  p0  |   3  |   3  |    9   ||    15   |
| grp_access_fu_274 |  p0  |   3  |   3  |    9   ||    15   |
| grp_access_fu_328 |  p0  |   3  |   3  |    9   ||    15   |
| grp_access_fu_334 |  p0  |   3  |   3  |    9   ||    15   |
| grp_access_fu_340 |  p0  |   3  |   3  |    9   ||    15   |
| grp_access_fu_346 |  p0  |   3  |   3  |    9   ||    15   |
| grp_access_fu_352 |  p0  |   3  |   3  |    9   ||    15   |
| grp_access_fu_358 |  p0  |   3  |   3  |    9   ||    15   |
| grp_access_fu_364 |  p0  |   3  |   3  |    9   ||    15   |
| grp_access_fu_370 |  p0  |   3  |   3  |    9   ||    15   |
| grp_access_fu_494 |  p0  |   3  |   6  |   18   ||    15   |
|     grp_fu_673    |  p0  |   2  |  32  |   64   ||    9    |
|     grp_fu_673    |  p1  |   2  |  32  |   64   ||    9    |
|     grp_fu_679    |  p0  |   2  |  32  |   64   ||    9    |
|     grp_fu_679    |  p1  |   2  |  32  |   64   ||    9    |
|     grp_fu_685    |  p0  |   2  |  32  |   64   ||    9    |
|     grp_fu_685    |  p1  |   2  |  32  |   64   ||    9    |
|     grp_fu_691    |  p0  |   2  |  32  |   64   ||    9    |
|     grp_fu_691    |  p1  |   2  |  32  |   64   ||    9    |
|     grp_fu_697    |  p0  |   2  |  32  |   64   ||    9    |
|     grp_fu_697    |  p1  |   2  |  32  |   64   ||    9    |
|     grp_fu_703    |  p0  |   2  |  32  |   64   ||    9    |
|     grp_fu_703    |  p1  |   2  |  32  |   64   ||    9    |
|     grp_fu_709    |  p0  |   2  |  32  |   64   ||    9    |
|     grp_fu_709    |  p1  |   2  |  32  |   64   ||    9    |
|     grp_fu_715    |  p0  |   2  |  32  |   64   ||    9    |
|     grp_fu_715    |  p1  |   2  |  32  |   64   ||    9    |
|-------------------|------|------|------|--------||---------||---------|
|       Total       |      |      |      |  1250  || 60.9237 ||   408   |
|-------------------|------|------|------|--------||---------||---------|



* Summary:
+-----------+--------+--------+--------+--------+--------+--------+
|           |  BRAM  | DSP48E |  Delay |   FF   |   LUT  |  URAM  |
+-----------+--------+--------+--------+--------+--------+--------+
|  Function |    -   |   40   |    -   |  2784  |  6025  |    -   |
|   Memory  |    1   |    -   |    -   |  1024  |   64   |    0   |
|Multiplexer|    -   |    -   |   60   |    -   |   408  |    -   |
|  Register |    -   |    -   |    -   |  1365  |    -   |    -   |
+-----------+--------+--------+--------+--------+--------+--------+
|   Total   |    1   |   40   |   60   |  5173  |  6497  |    0   |
+-----------+--------+--------+--------+--------+--------+--------+
